;filename;truth;score;trueEngine
0;ARM3_20220505_100000_000.wav;0;0.013303730636835098;0
1;ARM3_20220505_100000_001.wav;0;0.006830427795648575;0
2;ARM3_20220505_100000_002.wav;0;0.0031433813273906708;0
3;ARM3_20220505_100000_003.wav;0;0.02772979997098446;0
4;ARM3_20220505_100000_004.wav;0;0.0025944269727915525;0
5;ARM3_20220505_100000_005.wav;0;0.006476670037955046;0
6;ARM3_20220505_100000_006.wav;0;0.004052938427776098;0
7;ARM3_20220505_100000_007.wav;0;0.008105261251330376;0
8;ARM3_20220505_100000_008.wav;0;0.014548925682902336;0
9;ARM3_20220505_100000_009.wav;0;0.013262543827295303;0
10;ARM3_20220505_100000_010.wav;0;0.09942419826984406;0
11;ARM3_20220505_100000_011.wav;0;0.007172595709562302;0
12;ARM3_20220505_100000_012.wav;0;0.029594192281365395;0
13;ARM3_20220505_100000_013.wav;0;0.002161062089726329;0
14;ARM3_20220505_100000_014.wav;0;0.004700379446148872;0
15;ARM3_20220505_100000_015.wav;0;0.011234873905777931;0
16;ARM3_20220505_100000_016.wav;0;0.002387868007645011;0
17;ARM3_20220505_100000_017.wav;0;0.011624712496995926;0
18;ARM3_20220505_100000_018.wav;0;0.004868847317993641;0
19;ARM3_20220505_100000_019.wav;0;0.014567880891263485;0
20;ARM3_20220505_190000_000.wav;0;0.014684862457215786;0
21;ARM3_20220505_190000_001.wav;0;0.026695432141423225;0
22;ARM3_20220505_190000_002.wav;0;0.0020589239429682493;0
23;ARM3_20220505_190000_003.wav;0;0.021044285967946053;0
24;ARM3_20220505_190000_004.wav;0;0.000984526937827468;0
25;ARM3_20220505_190000_005.wav;0;0.0007314768736250699;0
26;ARM3_20220505_190000_006.wav;0;0.0007608120213262737;0
27;ARM3_20220505_190000_007.wav;0;0.00023827030963730067;0
28;ARM3_20220505_190000_008.wav;0;0.0003072722174692899;0
29;ARM3_20220505_190000_009.wav;0;0.00018803284910973161;0
30;ARM3_20220505_190000_010.wav;0;0.0001563418045407161;0
31;ARM3_20220505_190000_011.wav;0;0.0002654185227584094;0
32;ARM3_20220505_190000_012.wav;0;0.0001961329107871279;0
33;ARM3_20220505_190000_013.wav;0;0.0007098161731846631;0
34;ARM3_20220505_190000_014.wav;0;0.00020987028256058693;0
35;ARM3_20220505_190000_015.wav;0;0.003699010703712702;0
36;ARM3_20220505_190000_016.wav;0;0.00040192066808231175;0
37;ARM3_20220505_190000_017.wav;0;0.00020673249673563987;0
38;ARM3_20220505_190000_018.wav;0;0.00039183086482807994;0
39;ARM3_20220505_190000_019.wav;0;0.0002513044164516032;0
40;ARM3_20220506_030000_000.wav;0;0.0016368532087653875;0
41;ARM3_20220506_030000_001.wav;0;0.00251993490383029;0
42;ARM3_20220506_030000_002.wav;0;0.008162437938153744;0
43;ARM3_20220506_030000_003.wav;0;0.020795507356524467;0
44;ARM3_20220506_030000_004.wav;0;0.001129636657424271;0
45;ARM3_20220506_030000_005.wav;0;0.0030873504001647234;0
46;ARM3_20220506_030000_006.wav;0;0.0027989244554191828;0
47;ARM3_20220506_030000_007.wav;0;0.014691418036818504;0
48;ARM3_20220506_030000_008.wav;0;0.003377764718607068;0
49;ARM3_20220506_030000_009.wav;0;0.0024723198730498552;0
50;ARM3_20220506_030000_010.wav;0;0.0017562195425853133;0
51;ARM3_20220506_030000_011.wav;0;0.009503637440502644;0
52;ARM3_20220506_030000_012.wav;0;0.0018802860286086798;0
53;ARM3_20220506_030000_013.wav;0;0.006875544786453247;0
54;ARM3_20220506_030000_014.wav;0;0.0013059487100690603;0
55;ARM3_20220506_030000_015.wav;0;0.003708172356709838;0
56;ARM3_20220506_030000_016.wav;0;0.00353934895247221;0
57;ARM3_20220506_030000_017.wav;0;0.0017140303971245885;0
58;ARM3_20220506_030000_018.wav;0;0.006128497421741486;0
59;ARM3_20220506_030000_019.wav;0;0.001715382793918252;0
60;ARM3_20220506_184500_000.wav;0;0.03298764303326607;0
61;ARM3_20220506_184500_001.wav;0;0.1052670031785965;0
62;ARM3_20220506_184500_002.wav;0;0.014890113845467567;0
63;ARM3_20220506_184500_003.wav;0;0.11655493825674057;0
64;ARM3_20220506_184500_004.wav;0;0.02404625527560711;0
65;ARM3_20220506_184500_005.wav;0;0.03325026482343674;0
66;ARM3_20220506_184500_006.wav;0;0.04595101997256279;0
67;ARM3_20220506_184500_007.wav;0;0.02178094908595085;0
68;ARM3_20220506_184500_008.wav;0;0.02294757030904293;0
69;ARM3_20220506_184500_009.wav;0;0.15057608485221863;0
70;ARM3_20220506_184500_010.wav;0;0.05106737092137337;0
71;ARM3_20220506_184500_011.wav;0;0.04534777253866196;0
72;ARM3_20220506_184500_012.wav;0;0.041033294051885605;0
73;ARM3_20220506_184500_013.wav;0;0.16649474203586578;0
74;ARM3_20220506_184500_014.wav;0;0.035056740045547485;0
75;ARM3_20220506_184500_015.wav;0;0.05777471140027046;0
76;ARM3_20220506_184500_016.wav;0;0.019244160503149033;0
77;ARM3_20220506_184500_017.wav;0;0.1527484804391861;0
78;ARM3_20220506_184500_018.wav;0;0.03126783296465874;0
79;ARM3_20220506_184500_019.wav;0;0.055736713111400604;0
80;ARM3_20220510_213000_000.wav;0;0.041139692068099976;0
81;ARM3_20220510_213000_001.wav;0;0.1010412871837616;0
82;ARM3_20220510_213000_002.wav;0;0.019111325964331627;0
83;ARM3_20220510_213000_003.wav;0;0.048108987510204315;0
84;ARM3_20220510_213000_004.wav;0;0.10358411818742752;0
85;ARM3_20220510_213000_005.wav;0;0.04243608936667442;0
86;ARM3_20220510_213000_006.wav;0;0.01937701553106308;0
87;ARM3_20220510_213000_007.wav;0;0.032907962799072266;0
88;ARM3_20220510_213000_008.wav;0;0.025300290435552597;0
89;ARM3_20220510_213000_009.wav;0;0.05804304778575897;0
90;ARM3_20220510_213000_010.wav;0;0.008484477177262306;0
91;ARM3_20220510_213000_011.wav;0;0.0021833395585417747;0
92;ARM3_20220510_213000_012.wav;0;0.007808242458850145;0
93;ARM3_20220510_213000_013.wav;0;0.012139447964727879;0
94;ARM3_20220510_213000_014.wav;0;0.0015069699147716165;0
95;ARM3_20220510_213000_015.wav;0;0.002135488437488675;0
96;ARM3_20220510_213000_016.wav;0;0.15246616303920746;0
97;ARM3_20220510_213000_017.wav;0;0.0030510590877383947;0
98;ARM3_20220510_213000_018.wav;0;0.0024634627625346184;0
99;ARM3_20220510_213000_019.wav;0;0.2035735845565796;0
100;ARM3_20220513_093000_000.wav;0;0.30946704745292664;0
101;ARM3_20220513_093000_001.wav;0;0.022773632779717445;0
102;ARM3_20220513_093000_002.wav;0;0.0035833914298564196;0
103;ARM3_20220513_093000_003.wav;0;0.0029615950770676136;0
104;ARM3_20220513_093000_004.wav;0;0.006224554032087326;0
105;ARM3_20220513_093000_005.wav;0;0.0029626372270286083;0
106;ARM3_20220513_093000_006.wav;0;0.008458007127046585;0
107;ARM3_20220513_093000_007.wav;0;0.001750716706737876;0
108;ARM3_20220513_093000_008.wav;0;0.002970363013446331;0
109;ARM3_20220513_093000_009.wav;0;0.0019770569633692503;0
110;ARM3_20220513_093000_010.wav;0;0.001691043027676642;0
111;ARM3_20220513_093000_011.wav;0;0.0006911965901963413;0
112;ARM3_20220513_093000_012.wav;0;0.0006877704872749746;0
113;ARM3_20220513_093000_013.wav;0;0.0005763815133832395;0
114;ARM3_20220513_093000_014.wav;0;0.0009688584832474589;0
115;ARM3_20220513_093000_015.wav;0;0.00212114374153316;0
116;ARM3_20220513_093000_016.wav;0;0.00296684168279171;0
117;ARM3_20220513_093000_017.wav;0;0.0015823963331058621;0
118;ARM3_20220513_093000_018.wav;0;0.0008337723556905985;0
119;ARM3_20220513_093000_019.wav;0;0.0057350522838532925;0
120;ARM3_20220519_131500_000.wav;0;0.02319055236876011;0
121;ARM3_20220519_131500_001.wav;0;0.01676221936941147;0
122;ARM3_20220519_131500_002.wav;0;0.03722456842660904;0
123;ARM3_20220519_131500_003.wav;0;0.03153390437364578;0
124;ARM3_20220519_131500_004.wav;0;0.050834063440561295;0
125;ARM3_20220519_131500_005.wav;0;0.02429031953215599;0
126;ARM3_20220519_131500_006.wav;0;0.015873612836003304;0
127;ARM3_20220519_131500_007.wav;0;0.00835275650024414;0
128;ARM3_20220519_131500_008.wav;0;0.05274754390120506;0
129;ARM3_20220519_131500_009.wav;0;0.022224226966500282;0
130;ARM3_20220519_131500_010.wav;0;0.031800899654626846;0
131;ARM3_20220519_131500_011.wav;0;0.027035849168896675;0
132;ARM3_20220519_131500_012.wav;0;0.022539809346199036;0
133;ARM3_20220519_131500_013.wav;0;0.027059106156229973;0
134;ARM3_20220519_131500_014.wav;0;0.025196339935064316;0
135;ARM3_20220519_131500_015.wav;0;0.021790307015180588;0
136;ARM3_20220519_131500_016.wav;0;0.10915011167526245;0
137;ARM3_20220519_131500_017.wav;0;0.03303670883178711;0
138;ARM3_20220519_131500_018.wav;0;0.0175896268337965;0
139;ARM3_20220519_131500_019.wav;0;0.04909698665142059;0
140;ARM3_20220521_031500_000.wav;0;0.21757148206233978;0
141;ARM3_20220521_031500_001.wav;0;0.024025650694966316;0
142;ARM3_20220521_031500_002.wav;0;0.017649870365858078;0
143;ARM3_20220521_031500_003.wav;0;0.025747034698724747;0
144;ARM3_20220521_031500_004.wav;0;0.028151042759418488;0
145;ARM3_20220521_031500_005.wav;0;0.02080751769244671;0
146;ARM3_20220521_031500_006.wav;0;0.006144573446363211;0
147;ARM3_20220521_031500_007.wav;0;0.004969527944922447;0
148;ARM3_20220521_031500_008.wav;0;0.016357727348804474;0
149;ARM3_20220521_031500_009.wav;0;0.009820893406867981;0
150;ARM3_20220521_031500_010.wav;0;0.018915532156825066;0
151;ARM3_20220521_031500_011.wav;0;0.013555874116718769;0
152;ARM3_20220521_031500_012.wav;0;0.07116922736167908;0
153;ARM3_20220521_031500_013.wav;0;0.16035571694374084;0
154;ARM3_20220521_031500_014.wav;0;0.035325612872838974;0
155;ARM3_20220521_031500_015.wav;0;0.0698651671409607;0
156;ARM3_20220521_031500_016.wav;0;0.018123092129826546;0
157;ARM3_20220521_031500_017.wav;0;0.0989341288805008;0
158;ARM3_20220521_031500_018.wav;0;0.018478797748684883;0
159;ARM3_20220521_031500_019.wav;0;0.038224902004003525;0
160;ARM3_20220522_153000_000.wav;0;0.07866720855236053;0
161;ARM3_20220522_153000_001.wav;0;0.04396987706422806;0
162;ARM3_20220522_153000_002.wav;0;0.08615363389253616;0
163;ARM3_20220522_153000_003.wav;0;0.07550118863582611;0
164;ARM3_20220522_153000_004.wav;0;0.04408775642514229;0
165;ARM3_20220522_153000_005.wav;0;0.1327115148305893;0
166;ARM3_20220522_153000_006.wav;0;0.02944694459438324;0
167;ARM3_20220522_153000_007.wav;0;0.047286421060562134;0
168;ARM3_20220522_153000_008.wav;0;0.03905687481164932;0
169;ARM3_20220522_153000_009.wav;0;0.024195557460188866;0
170;ARM3_20220522_153000_010.wav;0;0.029973601922392845;0
171;ARM3_20220522_153000_011.wav;0;0.044846564531326294;0
172;ARM3_20220522_153000_012.wav;0;0.017563696950674057;0
173;ARM3_20220522_153000_013.wav;0;0.028158415108919144;0
174;ARM3_20220522_153000_014.wav;0;0.02301214262843132;0
175;ARM3_20220522_153000_015.wav;0;0.0753694549202919;0
176;ARM3_20220522_153000_016.wav;0;0.014277243055403233;0
177;ARM3_20220522_153000_017.wav;0;0.03443215414881706;0
178;ARM3_20220522_153000_018.wav;0;0.04722265526652336;0
179;ARM3_20220522_153000_019.wav;0;0.024413587525486946;0
180;ARM3_20220523_164500_000.wav;0;0.04563448205590248;0
181;ARM3_20220523_164500_001.wav;0;0.022196799516677856;0
182;ARM3_20220523_164500_002.wav;0;0.03484126552939415;0
183;ARM3_20220523_164500_003.wav;0;0.056148454546928406;0
184;ARM3_20220523_164500_004.wav;0;0.053830504417419434;0
185;ARM3_20220523_164500_005.wav;0;0.03459674119949341;0
186;ARM3_20220523_164500_006.wav;0;0.02233608067035675;0
187;ARM3_20220523_164500_007.wav;0;0.01984846591949463;0
188;ARM3_20220523_164500_008.wav;0;0.021339064463973045;0
189;ARM3_20220523_164500_009.wav;0;0.0531812459230423;0
190;ARM3_20220523_164500_010.wav;0;0.014140164479613304;0
191;ARM3_20220523_164500_011.wav;0;0.033079229295253754;0
192;ARM3_20220523_164500_012.wav;0;0.01073975209146738;0
193;ARM3_20220523_164500_013.wav;0;0.029675843194127083;0
194;ARM3_20220523_164500_014.wav;0;0.17169857025146484;0
195;ARM3_20220523_164500_015.wav;0;0.0336410328745842;0
196;ARM3_20220523_164500_016.wav;0;0.042794615030288696;0
197;ARM3_20220523_164500_017.wav;0;0.12842631340026855;0
198;ARM3_20220523_164500_018.wav;0;0.057978007942438126;0
199;ARM3_20220523_164500_019.wav;0;0.02153836376965046;0
200;ARM3_20220527_033000_000.wav;0;0.018274985253810883;0
201;ARM3_20220527_033000_001.wav;0;0.016870463266968727;0
202;ARM3_20220527_033000_002.wav;0;0.046590305864810944;0
203;ARM3_20220527_033000_003.wav;0;0.02641303837299347;0
204;ARM3_20220527_033000_004.wav;0;0.07029248774051666;0
205;ARM3_20220527_033000_005.wav;0;0.02905358001589775;0
206;ARM3_20220527_033000_006.wav;0;0.06892763823270798;0
207;ARM3_20220527_033000_007.wav;0;0.02733544632792473;0
208;ARM3_20220527_033000_008.wav;0;0.05750162899494171;0
209;ARM3_20220527_033000_009.wav;0;0.14157849550247192;0
210;ARM3_20220527_033000_010.wav;0;0.04278436303138733;0
211;ARM3_20220527_033000_011.wav;0;0.03844166919589043;0
212;ARM3_20220527_033000_012.wav;0;0.042894020676612854;0
213;ARM3_20220527_033000_013.wav;0;0.05735434591770172;0
214;ARM3_20220527_033000_014.wav;0;0.4125992953777313;0
215;ARM3_20220527_033000_015.wav;0;0.10965842753648758;0
216;ARM3_20220527_033000_016.wav;0;0.06594330072402954;0
217;ARM3_20220527_033000_017.wav;0;0.27019137144088745;0
218;ARM3_20220527_033000_018.wav;0;0.037641026079654694;0
219;ARM3_20220527_033000_019.wav;0;0.0741046592593193;0
220;ARM3_20220529_063000_000.wav;0;0.028138523921370506;0
221;ARM3_20220529_063000_001.wav;0;0.02760695293545723;0
222;ARM3_20220529_063000_002.wav;0;0.0439722016453743;0
223;ARM3_20220529_063000_003.wav;0;0.05671704560518265;0
224;ARM3_20220529_063000_004.wav;0;0.05325816199183464;0
225;ARM3_20220529_063000_005.wav;0;0.17062409222126007;0
226;ARM3_20220529_063000_006.wav;0;0.27619871497154236;0
227;ARM3_20220529_063000_007.wav;0;0.5144696831703186;0
228;ARM3_20220529_063000_008.wav;0;0.2812255322933197;0
229;ARM3_20220529_063000_009.wav;0;0.030610499903559685;0
230;ARM3_20220529_063000_010.wav;0;0.052127379924058914;0
231;ARM3_20220529_063000_011.wav;0;0.8128151297569275;0
232;ARM3_20220529_063000_012.wav;0;0.09610876441001892;0
233;ARM3_20220529_063000_013.wav;0;0.08870501071214676;0
234;ARM3_20220529_063000_014.wav;0;0.04589692875742912;0
235;ARM3_20220529_063000_015.wav;0;0.22093498706817627;0
236;ARM3_20220529_063000_016.wav;0;0.022728972136974335;0
237;ARM3_20220529_063000_017.wav;0;0.016837114468216896;0
238;ARM3_20220529_063000_018.wav;0;0.09645362198352814;0
239;ARM3_20220529_063000_019.wav;0;0.06616438180208206;0
240;ARM3_20220603_161500_000.wav;0;0.0181333776563406;0
241;ARM3_20220603_161500_001.wav;0;0.03416749835014343;0
242;ARM3_20220603_161500_002.wav;0;0.029934128746390343;0
243;ARM3_20220603_161500_003.wav;0;0.02872924879193306;0
244;ARM3_20220603_161500_004.wav;0;0.025930851697921753;0
245;ARM3_20220603_161500_005.wav;0;0.02151632122695446;0
246;ARM3_20220603_161500_006.wav;0;0.017235547304153442;0
247;ARM3_20220603_161500_007.wav;0;0.01432221382856369;0
248;ARM3_20220603_161500_008.wav;0;0.0200594961643219;0
249;ARM3_20220603_161500_009.wav;0;0.014133205637335777;0
250;ARM3_20220603_161500_010.wav;0;0.014622758142650127;0
251;ARM3_20220603_161500_011.wav;0;0.029809994623064995;0
252;ARM3_20220603_161500_012.wav;0;0.011089100502431393;0
253;ARM3_20220603_161500_013.wav;0;0.027375582605600357;0
254;ARM3_20220603_161500_014.wav;0;0.011551548726856709;0
255;ARM3_20220603_161500_015.wav;0;0.060369767248630524;0
256;ARM3_20220603_161500_016.wav;0;0.015353868715465069;0
257;ARM3_20220603_161500_017.wav;0;0.03344446420669556;0
258;ARM3_20220603_161500_018.wav;0;0.10031814128160477;0
259;ARM3_20220603_161500_019.wav;0;0.037703294306993484;0
260;ARM3_20220605_113000_000.wav;0;0.011629144661128521;0
261;ARM3_20220605_113000_001.wav;0;0.041538625955581665;0
262;ARM3_20220605_113000_002.wav;0;0.042278971523046494;0
263;ARM3_20220605_113000_003.wav;0;0.02975093200802803;0
264;ARM3_20220605_113000_004.wav;0;0.021233687177300453;0
265;ARM3_20220605_113000_005.wav;0;0.11947529762983322;0
266;ARM3_20220605_113000_006.wav;0;0.06084619462490082;0
267;ARM3_20220605_113000_007.wav;0;0.1359522044658661;0
268;ARM3_20220605_113000_008.wav;0;0.17111478745937347;0
269;ARM3_20220605_113000_009.wav;0;0.010132210329174995;0
270;ARM3_20220605_113000_010.wav;0;0.019159264862537384;0
271;ARM3_20220605_113000_011.wav;0;0.06360381841659546;0
272;ARM3_20220605_113000_012.wav;0;0.014667367562651634;0
273;ARM3_20220605_113000_013.wav;0;0.18340638279914856;0
274;ARM3_20220605_113000_014.wav;0;0.020893046632409096;0
275;ARM3_20220605_113000_015.wav;0;0.015297739766538143;0
276;ARM3_20220605_113000_016.wav;0;0.03438205644488335;0
277;ARM3_20220605_113000_017.wav;0;0.1490393877029419;0
278;ARM3_20220605_113000_018.wav;0;0.15274874866008759;0
279;ARM3_20220605_113000_019.wav;0;0.248880535364151;0
280;ARM3_20220606_021500_000.wav;0;0.341525673866272;0
281;ARM3_20220606_021500_001.wav;0;0.03410213813185692;0
282;ARM3_20220606_021500_002.wav;0;0.03600390627980232;0
283;ARM3_20220606_021500_003.wav;0;0.09236227720975876;0
284;ARM3_20220606_021500_004.wav;0;0.03265943005681038;0
285;ARM3_20220606_021500_005.wav;0;0.13960759341716766;0
286;ARM3_20220606_021500_006.wav;0;0.034675296396017075;0
287;ARM3_20220606_021500_007.wav;0;0.42997512221336365;0
288;ARM3_20220606_021500_008.wav;0;0.02166321501135826;0
289;ARM3_20220606_021500_009.wav;0;0.04600989818572998;0
290;ARM3_20220606_021500_010.wav;0;0.07310251891613007;0
291;ARM3_20220606_021500_011.wav;0;0.02688969112932682;0
292;ARM3_20220606_021500_012.wav;0;0.03235993906855583;0
293;ARM3_20220606_021500_013.wav;0;0.029866302385926247;0
294;ARM3_20220606_021500_014.wav;0;0.10440977662801743;0
295;ARM3_20220606_021500_015.wav;0;0.07699497044086456;0
296;ARM3_20220606_021500_016.wav;0;0.11076556891202927;0
297;ARM3_20220606_021500_017.wav;0;0.12025850266218185;0
298;ARM3_20220606_021500_018.wav;0;0.04323675110936165;0
299;ARM3_20220606_021500_019.wav;0;0.07198132574558258;0
300;ARM3_20220611_123000_000.wav;0;0.04747393727302551;0
301;ARM3_20220611_123000_001.wav;0;0.047747015953063965;0
302;ARM3_20220611_123000_002.wav;0;0.04228243976831436;0
303;ARM3_20220611_123000_003.wav;0;0.03749542683362961;0
304;ARM3_20220611_123000_004.wav;0;0.01494667213410139;0
305;ARM3_20220611_123000_005.wav;0;0.4696753919124603;0
306;ARM3_20220611_123000_006.wav;0;0.7958024740219116;0
307;ARM3_20220611_123000_007.wav;0;0.2259247899055481;0
308;ARM3_20220611_123000_008.wav;0;0.9061039686203003;0
309;ARM3_20220611_123000_009.wav;0;0.25939521193504333;0
310;ARM3_20220611_123000_010.wav;0;0.26842373609542847;0
311;ARM3_20220611_123000_011.wav;0;0.6467924118041992;0
312;ARM3_20220611_123000_012.wav;0;0.05602569878101349;0
313;ARM3_20220611_123000_013.wav;0;0.11017017066478729;0
314;ARM3_20220611_123000_014.wav;0;0.07949449867010117;0
315;ARM3_20220611_123000_015.wav;0;0.02598477527499199;0
316;ARM3_20220611_123000_016.wav;0;0.2493443489074707;0
317;ARM3_20220611_123000_017.wav;0;0.0667857676744461;0
318;ARM3_20220611_123000_018.wav;0;0.6639578342437744;0
319;ARM3_20220611_123000_019.wav;0;0.030134698376059532;0
320;ARM3_20220612_030000_000.wav;0;0.006059663835912943;0
321;ARM3_20220612_030000_001.wav;0;0.005391282960772514;0
322;ARM3_20220612_030000_002.wav;0;0.002909039845690131;0
323;ARM3_20220612_030000_003.wav;0;0.0227610282599926;0
324;ARM3_20220612_030000_004.wav;0;0.006183544639497995;0
325;ARM3_20220612_030000_005.wav;0;0.0031337901018559933;0
326;ARM3_20220612_030000_006.wav;0;0.00313011696562171;0
327;ARM3_20220612_030000_007.wav;0;0.0017562872963026166;0
328;ARM3_20220612_030000_008.wav;0;0.007760914042592049;0
329;ARM3_20220612_030000_009.wav;0;0.0027971789240837097;0
330;ARM3_20220612_030000_010.wav;0;0.0033653408754616976;0
331;ARM3_20220612_030000_011.wav;0;0.002149674342945218;0
332;ARM3_20220612_030000_012.wav;0;0.003139631589874625;0
333;ARM3_20220612_030000_013.wav;0;0.025883296504616737;0
334;ARM3_20220612_030000_014.wav;0;0.026027103886008263;0
335;ARM3_20220612_030000_015.wav;0;0.0758327916264534;0
336;ARM3_20220612_030000_016.wav;0;0.0983002558350563;0
337;ARM3_20220612_030000_017.wav;0;0.11957099288702011;0
338;ARM3_20220612_030000_018.wav;0;0.10659049451351166;0
339;ARM3_20220612_030000_019.wav;0;0.032617997378110886;0
340;ARM3_20220616_204500_000.wav;0;0.0015774813946336508;0
341;ARM3_20220616_204500_001.wav;0;0.0009875589748844504;0
342;ARM3_20220616_204500_002.wav;0;0.0009218464256264269;0
343;ARM3_20220616_204500_003.wav;0;0.002839453984051943;0
344;ARM3_20220616_204500_004.wav;0;0.017291609197854996;0
345;ARM3_20220616_204500_005.wav;0;0.0007400477770715952;0
346;ARM3_20220616_204500_006.wav;0;0.0008364528184756637;0
347;ARM3_20220616_204500_007.wav;0;0.003108303528279066;0
348;ARM3_20220616_204500_008.wav;0;0.038450270891189575;0
349;ARM3_20220616_204500_009.wav;0;0.11422320455312729;0
350;ARM3_20220616_204500_010.wav;0;0.24626405537128448;0
351;ARM3_20220616_204500_011.wav;0;0.008344336412847042;0
352;ARM3_20220616_204500_012.wav;0;0.0038023300003260374;0
353;ARM3_20220616_204500_013.wav;0;0.06442686170339584;0
354;ARM3_20220616_204500_014.wav;0;0.037190839648246765;0
355;ARM3_20220616_204500_015.wav;0;0.004182775970548391;0
356;ARM3_20220616_204500_016.wav;0;0.03351345658302307;0
357;ARM3_20220616_204500_017.wav;0;0.012641704641282558;0
358;ARM3_20220616_204500_018.wav;0;0.005606308113783598;0
359;ARM3_20220616_204500_019.wav;0;0.005365440621972084;0
360;ARM3_20220617_054500_000.wav;0;0.7511689066886902;0
361;ARM3_20220617_054500_001.wav;0;0.14406168460845947;0
362;ARM3_20220617_054500_002.wav;0;0.04955991357564926;0
363;ARM3_20220617_054500_003.wav;0;0.3025868833065033;0
364;ARM3_20220617_054500_004.wav;0;0.021600468084216118;0
365;ARM3_20220617_054500_005.wav;0;0.036576177924871445;0
366;ARM3_20220617_054500_006.wav;0;0.32159000635147095;0
367;ARM3_20220617_054500_007.wav;0;0.37714001536369324;0
368;ARM3_20220617_054500_008.wav;0;0.07579748332500458;0
369;ARM3_20220617_054500_009.wav;0;0.006828927434980869;0
370;ARM3_20220617_054500_010.wav;0;0.9020512700080872;0
371;ARM3_20220617_054500_011.wav;0;0.015506223775446415;0
372;ARM3_20220617_054500_012.wav;0;0.07927244156599045;0
373;ARM3_20220617_054500_013.wav;0;0.06500998884439468;0
374;ARM3_20220617_054500_014.wav;0;0.12445725500583649;0
375;ARM3_20220617_054500_015.wav;0;0.029605597257614136;0
376;ARM3_20220617_054500_016.wav;0;0.022440817207098007;0
377;ARM3_20220617_054500_017.wav;0;0.009501191787421703;0
378;ARM3_20220617_054500_018.wav;0;0.013872243463993073;0
379;ARM3_20220617_054500_019.wav;0;0.0022049692925065756;0
380;ARM3_20220622_184500_000.wav;0;0.009407558478415012;0
381;ARM3_20220622_184500_001.wav;0;0.012304923497140408;0
382;ARM3_20220622_184500_002.wav;0;0.03837975859642029;0
383;ARM3_20220622_184500_003.wav;0;0.05790151655673981;0
384;ARM3_20220622_184500_004.wav;0;0.024083716794848442;0
385;ARM3_20220622_184500_005.wav;0;0.09711693972349167;0
386;ARM3_20220622_184500_006.wav;0;0.03254774585366249;0
387;ARM3_20220622_184500_007.wav;0;0.04961366206407547;0
388;ARM3_20220622_184500_008.wav;0;0.03568166121840477;0
389;ARM3_20220622_184500_009.wav;0;0.06192735210061073;0
390;ARM3_20220622_184500_010.wav;0;0.11249513179063797;0
391;ARM3_20220622_184500_011.wav;0;0.049206461757421494;0
392;ARM3_20220622_184500_012.wav;0;0.04297574609518051;0
393;ARM3_20220622_184500_013.wav;0;0.03003271482884884;0
394;ARM3_20220622_184500_014.wav;0;0.028409475460648537;0
395;ARM3_20220622_184500_015.wav;0;0.015493345446884632;0
396;ARM3_20220622_184500_016.wav;0;0.02643122337758541;0
397;ARM3_20220622_184500_017.wav;0;0.01264724787324667;0
398;ARM3_20220622_184500_018.wav;0;0.003516515949741006;0
399;ARM3_20220622_184500_019.wav;0;0.025320617482066154;0
400;ARM3_20220623_130000_000.wav;0;0.029015202075242996;0
401;ARM3_20220623_130000_001.wav;0;0.016446024179458618;0
402;ARM3_20220623_130000_002.wav;0;0.010292759165167809;0
403;ARM3_20220623_130000_003.wav;0;0.04796844348311424;0
404;ARM3_20220623_130000_004.wav;0;0.024193095043301582;0
405;ARM3_20220623_130000_005.wav;0;0.048141948878765106;0
406;ARM3_20220623_130000_006.wav;0;0.15185223519802094;0
407;ARM3_20220623_130000_007.wav;0;0.124754898250103;0
408;ARM3_20220623_130000_008.wav;0;0.07918400317430496;0
409;ARM3_20220623_130000_009.wav;0;0.08505915105342865;0
410;ARM3_20220623_130000_010.wav;0;0.03049478493630886;0
411;ARM3_20220623_130000_011.wav;0;0.013963067904114723;0
412;ARM3_20220623_130000_012.wav;0;0.028218012303113937;0
413;ARM3_20220623_130000_013.wav;0;0.0790829211473465;0
414;ARM3_20220623_130000_014.wav;0;0.08447064459323883;0
415;ARM3_20220623_130000_015.wav;0;0.0640190988779068;0
416;ARM3_20220623_130000_016.wav;0;0.08861657232046127;0
417;ARM3_20220623_130000_017.wav;0;0.025238025933504105;0
418;ARM3_20220623_130000_018.wav;0;0.1306220293045044;0
419;ARM3_20220623_130000_019.wav;0;0.025508418679237366;0
420;ARM3_20220624_193000_000.wav;0;0.005607810337096453;0
421;ARM3_20220624_193000_001.wav;0;0.006448004860430956;0
422;ARM3_20220624_193000_002.wav;0;0.023557165637612343;0
423;ARM3_20220624_193000_003.wav;0;0.00972883403301239;0
424;ARM3_20220624_193000_004.wav;0;0.023856382817029953;0
425;ARM3_20220624_193000_005.wav;0;0.05963704735040665;0
426;ARM3_20220624_193000_006.wav;0;0.016650909557938576;0
427;ARM3_20220624_193000_007.wav;0;0.011815185658633709;0
428;ARM3_20220624_193000_008.wav;0;0.014490296132862568;0
429;ARM3_20220624_193000_009.wav;0;0.019040845334529877;0
430;ARM3_20220624_193000_010.wav;0;0.04475216194987297;0
431;ARM3_20220624_193000_011.wav;0;0.015024708583950996;0
432;ARM3_20220624_193000_012.wav;0;0.05008423700928688;0
433;ARM3_20220624_193000_013.wav;0;0.02992352657020092;0
434;ARM3_20220624_193000_014.wav;0;0.11556874215602875;0
435;ARM3_20220624_193000_015.wav;0;0.062275756150484085;0
436;ARM3_20220624_193000_016.wav;0;0.5189523696899414;0
437;ARM3_20220624_193000_017.wav;0;0.3995465040206909;0
438;ARM3_20220624_193000_018.wav;0;0.033941008150577545;0
439;ARM3_20220624_193000_019.wav;0;0.0128538329154253;0
440;ARM3_20220628_101500_000.wav;0;0.023541027680039406;0
441;ARM3_20220628_101500_001.wav;0;0.00860885065048933;0
442;ARM3_20220628_101500_002.wav;0;0.02087288908660412;0
443;ARM3_20220628_101500_003.wav;0;0.018895898014307022;0
444;ARM3_20220628_101500_004.wav;0;0.03802887350320816;0
445;ARM3_20220628_101500_005.wav;0;0.03166962042450905;0
446;ARM3_20220628_101500_006.wav;0;0.00954692903906107;0
447;ARM3_20220628_101500_007.wav;0;0.01647193729877472;0
448;ARM3_20220628_101500_008.wav;0;0.024080071598291397;0
449;ARM3_20220628_101500_009.wav;0;0.00871054083108902;0
450;ARM3_20220628_101500_010.wav;0;0.06244860216975212;0
451;ARM3_20220628_101500_011.wav;0;0.007634132169187069;0
452;ARM3_20220628_101500_012.wav;0;0.08203019201755524;0
453;ARM3_20220628_101500_013.wav;0;0.005607818253338337;0
454;ARM3_20220628_101500_014.wav;0;0.0416865311563015;0
455;ARM3_20220628_101500_015.wav;0;0.5141223669052124;0
456;ARM3_20220628_101500_016.wav;0;0.032951340079307556;0
457;ARM3_20220628_101500_017.wav;0;0.1462162435054779;0
458;ARM3_20220628_101500_018.wav;0;0.057600848376750946;0
459;ARM3_20220628_101500_019.wav;0;0.017369218170642853;0
460;ARM3_20220629_091500_000.wav;0;0.029917385429143906;0
461;ARM3_20220629_091500_001.wav;0;0.07755928486585617;0
462;ARM3_20220629_091500_002.wav;0;0.06242580711841583;0
463;ARM3_20220629_091500_003.wav;0;0.0630052238702774;0
464;ARM3_20220629_091500_004.wav;0;0.018574101850390434;0
465;ARM3_20220629_091500_005.wav;0;0.017054483294487;0
466;ARM3_20220629_091500_006.wav;0;0.04794364050030708;0
467;ARM3_20220629_091500_007.wav;0;0.0069900332018733025;0
468;ARM3_20220629_091500_008.wav;0;0.15978595614433289;0
469;ARM3_20220629_091500_009.wav;0;0.046581514179706573;0
470;ARM3_20220629_091500_010.wav;0;0.11301261186599731;0
471;ARM3_20220629_091500_011.wav;0;0.037959616631269455;0
472;ARM3_20220629_091500_012.wav;0;0.017270078882575035;0
473;ARM3_20220629_091500_013.wav;0;0.0800330862402916;0
474;ARM3_20220629_091500_014.wav;0;0.09186313301324844;0
475;ARM3_20220629_091500_015.wav;0;0.5761713981628418;0
476;ARM3_20220629_091500_016.wav;0;0.06199951097369194;0
477;ARM3_20220629_091500_017.wav;0;0.08073271065950394;0
478;ARM3_20220629_091500_018.wav;0;0.04162099212408066;0
479;ARM3_20220629_091500_019.wav;0;0.46560946106910706;0
480;ARM3_20220706_183000_000.wav;0;0.02156340703368187;0
481;ARM3_20220706_183000_001.wav;0;0.06970954686403275;0
482;ARM3_20220706_183000_002.wav;0;0.07057487219572067;0
483;ARM3_20220706_183000_003.wav;0;0.05865772068500519;0
484;ARM3_20220706_183000_004.wav;0;0.06960165500640869;0
485;ARM3_20220706_183000_005.wav;0;0.02103288844227791;0
486;ARM3_20220706_183000_006.wav;0;0.055101215839385986;0
487;ARM3_20220706_183000_007.wav;0;0.03834592178463936;0
488;ARM3_20220706_183000_008.wav;0;0.05029921233654022;0
489;ARM3_20220706_183000_009.wav;0;0.04332372173666954;0
490;ARM3_20220706_183000_010.wav;0;0.05493112653493881;0
491;ARM3_20220706_183000_011.wav;0;0.051476359367370605;0
492;ARM3_20220706_183000_012.wav;0;0.02650335244834423;0
493;ARM3_20220706_183000_013.wav;0;0.022858282551169395;0
494;ARM3_20220706_183000_014.wav;0;0.019859803840517998;0
495;ARM3_20220706_183000_015.wav;0;0.01604694314301014;0
496;ARM3_20220706_183000_016.wav;0;0.02442190796136856;0
497;ARM3_20220706_183000_017.wav;0;0.03475204482674599;0
498;ARM3_20220706_183000_018.wav;0;0.13441914319992065;0
499;ARM3_20220706_183000_019.wav;0;0.16633258759975433;0
500;ARM3_20220708_211500_000.wav;0;0.04197258874773979;0
501;ARM3_20220708_211500_001.wav;0;0.09724632650613785;0
502;ARM3_20220708_211500_002.wav;0;0.07447971403598785;0
503;ARM3_20220708_211500_003.wav;0;0.05942440778017044;0
504;ARM3_20220708_211500_004.wav;0;0.14433902502059937;0
505;ARM3_20220708_211500_005.wav;0;0.1037064716219902;0
506;ARM3_20220708_211500_006.wav;0;0.028214339166879654;0
507;ARM3_20220708_211500_007.wav;0;0.022174956277012825;0
508;ARM3_20220708_211500_008.wav;0;0.0324324332177639;0
509;ARM3_20220708_211500_009.wav;0;0.010077421553432941;0
510;ARM3_20220708_211500_010.wav;0;0.0860048234462738;0
511;ARM3_20220708_211500_011.wav;0;0.07681432366371155;0
512;ARM3_20220708_211500_012.wav;0;0.05581207200884819;0
513;ARM3_20220708_211500_013.wav;0;0.08476786315441132;0
514;ARM3_20220708_211500_014.wav;0;0.03970600292086601;0
515;ARM3_20220708_211500_015.wav;0;0.07242096215486526;0
516;ARM3_20220708_211500_016.wav;0;0.022069798782467842;0
517;ARM3_20220708_211500_017.wav;0;0.050058890134096146;0
518;ARM3_20220708_211500_018.wav;0;0.03747856616973877;0
519;ARM3_20220708_211500_019.wav;0;0.053283412009477615;0
520;ARM3_20220709_143000_000.wav;0;0.025980448350310326;0
521;ARM3_20220709_143000_001.wav;0;0.03833400458097458;0
522;ARM3_20220709_143000_002.wav;0;0.03432336449623108;0
523;ARM3_20220709_143000_003.wav;0;0.025151826441287994;0
524;ARM3_20220709_143000_004.wav;0;0.03538624197244644;0
525;ARM3_20220709_143000_005.wav;0;0.009163057431578636;0
526;ARM3_20220709_143000_006.wav;0;0.020346624776721;0
527;ARM3_20220709_143000_007.wav;0;0.028318088501691818;0
528;ARM3_20220709_143000_008.wav;0;0.0144624849781394;0
529;ARM3_20220709_143000_009.wav;0;0.01608279161155224;0
530;ARM3_20220709_143000_010.wav;0;0.021378424018621445;0
531;ARM3_20220709_143000_011.wav;0;0.06107639893889427;0
532;ARM3_20220709_143000_012.wav;0;0.05190807208418846;0
533;ARM3_20220709_143000_013.wav;0;0.03155863285064697;0
534;ARM3_20220709_143000_014.wav;0;0.02435699664056301;0
535;ARM3_20220709_143000_015.wav;0;0.030228598043322563;0
536;ARM3_20220709_143000_016.wav;0;0.025930281728506088;0
537;ARM3_20220709_143000_017.wav;0;0.031814903020858765;0
538;ARM3_20220709_143000_018.wav;0;0.03229501470923424;0
539;ARM3_20220709_143000_019.wav;0;0.03512442111968994;0
540;ARM3_20220711_044500_000.wav;0;0.0062950425781309605;0
541;ARM3_20220711_044500_001.wav;0;0.03840800002217293;0
542;ARM3_20220711_044500_002.wav;0;0.04860954359173775;0
543;ARM3_20220711_044500_003.wav;0;0.03358301892876625;0
544;ARM3_20220711_044500_004.wav;0;0.04112274944782257;0
545;ARM3_20220711_044500_005.wav;0;0.031034601852297783;0
546;ARM3_20220711_044500_006.wav;0;0.03591059520840645;0
547;ARM3_20220711_044500_007.wav;0;0.03800313174724579;0
548;ARM3_20220711_044500_008.wav;0;0.02685082145035267;0
549;ARM3_20220711_044500_009.wav;0;0.11605401337146759;0
550;ARM3_20220711_044500_010.wav;0;0.008446421474218369;0
551;ARM3_20220711_044500_011.wav;0;0.010166049003601074;0
552;ARM3_20220711_044500_012.wav;0;0.057002268731594086;0
553;ARM3_20220711_044500_013.wav;0;0.03238891065120697;0
554;ARM3_20220711_044500_014.wav;0;0.023114925250411034;0
555;ARM3_20220711_044500_015.wav;0;0.025669734925031662;0
556;ARM3_20220711_044500_016.wav;0;0.12122805416584015;0
557;ARM3_20220711_044500_017.wav;0;0.10111089795827866;0
558;ARM3_20220711_044500_018.wav;0;0.022241605445742607;0
559;ARM3_20220711_044500_019.wav;0;0.03134915232658386;0
560;ARM3_20220713_044500_000.wav;0;0.029518526047468185;0
561;ARM3_20220713_044500_001.wav;0;0.04769783467054367;0
562;ARM3_20220713_044500_002.wav;0;0.03590359911322594;0
563;ARM3_20220713_044500_003.wav;0;0.07828235626220703;0
564;ARM3_20220713_044500_004.wav;0;0.640343427658081;0
565;ARM3_20220713_044500_005.wav;0;0.029479416087269783;0
566;ARM3_20220713_044500_006.wav;0;0.0463731549680233;0
567;ARM3_20220713_044500_007.wav;0;0.06939856708049774;0
568;ARM3_20220713_044500_008.wav;0;0.7309287786483765;0
569;ARM3_20220713_044500_009.wav;0;0.031392838805913925;0
570;ARM3_20220713_044500_010.wav;0;0.031949806958436966;0
571;ARM3_20220713_044500_011.wav;0;0.04372681677341461;0
572;ARM3_20220713_044500_012.wav;0;0.040873296558856964;0
573;ARM3_20220713_044500_013.wav;0;0.09321959316730499;0
574;ARM3_20220713_044500_014.wav;0;0.019688760861754417;0
575;ARM3_20220713_044500_015.wav;0;0.0936603993177414;0
576;ARM3_20220713_044500_016.wav;0;0.032306015491485596;0
577;ARM3_20220713_044500_017.wav;0;0.043188031762838364;0
578;ARM3_20220713_044500_018.wav;0;0.04468906670808792;0
579;ARM3_20220713_044500_019.wav;0;0.05456742271780968;0
580;ARM3_20220715_154500_000.wav;0;0.00507539976388216;0
581;ARM3_20220715_154500_001.wav;0;0.011560306884348392;0
582;ARM3_20220715_154500_002.wav;0;0.007411007769405842;0
583;ARM3_20220715_154500_003.wav;0;0.006041251122951508;0
584;ARM3_20220715_154500_004.wav;0;0.008064009249210358;0
585;ARM3_20220715_154500_005.wav;0;0.011561188846826553;0
586;ARM3_20220715_154500_006.wav;0;0.0049089170061051846;0
587;ARM3_20220715_154500_007.wav;0;0.01675690896809101;0
588;ARM3_20220715_154500_008.wav;0;0.027600813657045364;0
589;ARM3_20220715_154500_009.wav;0;0.01669345237314701;0
590;ARM3_20220715_154500_010.wav;0;0.003071615006774664;0
591;ARM3_20220715_154500_011.wav;0;0.0058890944346785545;0
592;ARM3_20220715_154500_012.wav;0;0.009242282249033451;0
593;ARM3_20220715_154500_013.wav;0;0.013174720108509064;0
594;ARM3_20220715_154500_014.wav;0;0.0041754478588700294;0
595;ARM3_20220715_154500_015.wav;0;0.016992198303341866;0
596;ARM3_20220715_154500_016.wav;0;0.010731548070907593;0
597;ARM3_20220715_154500_017.wav;0;0.026371711865067482;0
598;ARM3_20220715_154500_018.wav;0;0.011216285638511181;0
599;ARM3_20220715_154500_019.wav;0;0.009216190315783024;0
600;ARM3_20220721_070000_000.wav;0;0.9903396964073181;0
601;ARM3_20220721_070000_001.wav;0;0.9404321908950806;0
602;ARM3_20220721_070000_002.wav;0;0.8559991717338562;0
603;ARM3_20220721_070000_003.wav;0;0.991295337677002;0
604;ARM3_20220721_070000_004.wav;0;0.9890215992927551;0
605;ARM3_20220721_070000_005.wav;0;0.5515243411064148;0
606;ARM3_20220721_070000_006.wav;0;0.9813279509544373;0
607;ARM3_20220721_070000_007.wav;0;0.4656369388103485;0
608;ARM3_20220721_070000_008.wav;0;0.020638754591345787;0
609;ARM3_20220721_070000_009.wav;0;0.014191406778991222;0
610;ARM3_20220721_070000_010.wav;0;0.02738671377301216;0
611;ARM3_20220721_070000_011.wav;0;0.02214275673031807;0
612;ARM3_20220721_070000_012.wav;0;0.030948279425501823;0
613;ARM3_20220721_070000_013.wav;0;0.006068763323128223;0
614;ARM3_20220721_070000_014.wav;0;0.19906426966190338;0
615;ARM3_20220721_070000_015.wav;0;0.057924721390008926;0
616;ARM3_20220721_070000_016.wav;0;0.009772430174052715;0
617;ARM3_20220721_070000_017.wav;0;0.01611638069152832;0
618;ARM3_20220721_070000_018.wav;0;0.012939618900418282;0
619;ARM3_20220721_070000_019.wav;0;0.005647585261613131;0
620;ARM3_20220722_031500_000.wav;0;0.025860661640763283;0
621;ARM3_20220722_031500_001.wav;0;0.053180452436208725;0
622;ARM3_20220722_031500_002.wav;0;0.020590776577591896;0
623;ARM3_20220722_031500_003.wav;0;0.11064516007900238;0
624;ARM3_20220722_031500_004.wav;0;0.031203890219330788;0
625;ARM3_20220722_031500_005.wav;0;0.01788518577814102;0
626;ARM3_20220722_031500_006.wav;0;0.18584661185741425;0
627;ARM3_20220722_031500_007.wav;0;0.016205668449401855;0
628;ARM3_20220722_031500_008.wav;0;0.024404702708125114;0
629;ARM3_20220722_031500_009.wav;0;0.025324225425720215;0
630;ARM3_20220722_031500_010.wav;0;0.03584258630871773;0
631;ARM3_20220722_031500_011.wav;0;0.03010859526693821;0
632;ARM3_20220722_031500_012.wav;0;0.05260747671127319;0
633;ARM3_20220722_031500_013.wav;0;0.03204956650733948;0
634;ARM3_20220722_031500_014.wav;0;0.07295355945825577;0
635;ARM3_20220722_031500_015.wav;0;0.06498215347528458;0
636;ARM3_20220722_031500_016.wav;0;0.03428320959210396;0
637;ARM3_20220722_031500_017.wav;0;0.048601068556308746;0
638;ARM3_20220722_031500_018.wav;0;0.06700652837753296;0
639;ARM3_20220722_031500_019.wav;0;0.039034537971019745;0
640;ARM3_20220723_081500_000.wav;0;0.9949772953987122;0
641;ARM3_20220723_081500_001.wav;0;0.9932112097740173;0
642;ARM3_20220723_081500_002.wav;0;0.8484529852867126;0
643;ARM3_20220723_081500_003.wav;0;0.9361396431922913;0
644;ARM3_20220723_081500_004.wav;0;0.9503785967826843;0
645;ARM3_20220723_081500_005.wav;0;0.9358609914779663;0
646;ARM3_20220723_081500_006.wav;0;0.307762086391449;0
647;ARM3_20220723_081500_007.wav;0;0.4357722997665405;0
648;ARM3_20220723_081500_008.wav;0;0.9600467085838318;0
649;ARM3_20220723_081500_009.wav;0;0.9834129810333252;0
650;ARM3_20220723_081500_010.wav;0;0.9782949090003967;0
651;ARM3_20220723_081500_011.wav;0;0.9643000364303589;0
652;ARM3_20220723_081500_012.wav;0;0.6591700315475464;0
653;ARM3_20220723_081500_013.wav;0;0.7009078860282898;0
654;ARM3_20220723_081500_014.wav;0;0.41306450963020325;0
655;ARM3_20220723_081500_015.wav;0;0.49354541301727295;0
656;ARM3_20220723_081500_016.wav;0;0.9150684475898743;0
657;ARM3_20220723_081500_017.wav;0;0.26092755794525146;0
658;ARM3_20220723_081500_018.wav;0;0.10723372548818588;0
659;ARM3_20220723_081500_019.wav;0;0.895632266998291;0
660;ARM3_20220723_180000_000.wav;0;0.2674727439880371;0
661;ARM3_20220723_180000_001.wav;0;0.03348841518163681;0
662;ARM3_20220723_180000_002.wav;0;0.045317888259887695;0
663;ARM3_20220723_180000_003.wav;0;0.059783920645713806;0
664;ARM3_20220723_180000_004.wav;0;0.029597541317343712;0
665;ARM3_20220723_180000_005.wav;0;0.053713563829660416;0
666;ARM3_20220723_180000_006.wav;0;0.11854180693626404;0
667;ARM3_20220723_180000_007.wav;0;0.7155594825744629;0
668;ARM3_20220723_180000_008.wav;0;0.03156793862581253;0
669;ARM3_20220723_180000_009.wav;0;0.06458451598882675;0
670;ARM3_20220723_180000_010.wav;0;0.37034136056900024;0
671;ARM3_20220723_180000_011.wav;0;0.07269846647977829;0
672;ARM3_20220723_180000_012.wav;0;0.05144388973712921;0
673;ARM3_20220723_180000_013.wav;0;0.1449936330318451;0
674;ARM3_20220723_180000_014.wav;0;0.20154987275600433;0
675;ARM3_20220723_180000_015.wav;0;0.23309308290481567;0
676;ARM3_20220723_180000_016.wav;0;0.007469500415027142;0
677;ARM3_20220723_180000_017.wav;0;0.015079276636242867;0
678;ARM3_20220723_180000_018.wav;0;0.4511741101741791;0
679;ARM3_20220723_180000_019.wav;0;0.21400929987430573;0
680;ARM3_20220726_153000_000.wav;0;0.03825428709387779;0
681;ARM3_20220726_153000_001.wav;0;0.04412691295146942;0
682;ARM3_20220726_153000_002.wav;0;0.02499394118785858;0
683;ARM3_20220726_153000_003.wav;0;0.04944035783410072;0
684;ARM3_20220726_153000_004.wav;0;0.02671368420124054;0
685;ARM3_20220726_153000_005.wav;0;0.043007273226976395;0
686;ARM3_20220726_153000_006.wav;0;0.16468177735805511;0
687;ARM3_20220726_153000_007.wav;0;0.06267745047807693;0
688;ARM3_20220726_153000_008.wav;0;0.06372662633657455;0
689;ARM3_20220726_153000_009.wav;0;0.10522416234016418;0
690;ARM3_20220726_153000_010.wav;0;0.017031332477927208;0
691;ARM3_20220726_153000_011.wav;0;0.1748356968164444;0
692;ARM3_20220726_153000_012.wav;0;0.050867825746536255;0
693;ARM3_20220726_153000_013.wav;0;0.05745888128876686;0
694;ARM3_20220726_153000_014.wav;0;0.018610628321766853;0
695;ARM3_20220726_153000_015.wav;0;0.033588044345378876;0
696;ARM3_20220726_153000_016.wav;0;0.003604690544307232;0
697;ARM3_20220726_153000_017.wav;0;0.007930138148367405;0
698;ARM3_20220726_153000_018.wav;0;0.014733036048710346;0
699;ARM3_20220726_153000_019.wav;0;0.01548081822693348;0
700;ARM3_20220728_110000_000.wav;0;0.01090828888118267;0
701;ARM3_20220728_110000_001.wav;0;0.014471269212663174;0
702;ARM3_20220728_110000_002.wav;0;0.025639310479164124;0
703;ARM3_20220728_110000_003.wav;0;0.21275445818901062;0
704;ARM3_20220728_110000_004.wav;0;0.013447863981127739;0
705;ARM3_20220728_110000_005.wav;0;0.005793952848762274;0
706;ARM3_20220728_110000_006.wav;0;0.006159033626317978;0
707;ARM3_20220728_110000_007.wav;0;0.01421361044049263;0
708;ARM3_20220728_110000_008.wav;0;0.009471199475228786;0
709;ARM3_20220728_110000_009.wav;0;0.013995043002068996;0
710;ARM3_20220728_110000_010.wav;0;0.013348226435482502;0
711;ARM3_20220728_110000_011.wav;0;0.051244914531707764;0
712;ARM3_20220728_110000_012.wav;0;0.028879771009087563;0
713;ARM3_20220728_110000_013.wav;0;0.020661188289523125;0
714;ARM3_20220728_110000_014.wav;0;0.04760033264756203;0
715;ARM3_20220728_110000_015.wav;0;0.008412580005824566;0
716;ARM3_20220728_110000_016.wav;0;0.006276879459619522;0
717;ARM3_20220728_110000_017.wav;0;0.007038258947432041;0
718;ARM3_20220728_110000_018.wav;0;0.021066414192318916;0
719;ARM3_20220728_110000_019.wav;0;0.023394400253891945;0
720;ARM3_20220804_013000_000.wav;0;0.021903760731220245;0
721;ARM3_20220804_013000_001.wav;0;0.16853086650371552;0
722;ARM3_20220804_013000_002.wav;0;0.020343612879514694;0
723;ARM3_20220804_013000_003.wav;0;0.027129847556352615;0
724;ARM3_20220804_013000_004.wav;0;0.026784652844071388;0
725;ARM3_20220804_013000_005.wav;0;0.024929998442530632;0
726;ARM3_20220804_013000_006.wav;0;0.048658911138772964;0
727;ARM3_20220804_013000_007.wav;0;0.02650209702551365;0
728;ARM3_20220804_013000_008.wav;0;0.0444629043340683;0
729;ARM3_20220804_013000_009.wav;0;0.06172690913081169;0
730;ARM3_20220804_013000_010.wav;0;0.016237232834100723;0
731;ARM3_20220804_013000_011.wav;0;0.03612359240651131;0
732;ARM3_20220804_013000_012.wav;0;0.029971662908792496;0
733;ARM3_20220804_013000_013.wav;0;0.06816209107637405;0
734;ARM3_20220804_013000_014.wav;0;0.04796525463461876;0
735;ARM3_20220804_013000_015.wav;0;0.027551623061299324;0
736;ARM3_20220804_013000_016.wav;0;0.03564004227519035;0
737;ARM3_20220804_013000_017.wav;0;0.0842951163649559;0
738;ARM3_20220804_013000_018.wav;0;0.02564784698188305;0
739;ARM3_20220804_013000_019.wav;0;0.02086298167705536;0
740;ARM3_20220805_100000_000.wav;0;0.06251589953899384;0
741;ARM3_20220805_100000_001.wav;0;0.07350467145442963;0
742;ARM3_20220805_100000_002.wav;0;0.10701555758714676;0
743;ARM3_20220805_100000_003.wav;0;0.8059606552124023;0
744;ARM3_20220805_100000_004.wav;0;0.14813034236431122;0
745;ARM3_20220805_100000_005.wav;0;0.517220139503479;0
746;ARM3_20220805_100000_006.wav;0;0.029724035412073135;0
747;ARM3_20220805_100000_007.wav;0;0.025467904284596443;0
748;ARM3_20220805_100000_008.wav;0;0.7528537511825562;0
749;ARM3_20220805_100000_009.wav;0;0.07249855250120163;0
750;ARM3_20220805_100000_010.wav;0;0.9376305937767029;0
751;ARM3_20220805_100000_011.wav;0;0.4398708939552307;0
752;ARM3_20220805_100000_012.wav;0;0.00997842475771904;0
753;ARM3_20220805_100000_013.wav;0;0.03716611489653587;0
754;ARM3_20220805_100000_014.wav;0;0.09670864790678024;0
755;ARM3_20220805_100000_015.wav;0;0.5323508381843567;0
756;ARM3_20220805_100000_016.wav;0;0.16675284504890442;0
757;ARM3_20220805_100000_017.wav;0;0.049655236303806305;0
758;ARM3_20220805_100000_018.wav;0;0.052514225244522095;0
759;ARM3_20220805_100000_019.wav;0;0.06110527366399765;0
760;ARM3_20220806_124500_000.wav;0;0.918821394443512;0
761;ARM3_20220806_124500_001.wav;0;0.9809564352035522;0
762;ARM3_20220806_124500_002.wav;0;0.08267049491405487;0
763;ARM3_20220806_124500_003.wav;0;0.6221535801887512;0
764;ARM3_20220806_124500_004.wav;0;0.8985595703125;0
765;ARM3_20220806_124500_005.wav;0;0.9804845452308655;0
766;ARM3_20220806_124500_006.wav;0;0.9122046828269958;0
767;ARM3_20220806_124500_007.wav;0;0.9748649001121521;0
768;ARM3_20220806_124500_008.wav;0;0.9513879418373108;0
769;ARM3_20220806_124500_009.wav;0;0.9351096749305725;0
770;ARM3_20220806_124500_010.wav;0;0.7970131635665894;0
771;ARM3_20220806_124500_011.wav;0;0.4788803160190582;0
772;ARM3_20220806_124500_012.wav;0;0.27141517400741577;0
773;ARM3_20220806_124500_013.wav;0;0.6427430510520935;0
774;ARM3_20220806_124500_014.wav;0;0.86569744348526;0
775;ARM3_20220806_124500_015.wav;0;0.7747177481651306;0
776;ARM3_20220806_124500_016.wav;0;0.8591902852058411;0
777;ARM3_20220806_124500_017.wav;0;0.6052200794219971;0
778;ARM3_20220806_124500_018.wav;0;0.2793090045452118;0
779;ARM3_20220806_124500_019.wav;0;0.8484867215156555;0
780;ARM3_20220806_141500_000.wav;0;0.08132235705852509;0
781;ARM3_20220806_141500_001.wav;0;0.02176745980978012;0
782;ARM3_20220806_141500_002.wav;0;0.1640230417251587;0
783;ARM3_20220806_141500_003.wav;0;0.051496781408786774;0
784;ARM3_20220806_141500_004.wav;0;0.06196869537234306;0
785;ARM3_20220806_141500_005.wav;0;0.04235084727406502;0
786;ARM3_20220806_141500_006.wav;0;0.12047385424375534;0
787;ARM3_20220806_141500_007.wav;0;0.03319194167852402;0
788;ARM3_20220806_141500_008.wav;0;0.02923637442290783;0
789;ARM3_20220806_141500_009.wav;0;0.03361215069890022;0
790;ARM3_20220806_141500_010.wav;0;0.018040217459201813;0
791;ARM3_20220806_141500_011.wav;0;0.018098212778568268;0
792;ARM3_20220806_141500_012.wav;0;0.02096947282552719;0
793;ARM3_20220806_141500_013.wav;0;0.022194113582372665;0
794;ARM3_20220806_141500_014.wav;0;0.03252881392836571;0
795;ARM3_20220806_141500_015.wav;0;0.02286875993013382;0
796;ARM3_20220806_141500_016.wav;0;0.03893577307462692;0
797;ARM3_20220806_141500_017.wav;0;0.02873523347079754;0
798;ARM3_20220806_141500_018.wav;0;0.035186637192964554;0
799;ARM3_20220806_141500_019.wav;0;0.02353949286043644;0
800;ARM3_20220806_200000_000.wav;0;0.042617738246917725;0
801;ARM3_20220806_200000_001.wav;0;0.026862137019634247;0
802;ARM3_20220806_200000_002.wav;0;0.056987930089235306;0
803;ARM3_20220806_200000_003.wav;0;0.02003622241318226;0
804;ARM3_20220806_200000_004.wav;0;0.019866332411766052;0
805;ARM3_20220806_200000_005.wav;0;0.023990824818611145;0
806;ARM3_20220806_200000_006.wav;0;0.013668755069375038;0
807;ARM3_20220806_200000_007.wav;0;0.048231013119220734;0
808;ARM3_20220806_200000_008.wav;0;0.013640498742461205;0
809;ARM3_20220806_200000_009.wav;0;0.017437942326068878;0
810;ARM3_20220806_200000_010.wav;0;0.09437145292758942;0
811;ARM3_20220806_200000_011.wav;0;0.034494832158088684;0
812;ARM3_20220806_200000_012.wav;0;0.0554361492395401;0
813;ARM3_20220806_200000_013.wav;0;0.11148887872695923;0
814;ARM3_20220806_200000_014.wav;0;0.07234221696853638;0
815;ARM3_20220806_200000_015.wav;0;0.015572079457342625;0
816;ARM3_20220806_200000_016.wav;0;0.009311024099588394;0
817;ARM3_20220806_200000_017.wav;0;0.028685446828603745;0
818;ARM3_20220806_200000_018.wav;0;0.02260213904082775;0
819;ARM3_20220806_200000_019.wav;0;0.05861533060669899;0
820;ARM3_20220808_001500_000.wav;0;0.01934422180056572;0
821;ARM3_20220808_001500_001.wav;0;0.02624608762562275;0
822;ARM3_20220808_001500_002.wav;0;0.01608051173388958;0
823;ARM3_20220808_001500_003.wav;0;0.022432420402765274;0
824;ARM3_20220808_001500_004.wav;0;0.05083317682147026;0
825;ARM3_20220808_001500_005.wav;0;0.056237563490867615;0
826;ARM3_20220808_001500_006.wav;0;0.054050248116254807;0
827;ARM3_20220808_001500_007.wav;0;0.05771677568554878;0
828;ARM3_20220808_001500_008.wav;0;0.02752012573182583;0
829;ARM3_20220808_001500_009.wav;0;0.041135743260383606;0
830;ARM3_20220808_001500_010.wav;0;0.01490665040910244;0
831;ARM3_20220808_001500_011.wav;0;0.0339682474732399;0
832;ARM3_20220808_001500_012.wav;0;0.021119961515069008;0
833;ARM3_20220808_001500_013.wav;0;0.01583169959485531;0
834;ARM3_20220808_001500_014.wav;0;0.026883458718657494;0
835;ARM3_20220808_001500_015.wav;0;0.014156771823763847;0
836;ARM3_20220808_001500_016.wav;0;0.09202397614717484;0
837;ARM3_20220808_001500_017.wav;0;0.05891604721546173;0
838;ARM3_20220808_001500_018.wav;0;0.03458072990179062;0
839;ARM3_20220808_001500_019.wav;0;0.02453138679265976;0
840;ARM3_20220810_230000_000.wav;0;0.03548053652048111;0
841;ARM3_20220810_230000_001.wav;0;0.06292934715747833;0
842;ARM3_20220810_230000_002.wav;0;0.2972967028617859;0
843;ARM3_20220810_230000_003.wav;0;0.08827979117631912;0
844;ARM3_20220810_230000_004.wav;0;0.03762545809149742;0
845;ARM3_20220810_230000_005.wav;0;0.04066694900393486;0
846;ARM3_20220810_230000_006.wav;0;0.025226878002285957;0
847;ARM3_20220810_230000_007.wav;0;0.05152031034231186;0
848;ARM3_20220810_230000_008.wav;0;0.04463643953204155;0
849;ARM3_20220810_230000_009.wav;0;0.027643240988254547;0
850;ARM3_20220810_230000_010.wav;0;0.06289713084697723;0
851;ARM3_20220810_230000_011.wav;0;0.0532655231654644;0
852;ARM3_20220810_230000_012.wav;0;0.019948864355683327;0
853;ARM3_20220810_230000_013.wav;0;0.03866736218333244;0
854;ARM3_20220810_230000_014.wav;0;0.04169953987002373;0
855;ARM3_20220810_230000_015.wav;0;0.06133904308080673;0
856;ARM3_20220810_230000_016.wav;0;0.012200613506138325;0
857;ARM3_20220810_230000_017.wav;0;0.09721879661083221;0
858;ARM3_20220810_230000_018.wav;0;0.04699809476733208;0
859;ARM3_20220810_230000_019.wav;0;0.04249289631843567;0
860;ARM3_20220812_023000_000.wav;0;0.05709807574748993;0
861;ARM3_20220812_023000_001.wav;0;0.025376522913575172;0
862;ARM3_20220812_023000_002.wav;0;0.042698588222265244;0
863;ARM3_20220812_023000_003.wav;0;0.03776131197810173;0
864;ARM3_20220812_023000_004.wav;0;0.05227725952863693;0
865;ARM3_20220812_023000_005.wav;0;0.05244069918990135;0
866;ARM3_20220812_023000_006.wav;0;0.02680819295346737;0
867;ARM3_20220812_023000_007.wav;0;0.05072833597660065;0
868;ARM3_20220812_023000_008.wav;0;0.03439765423536301;0
869;ARM3_20220812_023000_009.wav;0;0.04398145526647568;0
870;ARM3_20220812_023000_010.wav;0;0.07462907582521439;0
871;ARM3_20220812_023000_011.wav;0;0.05069195106625557;0
872;ARM3_20220812_023000_012.wav;0;0.03753446042537689;0
873;ARM3_20220812_023000_013.wav;0;0.027850864455103874;0
874;ARM3_20220812_023000_014.wav;0;0.043484434485435486;0
875;ARM3_20220812_023000_015.wav;0;0.06694145500659943;0
876;ARM3_20220812_023000_016.wav;0;0.039713118225336075;0
877;ARM3_20220812_023000_017.wav;0;0.024833302944898605;0
878;ARM3_20220812_023000_018.wav;0;0.021134812384843826;0
879;ARM3_20220812_023000_019.wav;0;0.04572458565235138;0
880;ARM3_20220812_103000_000.wav;0;0.01072135753929615;0
881;ARM3_20220812_103000_001.wav;0;0.3508734107017517;0
882;ARM3_20220812_103000_002.wav;0;0.019712677225470543;0
883;ARM3_20220812_103000_003.wav;0;0.014953074976801872;0
884;ARM3_20220812_103000_004.wav;0;0.038593411445617676;0
885;ARM3_20220812_103000_005.wav;0;0.4992218315601349;0
886;ARM3_20220812_103000_006.wav;0;0.0026411288417875767;0
887;ARM3_20220812_103000_007.wav;0;0.07523830235004425;0
888;ARM3_20220812_103000_008.wav;0;0.06895840913057327;0
889;ARM3_20220812_103000_009.wav;0;0.054703667759895325;0
890;ARM3_20220812_103000_010.wav;0;0.1594816893339157;0
891;ARM3_20220812_103000_011.wav;0;0.17008771002292633;0
892;ARM3_20220812_103000_012.wav;0;0.016805514693260193;0
893;ARM3_20220812_103000_013.wav;0;0.07830072194337845;0
894;ARM3_20220812_103000_014.wav;0;0.026734519749879837;0
895;ARM3_20220812_103000_015.wav;0;0.013146109879016876;0
896;ARM3_20220812_103000_016.wav;0;0.14002607762813568;0
897;ARM3_20220812_103000_017.wav;0;0.6129016280174255;0
898;ARM3_20220812_103000_018.wav;0;0.1599346399307251;0
899;ARM3_20220812_103000_019.wav;0;0.5314146876335144;0
900;ARM3_20220814_200000_000.wav;0;0.5563864707946777;0
901;ARM3_20220814_200000_001.wav;0;0.0213624220341444;0
902;ARM3_20220814_200000_002.wav;0;0.027094196528196335;0
903;ARM3_20220814_200000_003.wav;0;0.005964647047221661;0
904;ARM3_20220814_200000_004.wav;0;0.05527882277965546;0
905;ARM3_20220814_200000_005.wav;0;0.060066647827625275;0
906;ARM3_20220814_200000_006.wav;0;0.05077959597110748;0
907;ARM3_20220814_200000_007.wav;0;0.6307032704353333;0
908;ARM3_20220814_200000_008.wav;0;0.12514720857143402;0
909;ARM3_20220814_200000_009.wav;0;0.4648345112800598;0
910;ARM3_20220814_200000_010.wav;0;0.08947873115539551;0
911;ARM3_20220814_200000_011.wav;0;0.19256630539894104;0
912;ARM3_20220814_200000_012.wav;0;0.17032469809055328;0
913;ARM3_20220814_200000_013.wav;0;0.09043487906455994;0
914;ARM3_20220814_200000_014.wav;0;0.08976765722036362;0
915;ARM3_20220814_200000_015.wav;0;0.022404074668884277;0
916;ARM3_20220814_200000_016.wav;0;0.0059111276641488075;0
917;ARM3_20220814_200000_017.wav;0;0.0239423755556345;0
918;ARM3_20220814_200000_018.wav;0;0.11276429146528244;0
919;ARM3_20220814_200000_019.wav;0;0.008270064368844032;0
920;ARM3_20220815_150000_000.wav;0;0.2796706557273865;0
921;ARM3_20220815_150000_001.wav;0;0.08826042711734772;0
922;ARM3_20220815_150000_002.wav;0;0.17339326441287994;0
923;ARM3_20220815_150000_003.wav;0;0.015394781716167927;0
924;ARM3_20220815_150000_004.wav;0;0.05967770889401436;0
925;ARM3_20220815_150000_005.wav;0;0.0548175647854805;0
926;ARM3_20220815_150000_006.wav;0;0.3853569030761719;0
927;ARM3_20220815_150000_007.wav;0;0.8513849973678589;0
928;ARM3_20220815_150000_008.wav;0;0.35611575841903687;0
929;ARM3_20220815_150000_009.wav;0;0.6095836758613586;0
930;ARM3_20220815_150000_010.wav;0;0.459150105714798;0
931;ARM3_20220815_150000_011.wav;0;0.47523581981658936;0
932;ARM3_20220815_150000_012.wav;0;0.7536347508430481;0
933;ARM3_20220815_150000_013.wav;0;0.866538941860199;0
934;ARM3_20220815_150000_014.wav;0;0.9599226713180542;0
935;ARM3_20220815_150000_015.wav;0;0.9440882205963135;0
936;ARM3_20220815_150000_016.wav;0;0.8362666368484497;0
937;ARM3_20220815_150000_017.wav;0;0.8080540895462036;0
938;ARM3_20220815_150000_018.wav;0;0.9753902554512024;0
939;ARM3_20220815_150000_019.wav;0;0.9830036163330078;0
940;ARM3_20220817_060000_000.wav;0;0.04917142540216446;0
941;ARM3_20220817_060000_001.wav;0;0.18494123220443726;0
942;ARM3_20220817_060000_002.wav;0;0.18694789707660675;0
943;ARM3_20220817_060000_003.wav;0;0.3285196125507355;0
944;ARM3_20220817_060000_004.wav;0;0.15459254384040833;0
945;ARM3_20220817_060000_005.wav;0;0.04682924970984459;0
946;ARM3_20220817_060000_006.wav;0;0.09192696958780289;0
947;ARM3_20220817_060000_007.wav;0;0.37239792943000793;0
948;ARM3_20220817_060000_008.wav;0;0.136196106672287;0
949;ARM3_20220817_060000_009.wav;0;0.4938320815563202;0
950;ARM3_20220817_060000_010.wav;0;0.06223876774311066;0
951;ARM3_20220817_060000_011.wav;0;0.2492080181837082;0
952;ARM3_20220817_060000_012.wav;0;0.02026139199733734;0
953;ARM3_20220817_060000_013.wav;0;0.015970328822731972;0
954;ARM3_20220817_060000_014.wav;0;0.01568375527858734;0
955;ARM3_20220817_060000_015.wav;0;0.04939271882176399;0
956;ARM3_20220817_060000_016.wav;0;0.03568867966532707;0
957;ARM3_20220817_060000_017.wav;0;0.013772417791187763;0
958;ARM3_20220817_060000_018.wav;0;0.2633868455886841;0
959;ARM3_20220817_060000_019.wav;0;0.09665386378765106;0
960;MER1_20220617_161500_000.wav;0;0.07809522747993469;0
961;MER1_20220617_161500_001.wav;0;0.022746173664927483;0
962;MER1_20220617_161500_002.wav;0;0.040765516459941864;0
963;MER1_20220617_161500_003.wav;0;0.046463459730148315;0
964;MER1_20220617_161500_004.wav;0;0.333973228931427;0
965;MER1_20220617_161500_005.wav;0;0.020485656335949898;0
966;MER1_20220617_161500_006.wav;0;0.6365947723388672;0
967;MER1_20220617_161500_007.wav;0;0.0699530690908432;0
968;MER1_20220617_161500_008.wav;0;0.31449639797210693;0
969;MER1_20220617_161500_009.wav;0;0.6656625866889954;0
970;MER1_20220617_161500_010.wav;0;0.022244062274694443;0
971;MER1_20220617_161500_011.wav;0;0.2715071141719818;0
972;MER1_20220617_161500_012.wav;0;0.018682269379496574;0
973;MER1_20220617_161500_013.wav;0;0.10829419642686844;0
974;MER1_20220617_161500_014.wav;0;0.27510055899620056;0
975;MER1_20220617_161500_015.wav;0;0.04891438037157059;0
976;MER1_20220617_161500_016.wav;0;0.035086825489997864;0
977;MER1_20220617_161500_017.wav;0;0.269970566034317;0
978;MER1_20220617_161500_018.wav;0;0.018225671723484993;0
979;MER1_20220617_161500_019.wav;0;0.1734246015548706;0
980;MER1_20220617_171500_000.wav;0;0.05428545922040939;0
981;MER1_20220617_171500_001.wav;0;0.12479538470506668;0
982;MER1_20220617_171500_002.wav;0;0.5321698188781738;0
983;MER1_20220617_171500_003.wav;0;0.479887992143631;0
984;MER1_20220617_171500_004.wav;0;0.05399032309651375;0
985;MER1_20220617_171500_005.wav;0;0.4506818652153015;0
986;MER1_20220617_171500_006.wav;0;0.14413979649543762;0
987;MER1_20220617_171500_007.wav;0;0.08103182166814804;0
988;MER1_20220617_171500_008.wav;0;0.6159757375717163;0
989;MER1_20220617_171500_009.wav;0;0.27734893560409546;0
990;MER1_20220617_171500_010.wav;0;0.2805062532424927;0
991;MER1_20220617_171500_011.wav;0;0.14561787247657776;0
992;MER1_20220617_171500_012.wav;0;0.9384096264839172;0
993;MER1_20220617_171500_013.wav;0;0.33536475896835327;0
994;MER1_20220617_171500_014.wav;0;0.23379366099834442;0
995;MER1_20220617_171500_015.wav;0;0.15302762389183044;0
996;MER1_20220617_171500_016.wav;0;0.15018942952156067;0
997;MER1_20220617_171500_017.wav;0;0.3493780791759491;0
998;MER1_20220617_171500_018.wav;0;0.34294283390045166;0
999;MER1_20220617_171500_019.wav;0;0.08670350164175034;0
1000;MER1_20220619_083000_000.wav;0;0.38693633675575256;0
1001;MER1_20220619_083000_001.wav;0;0.045665714889764786;0
1002;MER1_20220619_083000_002.wav;0;0.11934490501880646;0
1003;MER1_20220619_083000_003.wav;0;0.2665632665157318;0
1004;MER1_20220619_083000_004.wav;0;0.5612367987632751;0
1005;MER1_20220619_083000_005.wav;0;0.07495936006307602;0
1006;MER1_20220619_083000_006.wav;0;0.03421766683459282;0
1007;MER1_20220619_083000_007.wav;0;0.12071005254983902;0
1008;MER1_20220619_083000_008.wav;0;0.3935592472553253;0
1009;MER1_20220619_083000_009.wav;0;0.7927548289299011;0
1010;MER1_20220619_083000_010.wav;0;0.5857488512992859;0
1011;MER1_20220619_083000_011.wav;0;0.33367475867271423;0
1012;MER1_20220619_083000_012.wav;0;0.33428603410720825;0
1013;MER1_20220619_083000_013.wav;0;0.07583414763212204;0
1014;MER1_20220619_083000_014.wav;0;0.9716392755508423;0
1015;MER1_20220619_083000_015.wav;0;0.8615380525588989;0
1016;MER1_20220619_083000_016.wav;0;0.1439364105463028;0
1017;MER1_20220619_083000_017.wav;0;0.45142048597335815;0
1018;MER1_20220619_083000_018.wav;0;0.4318901598453522;0
1019;MER1_20220619_083000_019.wav;0;0.7594199180603027;0
1020;MER1_20220619_214500_000.wav;0;0.0716487467288971;0
1021;MER1_20220619_214500_001.wav;0;0.23204533755779266;0
1022;MER1_20220619_214500_002.wav;0;0.1885056048631668;0
1023;MER1_20220619_214500_003.wav;0;0.011556924320757389;0
1024;MER1_20220619_214500_004.wav;0;0.16321323812007904;0
1025;MER1_20220619_214500_005.wav;0;0.22188562154769897;0
1026;MER1_20220619_214500_006.wav;0;0.013550149276852608;0
1027;MER1_20220619_214500_007.wav;0;0.14267994463443756;0
1028;MER1_20220619_214500_008.wav;0;0.19445961713790894;0
1029;MER1_20220619_214500_009.wav;0;0.027558818459510803;0
1030;MER1_20220619_214500_010.wav;0;0.017591198906302452;0
1031;MER1_20220619_214500_011.wav;0;0.00871003046631813;0
1032;MER1_20220619_214500_012.wav;0;0.5382698178291321;0
1033;MER1_20220619_214500_013.wav;0;0.06085989251732826;0
1034;MER1_20220619_214500_014.wav;0;0.016199801117181778;0
1035;MER1_20220619_214500_015.wav;0;0.12374051660299301;0
1036;MER1_20220619_214500_016.wav;0;0.4859837293624878;0
1037;MER1_20220619_214500_017.wav;0;0.337959885597229;0
1038;MER1_20220619_214500_018.wav;0;0.031793706119060516;0
1039;MER1_20220619_214500_019.wav;0;0.03633065149188042;0
1040;MER1_20220619_220000_000.wav;0;0.2563546895980835;0
1041;MER1_20220619_220000_001.wav;0;0.5831791758537292;0
1042;MER1_20220619_220000_002.wav;0;0.09130771458148956;0
1043;MER1_20220619_220000_003.wav;0;0.13725675642490387;0
1044;MER1_20220619_220000_004.wav;0;0.12254665791988373;0
1045;MER1_20220619_220000_005.wav;0;0.046668704599142075;0
1046;MER1_20220619_220000_006.wav;0;0.03513696417212486;0
1047;MER1_20220619_220000_007.wav;0;0.04241224005818367;0
1048;MER1_20220619_220000_008.wav;0;0.04212097078561783;0
1049;MER1_20220619_220000_009.wav;0;0.1355341076850891;0
1050;MER1_20220619_220000_010.wav;0;0.012705751694738865;0
1051;MER1_20220619_220000_011.wav;0;0.6644480228424072;0
1052;MER1_20220619_220000_012.wav;0;0.014879359863698483;0
1053;MER1_20220619_220000_013.wav;0;0.2714829444885254;0
1054;MER1_20220619_220000_014.wav;0;0.07587481290102005;0
1055;MER1_20220619_220000_015.wav;0;0.05249064415693283;0
1056;MER1_20220619_220000_016.wav;0;0.17516028881072998;0
1057;MER1_20220619_220000_017.wav;0;0.3495620787143707;0
1058;MER1_20220619_220000_018.wav;0;0.010737897828221321;0
1059;MER1_20220619_220000_019.wav;0;0.08762450516223907;0
1060;MER1_20220621_014500_000.wav;0;0.40976831316947937;0
1061;MER1_20220621_014500_001.wav;0;0.10467870533466339;0
1062;MER1_20220621_014500_002.wav;0;0.009576045908033848;0
1063;MER1_20220621_014500_003.wav;0;0.3204100728034973;0
1064;MER1_20220621_014500_004.wav;0;0.18597908318042755;0
1065;MER1_20220621_014500_005.wav;0;0.29604366421699524;0
1066;MER1_20220621_014500_006.wav;0;0.4306710958480835;0
1067;MER1_20220621_014500_007.wav;0;0.04955899715423584;0
1068;MER1_20220621_014500_008.wav;0;0.22648100554943085;0
1069;MER1_20220621_014500_009.wav;0;0.31349116563796997;0
1070;MER1_20220621_014500_010.wav;0;0.42911115288734436;0
1071;MER1_20220621_014500_011.wav;0;0.27766335010528564;0
1072;MER1_20220621_014500_012.wav;0;0.04339591786265373;0
1073;MER1_20220621_014500_013.wav;0;0.24123646318912506;0
1074;MER1_20220621_014500_014.wav;0;0.9253640174865723;0
1075;MER1_20220621_014500_015.wav;0;0.6898133158683777;0
1076;MER1_20220621_014500_016.wav;0;0.6002191305160522;0
1077;MER1_20220621_014500_017.wav;0;0.3462582528591156;0
1078;MER1_20220621_014500_018.wav;0;0.05172290652990341;0
1079;MER1_20220621_014500_019.wav;0;0.5499577522277832;0
1080;MER1_20220621_054500_000.wav;0;0.2348109483718872;0
1081;MER1_20220621_054500_001.wav;0;0.8268800377845764;0
1082;MER1_20220621_054500_002.wav;0;0.3183455765247345;0
1083;MER1_20220621_054500_003.wav;0;0.1043071299791336;0
1084;MER1_20220621_054500_004.wav;0;0.1442594826221466;0
1085;MER1_20220621_054500_005.wav;0;0.19105717539787292;0
1086;MER1_20220621_054500_006.wav;0;0.12402785569429398;0
1087;MER1_20220621_054500_007.wav;0;0.22696445882320404;0
1088;MER1_20220621_054500_008.wav;0;0.08835763484239578;0
1089;MER1_20220621_054500_009.wav;0;0.10209941864013672;0
1090;MER1_20220621_054500_010.wav;0;0.03481794521212578;0
1091;MER1_20220621_054500_011.wav;0;0.14537744224071503;0
1092;MER1_20220621_054500_012.wav;0;0.057456016540527344;0
1093;MER1_20220621_054500_013.wav;0;0.08487913012504578;0
1094;MER1_20220621_054500_014.wav;0;0.029944688081741333;0
1095;MER1_20220621_054500_015.wav;0;0.37852802872657776;0
1096;MER1_20220621_054500_016.wav;0;0.1691288948059082;0
1097;MER1_20220621_054500_017.wav;0;0.07305794209241867;0
1098;MER1_20220621_054500_018.wav;0;0.2729862332344055;0
1099;MER1_20220621_054500_019.wav;0;0.5249173641204834;0
1100;MER1_20220621_114500_000.wav;0;0.4657333195209503;0
1101;MER1_20220621_114500_001.wav;0;0.5663001537322998;0
1102;MER1_20220621_114500_002.wav;0;0.23296281695365906;0
1103;MER1_20220621_114500_003.wav;0;0.15129895508289337;0
1104;MER1_20220621_114500_004.wav;0;0.11844856292009354;0
1105;MER1_20220621_114500_005.wav;0;0.39529749751091003;0
1106;MER1_20220621_114500_006.wav;0;0.17100508511066437;0
1107;MER1_20220621_114500_007.wav;0;0.4434311091899872;0
1108;MER1_20220621_114500_008.wav;0;0.1475832611322403;0
1109;MER1_20220621_114500_009.wav;0;0.7120596766471863;0
1110;MER1_20220621_114500_010.wav;0;0.0988655686378479;0
1111;MER1_20220621_114500_011.wav;0;0.429069846868515;0
1112;MER1_20220621_114500_012.wav;0;0.15464070439338684;0
1113;MER1_20220621_114500_013.wav;0;0.5665336847305298;0
1114;MER1_20220621_114500_014.wav;0;0.07880353927612305;0
1115;MER1_20220621_114500_015.wav;0;0.15879704058170319;0
1116;MER1_20220621_114500_016.wav;0;0.4071611166000366;0
1117;MER1_20220621_114500_017.wav;0;0.06032472103834152;0
1118;MER1_20220621_114500_018.wav;0;0.1084810271859169;0
1119;MER1_20220621_114500_019.wav;0;0.6391739845275879;0
1120;MER1_20220623_040000_000.wav;0;0.20751799643039703;0
1121;MER1_20220623_040000_001.wav;0;0.5711129903793335;0
1122;MER1_20220623_040000_002.wav;0;0.04520639777183533;0
1123;MER1_20220623_040000_003.wav;0;0.10041321069002151;0
1124;MER1_20220623_040000_004.wav;0;0.7580832242965698;0
1125;MER1_20220623_040000_005.wav;0;0.180635467171669;0
1126;MER1_20220623_040000_006.wav;0;0.09317196160554886;0
1127;MER1_20220623_040000_007.wav;0;0.5276808738708496;0
1128;MER1_20220623_040000_008.wav;0;0.29316797852516174;0
1129;MER1_20220623_040000_009.wav;0;0.051536738872528076;0
1130;MER1_20220623_040000_010.wav;0;0.4407123923301697;0
1131;MER1_20220623_040000_011.wav;0;0.4675065875053406;0
1132;MER1_20220623_040000_012.wav;0;0.23599204421043396;0
1133;MER1_20220623_040000_013.wav;0;0.11960748583078384;0
1134;MER1_20220623_040000_014.wav;0;0.2205897867679596;0
1135;MER1_20220623_040000_015.wav;0;0.07785896211862564;0
1136;MER1_20220623_040000_016.wav;0;0.19829508662223816;0
1137;MER1_20220623_040000_017.wav;0;0.2931375503540039;0
1138;MER1_20220623_040000_018.wav;0;0.02319057285785675;0
1139;MER1_20220623_040000_019.wav;0;0.08436118811368942;0
1140;MER1_20220625_103000_000.wav;0;0.0876929983496666;0
1141;MER1_20220625_103000_001.wav;0;0.23678332567214966;0
1142;MER1_20220625_103000_002.wav;0;0.045298490673303604;0
1143;MER1_20220625_103000_003.wav;0;0.0644301250576973;0
1144;MER1_20220625_103000_004.wav;0;0.03646094352006912;0
1145;MER1_20220625_103000_005.wav;0;0.03474115580320358;0
1146;MER1_20220625_103000_006.wav;0;0.06161796674132347;0
1147;MER1_20220625_103000_007.wav;0;0.04413848742842674;0
1148;MER1_20220625_103000_008.wav;0;0.037848323583602905;0
1149;MER1_20220625_103000_009.wav;0;0.02918553352355957;0
1150;MER1_20220625_103000_010.wav;0;0.07816743850708008;0
1151;MER1_20220625_103000_011.wav;0;0.08943202346563339;0
1152;MER1_20220625_103000_012.wav;0;0.1573106348514557;0
1153;MER1_20220625_103000_013.wav;0;0.2970042824745178;0
1154;MER1_20220625_103000_014.wav;0;0.1405046582221985;0
1155;MER1_20220625_103000_015.wav;0;0.01919553615152836;0
1156;MER1_20220625_103000_016.wav;0;0.04474765807390213;0
1157;MER1_20220625_103000_017.wav;0;0.06776473671197891;0
1158;MER1_20220625_103000_018.wav;0;0.09970936924219131;0
1159;MER1_20220625_103000_019.wav;0;0.06694097816944122;0
1160;MER1_20220625_160000_000.wav;0;0.04033736139535904;0
1161;MER1_20220625_160000_001.wav;0;0.04774518311023712;0
1162;MER1_20220625_160000_002.wav;0;0.2632533609867096;0
1163;MER1_20220625_160000_003.wav;0;0.05960877239704132;0
1164;MER1_20220625_160000_004.wav;0;0.09971129149198532;0
1165;MER1_20220625_160000_005.wav;0;0.21053446829319;0
1166;MER1_20220625_160000_006.wav;0;0.03674348443746567;0
1167;MER1_20220625_160000_007.wav;0;0.037892330437898636;0
1168;MER1_20220625_160000_008.wav;0;0.05626625567674637;0
1169;MER1_20220625_160000_009.wav;0;0.04883149266242981;0
1170;MER1_20220625_160000_010.wav;0;0.046225741505622864;0
1171;MER1_20220625_160000_011.wav;0;0.04658474773168564;0
1172;MER1_20220625_160000_012.wav;0;0.05674351006746292;0
1173;MER1_20220625_160000_013.wav;0;0.01812530681490898;0
1174;MER1_20220625_160000_014.wav;0;0.03202082961797714;0
1175;MER1_20220625_160000_015.wav;0;0.16016066074371338;0
1176;MER1_20220625_160000_016.wav;0;0.15646465122699738;0
1177;MER1_20220625_160000_017.wav;0;0.5905545353889465;0
1178;MER1_20220625_160000_018.wav;0;0.019848210737109184;0
1179;MER1_20220625_160000_019.wav;0;0.23521210253238678;0
1180;MER1_20220625_234500_000.wav;0;0.3060043156147003;0
1181;MER1_20220625_234500_001.wav;0;0.6055147051811218;0
1182;MER1_20220625_234500_002.wav;0;0.6348984837532043;0
1183;MER1_20220625_234500_003.wav;0;0.1520432084798813;0
1184;MER1_20220625_234500_004.wav;0;0.3172180652618408;0
1185;MER1_20220625_234500_005.wav;0;0.6048074960708618;0
1186;MER1_20220625_234500_006.wav;0;0.5027631521224976;0
1187;MER1_20220625_234500_007.wav;0;0.18099206686019897;0
1188;MER1_20220625_234500_008.wav;0;0.2818731367588043;0
1189;MER1_20220625_234500_009.wav;0;0.35553598403930664;0
1190;MER1_20220625_234500_010.wav;0;0.4189048111438751;0
1191;MER1_20220625_234500_011.wav;0;0.05065075680613518;0
1192;MER1_20220625_234500_012.wav;0;0.5767788290977478;0
1193;MER1_20220625_234500_013.wav;0;0.10629463195800781;0
1194;MER1_20220625_234500_014.wav;0;0.12230528146028519;0
1195;MER1_20220625_234500_015.wav;0;0.5275897979736328;0
1196;MER1_20220625_234500_016.wav;0;0.48830151557922363;0
1197;MER1_20220625_234500_017.wav;0;0.10847552120685577;0
1198;MER1_20220625_234500_018.wav;0;0.0585193857550621;0
1199;MER1_20220625_234500_019.wav;0;0.5421231985092163;0
1200;MER1_20220701_134500_000.wav;0;0.041743598878383636;0
1201;MER1_20220701_134500_001.wav;0;0.022317584604024887;0
1202;MER1_20220701_134500_002.wav;0;0.10076475888490677;0
1203;MER1_20220701_134500_003.wav;0;0.040950290858745575;0
1204;MER1_20220701_134500_004.wav;0;0.04094250500202179;0
1205;MER1_20220701_134500_005.wav;0;0.06961119920015335;0
1206;MER1_20220701_134500_006.wav;0;0.18904101848602295;0
1207;MER1_20220701_134500_007.wav;0;0.8471532464027405;0
1208;MER1_20220701_134500_008.wav;0;0.06453944742679596;0
1209;MER1_20220701_134500_009.wav;0;0.6471592783927917;0
1210;MER1_20220701_134500_010.wav;0;0.028398269787430763;0
1211;MER1_20220701_134500_011.wav;0;0.022171877324581146;0
1212;MER1_20220701_134500_012.wav;0;0.06875158846378326;0
1213;MER1_20220701_134500_013.wav;0;0.45181533694267273;0
1214;MER1_20220701_134500_014.wav;0;0.4545062780380249;0
1215;MER1_20220701_134500_015.wav;0;0.07520575076341629;0
1216;MER1_20220701_134500_016.wav;0;0.7948952317237854;0
1217;MER1_20220701_134500_017.wav;0;0.11822269856929779;0
1218;MER1_20220701_134500_018.wav;0;0.5354388356208801;0
1219;MER1_20220701_134500_019.wav;0;0.20897750556468964;0
1220;MER1_20220703_064500_000.wav;0;0.14264526963233948;0
1221;MER1_20220703_064500_001.wav;0;0.1894281506538391;0
1222;MER1_20220703_064500_002.wav;0;0.11174807697534561;0
1223;MER1_20220703_064500_003.wav;0;0.009522287175059319;0
1224;MER1_20220703_064500_004.wav;0;0.012237908318638802;0
1225;MER1_20220703_064500_005.wav;0;0.053948983550071716;0
1226;MER1_20220703_064500_006.wav;0;0.02194087952375412;0
1227;MER1_20220703_064500_007.wav;0;0.10960719734430313;0
1228;MER1_20220703_064500_008.wav;0;0.019031772390007973;0
1229;MER1_20220703_064500_009.wav;0;0.11817337572574615;0
1230;MER1_20220703_064500_010.wav;0;0.13331709802150726;0
1231;MER1_20220703_064500_011.wav;0;0.027832061052322388;0
1232;MER1_20220703_064500_012.wav;0;0.127470001578331;0
1233;MER1_20220703_064500_013.wav;0;0.04511098936200142;0
1234;MER1_20220703_064500_014.wav;0;0.043302908539772034;0
1235;MER1_20220703_064500_015.wav;0;0.37431350350379944;0
1236;MER1_20220703_064500_016.wav;0;0.026086978614330292;0
1237;MER1_20220703_064500_017.wav;0;0.0801137313246727;0
1238;MER1_20220703_064500_018.wav;0;0.36158135533332825;0
1239;MER1_20220703_064500_019.wav;0;0.10892829298973083;0
1240;MER1_20220703_080000_000.wav;0;0.8475219011306763;0
1241;MER1_20220703_080000_001.wav;0;0.7696922421455383;0
1242;MER1_20220703_080000_002.wav;0;0.7989278435707092;0
1243;MER1_20220703_080000_003.wav;0;0.7096081972122192;0
1244;MER1_20220703_080000_004.wav;0;0.7289241552352905;0
1245;MER1_20220703_080000_005.wav;0;0.9636200070381165;0
1246;MER1_20220703_080000_006.wav;0;0.9059790968894958;0
1247;MER1_20220703_080000_007.wav;0;0.8326656818389893;0
1248;MER1_20220703_080000_008.wav;0;0.8813166618347168;0
1249;MER1_20220703_080000_009.wav;0;0.8849014043807983;0
1250;MER1_20220703_080000_010.wav;0;0.8543233871459961;0
1251;MER1_20220703_080000_011.wav;0;0.9448629021644592;0
1252;MER1_20220703_080000_012.wav;0;0.983106255531311;0
1253;MER1_20220703_080000_013.wav;0;0.9674935340881348;0
1254;MER1_20220703_080000_014.wav;0;0.9746082425117493;0
1255;MER1_20220703_080000_015.wav;0;0.9681425094604492;0
1256;MER1_20220703_080000_016.wav;0;0.9651176929473877;0
1257;MER1_20220703_080000_017.wav;0;0.8664821982383728;0
1258;MER1_20220703_080000_018.wav;0;0.9218894839286804;0
1259;MER1_20220703_080000_019.wav;0;0.9728149771690369;0
1260;MER1_20220705_114500_000.wav;0;0.11368666589260101;0
1261;MER1_20220705_114500_001.wav;0;0.10987359285354614;0
1262;MER1_20220705_114500_002.wav;0;0.09519562125205994;0
1263;MER1_20220705_114500_003.wav;0;0.2615315020084381;0
1264;MER1_20220705_114500_004.wav;0;0.10700326412916183;0
1265;MER1_20220705_114500_005.wav;0;0.33503034710884094;0
1266;MER1_20220705_114500_006.wav;0;0.16691195964813232;0
1267;MER1_20220705_114500_007.wav;0;0.08032812178134918;0
1268;MER1_20220705_114500_008.wav;0;0.6941366195678711;0
1269;MER1_20220705_114500_009.wav;0;0.5274108648300171;0
1270;MER1_20220705_114500_010.wav;0;0.6585076451301575;0
1271;MER1_20220705_114500_011.wav;0;0.07837464660406113;0
1272;MER1_20220705_114500_012.wav;0;0.17927709221839905;0
1273;MER1_20220705_114500_013.wav;0;0.5367140173912048;0
1274;MER1_20220705_114500_014.wav;0;0.07720606029033661;0
1275;MER1_20220705_114500_015.wav;0;0.14339567720890045;0
1276;MER1_20220705_114500_016.wav;0;0.08454535156488419;0
1277;MER1_20220705_114500_017.wav;0;0.4180741608142853;0
1278;MER1_20220705_114500_018.wav;0;0.680579423904419;0
1279;MER1_20220705_114500_019.wav;0;0.5915508270263672;0
1280;MER1_20220717_131500_000.wav;0;0.16902831196784973;0
1281;MER1_20220717_131500_001.wav;0;0.6867513656616211;0
1282;MER1_20220717_131500_002.wav;0;0.22033201158046722;0
1283;MER1_20220717_131500_003.wav;0;0.23124690353870392;0
1284;MER1_20220717_131500_004.wav;0;0.509703516960144;0
1285;MER1_20220717_131500_005.wav;0;0.7774289846420288;0
1286;MER1_20220717_131500_006.wav;0;0.4993756413459778;0
1287;MER1_20220717_131500_007.wav;0;0.4119269847869873;0
1288;MER1_20220717_131500_008.wav;0;0.2909158766269684;0
1289;MER1_20220717_131500_009.wav;0;0.25972995162010193;0
1290;MER1_20220717_131500_010.wav;0;0.6779491901397705;0
1291;MER1_20220717_131500_011.wav;0;0.6944540143013;0
1292;MER1_20220717_131500_012.wav;0;0.23957785964012146;0
1293;MER1_20220717_131500_013.wav;0;0.04067741334438324;0
1294;MER1_20220717_131500_014.wav;0;0.015704208984971046;0
1295;MER1_20220717_131500_015.wav;0;0.10681004822254181;0
1296;MER1_20220717_131500_016.wav;0;0.23339501023292542;0
1297;MER1_20220717_131500_017.wav;0;0.10704272985458374;0
1298;MER1_20220717_131500_018.wav;0;0.12448842823505402;0
1299;MER1_20220717_131500_019.wav;0;0.7261325120925903;0
1300;MER1_20220717_233000_000.wav;0;0.24132606387138367;0
1301;MER1_20220717_233000_001.wav;0;0.38005274534225464;0
1302;MER1_20220717_233000_002.wav;0;0.8641153573989868;0
1303;MER1_20220717_233000_003.wav;0;0.7858667373657227;0
1304;MER1_20220717_233000_004.wav;0;0.6453554630279541;0
1305;MER1_20220717_233000_005.wav;0;0.8356819748878479;0
1306;MER1_20220717_233000_006.wav;0;0.21601423621177673;0
1307;MER1_20220717_233000_007.wav;0;0.8121768832206726;0
1308;MER1_20220717_233000_008.wav;0;0.7873620986938477;0
1309;MER1_20220717_233000_009.wav;0;0.4137048125267029;0
1310;MER1_20220717_233000_010.wav;0;0.32208964228630066;0
1311;MER1_20220717_233000_011.wav;0;0.47782739996910095;0
1312;MER1_20220717_233000_012.wav;0;0.5458264946937561;0
1313;MER1_20220717_233000_013.wav;0;0.46643123030662537;0
1314;MER1_20220717_233000_014.wav;0;0.8930060863494873;0
1315;MER1_20220717_233000_015.wav;0;0.8791582584381104;0
1316;MER1_20220717_233000_016.wav;0;0.8747944831848145;0
1317;MER1_20220717_233000_017.wav;0;0.8936914801597595;0
1318;MER1_20220717_233000_018.wav;0;0.6562235951423645;0
1319;MER1_20220717_233000_019.wav;0;0.6932194232940674;0
1320;MER1_20220719_040000_000.wav;0;0.8923292756080627;0
1321;MER1_20220719_040000_001.wav;0;0.9184041619300842;0
1322;MER1_20220719_040000_002.wav;0;0.7438971400260925;0
1323;MER1_20220719_040000_003.wav;0;0.8044455647468567;0
1324;MER1_20220719_040000_004.wav;0;0.9018757343292236;0
1325;MER1_20220719_040000_005.wav;0;0.5358095765113831;0
1326;MER1_20220719_040000_006.wav;0;0.7391620874404907;0
1327;MER1_20220719_040000_007.wav;0;0.7313111424446106;0
1328;MER1_20220719_040000_008.wav;0;0.5333715081214905;0
1329;MER1_20220719_040000_009.wav;0;0.8970881700515747;0
1330;MER1_20220719_040000_010.wav;0;0.8059463500976562;0
1331;MER1_20220719_040000_011.wav;0;0.7143837213516235;0
1332;MER1_20220719_040000_012.wav;0;0.592852771282196;0
1333;MER1_20220719_040000_013.wav;0;0.25570574402809143;0
1334;MER1_20220719_040000_014.wav;0;0.9312292337417603;0
1335;MER1_20220719_040000_015.wav;0;0.6363680958747864;0
1336;MER1_20220719_040000_016.wav;0;0.14527015388011932;0
1337;MER1_20220719_040000_017.wav;0;0.3867552876472473;0
1338;MER1_20220719_040000_018.wav;0;0.3078215718269348;0
1339;MER1_20220719_040000_019.wav;0;0.22743400931358337;0
1340;MER1_20220719_184500_000.wav;0;0.9138931632041931;1
1341;MER1_20220719_184500_001.wav;0;0.9766131639480591;1
1342;MER1_20220719_184500_002.wav;0;0.9468194246292114;1
1343;MER1_20220719_184500_003.wav;0;0.6824334263801575;1
1344;MER1_20220719_184500_004.wav;0;0.9149886965751648;1
1345;MER1_20220719_184500_005.wav;0;0.9566294550895691;1
1346;MER1_20220719_184500_006.wav;0;0.7611691951751709;1
1347;MER1_20220719_184500_007.wav;0;0.891658365726471;1
1348;MER1_20220719_184500_008.wav;0;0.7450089454650879;1
1349;MER1_20220719_184500_009.wav;0;0.9439008235931396;1
1350;MER1_20220719_184500_010.wav;0;0.9662027359008789;1
1351;MER1_20220719_184500_011.wav;0;0.879448652267456;1
1352;MER1_20220719_184500_012.wav;0;0.9353581666946411;1
1353;MER1_20220719_184500_013.wav;0;0.9045569896697998;1
1354;MER1_20220719_184500_014.wav;0;0.9449965953826904;1
1355;MER1_20220719_184500_015.wav;0;0.9206511974334717;1
1356;MER1_20220719_184500_016.wav;0;0.9341118931770325;1
1357;MER1_20220719_184500_017.wav;0;0.9781489372253418;1
1358;MER1_20220719_184500_018.wav;0;0.9785646200180054;1
1359;MER1_20220719_184500_019.wav;0;0.7754524946212769;1
1360;MER1_20220719_220000_000.wav;0;0.8982129096984863;0
1361;MER1_20220719_220000_001.wav;0;0.4033657908439636;0
1362;MER1_20220719_220000_002.wav;0;0.6103715300559998;0
1363;MER1_20220719_220000_003.wav;0;0.21549475193023682;0
1364;MER1_20220719_220000_004.wav;0;0.45170071721076965;0
1365;MER1_20220719_220000_005.wav;0;0.24599596858024597;0
1366;MER1_20220719_220000_006.wav;0;0.8450526595115662;0
1367;MER1_20220719_220000_007.wav;0;0.4656355082988739;0
1368;MER1_20220719_220000_008.wav;0;0.6725609302520752;0
1369;MER1_20220719_220000_009.wav;0;0.9004001021385193;0
1370;MER1_20220719_220000_010.wav;0;0.3480275273323059;0
1371;MER1_20220719_220000_011.wav;0;0.10204948484897614;0
1372;MER1_20220719_220000_012.wav;0;0.44947782158851624;0
1373;MER1_20220719_220000_013.wav;0;0.01964414119720459;0
1374;MER1_20220719_220000_014.wav;0;0.722712516784668;0
1375;MER1_20220719_220000_015.wav;0;0.051129236817359924;0
1376;MER1_20220719_220000_016.wav;0;0.6352999210357666;0
1377;MER1_20220719_220000_017.wav;0;0.2783498167991638;0
1378;MER1_20220719_220000_018.wav;0;0.14273865520954132;0
1379;MER1_20220719_220000_019.wav;0;0.220672145485878;0
1380;MER1_20220723_053000_000.wav;0;0.7443415522575378;0
1381;MER1_20220723_053000_001.wav;0;0.9847040176391602;0
1382;MER1_20220723_053000_002.wav;0;0.9987900853157043;0
1383;MER1_20220723_053000_003.wav;0;0.9967545866966248;0
1384;MER1_20220723_053000_004.wav;0;0.9955028891563416;0
1385;MER1_20220723_053000_005.wav;0;0.993297278881073;0
1386;MER1_20220723_053000_006.wav;0;0.9972226619720459;0
1387;MER1_20220723_053000_007.wav;0;0.9896629452705383;0
1388;MER1_20220723_053000_008.wav;0;0.9866413474082947;0
1389;MER1_20220723_053000_009.wav;0;0.9921199083328247;0
1390;MER1_20220723_053000_010.wav;0;0.997210681438446;0
1391;MER1_20220723_053000_011.wav;0;0.987195611000061;0
1392;MER1_20220723_053000_012.wav;0;0.9972032308578491;0
1393;MER1_20220723_053000_013.wav;0;0.9988419413566589;0
1394;MER1_20220723_053000_014.wav;0;0.9815202355384827;0
1395;MER1_20220723_053000_015.wav;0;0.9927883744239807;0
1396;MER1_20220723_053000_016.wav;0;0.8885599970817566;0
1397;MER1_20220723_053000_017.wav;0;0.7680278420448303;0
1398;MER1_20220723_053000_018.wav;0;0.7773398160934448;0
1399;MER1_20220723_053000_019.wav;0;0.847272515296936;0
1400;MER1_20220725_023000_000.wav;0;0.050465550273656845;0
1401;MER1_20220725_023000_001.wav;0;0.05424121767282486;0
1402;MER1_20220725_023000_002.wav;0;0.2885311543941498;0
1403;MER1_20220725_023000_003.wav;0;0.4506676197052002;0
1404;MER1_20220725_023000_004.wav;0;0.46332404017448425;0
1405;MER1_20220725_023000_005.wav;0;0.2941249907016754;0
1406;MER1_20220725_023000_006.wav;0;0.7943568229675293;0
1407;MER1_20220725_023000_007.wav;0;0.909814715385437;0
1408;MER1_20220725_023000_008.wav;0;0.22040604054927826;0
1409;MER1_20220725_023000_009.wav;0;0.09306671470403671;0
1410;MER1_20220725_023000_010.wav;0;0.02312413789331913;0
1411;MER1_20220725_023000_011.wav;0;0.05118630453944206;0
1412;MER1_20220725_023000_012.wav;0;0.15381896495819092;0
1413;MER1_20220725_023000_013.wav;0;0.13582168519496918;0
1414;MER1_20220725_023000_014.wav;0;0.32416388392448425;0
1415;MER1_20220725_023000_015.wav;0;0.03837130218744278;0
1416;MER1_20220725_023000_016.wav;0;0.3752906322479248;0
1417;MER1_20220725_023000_017.wav;0;0.6790863275527954;0
1418;MER1_20220725_023000_018.wav;0;0.6956156492233276;0
1419;MER1_20220725_023000_019.wav;0;0.675896406173706;0
1420;MER1_20220725_130000_000.wav;0;0.15497912466526031;0
1421;MER1_20220725_130000_001.wav;0;0.4762010872364044;0
1422;MER1_20220725_130000_002.wav;0;0.48405253887176514;0
1423;MER1_20220725_130000_003.wav;0;0.40732187032699585;0
1424;MER1_20220725_130000_004.wav;0;0.18602252006530762;0
1425;MER1_20220725_130000_005.wav;0;0.15182055532932281;0
1426;MER1_20220725_130000_006.wav;0;0.07133902609348297;0
1427;MER1_20220725_130000_007.wav;0;0.8719944953918457;0
1428;MER1_20220725_130000_008.wav;0;0.45015451312065125;0
1429;MER1_20220725_130000_009.wav;0;0.2756063938140869;0
1430;MER1_20220725_130000_010.wav;0;0.784753143787384;0
1431;MER1_20220725_130000_011.wav;0;0.6799004673957825;0
1432;MER1_20220725_130000_012.wav;0;0.5279763340950012;0
1433;MER1_20220725_130000_013.wav;0;0.32130369544029236;0
1434;MER1_20220725_130000_014.wav;0;0.3295360505580902;0
1435;MER1_20220725_130000_015.wav;0;0.581351101398468;1
1436;MER1_20220725_130000_016.wav;0;0.8777529001235962;1
1437;MER1_20220725_130000_017.wav;0;0.923316240310669;1
1438;MER1_20220725_130000_018.wav;0;0.5998228788375854;0
1439;MER1_20220725_130000_019.wav;0;0.592055082321167;0
1440;MER1_20220802_074500_000.wav;0;0.8701397180557251;0
1441;MER1_20220802_074500_001.wav;0;0.984650194644928;1
1442;MER1_20220802_074500_002.wav;0;0.9651699066162109;1
1443;MER1_20220802_074500_003.wav;0;0.26571542024612427;1
1444;MER1_20220802_074500_004.wav;0;0.9897462129592896;1
1445;MER1_20220802_074500_005.wav;0;0.12369775772094727;1
1446;MER1_20220802_074500_006.wav;0;0.968045175075531;1
1447;MER1_20220802_074500_007.wav;0;0.9622734189033508;1
1448;MER1_20220802_074500_008.wav;0;0.9860125184059143;1
1449;MER1_20220802_074500_009.wav;0;0.8703726530075073;1
1450;MER1_20220802_074500_010.wav;0;0.8221171498298645;0
1451;MER1_20220802_074500_011.wav;0;0.20617687702178955;0
1452;MER1_20220802_074500_012.wav;0;0.053793322294950485;0
1453;MER1_20220802_074500_013.wav;0;0.5066389441490173;0
1454;MER1_20220802_074500_014.wav;0;0.9254894852638245;0
1455;MER1_20220802_074500_015.wav;0;0.1608426421880722;0
1456;MER1_20220802_074500_016.wav;0;0.04362522065639496;0
1457;MER1_20220802_074500_017.wav;0;0.10781151801347733;0
1458;MER1_20220802_074500_018.wav;0;0.2771078646183014;0
1459;MER1_20220802_074500_019.wav;0;0.36509695649147034;0
1460;MER1_20220802_223000_000.wav;0;0.956334114074707;0
1461;MER1_20220802_223000_001.wav;0;0.90892493724823;0
1462;MER1_20220802_223000_002.wav;0;0.8648602366447449;0
1463;MER1_20220802_223000_003.wav;0;0.29628613591194153;0
1464;MER1_20220802_223000_004.wav;0;0.6713565587997437;0
1465;MER1_20220802_223000_005.wav;0;0.7004562020301819;0
1466;MER1_20220802_223000_006.wav;0;0.8785971999168396;0
1467;MER1_20220802_223000_007.wav;0;0.7617753744125366;0
1468;MER1_20220802_223000_008.wav;0;0.35209187865257263;0
1469;MER1_20220802_223000_009.wav;0;0.8972283005714417;0
1470;MER1_20220802_223000_010.wav;0;0.7298930883407593;0
1471;MER1_20220802_223000_011.wav;0;0.6841768026351929;0
1472;MER1_20220802_223000_012.wav;0;0.5181244611740112;0
1473;MER1_20220802_223000_013.wav;0;0.8980002403259277;0
1474;MER1_20220802_223000_014.wav;0;0.9373149275779724;0
1475;MER1_20220802_223000_015.wav;0;0.8803369998931885;0
1476;MER1_20220802_223000_016.wav;0;0.9307816028594971;0
1477;MER1_20220802_223000_017.wav;0;0.6407707333564758;0
1478;MER1_20220802_223000_018.wav;0;0.1928762048482895;0
1479;MER1_20220802_223000_019.wav;0;0.6391931772232056;0
1480;MER1_20220804_010000_000.wav;0;0.2092033177614212;0
1481;MER1_20220804_010000_001.wav;0;0.3542328476905823;0
1482;MER1_20220804_010000_002.wav;0;0.10691250115633011;0
1483;MER1_20220804_010000_003.wav;0;0.2539801001548767;0
1484;MER1_20220804_010000_004.wav;0;0.35061773657798767;0
1485;MER1_20220804_010000_005.wav;0;0.5687118768692017;0
1486;MER1_20220804_010000_006.wav;0;0.29049229621887207;0
1487;MER1_20220804_010000_007.wav;0;0.09295225888490677;0
1488;MER1_20220804_010000_008.wav;0;0.6167194247245789;0
1489;MER1_20220804_010000_009.wav;0;0.8070998191833496;0
1490;MER1_20220804_010000_010.wav;0;0.42422929406166077;0
1491;MER1_20220804_010000_011.wav;0;0.5883885025978088;0
1492;MER1_20220804_010000_012.wav;0;0.41825827956199646;0
1493;MER1_20220804_010000_013.wav;0;0.41838136315345764;0
1494;MER1_20220804_010000_014.wav;0;0.2893131971359253;0
1495;MER1_20220804_010000_015.wav;0;0.27579471468925476;0
1496;MER1_20220804_010000_016.wav;0;0.15553927421569824;0
1497;MER1_20220804_010000_017.wav;0;0.4897385239601135;0
1498;MER1_20220804_010000_018.wav;0;0.32509368658065796;0
1499;MER1_20220804_010000_019.wav;0;0.1716974526643753;0
1500;MER1_20220808_231500_000.wav;0;0.2911514639854431;0
1501;MER1_20220808_231500_001.wav;0;0.6727200746536255;0
1502;MER1_20220808_231500_002.wav;0;0.6467291116714478;0
1503;MER1_20220808_231500_003.wav;0;0.8547419905662537;0
1504;MER1_20220808_231500_004.wav;0;0.8795652985572815;0
1505;MER1_20220808_231500_005.wav;0;0.921526312828064;0
1506;MER1_20220808_231500_006.wav;0;0.8711742162704468;0
1507;MER1_20220808_231500_007.wav;0;0.7446106672286987;0
1508;MER1_20220808_231500_008.wav;0;0.8938313126564026;0
1509;MER1_20220808_231500_009.wav;0;0.731720507144928;0
1510;MER1_20220808_231500_010.wav;0;0.7913759350776672;0
1511;MER1_20220808_231500_011.wav;0;0.8117396235466003;0
1512;MER1_20220808_231500_012.wav;0;0.9761951565742493;0
1513;MER1_20220808_231500_013.wav;0;0.9722394943237305;0
1514;MER1_20220808_231500_014.wav;0;0.9380300641059875;0
1515;MER1_20220808_231500_015.wav;0;0.814694344997406;0
1516;MER1_20220808_231500_016.wav;0;0.9331852793693542;0
1517;MER1_20220808_231500_017.wav;0;0.9617562294006348;0
1518;MER1_20220808_231500_018.wav;0;0.600854754447937;0
1519;MER1_20220808_231500_019.wav;0;0.3914199471473694;0
1520;MER1_20220810_170000_000.wav;0;0.15773288905620575;0
1521;MER1_20220810_170000_001.wav;0;0.8125408887863159;0
1522;MER1_20220810_170000_002.wav;0;0.4598163962364197;0
1523;MER1_20220810_170000_003.wav;0;0.12139835953712463;0
1524;MER1_20220810_170000_004.wav;0;0.14439760148525238;0
1525;MER1_20220810_170000_005.wav;0;0.21448756754398346;0
1526;MER1_20220810_170000_006.wav;0;0.5896552801132202;0
1527;MER1_20220810_170000_007.wav;0;0.4340389668941498;0
1528;MER1_20220810_170000_008.wav;0;0.7631563544273376;0
1529;MER1_20220810_170000_009.wav;0;0.13377518951892853;0
1530;MER1_20220810_170000_010.wav;0;0.358756959438324;0
1531;MER1_20220810_170000_011.wav;0;0.20325171947479248;0
1532;MER1_20220810_170000_012.wav;0;0.3682405352592468;0
1533;MER1_20220810_170000_013.wav;0;0.7979329824447632;0
1534;MER1_20220810_170000_014.wav;0;0.09194863587617874;0
1535;MER1_20220810_170000_015.wav;0;0.8474259972572327;0
1536;MER1_20220810_170000_016.wav;0;0.1315254122018814;0
1537;MER1_20220810_170000_017.wav;0;0.4929153025150299;0
1538;MER1_20220810_170000_018.wav;0;0.007924401201307774;0
1539;MER1_20220810_170000_019.wav;0;0.1740921288728714;0
1540;MER1_20220812_101500_000.wav;0;0.04589850828051567;0
1541;MER1_20220812_101500_001.wav;0;0.0065255374647676945;0
1542;MER1_20220812_101500_002.wav;0;0.16348621249198914;0
1543;MER1_20220812_101500_003.wav;0;0.008471385575830936;0
1544;MER1_20220812_101500_004.wav;0;0.06462012231349945;0
1545;MER1_20220812_101500_005.wav;0;0.3164992034435272;0
1546;MER1_20220812_101500_006.wav;0;0.017104394733905792;0
1547;MER1_20220812_101500_007.wav;0;0.15364223718643188;0
1548;MER1_20220812_101500_008.wav;0;0.051638320088386536;0
1549;MER1_20220812_101500_009.wav;0;0.046780411154031754;0
1550;MER1_20220812_101500_010.wav;0;0.020581355318427086;0
1551;MER1_20220812_101500_011.wav;0;0.08232587575912476;0
1552;MER1_20220812_101500_012.wav;0;0.13018493354320526;0
1553;MER1_20220812_101500_013.wav;0;0.05252484232187271;0
1554;MER1_20220812_101500_014.wav;0;0.2637820839881897;0
1555;MER1_20220812_101500_015.wav;0;0.42917919158935547;0
1556;MER1_20220812_101500_016.wav;0;0.04722603037953377;0
1557;MER1_20220812_101500_017.wav;0;0.24401414394378662;0
1558;MER1_20220812_101500_018.wav;0;0.035950422286987305;0
1559;MER1_20220812_101500_019.wav;0;0.12571664154529572;0
1560;MER1_20220816_231500_000.wav;0;0.01614326611161232;0
1561;MER1_20220816_231500_001.wav;0;0.07856830209493637;0
1562;MER1_20220816_231500_002.wav;0;0.034283701330423355;0
1563;MER1_20220816_231500_003.wav;0;0.038076821714639664;0
1564;MER1_20220816_231500_004.wav;0;0.027542389929294586;0
1565;MER1_20220816_231500_005.wav;0;0.0077142477966845036;0
1566;MER1_20220816_231500_006.wav;0;0.07657227665185928;0
1567;MER1_20220816_231500_007.wav;0;0.010001009330153465;0
1568;MER1_20220816_231500_008.wav;0;0.026132453233003616;0
1569;MER1_20220816_231500_009.wav;0;0.01314961165189743;0
1570;MER1_20220816_231500_010.wav;0;0.06727816164493561;0
1571;MER1_20220816_231500_011.wav;0;0.07961612939834595;0
1572;MER1_20220816_231500_012.wav;0;0.08481965214014053;0
1573;MER1_20220816_231500_013.wav;0;0.037049923092126846;0
1574;MER1_20220816_231500_014.wav;0;0.01199299655854702;0
1575;MER1_20220816_231500_015.wav;0;0.02214229293167591;0
1576;MER1_20220816_231500_016.wav;0;0.29893413186073303;0
1577;MER1_20220816_231500_017.wav;0;0.011255609802901745;0
1578;MER1_20220816_231500_018.wav;0;0.022070882841944695;0
1579;MER1_20220816_231500_019.wav;0;0.08456764370203018;0
1580;MER1_20220820_151500_000.wav;0;0.051151495426893234;0
1581;MER1_20220820_151500_001.wav;0;0.02692016027867794;0
1582;MER1_20220820_151500_002.wav;0;0.07293476164340973;0
1583;MER1_20220820_151500_003.wav;0;0.07620260119438171;0
1584;MER1_20220820_151500_004.wav;0;0.27084997296333313;0
1585;MER1_20220820_151500_005.wav;0;0.03974512964487076;0
1586;MER1_20220820_151500_006.wav;0;0.03310815617442131;0
1587;MER1_20220820_151500_007.wav;0;0.17616422474384308;0
1588;MER1_20220820_151500_008.wav;0;0.033604033291339874;0
1589;MER1_20220820_151500_009.wav;0;0.0640135109424591;0
1590;MER1_20220820_151500_010.wav;0;0.04558073729276657;0
1591;MER1_20220820_151500_011.wav;0;0.10813473910093307;0
1592;MER1_20220820_151500_012.wav;0;0.17740130424499512;0
1593;MER1_20220820_151500_013.wav;0;0.18804576992988586;0
1594;MER1_20220820_151500_014.wav;0;0.10834086686372757;0
1595;MER1_20220820_151500_015.wav;0;0.22595328092575073;0
1596;MER1_20220820_151500_016.wav;0;0.15275755524635315;0
1597;MER1_20220820_151500_017.wav;0;0.02151990309357643;0
1598;MER1_20220820_151500_018.wav;0;0.11873840540647507;0
1599;MER1_20220820_151500_019.wav;0;0.12923066318035126;0
1600;MER1_20220822_163000_000.wav;0;0.2256515771150589;0
1601;MER1_20220822_163000_001.wav;0;0.01369151845574379;0
1602;MER1_20220822_163000_002.wav;0;0.14873524010181427;0
1603;MER1_20220822_163000_003.wav;0;0.07152384519577026;0
1604;MER1_20220822_163000_004.wav;0;0.04544653370976448;0
1605;MER1_20220822_163000_005.wav;0;0.024457989260554314;0
1606;MER1_20220822_163000_006.wav;0;0.06430721282958984;0
1607;MER1_20220822_163000_007.wav;0;0.0019706571474671364;0
1608;MER1_20220822_163000_008.wav;0;0.022346746176481247;0
1609;MER1_20220822_163000_009.wav;0;0.1609053760766983;0
1610;MER1_20220822_163000_010.wav;0;0.4296630024909973;0
1611;MER1_20220822_163000_011.wav;0;0.01903456263244152;0
1612;MER1_20220822_163000_012.wav;0;0.03257112205028534;0
1613;MER1_20220822_163000_013.wav;0;0.06626614183187485;0
1614;MER1_20220822_163000_014.wav;0;0.028579000383615494;0
1615;MER1_20220822_163000_015.wav;0;0.1266881376504898;0
1616;MER1_20220822_163000_016.wav;0;0.06148548424243927;0
1617;MER1_20220822_163000_017.wav;0;0.04185800999403;0
1618;MER1_20220822_163000_018.wav;0;0.017039749771356583;0
1619;MER1_20220822_163000_019.wav;0;0.3860001564025879;0
1620;MER1_20220824_073000_000.wav;0;0.07135147601366043;0
1621;MER1_20220824_073000_001.wav;0;0.18051552772521973;0
1622;MER1_20220824_073000_002.wav;0;0.03422801196575165;0
1623;MER1_20220824_073000_003.wav;0;0.04960665851831436;0
1624;MER1_20220824_073000_004.wav;0;0.021258065477013588;0
1625;MER1_20220824_073000_005.wav;0;0.086760513484478;0
1626;MER1_20220824_073000_006.wav;0;0.0598289892077446;0
1627;MER1_20220824_073000_007.wav;0;0.12176823616027832;0
1628;MER1_20220824_073000_008.wav;0;0.024448273703455925;0
1629;MER1_20220824_073000_009.wav;0;0.06415044516324997;0
1630;MER1_20220824_073000_010.wav;0;0.06703193485736847;0
1631;MER1_20220824_073000_011.wav;0;0.0672299861907959;0
1632;MER1_20220824_073000_012.wav;0;0.03178894519805908;0
1633;MER1_20220824_073000_013.wav;0;0.03481437265872955;0
1634;MER1_20220824_073000_014.wav;0;0.1325770914554596;0
1635;MER1_20220824_073000_015.wav;0;0.030730189755558968;0
1636;MER1_20220824_073000_016.wav;0;0.01708539016544819;0
1637;MER1_20220824_073000_017.wav;0;0.24800844490528107;0
1638;MER1_20220824_073000_018.wav;0;0.007859554141759872;0
1639;MER1_20220824_073000_019.wav;0;0.006758240982890129;0
1640;MER1_20220830_014500_000.wav;0;0.6480705142021179;0
1641;MER1_20220830_014500_001.wav;0;0.805981457233429;0
1642;MER1_20220830_014500_002.wav;0;0.969248354434967;0
1643;MER1_20220830_014500_003.wav;0;0.8589835166931152;0
1644;MER1_20220830_014500_004.wav;0;0.4834781587123871;0
1645;MER1_20220830_014500_005.wav;0;0.5941325426101685;0
1646;MER1_20220830_014500_006.wav;0;0.7979352474212646;0
1647;MER1_20220830_014500_007.wav;0;0.7492556571960449;0
1648;MER1_20220830_014500_008.wav;0;0.8873283863067627;0
1649;MER1_20220830_014500_009.wav;0;0.5575131177902222;0
1650;MER1_20220830_014500_010.wav;0;0.9285542368888855;0
1651;MER1_20220830_014500_011.wav;0;0.958182156085968;0
1652;MER1_20220830_014500_012.wav;0;0.8570184707641602;0
1653;MER1_20220830_014500_013.wav;0;0.6159358024597168;0
1654;MER1_20220830_014500_014.wav;0;0.5131145119667053;0
1655;MER1_20220830_014500_015.wav;0;0.821220338344574;0
1656;MER1_20220830_014500_016.wav;0;0.3390026390552521;0
1657;MER1_20220830_014500_017.wav;0;0.15551595389842987;0
1658;MER1_20220830_014500_018.wav;0;0.09811370819807053;0
1659;MER1_20220830_014500_019.wav;0;0.06849835813045502;0
1660;MER1_20220830_021500_000.wav;0;0.03594793379306793;0
1661;MER1_20220830_021500_001.wav;0;0.0024147171061486006;0
1662;MER1_20220830_021500_002.wav;0;0.06906675547361374;0
1663;MER1_20220830_021500_003.wav;0;0.08845629543066025;0
1664;MER1_20220830_021500_004.wav;0;0.39560022950172424;0
1665;MER1_20220830_021500_005.wav;0;0.43814241886138916;0
1666;MER1_20220830_021500_006.wav;0;0.07498046010732651;0
1667;MER1_20220830_021500_007.wav;0;0.05796865001320839;0
1668;MER1_20220830_021500_008.wav;0;0.01960441842675209;0
1669;MER1_20220830_021500_009.wav;0;0.0583324134349823;0
1670;MER1_20220830_021500_010.wav;0;0.026781950145959854;0
1671;MER1_20220830_021500_011.wav;0;0.24246780574321747;0
1672;MER1_20220830_021500_012.wav;0;0.013856759294867516;0
1673;MER1_20220830_021500_013.wav;0;0.08330132812261581;0
1674;MER1_20220830_021500_014.wav;0;0.10197579115629196;0
1675;MER1_20220830_021500_015.wav;0;0.03357042372226715;0
1676;MER1_20220830_021500_016.wav;0;0.09134197980165482;0
1677;MER1_20220830_021500_017.wav;0;0.42006781697273254;0
1678;MER1_20220830_021500_018.wav;0;0.23485727608203888;0
1679;MER1_20220830_021500_019.wav;0;0.157086580991745;0
1680;MER1_20220901_001500_000.wav;0;0.2285892367362976;0
1681;MER1_20220901_001500_001.wav;0;0.2211643010377884;0
1682;MER1_20220901_001500_002.wav;0;0.26307398080825806;0
1683;MER1_20220901_001500_003.wav;0;0.06153635308146477;0
1684;MER1_20220901_001500_004.wav;0;0.04131137207150459;0
1685;MER1_20220901_001500_005.wav;0;0.15199978649616241;0
1686;MER1_20220901_001500_006.wav;0;0.04355652630329132;0
1687;MER1_20220901_001500_007.wav;0;0.05880093201994896;0
1688;MER1_20220901_001500_008.wav;0;0.19415061175823212;0
1689;MER1_20220901_001500_009.wav;0;0.4710240066051483;0
1690;MER1_20220901_001500_010.wav;0;0.13070915639400482;0
1691;MER1_20220901_001500_011.wav;0;0.07460654526948929;0
1692;MER1_20220901_001500_012.wav;0;0.04213743284344673;0
1693;MER1_20220901_001500_013.wav;0;0.09661585837602615;0
1694;MER1_20220901_001500_014.wav;0;0.06520935148000717;0
1695;MER1_20220901_001500_015.wav;0;0.4708002507686615;0
1696;MER1_20220901_001500_016.wav;0;0.058375533670186996;0
1697;MER1_20220901_001500_017.wav;0;0.14756153523921967;0
1698;MER1_20220901_001500_018.wav;0;0.12808369100093842;0
1699;MER1_20220901_001500_019.wav;0;0.07630551606416702;0
1700;MER1_20220901_130000_000.wav;0;0.4436691999435425;0
1701;MER1_20220901_130000_001.wav;0;0.021487779915332794;0
1702;MER1_20220901_130000_002.wav;0;0.07394403964281082;0
1703;MER1_20220901_130000_003.wav;0;0.2482515275478363;0
1704;MER1_20220901_130000_004.wav;0;0.03956156596541405;0
1705;MER1_20220901_130000_005.wav;0;0.052210476249456406;0
1706;MER1_20220901_130000_006.wav;0;0.34194856882095337;0
1707;MER1_20220901_130000_007.wav;0;0.028094500303268433;0
1708;MER1_20220901_130000_008.wav;0;0.09360353648662567;0
1709;MER1_20220901_130000_009.wav;0;0.13443623483181;0
1710;MER1_20220901_130000_010.wav;0;0.08953239023685455;0
1711;MER1_20220901_130000_011.wav;0;0.054495811462402344;0
1712;MER1_20220901_130000_012.wav;0;0.2029571682214737;0
1713;MER1_20220901_130000_013.wav;0;0.475899875164032;0
1714;MER1_20220901_130000_014.wav;0;0.16235339641571045;0
1715;MER1_20220901_130000_015.wav;0;0.21809075772762299;0
1716;MER1_20220901_130000_016.wav;0;0.4682237207889557;0
1717;MER1_20220901_130000_017.wav;0;0.007877295836806297;0
1718;MER1_20220901_130000_018.wav;0;0.007616970222443342;0
1719;MER1_20220901_130000_019.wav;0;0.25848856568336487;0
1720;MER1_20220901_140000_000.wav;0;0.0764055848121643;0
1721;MER1_20220901_140000_001.wav;0;0.17192977666854858;0
1722;MER1_20220901_140000_002.wav;0;0.07417350262403488;0
1723;MER1_20220901_140000_003.wav;0;0.06343139708042145;0
1724;MER1_20220901_140000_004.wav;0;0.15277214348316193;0
1725;MER1_20220901_140000_005.wav;0;0.0044895438477396965;0
1726;MER1_20220901_140000_006.wav;0;0.03853867948055267;0
1727;MER1_20220901_140000_007.wav;0;0.08890320360660553;0
1728;MER1_20220901_140000_008.wav;0;0.042053550481796265;0
1729;MER1_20220901_140000_009.wav;0;0.04387655481696129;0
1730;MER1_20220901_140000_010.wav;0;0.006699774414300919;0
1731;MER1_20220901_140000_011.wav;0;0.004289625212550163;0
1732;MER1_20220901_140000_012.wav;0;0.010539409704506397;0
1733;MER1_20220901_140000_013.wav;0;0.047651734203100204;0
1734;MER1_20220901_140000_014.wav;0;0.02189384214580059;0
1735;MER1_20220901_140000_015.wav;0;0.044740378856658936;0
1736;MER1_20220901_140000_016.wav;0;0.27453815937042236;0
1737;MER1_20220901_140000_017.wav;0;0.05192761495709419;0
1738;MER1_20220901_140000_018.wav;0;0.05783559009432793;0
1739;MER1_20220901_140000_019.wav;0;0.022542210295796394;0
1740;MER1_20220901_150000_000.wav;0;0.2386646270751953;0
1741;MER1_20220901_150000_001.wav;0;0.09064048528671265;0
1742;MER1_20220901_150000_002.wav;0;0.37909194827079773;0
1743;MER1_20220901_150000_003.wav;0;0.08670618385076523;0
1744;MER1_20220901_150000_004.wav;0;0.007809915579855442;0
1745;MER1_20220901_150000_005.wav;0;0.016445068642497063;0
1746;MER1_20220901_150000_006.wav;0;0.02060781419277191;0
1747;MER1_20220901_150000_007.wav;0;0.009920055978000164;0
1748;MER1_20220901_150000_008.wav;0;0.020340153947472572;0
1749;MER1_20220901_150000_009.wav;0;0.03496114909648895;0
1750;MER1_20220901_150000_010.wav;0;0.07321110367774963;0
1751;MER1_20220901_150000_011.wav;0;0.055019110441207886;0
1752;MER1_20220901_150000_012.wav;0;0.08169817924499512;0
1753;MER1_20220901_150000_013.wav;0;0.01107113715261221;0
1754;MER1_20220901_150000_014.wav;0;0.22744521498680115;0
1755;MER1_20220901_150000_015.wav;0;0.052207138389348984;0
1756;MER1_20220901_150000_016.wav;0;0.1882464587688446;0
1757;MER1_20220901_150000_017.wav;0;0.013363569043576717;0
1758;MER1_20220901_150000_018.wav;0;0.3908936679363251;0
1759;MER1_20220901_150000_019.wav;0;0.15155455470085144;0
1760;MER1_20220901_230000_000.wav;0;0.8895700573921204;0
1761;MER1_20220901_230000_001.wav;0;0.31525829434394836;0
1762;MER1_20220901_230000_002.wav;0;0.15851978957653046;0
1763;MER1_20220901_230000_003.wav;0;0.29138749837875366;0
1764;MER1_20220901_230000_004.wav;0;0.7579057216644287;0
1765;MER1_20220901_230000_005.wav;0;0.42154622077941895;0
1766;MER1_20220901_230000_006.wav;0;0.4094533324241638;0
1767;MER1_20220901_230000_007.wav;0;0.47274091839790344;0
1768;MER1_20220901_230000_008.wav;0;0.19847336411476135;0
1769;MER1_20220901_230000_009.wav;0;0.8334649205207825;0
1770;MER1_20220901_230000_010.wav;0;0.8072726130485535;0
1771;MER1_20220901_230000_011.wav;0;0.8576136231422424;0
1772;MER1_20220901_230000_012.wav;0;0.46555033326148987;0
1773;MER1_20220901_230000_013.wav;0;0.12090511620044708;0
1774;MER1_20220901_230000_014.wav;0;0.1861325353384018;0
1775;MER1_20220901_230000_015.wav;0;0.2702869474887848;0
1776;MER1_20220901_230000_016.wav;0;0.7482131123542786;0
1777;MER1_20220901_230000_017.wav;0;0.725414514541626;0
1778;MER1_20220901_230000_018.wav;0;0.033830638974905014;0
1779;MER1_20220901_230000_019.wav;0;0.07750925421714783;0
1780;MER1_20220903_050000_000.wav;0;0.11109475046396255;0
1781;MER1_20220903_050000_001.wav;0;0.29201486706733704;0
1782;MER1_20220903_050000_002.wav;0;0.2922370135784149;0
1783;MER1_20220903_050000_003.wav;0;0.5113893747329712;0
1784;MER1_20220903_050000_004.wav;0;0.5003101825714111;0
1785;MER1_20220903_050000_005.wav;0;0.19606252014636993;0
1786;MER1_20220903_050000_006.wav;0;0.05271729454398155;0
1787;MER1_20220903_050000_007.wav;0;0.1957758665084839;0
1788;MER1_20220903_050000_008.wav;0;0.03346092998981476;0
1789;MER1_20220903_050000_009.wav;0;0.02273237146437168;0
1790;MER1_20220903_050000_010.wav;0;0.13135956227779388;0
1791;MER1_20220903_050000_011.wav;0;0.2856667935848236;0
1792;MER1_20220903_050000_012.wav;0;0.08326045423746109;0
1793;MER1_20220903_050000_013.wav;0;0.2701431214809418;0
1794;MER1_20220903_050000_014.wav;0;0.292211651802063;0
1795;MER1_20220903_050000_015.wav;0;0.5822478532791138;0
1796;MER1_20220903_050000_016.wav;0;0.03879602625966072;0
1797;MER1_20220903_050000_017.wav;0;0.07211972028017044;0
1798;MER1_20220903_050000_018.wav;0;0.3260186016559601;0
1799;MER1_20220903_050000_019.wav;0;0.16896872222423553;0
1800;MER1_20220903_074500_000.wav;0;0.11297634243965149;0
1801;MER1_20220903_074500_001.wav;0;0.0396578311920166;0
1802;MER1_20220903_074500_002.wav;0;0.004005467984825373;0
1803;MER1_20220903_074500_003.wav;0;0.1444176733493805;0
1804;MER1_20220903_074500_004.wav;0;0.0895150899887085;0
1805;MER1_20220903_074500_005.wav;0;0.004953261464834213;0
1806;MER1_20220903_074500_006.wav;0;0.013345249928534031;0
1807;MER1_20220903_074500_007.wav;0;0.7495489716529846;0
1808;MER1_20220903_074500_008.wav;0;0.029393335804343224;0
1809;MER1_20220903_074500_009.wav;0;0.17506758868694305;0
1810;MER1_20220903_074500_010.wav;0;0.07708878815174103;0
1811;MER1_20220903_074500_011.wav;0;0.10252499580383301;0
1812;MER1_20220903_074500_012.wav;0;0.008014949969947338;0
1813;MER1_20220903_074500_013.wav;0;0.5274280309677124;0
1814;MER1_20220903_074500_014.wav;0;0.13334256410598755;0
1815;MER1_20220903_074500_015.wav;0;0.05181566998362541;0
1816;MER1_20220903_074500_016.wav;0;0.03373214229941368;0
1817;MER1_20220903_074500_017.wav;0;0.22739680111408234;0
1818;MER1_20220903_074500_018.wav;0;0.1827542930841446;0
1819;MER1_20220903_074500_019.wav;0;0.061309490352869034;0
1820;MER1_20220903_080000_000.wav;0;0.024158380925655365;0
1821;MER1_20220903_080000_001.wav;0;0.03983866423368454;0
1822;MER1_20220903_080000_002.wav;0;0.5578946471214294;0
1823;MER1_20220903_080000_003.wav;0;0.6220305562019348;0
1824;MER1_20220903_080000_004.wav;0;0.27819252014160156;0
1825;MER1_20220903_080000_005.wav;0;0.3457653522491455;0
1826;MER1_20220903_080000_006.wav;0;0.2725283205509186;0
1827;MER1_20220903_080000_007.wav;0;0.027062352746725082;0
1828;MER1_20220903_080000_008.wav;0;0.010324746370315552;0
1829;MER1_20220903_080000_009.wav;0;0.023793725296854973;0
1830;MER1_20220903_080000_010.wav;0;0.03980390727519989;0
1831;MER1_20220903_080000_011.wav;0;0.7008534073829651;0
1832;MER1_20220903_080000_012.wav;0;0.061922118067741394;0
1833;MER1_20220903_080000_013.wav;0;0.05325121805071831;0
1834;MER1_20220903_080000_014.wav;0;0.6319023370742798;0
1835;MER1_20220903_080000_015.wav;0;0.7272512912750244;0
1836;MER1_20220903_080000_016.wav;0;0.6670077443122864;0
1837;MER1_20220903_080000_017.wav;0;0.021438777446746826;0
1838;MER1_20220903_080000_018.wav;0;0.5931300520896912;0
1839;MER1_20220903_080000_019.wav;0;0.4079960286617279;0
1840;MER1_20220903_113000_000.wav;0;0.45420271158218384;0
1841;MER1_20220903_113000_001.wav;0;0.08265385776758194;0
1842;MER1_20220903_113000_002.wav;0;0.07078203558921814;0
1843;MER1_20220903_113000_003.wav;0;0.3113705813884735;0
1844;MER1_20220903_113000_004.wav;0;0.21297551691532135;0
1845;MER1_20220903_113000_005.wav;0;0.6124086380004883;0
1846;MER1_20220903_113000_006.wav;0;0.311994343996048;0
1847;MER1_20220903_113000_007.wav;0;0.0871448963880539;0
1848;MER1_20220903_113000_008.wav;0;0.3310667872428894;0
1849;MER1_20220903_113000_009.wav;0;0.07056815922260284;0
1850;MER1_20220903_113000_010.wav;0;0.04581049457192421;0
1851;MER1_20220903_113000_011.wav;0;0.19070109724998474;0
1852;MER1_20220903_113000_012.wav;0;0.05312671884894371;0
1853;MER1_20220903_113000_013.wav;0;0.03701294958591461;0
1854;MER1_20220903_113000_014.wav;0;0.4989367127418518;0
1855;MER1_20220903_113000_015.wav;0;0.4418228566646576;0
1856;MER1_20220903_113000_016.wav;0;0.16777467727661133;0
1857;MER1_20220903_113000_017.wav;0;0.36247628927230835;0
1858;MER1_20220903_113000_018.wav;0;0.3634888231754303;0
1859;MER1_20220903_113000_019.wav;0;0.21799805760383606;0
1860;MER1_20220903_184500_000.wav;0;0.9158027172088623;1
1861;MER1_20220903_184500_001.wav;0;0.8967908024787903;1
1862;MER1_20220903_184500_002.wav;0;0.8263858556747437;1
1863;MER1_20220903_184500_003.wav;0;0.9209259748458862;1
1864;MER1_20220903_184500_004.wav;0;0.8924696445465088;1
1865;MER1_20220903_184500_005.wav;0;0.9016398191452026;1
1866;MER1_20220903_184500_006.wav;0;0.7919732332229614;1
1867;MER1_20220903_184500_007.wav;0;0.7369733452796936;1
1868;MER1_20220903_184500_008.wav;0;0.6562120914459229;1
1869;MER1_20220903_184500_009.wav;0;0.4118066132068634;1
1870;MER1_20220903_184500_010.wav;0;0.15162885189056396;1
1871;MER1_20220903_184500_011.wav;0;0.3000450134277344;1
1872;MER1_20220903_184500_012.wav;0;0.3439478874206543;1
1873;MER1_20220903_184500_013.wav;0;0.4034631550312042;1
1874;MER1_20220903_184500_014.wav;0;0.8537119626998901;1
1875;MER1_20220903_184500_015.wav;0;0.8096984028816223;1
1876;MER1_20220903_184500_016.wav;0;0.36053717136383057;1
1877;MER1_20220903_184500_017.wav;0;0.6488387584686279;1
1878;MER1_20220903_184500_018.wav;0;0.706768810749054;1
1879;MER1_20220903_184500_019.wav;0;0.7679187059402466;1
1880;MER1_20220903_230000_000.wav;0;0.23618267476558685;0
1881;MER1_20220903_230000_001.wav;0;0.008854775689542294;0
1882;MER1_20220903_230000_002.wav;0;0.07736308127641678;0
1883;MER1_20220903_230000_003.wav;0;0.020998669788241386;0
1884;MER1_20220903_230000_004.wav;0;0.15740709006786346;0
1885;MER1_20220903_230000_005.wav;0;0.388399600982666;0
1886;MER1_20220903_230000_006.wav;0;0.06570760905742645;0
1887;MER1_20220903_230000_007.wav;0;0.09479864686727524;0
1888;MER1_20220903_230000_008.wav;0;0.06128339841961861;0
1889;MER1_20220903_230000_009.wav;0;0.03339546546339989;0
1890;MER1_20220903_230000_010.wav;0;0.014094921760261059;0
1891;MER1_20220903_230000_011.wav;0;0.09097728878259659;0
1892;MER1_20220903_230000_012.wav;0;0.016873912885785103;0
1893;MER1_20220903_230000_013.wav;0;0.03020239993929863;0
1894;MER1_20220903_230000_014.wav;0;0.16681167483329773;0
1895;MER1_20220903_230000_015.wav;0;0.35266947746276855;0
1896;MER1_20220903_230000_016.wav;0;0.05661879479885101;0
1897;MER1_20220903_230000_017.wav;0;0.00910631101578474;0
1898;MER1_20220903_230000_018.wav;0;0.028953464701771736;0
1899;MER1_20220903_230000_019.wav;0;0.12632256746292114;0
1900;MER1_20220905_051500_000.wav;0;0.7187804579734802;0
1901;MER1_20220905_051500_001.wav;0;0.45279428362846375;0
1902;MER1_20220905_051500_002.wav;0;0.8625454306602478;0
1903;MER1_20220905_051500_003.wav;0;0.8297500014305115;0
1904;MER1_20220905_051500_004.wav;0;0.9033589959144592;0
1905;MER1_20220905_051500_005.wav;0;0.5394462943077087;0
1906;MER1_20220905_051500_006.wav;0;0.09449032694101334;0
1907;MER1_20220905_051500_007.wav;0;0.1480710804462433;0
1908;MER1_20220905_051500_008.wav;0;0.1997755616903305;0
1909;MER1_20220905_051500_009.wav;0;0.11483826488256454;0
1910;MER1_20220905_051500_010.wav;0;0.928751528263092;0
1911;MER1_20220905_051500_011.wav;0;0.7001975774765015;0
1912;MER1_20220905_051500_012.wav;0;0.8372383713722229;0
1913;MER1_20220905_051500_013.wav;0;0.6154212355613708;0
1914;MER1_20220905_051500_014.wav;0;0.6481887102127075;0
1915;MER1_20220905_051500_015.wav;0;0.4923478662967682;0
1916;MER1_20220905_051500_016.wav;0;0.8708234429359436;0
1917;MER1_20220905_051500_017.wav;0;0.548659086227417;0
1918;MER1_20220905_051500_018.wav;0;0.6526311635971069;0
1919;MER1_20220905_051500_019.wav;0;0.10288256406784058;0
1920;MER4_20220617_000000_000.wav;0;0.9009317755699158;0
1921;MER4_20220617_000000_001.wav;0;0.34272870421409607;0
1922;MER4_20220617_000000_002.wav;0;0.17253290116786957;0
1923;MER4_20220617_000000_003.wav;0;0.38300544023513794;0
1924;MER4_20220617_000000_004.wav;0;0.10943175852298737;0
1925;MER4_20220617_000000_005.wav;0;0.6014229655265808;0
1926;MER4_20220617_000000_006.wav;0;0.14135746657848358;0
1927;MER4_20220617_000000_007.wav;0;0.7994204163551331;0
1928;MER4_20220617_000000_008.wav;0;0.683154821395874;0
1929;MER4_20220617_000000_009.wav;0;0.2896331548690796;0
1930;MER4_20220617_000000_010.wav;0;0.3294229209423065;0
1931;MER4_20220617_000000_011.wav;0;0.18357610702514648;0
1932;MER4_20220617_000000_012.wav;0;0.5882565379142761;0
1933;MER4_20220617_000000_013.wav;0;0.8042986989021301;0
1934;MER4_20220617_000000_014.wav;0;0.2616269290447235;0
1935;MER4_20220617_000000_015.wav;0;0.2982805371284485;0
1936;MER4_20220617_000000_016.wav;0;0.3345962166786194;0
1937;MER4_20220617_000000_017.wav;0;0.4890519380569458;0
1938;MER4_20220617_000000_018.wav;0;0.600153386592865;0
1939;MER4_20220617_000000_019.wav;0;0.5220769643783569;0
1940;MER4_20220617_093000_000.wav;0;0.05157933011651039;0
1941;MER4_20220617_093000_001.wav;0;0.8403878808021545;0
1942;MER4_20220617_093000_002.wav;0;0.6703104972839355;0
1943;MER4_20220617_093000_003.wav;0;0.5473302602767944;0
1944;MER4_20220617_093000_004.wav;0;0.5793584585189819;0
1945;MER4_20220617_093000_005.wav;0;0.6640614867210388;0
1946;MER4_20220617_093000_006.wav;0;0.5168266892433167;0
1947;MER4_20220617_093000_007.wav;0;0.1756955087184906;0
1948;MER4_20220617_093000_008.wav;0;0.9528939127922058;0
1949;MER4_20220617_093000_009.wav;0;0.905981719493866;0
1950;MER4_20220617_093000_010.wav;0;0.8720816373825073;0
1951;MER4_20220617_093000_011.wav;0;0.6130092144012451;0
1952;MER4_20220617_093000_012.wav;0;0.49365806579589844;0
1953;MER4_20220617_093000_013.wav;0;0.646594226360321;0
1954;MER4_20220617_093000_014.wav;0;0.13134203851222992;0
1955;MER4_20220617_093000_015.wav;0;0.6855074167251587;0
1956;MER4_20220617_093000_016.wav;0;0.38016024231910706;0
1957;MER4_20220617_093000_017.wav;0;0.8595100045204163;0
1958;MER4_20220617_093000_018.wav;0;0.552354097366333;0
1959;MER4_20220617_093000_019.wav;0;0.36216771602630615;0
1960;MER4_20220619_181500_000.wav;0;0.30575835704803467;0
1961;MER4_20220619_181500_001.wav;0;0.8915405869483948;0
1962;MER4_20220619_181500_002.wav;0;0.3191303610801697;0
1963;MER4_20220619_181500_003.wav;0;0.7852040529251099;0
1964;MER4_20220619_181500_004.wav;0;0.026354484260082245;0
1965;MER4_20220619_181500_005.wav;0;0.32106447219848633;0
1966;MER4_20220619_181500_006.wav;0;0.7753220796585083;0
1967;MER4_20220619_181500_007.wav;0;0.886648416519165;0
1968;MER4_20220619_181500_008.wav;0;0.3933604061603546;0
1969;MER4_20220619_181500_009.wav;0;0.37613946199417114;0
1970;MER4_20220619_181500_010.wav;0;0.24052496254444122;0
1971;MER4_20220619_181500_011.wav;0;0.6072350740432739;0
1972;MER4_20220619_181500_012.wav;0;0.5281814932823181;0
1973;MER4_20220619_181500_013.wav;0;0.6639309525489807;0
1974;MER4_20220619_181500_014.wav;0;0.14803922176361084;0
1975;MER4_20220619_181500_015.wav;0;0.644851565361023;0
1976;MER4_20220619_181500_016.wav;0;0.9520295262336731;0
1977;MER4_20220619_181500_017.wav;0;0.5715245604515076;0
1978;MER4_20220619_181500_018.wav;0;0.19178758561611176;0
1979;MER4_20220619_181500_019.wav;0;0.49038946628570557;0
1980;MER4_20220621_013000_000.wav;0;0.5788023471832275;0
1981;MER4_20220621_013000_001.wav;0;0.814440906047821;0
1982;MER4_20220621_013000_002.wav;0;0.30477479100227356;0
1983;MER4_20220621_013000_003.wav;0;0.26644986867904663;0
1984;MER4_20220621_013000_004.wav;0;0.7119235396385193;0
1985;MER4_20220621_013000_005.wav;0;0.6956345438957214;0
1986;MER4_20220621_013000_006.wav;0;0.6581260561943054;0
1987;MER4_20220621_013000_007.wav;0;0.7158612608909607;0
1988;MER4_20220621_013000_008.wav;0;0.7192281484603882;0
1989;MER4_20220621_013000_009.wav;0;0.9264608025550842;0
1990;MER4_20220621_013000_010.wav;0;0.985732913017273;0
1991;MER4_20220621_013000_011.wav;0;0.5882115960121155;0
1992;MER4_20220621_013000_012.wav;0;0.33513277769088745;0
1993;MER4_20220621_013000_013.wav;0;0.7424828410148621;0
1994;MER4_20220621_013000_014.wav;0;0.39617958664894104;0
1995;MER4_20220621_013000_015.wav;0;0.7020168900489807;0
1996;MER4_20220621_013000_016.wav;0;0.2978336811065674;0
1997;MER4_20220621_013000_017.wav;0;0.6904714703559875;0
1998;MER4_20220621_013000_018.wav;0;0.558576226234436;0
1999;MER4_20220621_013000_019.wav;0;0.5826470255851746;0
2000;MER4_20220621_040000_000.wav;0;0.4654138386249542;0
2001;MER4_20220621_040000_001.wav;0;0.22595207393169403;0
2002;MER4_20220621_040000_002.wav;0;0.7602341771125793;0
2003;MER4_20220621_040000_003.wav;0;0.8630025386810303;0
2004;MER4_20220621_040000_004.wav;0;0.9444149136543274;0
2005;MER4_20220621_040000_005.wav;0;0.35216906666755676;0
2006;MER4_20220621_040000_006.wav;0;0.7759196162223816;0
2007;MER4_20220621_040000_007.wav;0;0.477072536945343;0
2008;MER4_20220621_040000_008.wav;0;0.6386582851409912;0
2009;MER4_20220621_040000_009.wav;0;0.9297252893447876;0
2010;MER4_20220621_040000_010.wav;0;0.46115490794181824;0
2011;MER4_20220621_040000_011.wav;0;0.296572208404541;0
2012;MER4_20220621_040000_012.wav;0;0.5594558119773865;0
2013;MER4_20220621_040000_013.wav;0;0.537512481212616;0
2014;MER4_20220621_040000_014.wav;0;0.6749759912490845;0
2015;MER4_20220621_040000_015.wav;0;0.4095715284347534;0
2016;MER4_20220621_040000_016.wav;0;0.3076959550380707;0
2017;MER4_20220621_040000_017.wav;0;0.6405900120735168;0
2018;MER4_20220621_040000_018.wav;0;0.27621081471443176;0
2019;MER4_20220621_040000_019.wav;0;0.4537287652492523;0
2020;MER4_20220621_131500_000.wav;0;0.08195915818214417;0
2021;MER4_20220621_131500_001.wav;0;0.7856208682060242;0
2022;MER4_20220621_131500_002.wav;0;0.31194111704826355;0
2023;MER4_20220621_131500_003.wav;0;0.11424119770526886;0
2024;MER4_20220621_131500_004.wav;0;0.08299776166677475;0
2025;MER4_20220621_131500_005.wav;0;0.5441044569015503;0
2026;MER4_20220621_131500_006.wav;0;0.21859705448150635;0
2027;MER4_20220621_131500_007.wav;0;0.4405537545681;0
2028;MER4_20220621_131500_008.wav;0;0.27563297748565674;0
2029;MER4_20220621_131500_009.wav;0;0.258535772562027;0
2030;MER4_20220621_131500_010.wav;0;0.1681213080883026;0
2031;MER4_20220621_131500_011.wav;0;0.16936837136745453;0
2032;MER4_20220621_131500_012.wav;0;0.7809790968894958;0
2033;MER4_20220621_131500_013.wav;0;0.07959604263305664;0
2034;MER4_20220621_131500_014.wav;0;0.49666932225227356;0
2035;MER4_20220621_131500_015.wav;0;0.29929405450820923;0
2036;MER4_20220621_131500_016.wav;0;0.27692145109176636;0
2037;MER4_20220621_131500_017.wav;0;0.04341913014650345;0
2038;MER4_20220621_131500_018.wav;0;0.6800436973571777;0
2039;MER4_20220621_131500_019.wav;0;0.11337096244096756;0
2040;MER4_20220621_234500_000.wav;0;0.3714098632335663;0
2041;MER4_20220621_234500_001.wav;0;0.07342097163200378;0
2042;MER4_20220621_234500_002.wav;0;0.6050894856452942;0
2043;MER4_20220621_234500_003.wav;0;0.2240954041481018;0
2044;MER4_20220621_234500_004.wav;0;0.6238656044006348;0
2045;MER4_20220621_234500_005.wav;0;0.9647042751312256;0
2046;MER4_20220621_234500_006.wav;0;0.6441193222999573;0
2047;MER4_20220621_234500_007.wav;0;0.09671637415885925;0
2048;MER4_20220621_234500_008.wav;0;0.28913262486457825;0
2049;MER4_20220621_234500_009.wav;0;0.0953296422958374;0
2050;MER4_20220621_234500_010.wav;0;0.5996392965316772;0
2051;MER4_20220621_234500_011.wav;0;0.19902321696281433;0
2052;MER4_20220621_234500_012.wav;0;0.6348050236701965;0
2053;MER4_20220621_234500_013.wav;0;0.064420685172081;0
2054;MER4_20220621_234500_014.wav;0;0.4819220006465912;0
2055;MER4_20220621_234500_015.wav;0;0.7496111989021301;0
2056;MER4_20220621_234500_016.wav;0;0.39142346382141113;0
2057;MER4_20220621_234500_017.wav;0;0.10023292154073715;0
2058;MER4_20220621_234500_018.wav;0;0.17193442583084106;0
2059;MER4_20220621_234500_019.wav;0;0.0374024361371994;0
2060;MER4_20220623_084500_000.wav;0;0.09809163957834244;0
2061;MER4_20220623_084500_001.wav;0;0.020035453140735626;0
2062;MER4_20220623_084500_002.wav;0;0.10970665514469147;0
2063;MER4_20220623_084500_003.wav;0;0.30940064787864685;0
2064;MER4_20220623_084500_004.wav;0;0.12693631649017334;0
2065;MER4_20220623_084500_005.wav;0;0.37135735154151917;0
2066;MER4_20220623_084500_006.wav;0;0.1597088724374771;0
2067;MER4_20220623_084500_007.wav;0;0.32196223735809326;0
2068;MER4_20220623_084500_008.wav;0;0.09786396473646164;0
2069;MER4_20220623_084500_009.wav;0;0.4695464074611664;0
2070;MER4_20220623_084500_010.wav;0;0.5432806611061096;0
2071;MER4_20220623_084500_011.wav;0;0.19129802286624908;0
2072;MER4_20220623_084500_012.wav;0;0.06859645247459412;0
2073;MER4_20220623_084500_013.wav;0;0.06083165854215622;0
2074;MER4_20220623_084500_014.wav;0;0.021200409159064293;0
2075;MER4_20220623_084500_015.wav;0;0.09140820056200027;0
2076;MER4_20220623_084500_016.wav;0;0.07030093669891357;0
2077;MER4_20220623_084500_017.wav;0;0.1038190945982933;0
2078;MER4_20220623_084500_018.wav;0;0.13897569477558136;0
2079;MER4_20220623_084500_019.wav;0;0.07892179489135742;0
2080;MER4_20220623_171500_000.wav;0;0.39781928062438965;0
2081;MER4_20220623_171500_001.wav;0;0.9044754505157471;0
2082;MER4_20220623_171500_002.wav;0;0.2016828954219818;0
2083;MER4_20220623_171500_003.wav;0;0.0703832283616066;0
2084;MER4_20220623_171500_004.wav;0;0.3877531886100769;0
2085;MER4_20220623_171500_005.wav;0;0.7841346263885498;0
2086;MER4_20220623_171500_006.wav;0;0.12541848421096802;0
2087;MER4_20220623_171500_007.wav;0;0.5776366591453552;0
2088;MER4_20220623_171500_008.wav;0;0.09917253255844116;0
2089;MER4_20220623_171500_009.wav;0;0.0437626913189888;0
2090;MER4_20220623_171500_010.wav;0;0.5168505311012268;0
2091;MER4_20220623_171500_011.wav;0;0.08096874505281448;0
2092;MER4_20220623_171500_012.wav;0;0.25664663314819336;0
2093;MER4_20220623_171500_013.wav;0;0.019264856353402138;0
2094;MER4_20220623_171500_014.wav;0;0.2825160622596741;0
2095;MER4_20220623_171500_015.wav;0;0.16288529336452484;0
2096;MER4_20220623_171500_016.wav;0;0.404031902551651;0
2097;MER4_20220623_171500_017.wav;0;0.31823277473449707;0
2098;MER4_20220623_171500_018.wav;0;0.13332246243953705;0
2099;MER4_20220623_171500_019.wav;0;0.2736988961696625;0
2100;MER4_20220625_131500_000.wav;0;0.1380535364151001;0
2101;MER4_20220625_131500_001.wav;0;0.44104820489883423;0
2102;MER4_20220625_131500_002.wav;0;0.2432718276977539;0
2103;MER4_20220625_131500_003.wav;0;0.11778891831636429;0
2104;MER4_20220625_131500_004.wav;0;0.056620169430971146;0
2105;MER4_20220625_131500_005.wav;0;0.34020763635635376;0
2106;MER4_20220625_131500_006.wav;0;0.3218569755554199;0
2107;MER4_20220625_131500_007.wav;0;0.8465940952301025;0
2108;MER4_20220625_131500_008.wav;0;0.36794576048851013;0
2109;MER4_20220625_131500_009.wav;0;0.4847126603126526;0
2110;MER4_20220625_131500_010.wav;0;0.28182947635650635;0
2111;MER4_20220625_131500_011.wav;0;0.5120651721954346;0
2112;MER4_20220625_131500_012.wav;0;0.08960796147584915;0
2113;MER4_20220625_131500_013.wav;0;0.17344456911087036;0
2114;MER4_20220625_131500_014.wav;0;0.5665108561515808;0
2115;MER4_20220625_131500_015.wav;0;0.1118149533867836;0
2116;MER4_20220625_131500_016.wav;0;0.712550938129425;0
2117;MER4_20220625_131500_017.wav;0;0.21976934373378754;0
2118;MER4_20220625_131500_018.wav;0;0.120395228266716;0
2119;MER4_20220625_131500_019.wav;0;0.26491567492485046;0
2120;MER4_20220625_231500_000.wav;0;0.04703293368220329;0
2121;MER4_20220625_231500_001.wav;0;0.10053661465644836;0
2122;MER4_20220625_231500_002.wav;0;0.03810403123497963;0
2123;MER4_20220625_231500_003.wav;0;0.24110150337219238;0
2124;MER4_20220625_231500_004.wav;0;0.3725771903991699;0
2125;MER4_20220625_231500_005.wav;0;0.10600250214338303;0
2126;MER4_20220625_231500_006.wav;0;0.04871540516614914;0
2127;MER4_20220625_231500_007.wav;0;0.09777770191431046;0
2128;MER4_20220625_231500_008.wav;0;0.09196452051401138;0
2129;MER4_20220625_231500_009.wav;0;0.06032460182905197;0
2130;MER4_20220625_231500_010.wav;0;0.04065202176570892;0
2131;MER4_20220625_231500_011.wav;0;0.04242108389735222;0
2132;MER4_20220625_231500_012.wav;0;0.03825658559799194;0
2133;MER4_20220625_231500_013.wav;0;0.07302362471818924;0
2134;MER4_20220625_231500_014.wav;0;0.17646203935146332;0
2135;MER4_20220625_231500_015.wav;0;0.2295197695493698;0
2136;MER4_20220625_231500_016.wav;0;0.024685103446245193;0
2137;MER4_20220625_231500_017.wav;0;0.09313742071390152;0
2138;MER4_20220625_231500_018.wav;0;0.036221813410520554;0
2139;MER4_20220625_231500_019.wav;0;0.19640620052814484;0
2140;MER4_20220629_103000_000.wav;0;0.09508267045021057;0
2141;MER4_20220629_103000_001.wav;0;0.17541179060935974;0
2142;MER4_20220629_103000_002.wav;0;0.2125118523836136;0
2143;MER4_20220629_103000_003.wav;0;0.0857459008693695;0
2144;MER4_20220629_103000_004.wav;0;0.12905113399028778;0
2145;MER4_20220629_103000_005.wav;0;0.4953673481941223;0
2146;MER4_20220629_103000_006.wav;0;0.2380272001028061;0
2147;MER4_20220629_103000_007.wav;0;0.13455462455749512;0
2148;MER4_20220629_103000_008.wav;0;0.06375474482774734;0
2149;MER4_20220629_103000_009.wav;0;0.08465112000703812;0
2150;MER4_20220629_103000_010.wav;0;0.11930526793003082;0
2151;MER4_20220629_103000_011.wav;0;0.07253825664520264;0
2152;MER4_20220629_103000_012.wav;0;0.30843713879585266;0
2153;MER4_20220629_103000_013.wav;0;0.2633444368839264;0
2154;MER4_20220629_103000_014.wav;0;0.1625734269618988;0
2155;MER4_20220629_103000_015.wav;0;0.2735474705696106;0
2156;MER4_20220629_103000_016.wav;0;0.4694882333278656;0
2157;MER4_20220629_103000_017.wav;0;0.09454572200775146;0
2158;MER4_20220629_103000_018.wav;0;0.048685647547245026;0
2159;MER4_20220629_103000_019.wav;0;0.09790093451738358;0
2160;MER4_20220703_234500_000.wav;0;0.1019403412938118;0
2161;MER4_20220703_234500_001.wav;0;0.05753792077302933;0
2162;MER4_20220703_234500_002.wav;0;0.007216951809823513;0
2163;MER4_20220703_234500_003.wav;0;0.2902367413043976;0
2164;MER4_20220703_234500_004.wav;0;0.4314413070678711;0
2165;MER4_20220703_234500_005.wav;0;0.31446918845176697;0
2166;MER4_20220703_234500_006.wav;0;0.4326275885105133;0
2167;MER4_20220703_234500_007.wav;0;0.04658808186650276;0
2168;MER4_20220703_234500_008.wav;0;0.2516435980796814;0
2169;MER4_20220703_234500_009.wav;0;0.4433734118938446;0
2170;MER4_20220703_234500_010.wav;0;0.360739141702652;0
2171;MER4_20220703_234500_011.wav;0;0.46161961555480957;0
2172;MER4_20220703_234500_012.wav;0;0.3935907781124115;0
2173;MER4_20220703_234500_013.wav;0;0.15937882661819458;0
2174;MER4_20220703_234500_014.wav;0;0.6909042000770569;0
2175;MER4_20220703_234500_015.wav;0;0.22670070827007294;0
2176;MER4_20220703_234500_016.wav;0;0.18147294223308563;0
2177;MER4_20220703_234500_017.wav;0;0.4067305624485016;0
2178;MER4_20220703_234500_018.wav;0;0.6269978284835815;0
2179;MER4_20220703_234500_019.wav;0;0.20182013511657715;0
2180;MER4_20220705_051500_000.wav;0;0.46590426564216614;0
2181;MER4_20220705_051500_001.wav;0;0.13861870765686035;0
2182;MER4_20220705_051500_002.wav;0;0.03145572543144226;0
2183;MER4_20220705_051500_003.wav;0;0.14771586656570435;0
2184;MER4_20220705_051500_004.wav;0;0.678796648979187;0
2185;MER4_20220705_051500_005.wav;0;0.014910398051142693;0
2186;MER4_20220705_051500_006.wav;0;0.04200264811515808;0
2187;MER4_20220705_051500_007.wav;0;0.11780723184347153;0
2188;MER4_20220705_051500_008.wav;0;0.13037285208702087;0
2189;MER4_20220705_051500_009.wav;0;0.029978185892105103;0
2190;MER4_20220705_051500_010.wav;0;0.24453389644622803;0
2191;MER4_20220705_051500_011.wav;0;0.20290929079055786;0
2192;MER4_20220705_051500_012.wav;0;0.2362779974937439;0
2193;MER4_20220705_051500_013.wav;0;0.003944119438529015;0
2194;MER4_20220705_051500_014.wav;0;0.14399412274360657;0
2195;MER4_20220705_051500_015.wav;0;0.1451416164636612;0
2196;MER4_20220705_051500_016.wav;0;0.018076779320836067;0
2197;MER4_20220705_051500_017.wav;0;0.26106566190719604;0
2198;MER4_20220705_051500_018.wav;0;0.0339609757065773;0
2199;MER4_20220705_051500_019.wav;0;0.06499722599983215;0
2200;MER4_20220705_104500_000.wav;0;0.6808390021324158;0
2201;MER4_20220705_104500_001.wav;0;0.7406611442565918;0
2202;MER4_20220705_104500_002.wav;0;0.07594122737646103;0
2203;MER4_20220705_104500_003.wav;0;0.034730661660432816;0
2204;MER4_20220705_104500_004.wav;0;0.42486944794654846;0
2205;MER4_20220705_104500_005.wav;0;0.6534831523895264;0
2206;MER4_20220705_104500_006.wav;0;0.3540821075439453;0
2207;MER4_20220705_104500_007.wav;0;0.3466610610485077;0
2208;MER4_20220705_104500_008.wav;0;0.6110195517539978;0
2209;MER4_20220705_104500_009.wav;0;0.18729956448078156;0
2210;MER4_20220705_104500_010.wav;0;0.43049418926239014;0
2211;MER4_20220705_104500_011.wav;0;0.35745352506637573;0
2212;MER4_20220705_104500_012.wav;0;0.02107195183634758;0
2213;MER4_20220705_104500_013.wav;0;0.0971333310008049;0
2214;MER4_20220705_104500_014.wav;0;0.5289995074272156;0
2215;MER4_20220705_104500_015.wav;0;0.20505040884017944;0
2216;MER4_20220705_104500_016.wav;0;0.4394773244857788;0
2217;MER4_20220705_104500_017.wav;0;0.6794404983520508;0
2218;MER4_20220705_104500_018.wav;0;0.1813238114118576;0
2219;MER4_20220705_104500_019.wav;0;0.043460413813591;0
2220;MER4_20220705_131500_000.wav;0;0.4396926760673523;0
2221;MER4_20220705_131500_001.wav;0;0.8175969123840332;0
2222;MER4_20220705_131500_002.wav;0;0.07910259068012238;0
2223;MER4_20220705_131500_003.wav;0;0.29019877314567566;0
2224;MER4_20220705_131500_004.wav;0;0.06604158878326416;0
2225;MER4_20220705_131500_005.wav;0;0.2448859065771103;0
2226;MER4_20220705_131500_006.wav;0;0.06264562159776688;0
2227;MER4_20220705_131500_007.wav;0;0.17868156731128693;0
2228;MER4_20220705_131500_008.wav;0;0.12898148596286774;0
2229;MER4_20220705_131500_009.wav;0;0.08168129622936249;0
2230;MER4_20220705_131500_010.wav;0;0.5643168091773987;0
2231;MER4_20220705_131500_011.wav;0;0.26541033387184143;0
2232;MER4_20220705_131500_012.wav;0;0.09094133228063583;0
2233;MER4_20220705_131500_013.wav;0;0.07032401859760284;0
2234;MER4_20220705_131500_014.wav;0;0.23724152147769928;0
2235;MER4_20220705_131500_015.wav;0;0.4217994809150696;0
2236;MER4_20220705_131500_016.wav;0;0.1260051131248474;0
2237;MER4_20220705_131500_017.wav;0;0.07234017550945282;0
2238;MER4_20220705_131500_018.wav;0;0.212900310754776;0
2239;MER4_20220705_131500_019.wav;0;0.0697668194770813;0
2240;MER4_20220707_090000_000.wav;0;0.07063990831375122;0
2241;MER4_20220707_090000_001.wav;0;0.29099395871162415;0
2242;MER4_20220707_090000_002.wav;0;0.18208688497543335;0
2243;MER4_20220707_090000_003.wav;0;0.46435466408729553;0
2244;MER4_20220707_090000_004.wav;0;0.5963155031204224;0
2245;MER4_20220707_090000_005.wav;0;0.12024995684623718;0
2246;MER4_20220707_090000_006.wav;0;0.06603529304265976;0
2247;MER4_20220707_090000_007.wav;0;0.00916530005633831;0
2248;MER4_20220707_090000_008.wav;0;0.015515463426709175;0
2249;MER4_20220707_090000_009.wav;0;0.7377738356590271;0
2250;MER4_20220707_090000_010.wav;0;0.1351664513349533;0
2251;MER4_20220707_090000_011.wav;0;0.04067333787679672;0
2252;MER4_20220707_090000_012.wav;0;0.45032331347465515;0
2253;MER4_20220707_090000_013.wav;0;0.8656550049781799;0
2254;MER4_20220707_090000_014.wav;0;0.25154778361320496;0
2255;MER4_20220707_090000_015.wav;0;0.049327168613672256;0
2256;MER4_20220707_090000_016.wav;0;0.023491332307457924;0
2257;MER4_20220707_090000_017.wav;0;0.10716050863265991;0
2258;MER4_20220707_090000_018.wav;0;0.007977222092449665;0
2259;MER4_20220707_090000_019.wav;0;0.062316615134477615;0
2260;MER4_20220713_040000_000.wav;0;0.02865709736943245;0
2261;MER4_20220713_040000_001.wav;0;0.05589327588677406;0
2262;MER4_20220713_040000_002.wav;0;0.2173091620206833;0
2263;MER4_20220713_040000_003.wav;0;0.06114247068762779;0
2264;MER4_20220713_040000_004.wav;0;0.014104936271905899;0
2265;MER4_20220713_040000_005.wav;0;0.051093149930238724;0
2266;MER4_20220713_040000_006.wav;0;0.13364416360855103;0
2267;MER4_20220713_040000_007.wav;0;0.17909589409828186;0
2268;MER4_20220713_040000_008.wav;0;0.12422311305999756;0
2269;MER4_20220713_040000_009.wav;0;0.16086481511592865;0
2270;MER4_20220713_040000_010.wav;0;0.022641906514763832;0
2271;MER4_20220713_040000_011.wav;0;0.028108865022659302;0
2272;MER4_20220713_040000_012.wav;0;0.23314087092876434;0
2273;MER4_20220713_040000_013.wav;0;0.05109162628650665;0
2274;MER4_20220713_040000_014.wav;0;0.010370001196861267;0
2275;MER4_20220713_040000_015.wav;0;0.2571083605289459;0
2276;MER4_20220713_040000_016.wav;0;0.09509537369012833;0
2277;MER4_20220713_040000_017.wav;0;0.01283263135701418;0
2278;MER4_20220713_040000_018.wav;0;0.0938148945569992;0
2279;MER4_20220713_040000_019.wav;0;0.06049169600009918;0
2280;MER4_20220713_170000_000.wav;0;0.04295121133327484;0
2281;MER4_20220713_170000_001.wav;0;0.131588876247406;0
2282;MER4_20220713_170000_002.wav;0;0.04072343558073044;0
2283;MER4_20220713_170000_003.wav;0;0.10258974879980087;0
2284;MER4_20220713_170000_004.wav;0;0.27867674827575684;0
2285;MER4_20220713_170000_005.wav;0;0.2340453863143921;0
2286;MER4_20220713_170000_006.wav;0;0.086044080555439;0
2287;MER4_20220713_170000_007.wav;0;0.20083297789096832;0
2288;MER4_20220713_170000_008.wav;0;0.13812214136123657;0
2289;MER4_20220713_170000_009.wav;0;0.05793432146310806;0
2290;MER4_20220713_170000_010.wav;0;0.07718432694673538;0
2291;MER4_20220713_170000_011.wav;0;0.047219764441251755;0
2292;MER4_20220713_170000_012.wav;0;0.6857913732528687;0
2293;MER4_20220713_170000_013.wav;0;0.08017376810312271;0
2294;MER4_20220713_170000_014.wav;0;0.10369002819061279;0
2295;MER4_20220713_170000_015.wav;0;0.04302006959915161;0
2296;MER4_20220713_170000_016.wav;0;0.23415328562259674;0
2297;MER4_20220713_170000_017.wav;0;0.06293565779924393;0
2298;MER4_20220713_170000_018.wav;0;0.1173672303557396;0
2299;MER4_20220713_170000_019.wav;0;0.17411966621875763;0
2300;MER4_20220717_104500_000.wav;0;0.500768780708313;0
2301;MER4_20220717_104500_001.wav;0;0.8651137948036194;0
2302;MER4_20220717_104500_002.wav;0;0.6622803211212158;0
2303;MER4_20220717_104500_003.wav;0;0.04093274846673012;0
2304;MER4_20220717_104500_004.wav;0;0.08177965879440308;0
2305;MER4_20220717_104500_005.wav;0;0.06290644407272339;0
2306;MER4_20220717_104500_006.wav;0;0.05549455061554909;0
2307;MER4_20220717_104500_007.wav;0;0.13641710579395294;0
2308;MER4_20220717_104500_008.wav;0;0.0807514637708664;0
2309;MER4_20220717_104500_009.wav;0;0.19561131298542023;0
2310;MER4_20220717_104500_010.wav;0;0.2737768590450287;0
2311;MER4_20220717_104500_011.wav;0;0.050479404628276825;0
2312;MER4_20220717_104500_012.wav;0;0.07293318212032318;0
2313;MER4_20220717_104500_013.wav;0;0.2104705423116684;0
2314;MER4_20220717_104500_014.wav;0;0.21378444135189056;0
2315;MER4_20220717_104500_015.wav;0;0.31021955609321594;0
2316;MER4_20220717_104500_016.wav;0;0.18103572726249695;0
2317;MER4_20220717_104500_017.wav;0;0.4004174470901489;0
2318;MER4_20220717_104500_018.wav;0;0.2884589433670044;0
2319;MER4_20220717_104500_019.wav;0;0.22979632019996643;0
2320;MER4_20220725_140000_000.wav;0;0.09880638122558594;0
2321;MER4_20220725_140000_001.wav;0;0.27069011330604553;0
2322;MER4_20220725_140000_002.wav;0;0.031433891505002975;0
2323;MER4_20220725_140000_003.wav;0;0.1379239410161972;0
2324;MER4_20220725_140000_004.wav;0;0.058243319392204285;0
2325;MER4_20220725_140000_005.wav;0;0.09003949165344238;0
2326;MER4_20220725_140000_006.wav;0;0.0722472220659256;0
2327;MER4_20220725_140000_007.wav;0;0.058630649000406265;0
2328;MER4_20220725_140000_008.wav;0;0.1422603577375412;0
2329;MER4_20220725_140000_009.wav;0;0.13204684853553772;0
2330;MER4_20220725_140000_010.wav;0;0.12731844186782837;0
2331;MER4_20220725_140000_011.wav;0;0.09788980334997177;0
2332;MER4_20220725_140000_012.wav;0;0.08125802874565125;0
2333;MER4_20220725_140000_013.wav;0;0.19865462183952332;0
2334;MER4_20220725_140000_014.wav;0;0.07551903277635574;0
2335;MER4_20220725_140000_015.wav;0;0.26837828755378723;0
2336;MER4_20220725_140000_016.wav;0;0.19080981612205505;0
2337;MER4_20220725_140000_017.wav;0;0.04259679466485977;0
2338;MER4_20220725_140000_018.wav;0;0.04950306564569473;0
2339;MER4_20220725_140000_019.wav;0;0.28948304057121277;0
2340;MER4_20220729_000000_000.wav;0;0.01906217634677887;0
2341;MER4_20220729_000000_001.wav;0;0.08419743925333023;0
2342;MER4_20220729_000000_002.wav;0;0.05422155559062958;0
2343;MER4_20220729_000000_003.wav;0;0.22177839279174805;0
2344;MER4_20220729_000000_004.wav;0;0.17370639741420746;0
2345;MER4_20220729_000000_005.wav;0;0.1729268580675125;0
2346;MER4_20220729_000000_006.wav;0;0.05827780067920685;0
2347;MER4_20220729_000000_007.wav;0;0.11603667587041855;0
2348;MER4_20220729_000000_008.wav;0;0.03258170187473297;0
2349;MER4_20220729_000000_009.wav;0;0.02673858404159546;0
2350;MER4_20220729_000000_010.wav;0;0.36408495903015137;0
2351;MER4_20220729_000000_011.wav;0;0.04799589142203331;0
2352;MER4_20220729_000000_012.wav;0;0.08355233818292618;0
2353;MER4_20220729_000000_013.wav;0;0.04633442312479019;0
2354;MER4_20220729_000000_014.wav;0;0.6929445862770081;0
2355;MER4_20220729_000000_015.wav;0;0.18919122219085693;0
2356;MER4_20220729_000000_016.wav;0;0.047659289091825485;0
2357;MER4_20220729_000000_017.wav;0;0.04342012479901314;0
2358;MER4_20220729_000000_018.wav;0;0.025961758568882942;0
2359;MER4_20220729_000000_019.wav;0;0.07672368735074997;0
2360;MER4_20220729_223000_000.wav;0;0.012377079576253891;0
2361;MER4_20220729_223000_001.wav;0;0.04624805971980095;0
2362;MER4_20220729_223000_002.wav;0;0.11450433731079102;0
2363;MER4_20220729_223000_003.wav;0;0.023040421307086945;0
2364;MER4_20220729_223000_004.wav;0;0.04934091120958328;0
2365;MER4_20220729_223000_005.wav;0;0.011835870333015919;0
2366;MER4_20220729_223000_006.wav;0;0.10426951944828033;0
2367;MER4_20220729_223000_007.wav;0;0.015206577256321907;0
2368;MER4_20220729_223000_008.wav;0;0.009334709495306015;0
2369;MER4_20220729_223000_009.wav;0;0.01056390255689621;0
2370;MER4_20220729_223000_010.wav;0;0.03913727402687073;0
2371;MER4_20220729_223000_011.wav;0;0.008029784075915813;0
2372;MER4_20220729_223000_012.wav;0;0.010079370811581612;0
2373;MER4_20220729_223000_013.wav;0;0.0042995247058570385;0
2374;MER4_20220729_223000_014.wav;0;0.007179331965744495;0
2375;MER4_20220729_223000_015.wav;0;0.011100264266133308;0
2376;MER4_20220729_223000_016.wav;0;0.16914838552474976;0
2377;MER4_20220729_223000_017.wav;0;0.0033908789046108723;0
2378;MER4_20220729_223000_018.wav;0;0.11203188449144363;0
2379;MER4_20220729_223000_019.wav;0;0.07695028930902481;0
2380;MER4_20220731_220000_000.wav;0;0.18973757326602936;0
2381;MER4_20220731_220000_001.wav;0;0.12285634875297546;0
2382;MER4_20220731_220000_002.wav;0;0.016410227864980698;0
2383;MER4_20220731_220000_003.wav;0;0.04453705996274948;0
2384;MER4_20220731_220000_004.wav;0;0.05399230867624283;0
2385;MER4_20220731_220000_005.wav;0;0.04609936475753784;0
2386;MER4_20220731_220000_006.wav;0;0.020096004009246826;0
2387;MER4_20220731_220000_007.wav;0;0.26600050926208496;0
2388;MER4_20220731_220000_008.wav;0;0.0903838574886322;0
2389;MER4_20220731_220000_009.wav;0;0.29669812321662903;0
2390;MER4_20220731_220000_010.wav;0;0.05671009421348572;0
2391;MER4_20220731_220000_011.wav;0;0.2962474226951599;0
2392;MER4_20220731_220000_012.wav;0;0.13001617789268494;0
2393;MER4_20220731_220000_013.wav;0;0.038656484335660934;0
2394;MER4_20220731_220000_014.wav;0;0.03590179234743118;0
2395;MER4_20220731_220000_015.wav;0;0.07735443115234375;0
2396;MER4_20220731_220000_016.wav;0;0.1929704248905182;0
2397;MER4_20220731_220000_017.wav;0;0.08951657265424728;0
2398;MER4_20220731_220000_018.wav;0;0.050157178193330765;0
2399;MER4_20220731_220000_019.wav;0;0.058007899671792984;0
2400;MER4_20220802_021500_000.wav;0;0.23956434428691864;0
2401;MER4_20220802_021500_001.wav;0;0.05119186267256737;0
2402;MER4_20220802_021500_002.wav;0;0.011984485201537609;0
2403;MER4_20220802_021500_003.wav;0;0.5242605209350586;0
2404;MER4_20220802_021500_004.wav;0;0.1812874674797058;0
2405;MER4_20220802_021500_005.wav;0;0.0499223917722702;0
2406;MER4_20220802_021500_006.wav;0;0.11183510720729828;0
2407;MER4_20220802_021500_007.wav;0;0.040158797055482864;0
2408;MER4_20220802_021500_008.wav;0;0.027071338146924973;0
2409;MER4_20220802_021500_009.wav;0;0.04374392703175545;0
2410;MER4_20220802_021500_010.wav;0;0.050540901720523834;0
2411;MER4_20220802_021500_011.wav;0;0.19059836864471436;0
2412;MER4_20220802_021500_012.wav;0;0.013680215924978256;0
2413;MER4_20220802_021500_013.wav;0;0.10590552538633347;0
2414;MER4_20220802_021500_014.wav;0;0.02045688033103943;0
2415;MER4_20220802_021500_015.wav;0;0.07833781838417053;0
2416;MER4_20220802_021500_016.wav;0;0.07547342032194138;0
2417;MER4_20220802_021500_017.wav;0;0.3779820203781128;0
2418;MER4_20220802_021500_018.wav;0;0.03169260546565056;0
2419;MER4_20220802_021500_019.wav;0;0.06773718446493149;0
2420;MER4_20220804_113000_000.wav;0;0.09747973829507828;0
2421;MER4_20220804_113000_001.wav;0;0.013694643042981625;0
2422;MER4_20220804_113000_002.wav;0;0.26341599225997925;0
2423;MER4_20220804_113000_003.wav;0;0.14058838784694672;0
2424;MER4_20220804_113000_004.wav;0;0.005467244423925877;0
2425;MER4_20220804_113000_005.wav;0;0.00053027318790555;0
2426;MER4_20220804_113000_006.wav;0;0.002342349849641323;0
2427;MER4_20220804_113000_007.wav;0;0.002629056805744767;0
2428;MER4_20220804_113000_008.wav;0;0.004949504975229502;0
2429;MER4_20220804_113000_009.wav;0;0.2861821949481964;0
2430;MER4_20220804_113000_010.wav;0;0.09039656817913055;0
2431;MER4_20220804_113000_011.wav;0;0.3664931356906891;0
2432;MER4_20220804_113000_012.wav;0;0.9220091700553894;0
2433;MER4_20220804_113000_013.wav;0;0.3795362114906311;0
2434;MER4_20220804_113000_014.wav;0;0.14812399446964264;0
2435;MER4_20220804_113000_015.wav;0;0.027611540630459785;0
2436;MER4_20220804_113000_016.wav;0;0.04373139515519142;0
2437;MER4_20220804_113000_017.wav;0;0.054835107177495956;0
2438;MER4_20220804_113000_018.wav;0;0.10058895498514175;0
2439;MER4_20220804_113000_019.wav;0;0.26012542843818665;0
2440;MER4_20220806_114500_000.wav;0;0.8738970756530762;0
2441;MER4_20220806_114500_001.wav;0;0.06952378898859024;0
2442;MER4_20220806_114500_002.wav;0;0.05474293604493141;0
2443;MER4_20220806_114500_003.wav;0;0.16563142836093903;0
2444;MER4_20220806_114500_004.wav;0;0.0985308438539505;0
2445;MER4_20220806_114500_005.wav;0;0.02584412693977356;0
2446;MER4_20220806_114500_006.wav;0;0.018179450184106827;0
2447;MER4_20220806_114500_007.wav;0;0.15208745002746582;0
2448;MER4_20220806_114500_008.wav;0;0.07211997359991074;0
2449;MER4_20220806_114500_009.wav;0;0.051349639892578125;0
2450;MER4_20220806_114500_010.wav;0;0.526748776435852;0
2451;MER4_20220806_114500_011.wav;0;0.06129809468984604;0
2452;MER4_20220806_114500_012.wav;0;0.061446115374565125;0
2453;MER4_20220806_114500_013.wav;0;0.028754860162734985;0
2454;MER4_20220806_114500_014.wav;0;0.10812787711620331;0
2455;MER4_20220806_114500_015.wav;0;0.10561651736497879;0
2456;MER4_20220806_114500_016.wav;0;0.03314494341611862;0
2457;MER4_20220806_114500_017.wav;0;0.011551336385309696;0
2458;MER4_20220806_114500_018.wav;0;0.03808668255805969;0
2459;MER4_20220806_114500_019.wav;0;0.03924136236310005;0
2460;MER4_20220814_173000_000.wav;0;0.11038006842136383;0
2461;MER4_20220814_173000_001.wav;0;0.027628792449831963;0
2462;MER4_20220814_173000_002.wav;0;0.4977012872695923;0
2463;MER4_20220814_173000_003.wav;0;0.12130674719810486;0
2464;MER4_20220814_173000_004.wav;0;0.18163423240184784;0
2465;MER4_20220814_173000_005.wav;0;0.7443158626556396;0
2466;MER4_20220814_173000_006.wav;0;0.3002912998199463;0
2467;MER4_20220814_173000_007.wav;0;0.015548165887594223;0
2468;MER4_20220814_173000_008.wav;0;0.049507025629282;0
2469;MER4_20220814_173000_009.wav;0;0.004249668680131435;0
2470;MER4_20220814_173000_010.wav;0;0.04120292887091637;0
2471;MER4_20220814_173000_011.wav;0;0.8208597302436829;0
2472;MER4_20220814_173000_012.wav;0;0.5014725923538208;0
2473;MER4_20220814_173000_013.wav;0;0.017641281709074974;0
2474;MER4_20220814_173000_014.wav;0;0.19806602597236633;0
2475;MER4_20220814_173000_015.wav;0;0.04623129963874817;0
2476;MER4_20220814_173000_016.wav;0;0.3110906183719635;0
2477;MER4_20220814_173000_017.wav;0;0.3430468440055847;0
2478;MER4_20220814_173000_018.wav;0;0.21877135336399078;0
2479;MER4_20220814_173000_019.wav;0;0.35197970271110535;0
2480;MER4_20220816_053000_000.wav;0;0.06303127110004425;0
2481;MER4_20220816_053000_001.wav;0;0.033291347324848175;0
2482;MER4_20220816_053000_002.wav;0;0.02546396479010582;0
2483;MER4_20220816_053000_003.wav;0;0.0270992498844862;0
2484;MER4_20220816_053000_004.wav;0;0.11991452425718307;0
2485;MER4_20220816_053000_005.wav;0;0.13573849201202393;0
2486;MER4_20220816_053000_006.wav;0;0.055026669055223465;0
2487;MER4_20220816_053000_007.wav;0;0.04155284911394119;0
2488;MER4_20220816_053000_008.wav;0;0.02442348189651966;0
2489;MER4_20220816_053000_009.wav;0;0.07471577823162079;0
2490;MER4_20220816_053000_010.wav;0;0.274532675743103;0
2491;MER4_20220816_053000_011.wav;0;0.1393854320049286;0
2492;MER4_20220816_053000_012.wav;0;0.04423551633954048;0
2493;MER4_20220816_053000_013.wav;0;0.028871048241853714;0
2494;MER4_20220816_053000_014.wav;0;0.014681827276945114;0
2495;MER4_20220816_053000_015.wav;0;0.011194291524589062;0
2496;MER4_20220816_053000_016.wav;0;0.10781190544366837;0
2497;MER4_20220816_053000_017.wav;0;0.10272308439016342;0
2498;MER4_20220816_053000_018.wav;0;0.037475865334272385;0
2499;MER4_20220816_053000_019.wav;0;0.10368463397026062;0
2500;MER4_20220816_104500_000.wav;0;0.22765786945819855;0
2501;MER4_20220816_104500_001.wav;0;0.07703179866075516;0
2502;MER4_20220816_104500_002.wav;0;0.24744653701782227;0
2503;MER4_20220816_104500_003.wav;0;0.06381193548440933;0
2504;MER4_20220816_104500_004.wav;0;0.20414426922798157;0
2505;MER4_20220816_104500_005.wav;0;0.08021243661642075;0
2506;MER4_20220816_104500_006.wav;0;0.21011073887348175;0
2507;MER4_20220816_104500_007.wav;0;0.14917606115341187;0
2508;MER4_20220816_104500_008.wav;0;0.05475785583257675;0
2509;MER4_20220816_104500_009.wav;0;0.10404173284769058;0
2510;MER4_20220816_104500_010.wav;0;0.04477638751268387;0
2511;MER4_20220816_104500_011.wav;0;0.08608566969633102;0
2512;MER4_20220816_104500_012.wav;0;0.2944524586200714;0
2513;MER4_20220816_104500_013.wav;0;0.03886013105511665;0
2514;MER4_20220816_104500_014.wav;0;0.9487731456756592;0
2515;MER4_20220816_104500_015.wav;0;0.990380048751831;0
2516;MER4_20220816_104500_016.wav;0;0.9416128993034363;0
2517;MER4_20220816_104500_017.wav;0;0.9232752919197083;0
2518;MER4_20220816_104500_018.wav;0;0.9970948696136475;0
2519;MER4_20220816_104500_019.wav;0;0.9937334656715393;0
2520;MER4_20220820_190000_000.wav;0;0.04170869663357735;0
2521;MER4_20220820_190000_001.wav;0;0.075272336602211;0
2522;MER4_20220820_190000_002.wav;0;0.24972133338451385;0
2523;MER4_20220820_190000_003.wav;0;0.03809274360537529;0
2524;MER4_20220820_190000_004.wav;0;0.026365026831626892;0
2525;MER4_20220820_190000_005.wav;0;0.038960471749305725;0
2526;MER4_20220820_190000_006.wav;0;0.044262733310461044;0
2527;MER4_20220820_190000_007.wav;0;0.1519307792186737;0
2528;MER4_20220820_190000_008.wav;0;0.0890619158744812;0
2529;MER4_20220820_190000_009.wav;0;0.0361388698220253;0
2530;MER4_20220820_190000_010.wav;0;0.1007739007472992;0
2531;MER4_20220820_190000_011.wav;0;0.05308377370238304;0
2532;MER4_20220820_190000_012.wav;0;0.16642074286937714;0
2533;MER4_20220820_190000_013.wav;0;0.0410497710108757;0
2534;MER4_20220820_190000_014.wav;0;0.2218109667301178;0
2535;MER4_20220820_190000_015.wav;0;0.11483559757471085;0
2536;MER4_20220820_190000_016.wav;0;0.22363385558128357;0
2537;MER4_20220820_190000_017.wav;0;0.24313047528266907;0
2538;MER4_20220820_190000_018.wav;0;0.4437260925769806;0
2539;MER4_20220820_190000_019.wav;0;0.21688717603683472;0
2540;MER4_20220822_150000_000.wav;0;0.11404549330472946;0
2541;MER4_20220822_150000_001.wav;0;0.14519765973091125;0
2542;MER4_20220822_150000_002.wav;0;0.13958954811096191;0
2543;MER4_20220822_150000_003.wav;0;0.015507570467889309;0
2544;MER4_20220822_150000_004.wav;0;0.3504687547683716;0
2545;MER4_20220822_150000_005.wav;0;0.31669870018959045;0
2546;MER4_20220822_150000_006.wav;0;0.07210255414247513;0
2547;MER4_20220822_150000_007.wav;0;0.23220741748809814;0
2548;MER4_20220822_150000_008.wav;0;0.27401891350746155;0
2549;MER4_20220822_150000_009.wav;0;0.11344484984874725;0
2550;MER4_20220822_150000_010.wav;0;0.031635504215955734;0
2551;MER4_20220822_150000_011.wav;0;0.16264791786670685;0
2552;MER4_20220822_150000_012.wav;0;0.08898551762104034;0
2553;MER4_20220822_150000_013.wav;0;0.06759800761938095;0
2554;MER4_20220822_150000_014.wav;0;0.054423414170742035;0
2555;MER4_20220822_150000_015.wav;0;0.020240694284439087;0
2556;MER4_20220822_150000_016.wav;0;0.08492134511470795;0
2557;MER4_20220822_150000_017.wav;0;0.01657630130648613;0
2558;MER4_20220822_150000_018.wav;0;0.00870479829609394;0
2559;MER4_20220822_150000_019.wav;0;0.011845204047858715;0
2560;MER4_20220826_200000_000.wav;0;0.004582750145345926;0
2561;MER4_20220826_200000_001.wav;0;0.0032651610672473907;0
2562;MER4_20220826_200000_002.wav;0;0.004797834903001785;0
2563;MER4_20220826_200000_003.wav;0;0.0009577464661560953;0
2564;MER4_20220826_200000_004.wav;0;0.0015667545376345515;0
2565;MER4_20220826_200000_005.wav;0;0.006093350239098072;0
2566;MER4_20220826_200000_006.wav;0;0.002743817400187254;0
2567;MER4_20220826_200000_007.wav;0;0.010876446962356567;0
2568;MER4_20220826_200000_008.wav;0;0.001017688657157123;0
2569;MER4_20220826_200000_009.wav;0;0.0019409252563491464;0
2570;MER4_20220826_200000_010.wav;0;0.0059356396086514;0
2571;MER4_20220826_200000_011.wav;0;0.0037552297580987215;0
2572;MER4_20220826_200000_012.wav;0;0.01202034018933773;0
2573;MER4_20220826_200000_013.wav;0;0.41887611150741577;0
2574;MER4_20220826_200000_014.wav;0;0.04692202806472778;0
2575;MER4_20220826_200000_015.wav;0;0.005773796699941158;0
2576;MER4_20220826_200000_016.wav;0;0.010235285386443138;0
2577;MER4_20220826_200000_017.wav;0;0.0026538886595517397;0
2578;MER4_20220826_200000_018.wav;0;0.00894130952656269;0
2579;MER4_20220826_200000_019.wav;0;0.013517891056835651;0
2580;MER4_20220828_014500_000.wav;0;0.00802172813564539;0
2581;MER4_20220828_014500_001.wav;0;0.0025429101660847664;0
2582;MER4_20220828_014500_002.wav;0;0.005903144832700491;0
2583;MER4_20220828_014500_003.wav;0;0.015382896177470684;0
2584;MER4_20220828_014500_004.wav;0;0.0009749625460244715;0
2585;MER4_20220828_014500_005.wav;0;0.003153982339426875;0
2586;MER4_20220828_014500_006.wav;0;0.0014842805685475469;0
2587;MER4_20220828_014500_007.wav;0;0.010100622661411762;0
2588;MER4_20220828_014500_008.wav;0;0.0019149375148117542;0
2589;MER4_20220828_014500_009.wav;0;0.0033634030260145664;0
2590;MER4_20220828_014500_010.wav;0;0.0015787738375365734;0
2591;MER4_20220828_014500_011.wav;0;0.001258554868400097;0
2592;MER4_20220828_014500_012.wav;0;0.0013996135676279664;0
2593;MER4_20220828_014500_013.wav;0;0.0004970068694092333;0
2594;MER4_20220828_014500_014.wav;0;0.0006772609776817262;0
2595;MER4_20220828_014500_015.wav;0;0.0012644183589145541;0
2596;MER4_20220828_014500_016.wav;0;0.0009712771279737353;0
2597;MER4_20220828_014500_017.wav;0;0.0063820951618254185;0
2598;MER4_20220828_014500_018.wav;0;0.0007177885854616761;0
2599;MER4_20220828_014500_019.wav;0;0.0007230574847199023;0
2600;MER4_20220828_234500_000.wav;0;0.025868698954582214;0
2601;MER4_20220828_234500_001.wav;0;0.01782899722456932;0
2602;MER4_20220828_234500_002.wav;0;0.03408162295818329;0
2603;MER4_20220828_234500_003.wav;0;0.062066689133644104;0
2604;MER4_20220828_234500_004.wav;0;0.006889037787914276;0
2605;MER4_20220828_234500_005.wav;0;0.006164167076349258;0
2606;MER4_20220828_234500_006.wav;0;0.006096117664128542;0
2607;MER4_20220828_234500_007.wav;0;0.011873165145516396;0
2608;MER4_20220828_234500_008.wav;0;0.0067014568485319614;0
2609;MER4_20220828_234500_009.wav;0;0.013089584186673164;0
2610;MER4_20220828_234500_010.wav;0;0.019361764192581177;0
2611;MER4_20220828_234500_011.wav;0;0.03332049399614334;0
2612;MER4_20220828_234500_012.wav;0;0.013880947604775429;0
2613;MER4_20220828_234500_013.wav;0;0.05040254071354866;0
2614;MER4_20220828_234500_014.wav;0;0.01889943890273571;0
2615;MER4_20220828_234500_015.wav;0;0.03136293962597847;0
2616;MER4_20220828_234500_016.wav;0;0.021307174116373062;0
2617;MER4_20220828_234500_017.wav;0;0.030430931597948074;0
2618;MER4_20220828_234500_018.wav;0;0.017926903441548347;0
2619;MER4_20220828_234500_019.wav;0;0.08196327835321426;0
2620;MER4_20220830_171500_000.wav;0;0.00618515070527792;0
2621;MER4_20220830_171500_001.wav;0;0.05015648156404495;0
2622;MER4_20220830_171500_002.wav;0;0.033578719943761826;0
2623;MER4_20220830_171500_003.wav;0;0.012749587185680866;0
2624;MER4_20220830_171500_004.wav;0;0.00760675547644496;0
2625;MER4_20220830_171500_005.wav;0;0.005401543341577053;0
2626;MER4_20220830_171500_006.wav;0;0.006816926412284374;0
2627;MER4_20220830_171500_007.wav;0;0.00969594158232212;0
2628;MER4_20220830_171500_008.wav;0;0.007944462820887566;0
2629;MER4_20220830_171500_009.wav;0;0.010032018646597862;0
2630;MER4_20220830_171500_010.wav;0;0.004660554695874453;0
2631;MER4_20220830_171500_011.wav;0;0.003080845344811678;0
2632;MER4_20220830_171500_012.wav;0;0.013739489950239658;0
2633;MER4_20220830_171500_013.wav;0;0.016684554517269135;0
2634;MER4_20220830_171500_014.wav;0;0.00435868464410305;0
2635;MER4_20220830_171500_015.wav;0;0.03571237996220589;0
2636;MER4_20220830_171500_016.wav;0;0.07467608153820038;0
2637;MER4_20220830_171500_017.wav;0;0.014077439904212952;0
2638;MER4_20220830_171500_018.wav;0;0.056892383843660355;0
2639;MER4_20220830_171500_019.wav;0;0.00366649660281837;0
2640;MER4_20220901_111500_000.wav;0;0.03150524944067001;0
2641;MER4_20220901_111500_001.wav;0;0.1328769326210022;0
2642;MER4_20220901_111500_002.wav;0;0.04487736523151398;0
2643;MER4_20220901_111500_003.wav;0;0.007293018978089094;0
2644;MER4_20220901_111500_004.wav;0;0.19970111548900604;0
2645;MER4_20220901_111500_005.wav;0;0.07560590654611588;0
2646;MER4_20220901_111500_006.wav;0;0.05283111333847046;0
2647;MER4_20220901_111500_007.wav;0;0.016376564279198647;0
2648;MER4_20220901_111500_008.wav;0;0.04933745786547661;0
2649;MER4_20220901_111500_009.wav;0;0.0195336751639843;0
2650;MER4_20220901_111500_010.wav;0;0.04328678920865059;0
2651;MER4_20220901_111500_011.wav;0;0.011685649864375591;0
2652;MER4_20220901_111500_012.wav;0;0.049076952040195465;0
2653;MER4_20220901_111500_013.wav;0;0.053920287638902664;0
2654;MER4_20220901_111500_014.wav;0;0.12671634554862976;0
2655;MER4_20220901_111500_015.wav;0;0.05074078217148781;0
2656;MER4_20220901_111500_016.wav;0;0.015295621007680893;0
2657;MER4_20220901_111500_017.wav;0;0.07042863219976425;0
2658;MER4_20220901_111500_018.wav;0;0.04118373245000839;0
2659;MER4_20220901_111500_019.wav;0;0.014887707307934761;0
2660;MER4_20220901_120000_000.wav;0;0.03594043850898743;0
2661;MER4_20220901_120000_001.wav;0;0.05229462683200836;0
2662;MER4_20220901_120000_002.wav;0;0.012147638946771622;0
2663;MER4_20220901_120000_003.wav;0;0.017204655334353447;0
2664;MER4_20220901_120000_004.wav;0;0.036552075296640396;0
2665;MER4_20220901_120000_005.wav;0;0.06529651582241058;0
2666;MER4_20220901_120000_006.wav;0;0.04258714243769646;0
2667;MER4_20220901_120000_007.wav;0;0.2136513590812683;0
2668;MER4_20220901_120000_008.wav;0;0.06284383684396744;0
2669;MER4_20220901_120000_009.wav;0;0.029640547931194305;0
2670;MER4_20220901_120000_010.wav;0;0.020809439942240715;0
2671;MER4_20220901_120000_011.wav;0;0.09490612894296646;0
2672;MER4_20220901_120000_012.wav;0;0.03984164074063301;0
2673;MER4_20220901_120000_013.wav;0;0.0281289741396904;0
2674;MER4_20220901_120000_014.wav;0;0.02899785153567791;0
2675;MER4_20220901_120000_015.wav;0;0.03376225754618645;0
2676;MER4_20220901_120000_016.wav;0;0.07674466073513031;0
2677;MER4_20220901_120000_017.wav;0;0.01638507843017578;0
2678;MER4_20220901_120000_018.wav;0;0.02309691719710827;0
2679;MER4_20220901_120000_019.wav;0;0.01267165970057249;0
2680;MER4_20220901_184500_000.wav;0;0.2870733439922333;0
2681;MER4_20220901_184500_001.wav;0;0.02233661152422428;0
2682;MER4_20220901_184500_002.wav;0;0.003833366557955742;0
2683;MER4_20220901_184500_003.wav;0;0.003658645087853074;0
2684;MER4_20220901_184500_004.wav;0;0.000524212431628257;0
2685;MER4_20220901_184500_005.wav;0;0.0006455797119997442;0
2686;MER4_20220901_184500_006.wav;0;0.0018464494496583939;0
2687;MER4_20220901_184500_007.wav;0;0.0010049931006506085;0
2688;MER4_20220901_184500_008.wav;0;0.004131748341023922;0
2689;MER4_20220901_184500_009.wav;0;0.0014995570527389646;0
2690;MER4_20220901_184500_010.wav;0;0.002838033949956298;0
2691;MER4_20220901_184500_011.wav;0;0.002186891157180071;0
2692;MER4_20220901_184500_012.wav;0;0.0005214588018134236;0
2693;MER4_20220901_184500_013.wav;0;0.0009058818686753511;0
2694;MER4_20220901_184500_014.wav;0;0.0039910138584673405;0
2695;MER4_20220901_184500_015.wav;0;0.0023711707908660173;0
2696;MER4_20220901_184500_016.wav;0;0.002896601799875498;0
2697;MER4_20220901_184500_017.wav;0;0.0010218978859484196;0
2698;MER4_20220901_184500_018.wav;0;0.006968558765947819;0
2699;MER4_20220901_184500_019.wav;0;0.0034140748903155327;0
2700;MER4_20220903_014500_000.wav;0;0.011592274531722069;0
2701;MER4_20220903_014500_001.wav;0;0.00893076416105032;0
2702;MER4_20220903_014500_002.wav;0;0.005105184391140938;0
2703;MER4_20220903_014500_003.wav;0;0.009680317714810371;0
2704;MER4_20220903_014500_004.wav;0;0.020806793123483658;0
2705;MER4_20220903_014500_005.wav;0;0.041958507150411606;0
2706;MER4_20220903_014500_006.wav;0;0.009360527619719505;0
2707;MER4_20220903_014500_007.wav;0;0.026893291622400284;0
2708;MER4_20220903_014500_008.wav;0;0.04591002315282822;0
2709;MER4_20220903_014500_009.wav;0;0.04415399953722954;0
2710;MER4_20220903_014500_010.wav;0;0.012064186856150627;0
2711;MER4_20220903_014500_011.wav;0;0.06110960245132446;0
2712;MER4_20220903_014500_012.wav;0;0.053012918680906296;0
2713;MER4_20220903_014500_013.wav;0;0.01376018300652504;0
2714;MER4_20220903_014500_014.wav;0;0.015010623261332512;0
2715;MER4_20220903_014500_015.wav;0;0.020407844334840775;0
2716;MER4_20220903_014500_016.wav;0;0.03837934508919716;0
2717;MER4_20220903_014500_017.wav;0;0.05151459202170372;0
2718;MER4_20220903_014500_018.wav;0;0.0397300086915493;0
2719;MER4_20220903_014500_019.wav;0;0.02697575092315674;0
2720;MER4_20220903_124500_000.wav;0;0.03368186578154564;0
2721;MER4_20220903_124500_001.wav;0;0.01500334870070219;0
2722;MER4_20220903_124500_002.wav;0;0.03518247604370117;0
2723;MER4_20220903_124500_003.wav;0;0.027304863557219505;0
2724;MER4_20220903_124500_004.wav;0;0.048804089426994324;0
2725;MER4_20220903_124500_005.wav;0;0.03425668925046921;0
2726;MER4_20220903_124500_006.wav;0;0.07620562613010406;0
2727;MER4_20220903_124500_007.wav;0;0.033225834369659424;0
2728;MER4_20220903_124500_008.wav;0;0.050953857600688934;0
2729;MER4_20220903_124500_009.wav;0;0.17525169253349304;0
2730;MER4_20220903_124500_010.wav;0;0.03154756501317024;0
2731;MER4_20220903_124500_011.wav;0;0.03023422509431839;0
2732;MER4_20220903_124500_012.wav;0;0.03407934680581093;0
2733;MER4_20220903_124500_013.wav;0;0.028817905113101006;0
2734;MER4_20220903_124500_014.wav;0;0.014502005651593208;0
2735;MER4_20220903_124500_015.wav;0;0.033252596855163574;0
2736;MER4_20220903_124500_016.wav;0;0.032490018755197525;0
2737;MER4_20220903_124500_017.wav;0;0.11142083257436752;0
2738;MER4_20220903_124500_018.wav;0;0.025494469329714775;0
2739;MER4_20220903_124500_019.wav;0;0.02653377689421177;0
2740;MER4_20220903_144500_000.wav;0;0.018330298364162445;0
2741;MER4_20220903_144500_001.wav;0;0.04951724410057068;0
2742;MER4_20220903_144500_002.wav;0;0.045856017619371414;0
2743;MER4_20220903_144500_003.wav;0;0.07815425097942352;0
2744;MER4_20220903_144500_004.wav;0;0.031480249017477036;0
2745;MER4_20220903_144500_005.wav;0;0.04742545261979103;0
2746;MER4_20220903_144500_006.wav;0;0.12105114758014679;0
2747;MER4_20220903_144500_007.wav;0;0.07650654017925262;0
2748;MER4_20220903_144500_008.wav;0;0.07453274726867676;0
2749;MER4_20220903_144500_009.wav;0;0.05363299325108528;0
2750;MER4_20220903_144500_010.wav;0;0.034798890352249146;0
2751;MER4_20220903_144500_011.wav;0;0.19449277222156525;0
2752;MER4_20220903_144500_012.wav;0;0.21764206886291504;0
2753;MER4_20220903_144500_013.wav;0;0.051611144095659256;0
2754;MER4_20220903_144500_014.wav;0;0.06839198619127274;0
2755;MER4_20220903_144500_015.wav;0;0.1302288919687271;0
2756;MER4_20220903_144500_016.wav;0;0.09920231252908707;0
2757;MER4_20220903_144500_017.wav;0;0.035031843930482864;0
2758;MER4_20220903_144500_018.wav;0;0.02102893777191639;0
2759;MER4_20220903_144500_019.wav;0;0.018260661512613297;0
2760;MER4_20220903_200000_000.wav;0;0.015536945313215256;0
2761;MER4_20220903_200000_001.wav;0;0.022248152643442154;0
2762;MER4_20220903_200000_002.wav;0;0.031666405498981476;0
2763;MER4_20220903_200000_003.wav;0;0.09354917705059052;0
2764;MER4_20220903_200000_004.wav;0;0.05938894674181938;0
2765;MER4_20220903_200000_005.wav;0;0.028633160516619682;0
2766;MER4_20220903_200000_006.wav;0;0.040958233177661896;0
2767;MER4_20220903_200000_007.wav;0;0.017667941749095917;0
2768;MER4_20220903_200000_008.wav;0;0.024209868162870407;0
2769;MER4_20220903_200000_009.wav;0;0.0043528140522539616;0
2770;MER4_20220903_200000_010.wav;0;0.02729278989136219;0
2771;MER4_20220903_200000_011.wav;0;0.03043287806212902;0
2772;MER4_20220903_200000_012.wav;0;0.026880349963903427;0
2773;MER4_20220903_200000_013.wav;0;0.09207514673471451;0
2774;MER4_20220903_200000_014.wav;0;0.16198702156543732;0
2775;MER4_20220903_200000_015.wav;0;0.047733500599861145;0
2776;MER4_20220903_200000_016.wav;0;0.09879474341869354;0
2777;MER4_20220903_200000_017.wav;0;0.15441428124904633;0
2778;MER4_20220903_200000_018.wav;0;0.0395340621471405;0
2779;MER4_20220903_200000_019.wav;0;0.03330366313457489;0
2780;MER4_20220905_010000_000.wav;0;0.03359013423323631;0
2781;MER4_20220905_010000_001.wav;0;0.08697523921728134;0
2782;MER4_20220905_010000_002.wav;0;0.020572243258357048;0
2783;MER4_20220905_010000_003.wav;0;0.018283242359757423;0
2784;MER4_20220905_010000_004.wav;0;0.012512297369539738;0
2785;MER4_20220905_010000_005.wav;0;0.01823890209197998;0
2786;MER4_20220905_010000_006.wav;0;0.010274971835315228;0
2787;MER4_20220905_010000_007.wav;0;0.03820371627807617;0
2788;MER4_20220905_010000_008.wav;0;0.031127965077757835;0
2789;MER4_20220905_010000_009.wav;0;0.02596559189260006;0
2790;MER4_20220905_010000_010.wav;0;0.05104934796690941;0
2791;MER4_20220905_010000_011.wav;0;0.06099574267864227;0
2792;MER4_20220905_010000_012.wav;0;0.03709157556295395;0
2793;MER4_20220905_010000_013.wav;0;0.04169120639562607;0
2794;MER4_20220905_010000_014.wav;0;0.019439661875367165;0
2795;MER4_20220905_010000_015.wav;0;0.03864513710141182;0
2796;MER4_20220905_010000_016.wav;0;0.038090333342552185;0
2797;MER4_20220905_010000_017.wav;0;0.024364391341805458;0
2798;MER4_20220905_010000_018.wav;0;0.015515092760324478;0
2799;MER4_20220905_010000_019.wav;0;0.01759433187544346;0
2800;MER4_20220905_034500_000.wav;0;0.03309863433241844;0
2801;MER4_20220905_034500_001.wav;0;0.00993945449590683;0
2802;MER4_20220905_034500_002.wav;0;0.06167091429233551;0
2803;MER4_20220905_034500_003.wav;0;0.02921714447438717;0
2804;MER4_20220905_034500_004.wav;0;0.03636116534471512;0
2805;MER4_20220905_034500_005.wav;0;0.011182359419763088;0
2806;MER4_20220905_034500_006.wav;0;0.012752324342727661;0
2807;MER4_20220905_034500_007.wav;0;0.008462346158921719;0
2808;MER4_20220905_034500_008.wav;0;0.024792170152068138;0
2809;MER4_20220905_034500_009.wav;0;0.04564875364303589;0
2810;MER4_20220905_034500_010.wav;0;0.03472289815545082;0
2811;MER4_20220905_034500_011.wav;0;0.02394707128405571;0
2812;MER4_20220905_034500_012.wav;0;0.03593633323907852;0
2813;MER4_20220905_034500_013.wav;0;0.02735533006489277;0
2814;MER4_20220905_034500_014.wav;0;0.018780529499053955;0
2815;MER4_20220905_034500_015.wav;0;0.04892963543534279;0
2816;MER4_20220905_034500_016.wav;0;0.03479437157511711;0
2817;MER4_20220905_034500_017.wav;0;0.11789337545633316;0
2818;MER4_20220905_034500_018.wav;0;0.1878497451543808;0
2819;MER4_20220905_034500_019.wav;0;0.11873321235179901;0
2820;MER4_20220905_080000_000.wav;0;0.1523297131061554;0
2821;MER4_20220905_080000_001.wav;0;0.0841699093580246;0
2822;MER4_20220905_080000_002.wav;0;0.3500314950942993;0
2823;MER4_20220905_080000_003.wav;0;0.05177778750658035;0
2824;MER4_20220905_080000_004.wav;0;0.09025460481643677;0
2825;MER4_20220905_080000_005.wav;0;0.23437245190143585;0
2826;MER4_20220905_080000_006.wav;0;0.05334080010652542;0
2827;MER4_20220905_080000_007.wav;0;0.03273501619696617;0
2828;MER4_20220905_080000_008.wav;0;0.11797185987234116;0
2829;MER4_20220905_080000_009.wav;0;0.041751306504011154;0
2830;MER4_20220905_080000_010.wav;0;0.05560966208577156;0
2831;MER4_20220905_080000_011.wav;0;0.1483582854270935;0
2832;MER4_20220905_080000_012.wav;0;0.05610087886452675;0
2833;MER4_20220905_080000_013.wav;0;0.11608684062957764;0
2834;MER4_20220905_080000_014.wav;0;0.10404285043478012;0
2835;MER4_20220905_080000_015.wav;0;0.05542973428964615;0
2836;MER4_20220905_080000_016.wav;0;0.2057168036699295;0
2837;MER4_20220905_080000_017.wav;0;0.04032908380031586;0
2838;MER4_20220905_080000_018.wav;0;0.017241621389985085;0
2839;MER4_20220905_080000_019.wav;0;0.07008472084999084;0
2840;MER4_20220905_103000_000.wav;0;0.005966657306998968;0
2841;MER4_20220905_103000_001.wav;0;0.001756750512868166;0
2842;MER4_20220905_103000_002.wav;0;0.06905155628919601;0
2843;MER4_20220905_103000_003.wav;0;0.008329600095748901;0
2844;MER4_20220905_103000_004.wav;0;0.018830187618732452;0
2845;MER4_20220905_103000_005.wav;0;0.011356750503182411;0
2846;MER4_20220905_103000_006.wav;0;0.01605568639934063;0
2847;MER4_20220905_103000_007.wav;0;0.008958341553807259;0
2848;MER4_20220905_103000_008.wav;0;0.06053299456834793;0
2849;MER4_20220905_103000_009.wav;0;0.011099710129201412;0
2850;MER4_20220905_103000_010.wav;0;0.006243841722607613;0
2851;MER4_20220905_103000_011.wav;0;0.00842457264661789;0
2852;MER4_20220905_103000_012.wav;0;0.14671550691127777;0
2853;MER4_20220905_103000_013.wav;0;0.12636078894138336;0
2854;MER4_20220905_103000_014.wav;0;0.06568680703639984;0
2855;MER4_20220905_103000_015.wav;0;0.3827002942562103;0
2856;MER4_20220905_103000_016.wav;0;0.8730071783065796;0
2857;MER4_20220905_103000_017.wav;0;0.17235776782035828;0
2858;MER4_20220905_103000_018.wav;0;0.11272072792053223;0
2859;MER4_20220905_103000_019.wav;0;0.3297841548919678;0
2860;MER5_20220619_060000_000.wav;0;0.010613328777253628;0
2861;MER5_20220619_060000_001.wav;0;0.005610815715044737;0
2862;MER5_20220619_060000_002.wav;0;0.007203718181699514;0
2863;MER5_20220619_060000_003.wav;0;0.025888768956065178;0
2864;MER5_20220619_060000_004.wav;0;0.05084604769945145;0
2865;MER5_20220619_060000_005.wav;0;0.03262537717819214;0
2866;MER5_20220619_060000_006.wav;0;0.018150705844163895;0
2867;MER5_20220619_060000_007.wav;0;0.016270820051431656;0
2868;MER5_20220619_060000_008.wav;0;0.012560056522488594;0
2869;MER5_20220619_060000_009.wav;0;0.011455328203737736;0
2870;MER5_20220619_060000_010.wav;0;0.16673094034194946;0
2871;MER5_20220619_060000_011.wav;0;0.2982557713985443;0
2872;MER5_20220619_060000_012.wav;0;0.13206170499324799;0
2873;MER5_20220619_060000_013.wav;0;0.05038727819919586;0
2874;MER5_20220619_060000_014.wav;0;0.02394370175898075;0
2875;MER5_20220619_060000_015.wav;0;0.04240681231021881;0
2876;MER5_20220619_060000_016.wav;0;0.038735345005989075;0
2877;MER5_20220619_060000_017.wav;0;0.014132754877209663;0
2878;MER5_20220619_060000_018.wav;0;0.031599100679159164;0
2879;MER5_20220619_060000_019.wav;0;0.011467758566141129;0
2880;MER5_20220619_070000_000.wav;0;0.17897741496562958;0
2881;MER5_20220619_070000_001.wav;0;0.10006144642829895;0
2882;MER5_20220619_070000_002.wav;0;0.03759192302823067;0
2883;MER5_20220619_070000_003.wav;0;0.03918419033288956;0
2884;MER5_20220619_070000_004.wav;0;0.04250211641192436;0
2885;MER5_20220619_070000_005.wav;0;0.02509930171072483;0
2886;MER5_20220619_070000_006.wav;0;0.01061258278787136;0
2887;MER5_20220619_070000_007.wav;0;0.0037012819666415453;0
2888;MER5_20220619_070000_008.wav;0;0.01347123458981514;0
2889;MER5_20220619_070000_009.wav;0;0.015091951936483383;0
2890;MER5_20220619_070000_010.wav;0;0.04206589236855507;0
2891;MER5_20220619_070000_011.wav;0;0.08047671616077423;0
2892;MER5_20220619_070000_012.wav;0;0.007858962751924992;0
2893;MER5_20220619_070000_013.wav;0;0.04138701781630516;0
2894;MER5_20220619_070000_014.wav;0;0.1024537906050682;0
2895;MER5_20220619_070000_015.wav;0;0.0377834253013134;0
2896;MER5_20220619_070000_016.wav;0;0.06565213203430176;0
2897;MER5_20220619_070000_017.wav;0;0.15745195746421814;0
2898;MER5_20220619_070000_018.wav;0;0.02113226428627968;0
2899;MER5_20220619_070000_019.wav;0;0.03432285040616989;0
2900;MER5_20220621_044500_000.wav;0;0.5064809918403625;0
2901;MER5_20220621_044500_001.wav;0;0.14591185748577118;0
2902;MER5_20220621_044500_002.wav;0;0.05150720849633217;0
2903;MER5_20220621_044500_003.wav;0;0.11571499705314636;0
2904;MER5_20220621_044500_004.wav;0;0.5776126384735107;0
2905;MER5_20220621_044500_005.wav;0;0.0061607095412909985;0
2906;MER5_20220621_044500_006.wav;0;0.004014718346297741;0
2907;MER5_20220621_044500_007.wav;0;0.002918571000918746;0
2908;MER5_20220621_044500_008.wav;0;0.0022286325693130493;0
2909;MER5_20220621_044500_009.wav;0;0.03145822137594223;0
2910;MER5_20220621_044500_010.wav;0;0.1113467589020729;0
2911;MER5_20220621_044500_011.wav;0;0.009392532519996166;0
2912;MER5_20220621_044500_012.wav;0;0.16471655666828156;0
2913;MER5_20220621_044500_013.wav;0;0.0039080907590687275;0
2914;MER5_20220621_044500_014.wav;0;0.007364005781710148;0
2915;MER5_20220621_044500_015.wav;0;0.0033713369630277157;0
2916;MER5_20220621_044500_016.wav;0;0.0045697130262851715;0
2917;MER5_20220621_044500_017.wav;0;0.2774123251438141;0
2918;MER5_20220621_044500_018.wav;0;0.004660305101424456;0
2919;MER5_20220621_044500_019.wav;0;0.0010504937963560224;0
2920;MER5_20220623_000000_000.wav;0;0.005256758537143469;0
2921;MER5_20220623_000000_001.wav;0;0.04974732920527458;0
2922;MER5_20220623_000000_002.wav;0;0.1051541268825531;0
2923;MER5_20220623_000000_003.wav;0;0.04346292093396187;0
2924;MER5_20220623_000000_004.wav;0;0.11619091033935547;0
2925;MER5_20220623_000000_005.wav;0;0.043939899653196335;0
2926;MER5_20220623_000000_006.wav;0;0.05491636320948601;0
2927;MER5_20220623_000000_007.wav;0;0.01144795399159193;0
2928;MER5_20220623_000000_008.wav;0;0.018995923921465874;0
2929;MER5_20220623_000000_009.wav;0;0.016027793288230896;0
2930;MER5_20220623_000000_010.wav;0;0.11007475852966309;0
2931;MER5_20220623_000000_011.wav;0;0.0019860458560287952;0
2932;MER5_20220623_000000_012.wav;0;0.025312334299087524;0
2933;MER5_20220623_000000_013.wav;0;0.017973758280277252;0
2934;MER5_20220623_000000_014.wav;0;0.0573916882276535;0
2935;MER5_20220623_000000_015.wav;0;0.002231443068012595;0
2936;MER5_20220623_000000_016.wav;0;0.025112437084317207;0
2937;MER5_20220623_000000_017.wav;0;0.19919851422309875;0
2938;MER5_20220623_000000_018.wav;0;0.12263553589582443;0
2939;MER5_20220623_000000_019.wav;0;0.09672937542200089;0
2940;MER5_20220625_011500_000.wav;0;0.011376211419701576;0
2941;MER5_20220625_011500_001.wav;0;0.0037812753580510616;0
2942;MER5_20220625_011500_002.wav;0;0.047482430934906006;0
2943;MER5_20220625_011500_003.wav;0;0.0013406554935500026;0
2944;MER5_20220625_011500_004.wav;0;0.04881962388753891;0
2945;MER5_20220625_011500_005.wav;0;0.011859494261443615;0
2946;MER5_20220625_011500_006.wav;0;0.16223767399787903;0
2947;MER5_20220625_011500_007.wav;0;0.018475404009222984;0
2948;MER5_20220625_011500_008.wav;0;0.001818984397687018;0
2949;MER5_20220625_011500_009.wav;0;0.009056976065039635;0
2950;MER5_20220625_011500_010.wav;0;0.050141431391239166;0
2951;MER5_20220625_011500_011.wav;0;0.13569983839988708;0
2952;MER5_20220625_011500_012.wav;0;0.11450278759002686;0
2953;MER5_20220625_011500_013.wav;0;0.2822045087814331;0
2954;MER5_20220625_011500_014.wav;0;0.03439628332853317;0
2955;MER5_20220625_011500_015.wav;0;0.46951180696487427;0
2956;MER5_20220625_011500_016.wav;0;0.011566787026822567;0
2957;MER5_20220625_011500_017.wav;0;0.06373301893472672;0
2958;MER5_20220625_011500_018.wav;0;0.25740087032318115;0
2959;MER5_20220625_011500_019.wav;0;0.2246427834033966;0
2960;MER5_20220625_131500_000.wav;0;0.6639654040336609;0
2961;MER5_20220625_131500_001.wav;0;0.9416961669921875;0
2962;MER5_20220625_131500_002.wav;0;0.4481770992279053;0
2963;MER5_20220625_131500_003.wav;0;0.8137560486793518;0
2964;MER5_20220625_131500_004.wav;0;0.899528980255127;0
2965;MER5_20220625_131500_005.wav;0;0.7152224183082581;0
2966;MER5_20220625_131500_006.wav;0;0.8404021263122559;0
2967;MER5_20220625_131500_007.wav;0;0.8014955520629883;0
2968;MER5_20220625_131500_008.wav;0;0.8076230883598328;0
2969;MER5_20220625_131500_009.wav;0;0.18165971338748932;0
2970;MER5_20220625_131500_010.wav;0;0.2721642851829529;0
2971;MER5_20220625_131500_011.wav;0;0.04667947441339493;0
2972;MER5_20220625_131500_012.wav;0;0.27479398250579834;0
2973;MER5_20220625_131500_013.wav;0;0.16490112245082855;0
2974;MER5_20220625_131500_014.wav;0;0.3977981507778168;0
2975;MER5_20220625_131500_015.wav;0;0.049585968255996704;0
2976;MER5_20220625_131500_016.wav;0;0.32693353295326233;0
2977;MER5_20220625_131500_017.wav;0;0.3901731073856354;0
2978;MER5_20220625_131500_018.wav;0;0.6163983941078186;0
2979;MER5_20220625_131500_019.wav;0;0.8851955533027649;0
2980;MER5_20220627_221500_000.wav;0;0.4069315791130066;0
2981;MER5_20220627_221500_001.wav;0;0.08737225830554962;0
2982;MER5_20220627_221500_002.wav;0;0.5433905720710754;0
2983;MER5_20220627_221500_003.wav;0;0.39725494384765625;0
2984;MER5_20220627_221500_004.wav;0;0.035500697791576385;0
2985;MER5_20220627_221500_005.wav;0;0.2639075517654419;0
2986;MER5_20220627_221500_006.wav;0;0.06463594734668732;0
2987;MER5_20220627_221500_007.wav;0;0.4030192792415619;0
2988;MER5_20220627_221500_008.wav;0;0.32895755767822266;0
2989;MER5_20220627_221500_009.wav;0;0.4564436376094818;0
2990;MER5_20220627_221500_010.wav;0;0.07547536492347717;0
2991;MER5_20220627_221500_011.wav;0;0.2106364369392395;0
2992;MER5_20220627_221500_012.wav;0;0.048434607684612274;0
2993;MER5_20220627_221500_013.wav;0;0.13902708888053894;0
2994;MER5_20220627_221500_014.wav;0;0.04756483808159828;0
2995;MER5_20220627_221500_015.wav;0;0.24262426793575287;0
2996;MER5_20220627_221500_016.wav;0;0.10623107105493546;0
2997;MER5_20220627_221500_017.wav;0;0.1503540575504303;0
2998;MER5_20220627_221500_018.wav;0;0.08210037648677826;0
2999;MER5_20220627_221500_019.wav;0;0.02992006577551365;0
3000;MER5_20220629_071500_000.wav;0;0.9880358576774597;0
3001;MER5_20220629_071500_001.wav;0;0.9949275255203247;0
3002;MER5_20220629_071500_002.wav;0;0.9949477910995483;0
3003;MER5_20220629_071500_003.wav;0;0.871518075466156;0
3004;MER5_20220629_071500_004.wav;0;0.9771530628204346;0
3005;MER5_20220629_071500_005.wav;0;0.9852352142333984;0
3006;MER5_20220629_071500_006.wav;0;0.9954319000244141;0
3007;MER5_20220629_071500_007.wav;0;0.9987578392028809;0
3008;MER5_20220629_071500_008.wav;0;0.9938317537307739;0
3009;MER5_20220629_071500_009.wav;0;0.9401670694351196;0
3010;MER5_20220629_071500_010.wav;0;0.8482016324996948;0
3011;MER5_20220629_071500_011.wav;0;0.9843667149543762;0
3012;MER5_20220629_071500_012.wav;0;0.9362272024154663;0
3013;MER5_20220629_071500_013.wav;0;0.8683072924613953;0
3014;MER5_20220629_071500_014.wav;0;0.941079318523407;0
3015;MER5_20220629_071500_015.wav;0;0.7491487264633179;0
3016;MER5_20220629_071500_016.wav;0;0.9740633368492126;0
3017;MER5_20220629_071500_017.wav;0;0.9881017208099365;0
3018;MER5_20220629_071500_018.wav;0;0.9590049386024475;0
3019;MER5_20220629_071500_019.wav;0;0.9728875160217285;0
3020;MER5_20220629_121500_000.wav;0;0.14594273269176483;0
3021;MER5_20220629_121500_001.wav;0;0.4226267635822296;0
3022;MER5_20220629_121500_002.wav;0;0.06908062845468521;0
3023;MER5_20220629_121500_003.wav;0;0.04455340653657913;0
3024;MER5_20220629_121500_004.wav;0;0.27295225858688354;0
3025;MER5_20220629_121500_005.wav;0;0.15950822830200195;0
3026;MER5_20220629_121500_006.wav;0;0.7033740878105164;0
3027;MER5_20220629_121500_007.wav;0;0.07255392521619797;0
3028;MER5_20220629_121500_008.wav;0;0.11152230948209763;0
3029;MER5_20220629_121500_009.wav;0;0.35115376114845276;0
3030;MER5_20220629_121500_010.wav;0;0.09453309327363968;0
3031;MER5_20220629_121500_011.wav;0;0.3978034555912018;0
3032;MER5_20220629_121500_012.wav;0;0.23000724613666534;0
3033;MER5_20220629_121500_013.wav;0;0.43840518593788147;0
3034;MER5_20220629_121500_014.wav;0;0.15077508985996246;0
3035;MER5_20220629_121500_015.wav;0;0.11926496028900146;0
3036;MER5_20220629_121500_016.wav;0;0.6787291169166565;0
3037;MER5_20220629_121500_017.wav;0;0.27553969621658325;0
3038;MER5_20220629_121500_018.wav;0;0.6178262233734131;0
3039;MER5_20220629_121500_019.wav;0;0.059349894523620605;0
3040;MER5_20220629_134500_000.wav;0;0.08753209561109543;0
3041;MER5_20220629_134500_001.wav;0;0.07472669333219528;0
3042;MER5_20220629_134500_002.wav;0;0.7418128252029419;0
3043;MER5_20220629_134500_003.wav;0;0.1000722274184227;0
3044;MER5_20220629_134500_004.wav;0;0.4960644245147705;0
3045;MER5_20220629_134500_005.wav;0;0.09904958307743073;0
3046;MER5_20220629_134500_006.wav;0;0.2825937867164612;0
3047;MER5_20220629_134500_007.wav;0;0.5208409428596497;0
3048;MER5_20220629_134500_008.wav;0;0.26057034730911255;0
3049;MER5_20220629_134500_009.wav;0;0.24737626314163208;0
3050;MER5_20220629_134500_010.wav;0;0.1996334344148636;0
3051;MER5_20220629_134500_011.wav;0;0.3666589856147766;0
3052;MER5_20220629_134500_012.wav;0;0.5697014927864075;0
3053;MER5_20220629_134500_013.wav;0;0.45862454175949097;0
3054;MER5_20220629_134500_014.wav;0;0.25879549980163574;0
3055;MER5_20220629_134500_015.wav;0;0.5826643109321594;0
3056;MER5_20220629_134500_016.wav;0;0.03451552987098694;0
3057;MER5_20220629_134500_017.wav;0;0.012269167229533195;0
3058;MER5_20220629_134500_018.wav;0;0.013265077956020832;0
3059;MER5_20220629_134500_019.wav;0;0.008276817388832569;0
3060;MER5_20220629_193000_000.wav;0;0.048061471432447433;0
3061;MER5_20220629_193000_001.wav;0;0.06582789868116379;0
3062;MER5_20220629_193000_002.wav;0;0.002317599020898342;0
3063;MER5_20220629_193000_003.wav;0;0.03196977451443672;0
3064;MER5_20220629_193000_004.wav;0;0.018260551616549492;0
3065;MER5_20220629_193000_005.wav;0;0.003959959838539362;0
3066;MER5_20220629_193000_006.wav;0;0.13921412825584412;0
3067;MER5_20220629_193000_007.wav;0;0.03617420792579651;0
3068;MER5_20220629_193000_008.wav;0;0.007144114468246698;0
3069;MER5_20220629_193000_009.wav;0;0.02788209728896618;0
3070;MER5_20220629_193000_010.wav;0;0.009340946562588215;0
3071;MER5_20220629_193000_011.wav;0;0.010593114420771599;0
3072;MER5_20220629_193000_012.wav;0;0.44019585847854614;0
3073;MER5_20220629_193000_013.wav;0;0.7264193296432495;0
3074;MER5_20220629_193000_014.wav;0;0.8603550791740417;0
3075;MER5_20220629_193000_015.wav;0;0.6467256546020508;0
3076;MER5_20220629_193000_016.wav;0;0.3502550423145294;0
3077;MER5_20220629_193000_017.wav;0;0.5221707224845886;0
3078;MER5_20220629_193000_018.wav;0;0.24649186432361603;0
3079;MER5_20220629_193000_019.wav;0;0.7003652453422546;0
3080;MER5_20220629_230000_000.wav;0;0.40629979968070984;0
3081;MER5_20220629_230000_001.wav;0;0.5677616000175476;0
3082;MER5_20220629_230000_002.wav;0;0.17859645187854767;0
3083;MER5_20220629_230000_003.wav;0;0.21650297939777374;0
3084;MER5_20220629_230000_004.wav;0;0.48791661858558655;0
3085;MER5_20220629_230000_005.wav;0;0.5712854266166687;0
3086;MER5_20220629_230000_006.wav;0;0.5232105851173401;0
3087;MER5_20220629_230000_007.wav;0;0.8265928626060486;0
3088;MER5_20220629_230000_008.wav;0;0.47529011964797974;0
3089;MER5_20220629_230000_009.wav;0;0.6126276254653931;0
3090;MER5_20220629_230000_010.wav;0;0.5779737234115601;0
3091;MER5_20220629_230000_011.wav;0;0.6457261443138123;0
3092;MER5_20220629_230000_012.wav;0;0.460593044757843;0
3093;MER5_20220629_230000_013.wav;0;0.6817285418510437;0
3094;MER5_20220629_230000_014.wav;0;0.6905500292778015;0
3095;MER5_20220629_230000_015.wav;0;0.8124106526374817;0
3096;MER5_20220629_230000_016.wav;0;0.125809907913208;0
3097;MER5_20220629_230000_017.wav;0;0.8447831273078918;0
3098;MER5_20220629_230000_018.wav;0;0.3683203458786011;0
3099;MER5_20220629_230000_019.wav;0;0.6386532783508301;0
3100;MER5_20220701_201500_000.wav;0;0.543432891368866;0
3101;MER5_20220701_201500_001.wav;0;0.3231436312198639;0
3102;MER5_20220701_201500_002.wav;0;0.716141402721405;0
3103;MER5_20220701_201500_003.wav;0;0.34032493829727173;0
3104;MER5_20220701_201500_004.wav;0;0.7372088432312012;0
3105;MER5_20220701_201500_005.wav;0;0.4866510331630707;0
3106;MER5_20220701_201500_006.wav;0;0.47995734214782715;0
3107;MER5_20220701_201500_007.wav;0;0.7143479585647583;0
3108;MER5_20220701_201500_008.wav;0;0.6717595458030701;0
3109;MER5_20220701_201500_009.wav;0;0.5996831655502319;0
3110;MER5_20220701_201500_010.wav;0;0.4538874328136444;0
3111;MER5_20220701_201500_011.wav;0;0.8600572347640991;0
3112;MER5_20220701_201500_012.wav;0;0.34772053360939026;0
3113;MER5_20220701_201500_013.wav;0;0.7310012578964233;0
3114;MER5_20220701_201500_014.wav;0;0.4292505383491516;0
3115;MER5_20220701_201500_015.wav;0;0.8455600142478943;0
3116;MER5_20220701_201500_016.wav;0;0.7584189176559448;0
3117;MER5_20220701_201500_017.wav;0;0.3291987180709839;0
3118;MER5_20220701_201500_018.wav;0;0.5270942449569702;0
3119;MER5_20220701_201500_019.wav;0;0.9672219753265381;0
3120;MER5_20220703_044500_000.wav;0;0.3255902826786041;0
3121;MER5_20220703_044500_001.wav;0;0.6630199551582336;0
3122;MER5_20220703_044500_002.wav;0;0.9062548875808716;0
3123;MER5_20220703_044500_003.wav;0;0.8141589760780334;0
3124;MER5_20220703_044500_004.wav;0;0.6317327618598938;0
3125;MER5_20220703_044500_005.wav;0;0.4303443133831024;0
3126;MER5_20220703_044500_006.wav;0;0.21004065871238708;0
3127;MER5_20220703_044500_007.wav;0;0.8777270913124084;0
3128;MER5_20220703_044500_008.wav;0;0.3372994065284729;0
3129;MER5_20220703_044500_009.wav;0;0.8860633373260498;0
3130;MER5_20220703_044500_010.wav;0;0.8607014417648315;0
3131;MER5_20220703_044500_011.wav;0;0.7253251671791077;0
3132;MER5_20220703_044500_012.wav;0;0.7632337212562561;0
3133;MER5_20220703_044500_013.wav;0;0.8789801597595215;0
3134;MER5_20220703_044500_014.wav;0;0.8879128098487854;0
3135;MER5_20220703_044500_015.wav;0;0.8992547392845154;0
3136;MER5_20220703_044500_016.wav;0;0.6341457962989807;0
3137;MER5_20220703_044500_017.wav;0;0.5945197939872742;0
3138;MER5_20220703_044500_018.wav;0;0.5731971859931946;0
3139;MER5_20220703_044500_019.wav;0;0.9204033017158508;0
3140;MER5_20220705_091500_000.wav;0;0.6352084875106812;0
3141;MER5_20220705_091500_001.wav;0;0.5807374715805054;0
3142;MER5_20220705_091500_002.wav;0;0.6174989342689514;0
3143;MER5_20220705_091500_003.wav;0;0.6297381520271301;0
3144;MER5_20220705_091500_004.wav;0;0.8992241621017456;0
3145;MER5_20220705_091500_005.wav;0;0.46382710337638855;0
3146;MER5_20220705_091500_006.wav;0;0.8624612092971802;0
3147;MER5_20220705_091500_007.wav;0;0.9573439955711365;0
3148;MER5_20220705_091500_008.wav;0;0.8914997577667236;0
3149;MER5_20220705_091500_009.wav;0;0.9866988658905029;0
3150;MER5_20220705_091500_010.wav;0;0.9154787659645081;0
3151;MER5_20220705_091500_011.wav;0;0.9679312109947205;0
3152;MER5_20220705_091500_012.wav;0;0.951729953289032;0
3153;MER5_20220705_091500_013.wav;0;0.949311375617981;0
3154;MER5_20220705_091500_014.wav;0;0.8473536372184753;0
3155;MER5_20220705_091500_015.wav;0;0.9856675267219543;0
3156;MER5_20220705_091500_016.wav;0;0.8018354773521423;0
3157;MER5_20220705_091500_017.wav;0;0.507815957069397;0
3158;MER5_20220705_091500_018.wav;0;0.8059415817260742;0
3159;MER5_20220705_091500_019.wav;0;0.7789645791053772;0
3160;MER5_20220711_164500_000.wav;0;0.7105359435081482;0
3161;MER5_20220711_164500_001.wav;0;0.6236066222190857;0
3162;MER5_20220711_164500_002.wav;0;0.8874658942222595;0
3163;MER5_20220711_164500_003.wav;0;0.672683596611023;0
3164;MER5_20220711_164500_004.wav;0;0.7680937647819519;0
3165;MER5_20220711_164500_005.wav;0;0.7454452514648438;0
3166;MER5_20220711_164500_006.wav;0;0.4671827256679535;0
3167;MER5_20220711_164500_007.wav;0;0.8025583624839783;0
3168;MER5_20220711_164500_008.wav;0;0.7250006794929504;0
3169;MER5_20220711_164500_009.wav;0;0.9046425223350525;0
3170;MER5_20220711_164500_010.wav;0;0.5456045866012573;0
3171;MER5_20220711_164500_011.wav;0;0.8716539740562439;0
3172;MER5_20220711_164500_012.wav;0;0.8455398082733154;0
3173;MER5_20220711_164500_013.wav;0;0.9279548525810242;0
3174;MER5_20220711_164500_014.wav;0;0.8503808975219727;0
3175;MER5_20220711_164500_015.wav;0;0.668783962726593;0
3176;MER5_20220711_164500_016.wav;0;0.9065917134284973;0
3177;MER5_20220711_164500_017.wav;0;0.9962378740310669;0
3178;MER5_20220711_164500_018.wav;0;0.9556659460067749;0
3179;MER5_20220711_164500_019.wav;0;0.9239691495895386;0
3180;MER5_20220711_191500_000.wav;0;0.2382291853427887;0
3181;MER5_20220711_191500_001.wav;0;0.9189329147338867;0
3182;MER5_20220711_191500_002.wav;0;0.682086169719696;0
3183;MER5_20220711_191500_003.wav;0;0.10182491689920425;0
3184;MER5_20220711_191500_004.wav;0;0.12941768765449524;0
3185;MER5_20220711_191500_005.wav;0;0.5155931115150452;0
3186;MER5_20220711_191500_006.wav;0;0.5958863496780396;0
3187;MER5_20220711_191500_007.wav;0;0.13363869488239288;0
3188;MER5_20220711_191500_008.wav;0;0.08392658084630966;0
3189;MER5_20220711_191500_009.wav;0;0.011641736142337322;0
3190;MER5_20220711_191500_010.wav;0;0.01099711935967207;0
3191;MER5_20220711_191500_011.wav;0;0.03932759165763855;0
3192;MER5_20220711_191500_012.wav;0;0.6715191602706909;0
3193;MER5_20220711_191500_013.wav;0;0.6805289387702942;0
3194;MER5_20220711_191500_014.wav;0;0.020434070378541946;0
3195;MER5_20220711_191500_015.wav;0;0.7359430193901062;0
3196;MER5_20220711_191500_016.wav;0;0.10050484538078308;0
3197;MER5_20220711_191500_017.wav;0;0.5682414174079895;0
3198;MER5_20220711_191500_018.wav;0;0.8445751070976257;0
3199;MER5_20220711_191500_019.wav;0;0.42075029015541077;0
3200;MER5_20220717_150000_000.wav;0;0.6799271106719971;0
3201;MER5_20220717_150000_001.wav;0;0.2362629622220993;0
3202;MER5_20220717_150000_002.wav;0;0.7495096325874329;0
3203;MER5_20220717_150000_003.wav;0;0.07305243611335754;0
3204;MER5_20220717_150000_004.wav;0;0.3995513916015625;0
3205;MER5_20220717_150000_005.wav;0;0.6754148602485657;0
3206;MER5_20220717_150000_006.wav;0;0.5565098524093628;0
3207;MER5_20220717_150000_007.wav;0;0.08951680362224579;0
3208;MER5_20220717_150000_008.wav;0;0.08658687770366669;0
3209;MER5_20220717_150000_009.wav;0;0.16602250933647156;0
3210;MER5_20220717_150000_010.wav;0;0.30836251378059387;0
3211;MER5_20220717_150000_011.wav;0;0.8160132169723511;0
3212;MER5_20220717_150000_012.wav;0;0.3115434944629669;0
3213;MER5_20220717_150000_013.wav;0;0.14825817942619324;0
3214;MER5_20220717_150000_014.wav;0;0.3325786888599396;0
3215;MER5_20220717_150000_015.wav;0;0.456257700920105;0
3216;MER5_20220717_150000_016.wav;0;0.8524938225746155;0
3217;MER5_20220717_150000_017.wav;0;0.11097008734941483;0
3218;MER5_20220717_150000_018.wav;0;0.5489346385002136;0
3219;MER5_20220717_150000_019.wav;0;0.633358895778656;0
3220;MER5_20220719_081500_000.wav;0;0.652901291847229;0
3221;MER5_20220719_081500_001.wav;0;0.09815046936273575;0
3222;MER5_20220719_081500_002.wav;0;0.03261308744549751;0
3223;MER5_20220719_081500_003.wav;0;0.6742646098136902;0
3224;MER5_20220719_081500_004.wav;0;0.31563010811805725;0
3225;MER5_20220719_081500_005.wav;0;0.31187915802001953;0
3226;MER5_20220719_081500_006.wav;0;0.37469837069511414;0
3227;MER5_20220719_081500_007.wav;0;0.8809469938278198;0
3228;MER5_20220719_081500_008.wav;0;0.7740669846534729;0
3229;MER5_20220719_081500_009.wav;0;0.1166270524263382;0
3230;MER5_20220719_081500_010.wav;0;0.534636378288269;0
3231;MER5_20220719_081500_011.wav;0;0.20445741713047028;0
3232;MER5_20220719_081500_012.wav;0;0.20652322471141815;0
3233;MER5_20220719_081500_013.wav;0;0.2977043688297272;0
3234;MER5_20220719_081500_014.wav;0;0.7170324921607971;0
3235;MER5_20220719_081500_015.wav;0;0.3224121034145355;0
3236;MER5_20220719_081500_016.wav;0;0.732884407043457;0
3237;MER5_20220719_081500_017.wav;0;0.756342351436615;0
3238;MER5_20220719_081500_018.wav;0;0.7700115442276001;0
3239;MER5_20220719_081500_019.wav;0;0.5564746260643005;0
3240;MER5_20220721_211500_000.wav;0;0.04739610105752945;0
3241;MER5_20220721_211500_001.wav;0;0.03563173487782478;0
3242;MER5_20220721_211500_002.wav;0;0.186849907040596;0
3243;MER5_20220721_211500_003.wav;0;0.016906240954995155;0
3244;MER5_20220721_211500_004.wav;0;0.010854242369532585;0
3245;MER5_20220721_211500_005.wav;0;0.010503964498639107;0
3246;MER5_20220721_211500_006.wav;0;0.014481459744274616;0
3247;MER5_20220721_211500_007.wav;0;0.02292596735060215;0
3248;MER5_20220721_211500_008.wav;0;0.06164153292775154;0
3249;MER5_20220721_211500_009.wav;0;0.03282425180077553;0
3250;MER5_20220721_211500_010.wav;0;0.025965629145503044;0
3251;MER5_20220721_211500_011.wav;0;0.010630532167851925;0
3252;MER5_20220721_211500_012.wav;0;0.13751301169395447;0
3253;MER5_20220721_211500_013.wav;0;0.1360325962305069;0
3254;MER5_20220721_211500_014.wav;0;0.08784286677837372;0
3255;MER5_20220721_211500_015.wav;0;0.12930826842784882;0
3256;MER5_20220721_211500_016.wav;0;0.0286919716745615;0
3257;MER5_20220721_211500_017.wav;0;0.06843911111354828;0
3258;MER5_20220721_211500_018.wav;0;0.022377988323569298;0
3259;MER5_20220721_211500_019.wav;0;0.025113878771662712;0
3260;MER5_20220723_001500_000.wav;0;0.1628725230693817;0
3261;MER5_20220723_001500_001.wav;0;0.15735696256160736;0
3262;MER5_20220723_001500_002.wav;0;0.2606436312198639;0
3263;MER5_20220723_001500_003.wav;0;0.02263477072119713;0
3264;MER5_20220723_001500_004.wav;0;0.1589532345533371;0
3265;MER5_20220723_001500_005.wav;0;0.5894647836685181;0
3266;MER5_20220723_001500_006.wav;0;0.28858432173728943;0
3267;MER5_20220723_001500_007.wav;0;0.04951932281255722;0
3268;MER5_20220723_001500_008.wav;0;0.6365871429443359;0
3269;MER5_20220723_001500_009.wav;0;0.03236914426088333;0
3270;MER5_20220723_001500_010.wav;0;0.848051130771637;0
3271;MER5_20220723_001500_011.wav;0;0.5190074443817139;0
3272;MER5_20220723_001500_012.wav;0;0.274456650018692;0
3273;MER5_20220723_001500_013.wav;0;0.17592890560626984;0
3274;MER5_20220723_001500_014.wav;0;0.09334754943847656;0
3275;MER5_20220723_001500_015.wav;0;0.45207950472831726;0
3276;MER5_20220723_001500_016.wav;0;0.7851076722145081;0
3277;MER5_20220723_001500_017.wav;0;0.268197625875473;0
3278;MER5_20220723_001500_018.wav;0;0.13514789938926697;0
3279;MER5_20220723_001500_019.wav;0;0.04489356651902199;0
3280;MER5_20220725_144500_000.wav;0;0.6787117719650269;0
3281;MER5_20220725_144500_001.wav;0;0.11302394419908524;0
3282;MER5_20220725_144500_002.wav;0;0.32652056217193604;0
3283;MER5_20220725_144500_003.wav;0;0.35682201385498047;0
3284;MER5_20220725_144500_004.wav;0;0.458065927028656;0
3285;MER5_20220725_144500_005.wav;0;0.0729910284280777;0
3286;MER5_20220725_144500_006.wav;0;0.17155703902244568;0
3287;MER5_20220725_144500_007.wav;0;0.04314896836876869;0
3288;MER5_20220725_144500_008.wav;0;0.7745348811149597;0
3289;MER5_20220725_144500_009.wav;0;0.7021973133087158;0
3290;MER5_20220725_144500_010.wav;0;0.6059980392456055;0
3291;MER5_20220725_144500_011.wav;0;0.07537952810525894;0
3292;MER5_20220725_144500_012.wav;0;0.25100961327552795;0
3293;MER5_20220725_144500_013.wav;0;0.19320957362651825;0
3294;MER5_20220725_144500_014.wav;0;0.04653484374284744;0
3295;MER5_20220725_144500_015.wav;0;0.423994779586792;0
3296;MER5_20220725_144500_016.wav;0;0.41449034214019775;0
3297;MER5_20220725_144500_017.wav;0;0.16987334191799164;0
3298;MER5_20220725_144500_018.wav;0;0.0676010400056839;0
3299;MER5_20220725_144500_019.wav;0;0.11449048668146133;0
3300;MER5_20220729_100000_000.wav;0;0.2755662798881531;0
3301;MER5_20220729_100000_001.wav;0;0.13696633279323578;0
3302;MER5_20220729_100000_002.wav;0;0.02042863890528679;0
3303;MER5_20220729_100000_003.wav;0;0.028020985424518585;0
3304;MER5_20220729_100000_004.wav;0;0.04210676625370979;0
3305;MER5_20220729_100000_005.wav;0;0.027477435767650604;0
3306;MER5_20220729_100000_006.wav;0;0.025132279843091965;0
3307;MER5_20220729_100000_007.wav;0;0.0009696618653833866;0
3308;MER5_20220729_100000_008.wav;0;0.23232755064964294;0
3309;MER5_20220729_100000_009.wav;0;0.09432335197925568;0
3310;MER5_20220729_100000_010.wav;0;0.46269190311431885;0
3311;MER5_20220729_100000_011.wav;0;0.19363117218017578;0
3312;MER5_20220729_100000_012.wav;0;0.5176416039466858;0
3313;MER5_20220729_100000_013.wav;0;0.08093319833278656;0
3314;MER5_20220729_100000_014.wav;0;0.2799469232559204;0
3315;MER5_20220729_100000_015.wav;0;0.010846683755517006;0
3316;MER5_20220729_100000_016.wav;0;0.2871033549308777;0
3317;MER5_20220729_100000_017.wav;0;0.4833971858024597;0
3318;MER5_20220729_100000_018.wav;0;0.29008421301841736;0
3319;MER5_20220729_100000_019.wav;0;0.43960481882095337;0
3320;MER5_20220731_043000_000.wav;0;0.9525127410888672;0
3321;MER5_20220731_043000_001.wav;0;0.9728312492370605;0
3322;MER5_20220731_043000_002.wav;0;0.9304344654083252;0
3323;MER5_20220731_043000_003.wav;0;0.9571263790130615;0
3324;MER5_20220731_043000_004.wav;0;0.9975090026855469;0
3325;MER5_20220731_043000_005.wav;0;0.9871942400932312;0
3326;MER5_20220731_043000_006.wav;0;0.9682741165161133;0
3327;MER5_20220731_043000_007.wav;0;0.976049542427063;0
3328;MER5_20220731_043000_008.wav;0;0.9888572096824646;0
3329;MER5_20220731_043000_009.wav;0;0.989866316318512;0
3330;MER5_20220731_043000_010.wav;0;0.9875940680503845;0
3331;MER5_20220731_043000_011.wav;0;0.9897162318229675;0
3332;MER5_20220731_043000_012.wav;0;0.9971410036087036;0
3333;MER5_20220731_043000_013.wav;0;0.9898311495780945;0
3334;MER5_20220731_043000_014.wav;0;0.9974889755249023;0
3335;MER5_20220731_043000_015.wav;0;0.9949735403060913;0
3336;MER5_20220731_043000_016.wav;0;0.9818172454833984;0
3337;MER5_20220731_043000_017.wav;0;0.9826535582542419;0
3338;MER5_20220731_043000_018.wav;0;0.9856929779052734;0
3339;MER5_20220731_043000_019.wav;0;0.9823170900344849;0
3340;MER5_20220802_051500_000.wav;0;0.36447417736053467;0
3341;MER5_20220802_051500_001.wav;0;0.425302118062973;0
3342;MER5_20220802_051500_002.wav;0;0.4489302337169647;0
3343;MER5_20220802_051500_003.wav;0;0.11418408900499344;0
3344;MER5_20220802_051500_004.wav;0;0.4312435984611511;0
3345;MER5_20220802_051500_005.wav;0;0.1833796203136444;0
3346;MER5_20220802_051500_006.wav;0;0.26880592107772827;0
3347;MER5_20220802_051500_007.wav;0;0.050054773688316345;0
3348;MER5_20220802_051500_008.wav;0;0.6312850117683411;0
3349;MER5_20220802_051500_009.wav;0;0.4912305772304535;0
3350;MER5_20220802_051500_010.wav;0;0.5792758464813232;0
3351;MER5_20220802_051500_011.wav;0;0.3487606644630432;0
3352;MER5_20220802_051500_012.wav;0;0.4570550322532654;0
3353;MER5_20220802_051500_013.wav;0;0.6092769503593445;0
3354;MER5_20220802_051500_014.wav;0;0.22100332379341125;0
3355;MER5_20220802_051500_015.wav;0;0.19298431277275085;0
3356;MER5_20220802_051500_016.wav;0;0.5633513331413269;0
3357;MER5_20220802_051500_017.wav;0;0.501868724822998;0
3358;MER5_20220802_051500_018.wav;0;0.43312373757362366;0
3359;MER5_20220802_051500_019.wav;0;0.5273610353469849;0
3360;MER5_20220802_101500_000.wav;0;0.4801599085330963;0
3361;MER5_20220802_101500_001.wav;0;0.5810719132423401;0
3362;MER5_20220802_101500_002.wav;0;0.3393338620662689;0
3363;MER5_20220802_101500_003.wav;0;0.8864390850067139;0
3364;MER5_20220802_101500_004.wav;0;0.5575610399246216;0
3365;MER5_20220802_101500_005.wav;0;0.14537212252616882;0
3366;MER5_20220802_101500_006.wav;0;0.11118583381175995;0
3367;MER5_20220802_101500_007.wav;0;0.005031921900808811;0
3368;MER5_20220802_101500_008.wav;0;0.6495246291160583;0
3369;MER5_20220802_101500_009.wav;0;0.5217239856719971;0
3370;MER5_20220802_101500_010.wav;0;0.4991404414176941;1
3371;MER5_20220802_101500_011.wav;0;0.6107432246208191;1
3372;MER5_20220802_101500_012.wav;0;0.13741673529148102;1
3373;MER5_20220802_101500_013.wav;0;0.49064531922340393;1
3374;MER5_20220802_101500_014.wav;0;0.7924161553382874;1
3375;MER5_20220802_101500_015.wav;0;0.3946361839771271;1
3376;MER5_20220802_101500_016.wav;0;0.9404217600822449;1
3377;MER5_20220802_101500_017.wav;0;0.6954615116119385;1
3378;MER5_20220802_101500_018.wav;0;0.7775092124938965;1
3379;MER5_20220802_101500_019.wav;0;0.9941890239715576;1
3380;MER5_20220802_124500_000.wav;0;0.0031850715167820454;0
3381;MER5_20220802_124500_001.wav;0;0.15889646112918854;0
3382;MER5_20220802_124500_002.wav;0;0.10115818679332733;0
3383;MER5_20220802_124500_003.wav;0;0.4693840444087982;0
3384;MER5_20220802_124500_004.wav;0;0.4985366463661194;0
3385;MER5_20220802_124500_005.wav;0;0.29676079750061035;0
3386;MER5_20220802_124500_006.wav;0;0.6046163439750671;0
3387;MER5_20220802_124500_007.wav;0;0.1825612187385559;0
3388;MER5_20220802_124500_008.wav;0;0.6916115880012512;0
3389;MER5_20220802_124500_009.wav;0;0.26103565096855164;0
3390;MER5_20220802_124500_010.wav;0;0.4849536418914795;0
3391;MER5_20220802_124500_011.wav;0;0.08591572940349579;0
3392;MER5_20220802_124500_012.wav;0;0.38254180550575256;0
3393;MER5_20220802_124500_013.wav;0;0.4597889184951782;0
3394;MER5_20220802_124500_014.wav;0;0.4569530189037323;0
3395;MER5_20220802_124500_015.wav;0;0.054166510701179504;0
3396;MER5_20220802_124500_016.wav;0;0.3779878616333008;0
3397;MER5_20220802_124500_017.wav;0;0.7814601063728333;0
3398;MER5_20220802_124500_018.wav;0;0.5709966421127319;0
3399;MER5_20220802_124500_019.wav;0;0.2659679055213928;0
3400;MER5_20220804_201500_000.wav;0;0.046906281262636185;0
3401;MER5_20220804_201500_001.wav;0;0.31720229983329773;0
3402;MER5_20220804_201500_002.wav;0;0.8869898319244385;0
3403;MER5_20220804_201500_003.wav;0;0.40295982360839844;0
3404;MER5_20220804_201500_004.wav;0;0.4117780923843384;0
3405;MER5_20220804_201500_005.wav;0;0.4927383363246918;0
3406;MER5_20220804_201500_006.wav;0;0.5699933171272278;0
3407;MER5_20220804_201500_007.wav;0;0.7317343354225159;0
3408;MER5_20220804_201500_008.wav;0;0.2718365490436554;0
3409;MER5_20220804_201500_009.wav;0;0.22048044204711914;0
3410;MER5_20220804_201500_010.wav;0;0.49495288729667664;0
3411;MER5_20220804_201500_011.wav;0;0.5437930822372437;0
3412;MER5_20220804_201500_012.wav;0;0.08264573663473129;0
3413;MER5_20220804_201500_013.wav;0;0.21297724545001984;0
3414;MER5_20220804_201500_014.wav;0;0.5636656284332275;0
3415;MER5_20220804_201500_015.wav;0;0.5068970918655396;0
3416;MER5_20220804_201500_016.wav;0;0.6333141922950745;0
3417;MER5_20220804_201500_017.wav;0;0.15632611513137817;0
3418;MER5_20220804_201500_018.wav;0;0.02871229127049446;0
3419;MER5_20220804_201500_019.wav;0;0.17956914007663727;0
3420;MER5_20220804_211500_000.wav;0;0.11771135032176971;0
3421;MER5_20220804_211500_001.wav;0;0.06084106117486954;0
3422;MER5_20220804_211500_002.wav;0;0.21093261241912842;0
3423;MER5_20220804_211500_003.wav;0;0.19818368554115295;0
3424;MER5_20220804_211500_004.wav;0;0.12039821594953537;0
3425;MER5_20220804_211500_005.wav;0;0.07828070223331451;0
3426;MER5_20220804_211500_006.wav;0;0.03232039511203766;0
3427;MER5_20220804_211500_007.wav;0;0.02282775565981865;0
3428;MER5_20220804_211500_008.wav;0;0.24739335477352142;0
3429;MER5_20220804_211500_009.wav;0;0.03754327818751335;0
3430;MER5_20220804_211500_010.wav;0;0.05837232246994972;0
3431;MER5_20220804_211500_011.wav;0;0.11953752487897873;0
3432;MER5_20220804_211500_012.wav;0;0.26925066113471985;0
3433;MER5_20220804_211500_013.wav;0;0.20055603981018066;0
3434;MER5_20220804_211500_014.wav;0;0.2475167214870453;0
3435;MER5_20220804_211500_015.wav;0;0.09530000388622284;0
3436;MER5_20220804_211500_016.wav;0;0.08247064799070358;0
3437;MER5_20220804_211500_017.wav;0;0.10184752941131592;0
3438;MER5_20220804_211500_018.wav;0;0.305676132440567;0
3439;MER5_20220804_211500_019.wav;0;0.08900504559278488;0
3440;MER5_20220810_101500_000.wav;0;0.20988322794437408;0
3441;MER5_20220810_101500_001.wav;0;0.04423213005065918;0
3442;MER5_20220810_101500_002.wav;0;0.5385366678237915;0
3443;MER5_20220810_101500_003.wav;0;0.5390999913215637;0
3444;MER5_20220810_101500_004.wav;0;0.022408826276659966;0
3445;MER5_20220810_101500_005.wav;0;0.5286093950271606;0
3446;MER5_20220810_101500_006.wav;0;0.13883987069129944;0
3447;MER5_20220810_101500_007.wav;0;0.812184751033783;0
3448;MER5_20220810_101500_008.wav;0;0.09853148460388184;0
3449;MER5_20220810_101500_009.wav;0;0.4159446060657501;0
3450;MER5_20220810_101500_010.wav;0;0.7046521902084351;0
3451;MER5_20220810_101500_011.wav;0;0.44979098439216614;0
3452;MER5_20220810_101500_012.wav;0;0.18337640166282654;0
3453;MER5_20220810_101500_013.wav;0;0.1655002236366272;0
3454;MER5_20220810_101500_014.wav;0;0.09949473291635513;0
3455;MER5_20220810_101500_015.wav;0;0.18825143575668335;0
3456;MER5_20220810_101500_016.wav;0;0.6123738288879395;0
3457;MER5_20220810_101500_017.wav;0;0.4998674690723419;0
3458;MER5_20220810_101500_018.wav;0;0.6007914543151855;0
3459;MER5_20220810_101500_019.wav;0;0.5303583145141602;0
3460;MER5_20220812_223000_000.wav;0;0.7034279108047485;0
3461;MER5_20220812_223000_001.wav;0;0.1772179901599884;0
3462;MER5_20220812_223000_002.wav;0;0.40955984592437744;0
3463;MER5_20220812_223000_003.wav;0;0.7754071950912476;0
3464;MER5_20220812_223000_004.wav;0;0.822054386138916;0
3465;MER5_20220812_223000_005.wav;0;0.40540650486946106;0
3466;MER5_20220812_223000_006.wav;0;0.137029230594635;0
3467;MER5_20220812_223000_007.wav;0;0.3762747049331665;0
3468;MER5_20220812_223000_008.wav;0;0.5179196000099182;0
3469;MER5_20220812_223000_009.wav;0;0.705009400844574;0
3470;MER5_20220812_223000_010.wav;0;0.21322830021381378;0
3471;MER5_20220812_223000_011.wav;0;0.9292252659797668;0
3472;MER5_20220812_223000_012.wav;0;0.7604588866233826;0
3473;MER5_20220812_223000_013.wav;0;0.534816563129425;0
3474;MER5_20220812_223000_014.wav;0;0.7072557210922241;0
3475;MER5_20220812_223000_015.wav;0;0.6188547611236572;0
3476;MER5_20220812_223000_016.wav;0;0.5760290026664734;0
3477;MER5_20220812_223000_017.wav;0;0.5481698513031006;0
3478;MER5_20220812_223000_018.wav;0;0.32281848788261414;0
3479;MER5_20220812_223000_019.wav;0;0.4007932245731354;0
3480;MER5_20220814_004500_000.wav;0;0.08763198554515839;0
3481;MER5_20220814_004500_001.wav;0;0.10041812807321548;0
3482;MER5_20220814_004500_002.wav;0;0.14118114113807678;0
3483;MER5_20220814_004500_003.wav;0;0.8085231781005859;0
3484;MER5_20220814_004500_004.wav;0;0.7262648940086365;0
3485;MER5_20220814_004500_005.wav;0;0.7254478931427002;0
3486;MER5_20220814_004500_006.wav;0;0.1033422127366066;0
3487;MER5_20220814_004500_007.wav;0;0.06292404979467392;0
3488;MER5_20220814_004500_008.wav;0;0.06383102387189865;0
3489;MER5_20220814_004500_009.wav;0;0.619158148765564;0
3490;MER5_20220814_004500_010.wav;0;0.15005812048912048;0
3491;MER5_20220814_004500_011.wav;0;0.26237836480140686;0
3492;MER5_20220814_004500_012.wav;0;0.4968458414077759;0
3493;MER5_20220814_004500_013.wav;0;0.03027593530714512;0
3494;MER5_20220814_004500_014.wav;0;0.07290723919868469;0
3495;MER5_20220814_004500_015.wav;0;0.11944054812192917;0
3496;MER5_20220814_004500_016.wav;0;0.1982056349515915;0
3497;MER5_20220814_004500_017.wav;0;0.23112685978412628;0
3498;MER5_20220814_004500_018.wav;0;0.41828545928001404;0
3499;MER5_20220814_004500_019.wav;0;0.3453037440776825;0
3500;MER5_20220814_113000_000.wav;0;0.8352862000465393;0
3501;MER5_20220814_113000_001.wav;0;0.9541208744049072;0
3502;MER5_20220814_113000_002.wav;0;0.5881595015525818;0
3503;MER5_20220814_113000_003.wav;0;0.2782839834690094;0
3504;MER5_20220814_113000_004.wav;0;0.4367210268974304;0
3505;MER5_20220814_113000_005.wav;0;0.10788271576166153;0
3506;MER5_20220814_113000_006.wav;0;0.3357704281806946;0
3507;MER5_20220814_113000_007.wav;0;0.11035818606615067;0
3508;MER5_20220814_113000_008.wav;0;0.04093773663043976;0
3509;MER5_20220814_113000_009.wav;0;0.3187730610370636;0
3510;MER5_20220814_113000_010.wav;0;0.1676853597164154;0
3511;MER5_20220814_113000_011.wav;0;0.42018792033195496;0
3512;MER5_20220814_113000_012.wav;0;0.1804157793521881;0
3513;MER5_20220814_113000_013.wav;0;0.06493429839611053;0
3514;MER5_20220814_113000_014.wav;0;0.6205694079399109;0
3515;MER5_20220814_113000_015.wav;0;0.4776695966720581;0
3516;MER5_20220814_113000_016.wav;0;0.34993118047714233;0
3517;MER5_20220814_113000_017.wav;0;0.27687695622444153;0
3518;MER5_20220814_113000_018.wav;0;0.5489954352378845;0
3519;MER5_20220814_113000_019.wav;0;0.7735916972160339;0
3520;MER5_20220820_123000_000.wav;0;0.3359675109386444;0
3521;MER5_20220820_123000_001.wav;0;0.13679997622966766;0
3522;MER5_20220820_123000_002.wav;0;0.3869885206222534;0
3523;MER5_20220820_123000_003.wav;0;0.5234086513519287;0
3524;MER5_20220820_123000_004.wav;0;0.8628361821174622;0
3525;MER5_20220820_123000_005.wav;0;0.9895115494728088;0
3526;MER5_20220820_123000_006.wav;0;0.7008995413780212;0
3527;MER5_20220820_123000_007.wav;0;0.404417484998703;0
3528;MER5_20220820_123000_008.wav;0;0.13910704851150513;0
3529;MER5_20220820_123000_009.wav;0;0.31023627519607544;0
3530;MER5_20220820_123000_010.wav;0;0.20349909365177155;0
3531;MER5_20220820_123000_011.wav;0;0.5190162062644958;0
3532;MER5_20220820_123000_012.wav;0;0.3045613467693329;0
3533;MER5_20220820_123000_013.wav;0;0.1731977015733719;0
3534;MER5_20220820_123000_014.wav;0;0.12271349132061005;0
3535;MER5_20220820_123000_015.wav;0;0.3416605293750763;0
3536;MER5_20220820_123000_016.wav;0;0.46216291189193726;0
3537;MER5_20220820_123000_017.wav;0;0.9691832065582275;0
3538;MER5_20220820_123000_018.wav;0;0.7957583069801331;0
3539;MER5_20220820_123000_019.wav;0;0.2674062252044678;0
3540;MER5_20220828_041500_000.wav;0;0.5546072125434875;0
3541;MER5_20220828_041500_001.wav;0;0.7204617857933044;0
3542;MER5_20220828_041500_002.wav;0;0.8557091951370239;0
3543;MER5_20220828_041500_003.wav;0;0.9823083877563477;0
3544;MER5_20220828_041500_004.wav;0;0.8684923648834229;0
3545;MER5_20220828_041500_005.wav;0;0.9396156072616577;0
3546;MER5_20220828_041500_006.wav;0;0.9668854475021362;0
3547;MER5_20220828_041500_007.wav;0;0.9440526962280273;0
3548;MER5_20220828_041500_008.wav;0;0.701278567314148;0
3549;MER5_20220828_041500_009.wav;0;0.12348295748233795;0
3550;MER5_20220828_041500_010.wav;0;0.9338061213493347;0
3551;MER5_20220828_041500_011.wav;0;0.9158377051353455;0
3552;MER5_20220828_041500_012.wav;0;0.36432793736457825;0
3553;MER5_20220828_041500_013.wav;0;0.8007753491401672;0
3554;MER5_20220828_041500_014.wav;0;0.7990975379943848;0
3555;MER5_20220828_041500_015.wav;0;0.9953739047050476;0
3556;MER5_20220828_041500_016.wav;0;0.9819828271865845;0
3557;MER5_20220828_041500_017.wav;0;0.9719213247299194;0
3558;MER5_20220828_041500_018.wav;0;0.9287791848182678;0
3559;MER5_20220828_041500_019.wav;0;0.6268179416656494;0
3560;MER5_20220830_174500_000.wav;0;0.16733627021312714;0
3561;MER5_20220830_174500_001.wav;0;0.3122822046279907;0
3562;MER5_20220830_174500_002.wav;0;0.27251484990119934;0
3563;MER5_20220830_174500_003.wav;0;0.01891341432929039;0
3564;MER5_20220830_174500_004.wav;0;0.027436669915914536;0
3565;MER5_20220830_174500_005.wav;0;0.2070533037185669;0
3566;MER5_20220830_174500_006.wav;0;0.41937488317489624;0
3567;MER5_20220830_174500_007.wav;0;0.5905863642692566;0
3568;MER5_20220830_174500_008.wav;0;0.40804243087768555;0
3569;MER5_20220830_174500_009.wav;0;0.8146159648895264;0
3570;MER5_20220830_174500_010.wav;0;0.6400648355484009;0
3571;MER5_20220830_174500_011.wav;0;0.13115839660167694;0
3572;MER5_20220830_174500_012.wav;0;0.8562954068183899;0
3573;MER5_20220830_174500_013.wav;0;0.7747475504875183;0
3574;MER5_20220830_174500_014.wav;0;0.45908573269844055;0
3575;MER5_20220830_174500_015.wav;0;0.6982638835906982;0
3576;MER5_20220830_174500_016.wav;0;0.2816271185874939;0
3577;MER5_20220830_174500_017.wav;0;0.881449282169342;0
3578;MER5_20220830_174500_018.wav;0;0.21732118725776672;0
3579;MER5_20220830_174500_019.wav;0;0.16559641063213348;0
3580;MER5_20220901_041500_000.wav;0;0.08041676133871078;0
3581;MER5_20220901_041500_001.wav;0;0.7182969450950623;0
3582;MER5_20220901_041500_002.wav;0;0.24845871329307556;0
3583;MER5_20220901_041500_003.wav;0;0.6282011270523071;0
3584;MER5_20220901_041500_004.wav;0;0.06890540570020676;0
3585;MER5_20220901_041500_005.wav;0;0.33103251457214355;0
3586;MER5_20220901_041500_006.wav;0;0.49884894490242004;0
3587;MER5_20220901_041500_007.wav;0;0.24487024545669556;0
3588;MER5_20220901_041500_008.wav;0;0.10658013820648193;0
3589;MER5_20220901_041500_009.wav;0;0.1859130561351776;0
3590;MER5_20220901_041500_010.wav;0;0.8983304500579834;0
3591;MER5_20220901_041500_011.wav;0;0.09236425161361694;0
3592;MER5_20220901_041500_012.wav;0;0.33859819173812866;0
3593;MER5_20220901_041500_013.wav;0;0.673738420009613;0
3594;MER5_20220901_041500_014.wav;0;0.0534551665186882;0
3595;MER5_20220901_041500_015.wav;0;0.5134884119033813;0
3596;MER5_20220901_041500_016.wav;0;0.3482168912887573;0
3597;MER5_20220901_041500_017.wav;0;0.8480938076972961;0
3598;MER5_20220901_041500_018.wav;0;0.13036568462848663;0
3599;MER5_20220901_041500_019.wav;0;0.41716161370277405;0
3600;MER5_20220901_071500_000.wav;0;0.896977961063385;0
3601;MER5_20220901_071500_001.wav;0;0.9766241908073425;0
3602;MER5_20220901_071500_002.wav;0;0.906964123249054;0
3603;MER5_20220901_071500_003.wav;0;0.9707188010215759;0
3604;MER5_20220901_071500_004.wav;0;0.9420613646507263;0
3605;MER5_20220901_071500_005.wav;0;0.9707313776016235;0
3606;MER5_20220901_071500_006.wav;0;0.9806410074234009;0
3607;MER5_20220901_071500_007.wav;0;0.9825707077980042;0
3608;MER5_20220901_071500_008.wav;0;0.9830235838890076;0
3609;MER5_20220901_071500_009.wav;0;0.9948321580886841;0
3610;MER5_20220901_071500_010.wav;0;0.9525591135025024;0
3611;MER5_20220901_071500_011.wav;0;0.9820055961608887;0
3612;MER5_20220901_071500_012.wav;0;0.776116132736206;0
3613;MER5_20220901_071500_013.wav;0;0.6771091818809509;0
3614;MER5_20220901_071500_014.wav;0;0.9267818331718445;0
3615;MER5_20220901_071500_015.wav;0;0.968464732170105;0
3616;MER5_20220901_071500_016.wav;0;0.9710482358932495;0
3617;MER5_20220901_071500_017.wav;0;0.8157463073730469;0
3618;MER5_20220901_071500_018.wav;0;0.9324308037757874;0
3619;MER5_20220901_071500_019.wav;0;0.584964394569397;0
3620;MER5_20220901_083000_000.wav;0;0.24837633967399597;0
3621;MER5_20220901_083000_001.wav;0;0.07368838787078857;0
3622;MER5_20220901_083000_002.wav;0;0.23407697677612305;0
3623;MER5_20220901_083000_003.wav;0;0.7228955030441284;0
3624;MER5_20220901_083000_004.wav;0;0.32712799310684204;0
3625;MER5_20220901_083000_005.wav;0;0.14566923677921295;0
3626;MER5_20220901_083000_006.wav;0;0.15926016867160797;0
3627;MER5_20220901_083000_007.wav;0;0.20273640751838684;0
3628;MER5_20220901_083000_008.wav;0;0.08935210108757019;0
3629;MER5_20220901_083000_009.wav;0;0.7201987504959106;0
3630;MER5_20220901_083000_010.wav;0;0.011224892921745777;0
3631;MER5_20220901_083000_011.wav;0;0.16347303986549377;0
3632;MER5_20220901_083000_012.wav;0;0.13731147348880768;0
3633;MER5_20220901_083000_013.wav;0;0.4537142217159271;0
3634;MER5_20220901_083000_014.wav;0;0.2837582528591156;0
3635;MER5_20220901_083000_015.wav;0;0.2799006998538971;0
3636;MER5_20220901_083000_016.wav;0;0.2713612914085388;0
3637;MER5_20220901_083000_017.wav;0;0.5462211966514587;0
3638;MER5_20220901_083000_018.wav;0;0.347523033618927;0
3639;MER5_20220901_083000_019.wav;0;0.25393107533454895;0
3640;MER5_20220901_131500_000.wav;0;0.6462552547454834;0
3641;MER5_20220901_131500_001.wav;0;0.4991952180862427;0
3642;MER5_20220901_131500_002.wav;0;0.6532423496246338;0
3643;MER5_20220901_131500_003.wav;0;0.6386731863021851;0
3644;MER5_20220901_131500_004.wav;0;0.17074120044708252;0
3645;MER5_20220901_131500_005.wav;0;0.34366706013679504;0
3646;MER5_20220901_131500_006.wav;0;0.5487465262413025;0
3647;MER5_20220901_131500_007.wav;0;0.5604791045188904;0
3648;MER5_20220901_131500_008.wav;0;0.4432063400745392;0
3649;MER5_20220901_131500_009.wav;0;0.6508432626724243;0
3650;MER5_20220901_131500_010.wav;0;0.38434478640556335;0
3651;MER5_20220901_131500_011.wav;0;0.9629293084144592;0
3652;MER5_20220901_131500_012.wav;0;0.670434296131134;0
3653;MER5_20220901_131500_013.wav;0;0.26198121905326843;0
3654;MER5_20220901_131500_014.wav;0;0.8576048612594604;0
3655;MER5_20220901_131500_015.wav;0;0.35713979601860046;0
3656;MER5_20220901_131500_016.wav;0;0.6590433120727539;0
3657;MER5_20220901_131500_017.wav;0;0.1853814721107483;0
3658;MER5_20220901_131500_018.wav;0;0.19384931027889252;0
3659;MER5_20220901_131500_019.wav;0;0.5775251984596252;0
3660;MER5_20220901_170000_000.wav;0;0.3979239761829376;0
3661;MER5_20220901_170000_001.wav;0;0.25480228662490845;0
3662;MER5_20220901_170000_002.wav;0;0.6883061528205872;0
3663;MER5_20220901_170000_003.wav;0;0.8972898721694946;0
3664;MER5_20220901_170000_004.wav;0;0.07644712924957275;0
3665;MER5_20220901_170000_005.wav;0;0.1358596235513687;0
3666;MER5_20220901_170000_006.wav;0;0.927941083908081;0
3667;MER5_20220901_170000_007.wav;0;0.4015706181526184;0
3668;MER5_20220901_170000_008.wav;0;0.4920881986618042;0
3669;MER5_20220901_170000_009.wav;0;0.47097980976104736;0
3670;MER5_20220901_170000_010.wav;0;0.6340583562850952;0
3671;MER5_20220901_170000_011.wav;0;0.9203643202781677;0
3672;MER5_20220901_170000_012.wav;0;0.207877978682518;0
3673;MER5_20220901_170000_013.wav;0;0.32405510544776917;0
3674;MER5_20220901_170000_014.wav;0;0.8738058805465698;0
3675;MER5_20220901_170000_015.wav;0;0.5699339509010315;0
3676;MER5_20220901_170000_016.wav;0;0.41632941365242004;0
3677;MER5_20220901_170000_017.wav;0;0.842041015625;0
3678;MER5_20220901_170000_018.wav;0;0.1949453353881836;0
3679;MER5_20220901_170000_019.wav;0;0.9498860239982605;0
3680;MER5_20220901_174500_000.wav;0;0.9685842394828796;0
3681;MER5_20220901_174500_001.wav;0;0.9264170527458191;0
3682;MER5_20220901_174500_002.wav;0;0.9903594255447388;0
3683;MER5_20220901_174500_003.wav;0;0.7758803963661194;0
3684;MER5_20220901_174500_004.wav;0;0.9227334856987;0
3685;MER5_20220901_174500_005.wav;0;0.3197076916694641;0
3686;MER5_20220901_174500_006.wav;0;0.09479042142629623;0
3687;MER5_20220901_174500_007.wav;0;0.7723608613014221;0
3688;MER5_20220901_174500_008.wav;0;0.2449481189250946;0
3689;MER5_20220901_174500_009.wav;0;0.32192838191986084;0
3690;MER5_20220901_174500_010.wav;0;0.4398893415927887;0
3691;MER5_20220901_174500_011.wav;0;0.4970449209213257;0
3692;MER5_20220901_174500_012.wav;0;0.195986807346344;0
3693;MER5_20220901_174500_013.wav;0;0.44789206981658936;0
3694;MER5_20220901_174500_014.wav;0;0.014827121049165726;0
3695;MER5_20220901_174500_015.wav;0;0.017650283873081207;0
3696;MER5_20220901_174500_016.wav;0;0.04280157759785652;0
3697;MER5_20220901_174500_017.wav;0;0.36639899015426636;0
3698;MER5_20220901_174500_018.wav;0;0.8037318587303162;0
3699;MER5_20220901_174500_019.wav;0;0.020044991746544838;0
3700;MER5_20220901_204500_000.wav;0;0.6929423809051514;0
3701;MER5_20220901_204500_001.wav;0;0.13991793990135193;0
3702;MER5_20220901_204500_002.wav;0;0.41556933522224426;0
3703;MER5_20220901_204500_003.wav;0;0.14805664122104645;0
3704;MER5_20220901_204500_004.wav;0;0.28571557998657227;0
3705;MER5_20220901_204500_005.wav;0;0.613684356212616;0
3706;MER5_20220901_204500_006.wav;0;0.35324743390083313;0
3707;MER5_20220901_204500_007.wav;0;0.17160610854625702;0
3708;MER5_20220901_204500_008.wav;0;0.2313186526298523;0
3709;MER5_20220901_204500_009.wav;0;0.1820264607667923;0
3710;MER5_20220901_204500_010.wav;0;0.1086086630821228;0
3711;MER5_20220901_204500_011.wav;0;0.07917671650648117;0
3712;MER5_20220901_204500_012.wav;0;0.33434635400772095;0
3713;MER5_20220901_204500_013.wav;0;0.35764920711517334;0
3714;MER5_20220901_204500_014.wav;0;0.23331989347934723;0
3715;MER5_20220901_204500_015.wav;0;0.15647071599960327;0
3716;MER5_20220901_204500_016.wav;0;0.04062703624367714;0
3717;MER5_20220901_204500_017.wav;0;0.21487605571746826;0
3718;MER5_20220901_204500_018.wav;0;0.1753450334072113;0
3719;MER5_20220901_204500_019.wav;0;0.5362070798873901;0
3720;MER5_20220903_041500_000.wav;0;0.9968855977058411;0
3721;MER5_20220903_041500_001.wav;0;0.9841921329498291;0
3722;MER5_20220903_041500_002.wav;0;0.9949030876159668;0
3723;MER5_20220903_041500_003.wav;0;0.9856926202774048;0
3724;MER5_20220903_041500_004.wav;0;0.9930082559585571;0
3725;MER5_20220903_041500_005.wav;0;0.9946354031562805;0
3726;MER5_20220903_041500_006.wav;0;0.9900187253952026;0
3727;MER5_20220903_041500_007.wav;0;0.9910197854042053;0
3728;MER5_20220903_041500_008.wav;0;0.9973588585853577;0
3729;MER5_20220903_041500_009.wav;0;0.9929443001747131;0
3730;MER5_20220903_041500_010.wav;0;0.9948558807373047;0
3731;MER5_20220903_041500_011.wav;0;0.9968949556350708;0
3732;MER5_20220903_041500_012.wav;0;0.9839022755622864;0
3733;MER5_20220903_041500_013.wav;0;0.9850395917892456;0
3734;MER5_20220903_041500_014.wav;0;0.9911078214645386;0
3735;MER5_20220903_041500_015.wav;0;0.9810241460800171;0
3736;MER5_20220903_041500_016.wav;0;0.9898396730422974;0
3737;MER5_20220903_041500_017.wav;0;0.9653950333595276;0
3738;MER5_20220903_041500_018.wav;0;0.997214138507843;0
3739;MER5_20220903_041500_019.wav;0;0.9910079836845398;0
3740;MER5_20220903_094500_000.wav;0;0.45732298493385315;0
3741;MER5_20220903_094500_001.wav;0;0.8474028706550598;0
3742;MER5_20220903_094500_002.wav;0;0.6441119909286499;0
3743;MER5_20220903_094500_003.wav;0;0.7025845050811768;0
3744;MER5_20220903_094500_004.wav;0;0.4443621337413788;0
3745;MER5_20220903_094500_005.wav;0;0.5369012951850891;0
3746;MER5_20220903_094500_006.wav;0;0.16383107006549835;0
3747;MER5_20220903_094500_007.wav;0;0.7470024228096008;0
3748;MER5_20220903_094500_008.wav;0;0.18300072848796844;0
3749;MER5_20220903_094500_009.wav;0;0.3846961259841919;0
3750;MER5_20220903_094500_010.wav;0;0.9036839604377747;0
3751;MER5_20220903_094500_011.wav;0;0.6849005818367004;0
3752;MER5_20220903_094500_012.wav;0;0.7750483751296997;0
3753;MER5_20220903_094500_013.wav;0;0.5648275017738342;0
3754;MER5_20220903_094500_014.wav;0;0.3412197232246399;0
3755;MER5_20220903_094500_015.wav;0;0.35309335589408875;0
3756;MER5_20220903_094500_016.wav;0;0.3460448384284973;0
3757;MER5_20220903_094500_017.wav;0;0.8476441502571106;0
3758;MER5_20220903_094500_018.wav;0;0.9395947456359863;0
3759;MER5_20220903_094500_019.wav;0;0.3192240297794342;0
3760;MER5_20220903_200000_000.wav;0;0.3824366629123688;0
3761;MER5_20220903_200000_001.wav;0;0.04833075404167175;0
3762;MER5_20220903_200000_002.wav;0;0.11572492122650146;0
3763;MER5_20220903_200000_003.wav;0;0.026297135278582573;0
3764;MER5_20220903_200000_004.wav;0;0.00496092950925231;0
3765;MER5_20220903_200000_005.wav;0;0.2711462378501892;0
3766;MER5_20220903_200000_006.wav;0;0.38631996512413025;0
3767;MER5_20220903_200000_007.wav;0;0.07709430903196335;0
3768;MER5_20220903_200000_008.wav;0;0.09297193586826324;0
3769;MER5_20220903_200000_009.wav;0;0.4646357297897339;0
3770;MER5_20220903_200000_010.wav;0;0.12465023994445801;0
3771;MER5_20220903_200000_011.wav;0;0.06891541182994843;0
3772;MER5_20220903_200000_012.wav;0;0.2656821310520172;0
3773;MER5_20220903_200000_013.wav;0;0.03717973455786705;0
3774;MER5_20220903_200000_014.wav;0;0.03236959129571915;0
3775;MER5_20220903_200000_015.wav;0;0.030709244310855865;0
3776;MER5_20220903_200000_016.wav;0;0.14995530247688293;0
3777;MER5_20220903_200000_017.wav;0;0.0846543088555336;0
3778;MER5_20220903_200000_018.wav;0;0.42624807357788086;0
3779;MER5_20220903_200000_019.wav;0;0.09175742417573929;0
3780;MER5_20220903_203000_000.wav;0;0.015863284468650818;0
3781;MER5_20220903_203000_001.wav;0;0.13432244956493378;0
3782;MER5_20220903_203000_002.wav;0;0.06914738565683365;0
3783;MER5_20220903_203000_003.wav;0;0.0854436457157135;0
3784;MER5_20220903_203000_004.wav;0;0.05671889707446098;0
3785;MER5_20220903_203000_005.wav;0;0.07813873142004013;0
3786;MER5_20220903_203000_006.wav;0;0.22253262996673584;0
3787;MER5_20220903_203000_007.wav;0;0.04009231552481651;0
3788;MER5_20220903_203000_008.wav;0;0.06508008390665054;0
3789;MER5_20220903_203000_009.wav;0;0.022054605185985565;0
3790;MER5_20220903_203000_010.wav;0;0.0789322629570961;0
3791;MER5_20220903_203000_011.wav;0;0.30934959650039673;0
3792;MER5_20220903_203000_012.wav;0;0.3126542270183563;0
3793;MER5_20220903_203000_013.wav;0;0.18759937584400177;0
3794;MER5_20220903_203000_014.wav;0;0.08508436381816864;0
3795;MER5_20220903_203000_015.wav;0;0.48086604475975037;0
3796;MER5_20220903_203000_016.wav;0;0.03469468653202057;0
3797;MER5_20220903_203000_017.wav;0;0.15244951844215393;0
3798;MER5_20220903_203000_018.wav;0;0.11299183964729309;0
3799;MER5_20220903_203000_019.wav;0;0.43652987480163574;0
3800;MER5_20220905_033000_000.wav;0;0.2693067491054535;0
3801;MER5_20220905_033000_001.wav;0;0.051199689507484436;0
3802;MER5_20220905_033000_002.wav;0;0.11029462516307831;0
3803;MER5_20220905_033000_003.wav;0;0.4066812992095947;0
3804;MER5_20220905_033000_004.wav;0;0.09969481080770493;0
3805;MER5_20220905_033000_005.wav;0;0.2892897427082062;0
3806;MER5_20220905_033000_006.wav;0;0.07110210508108139;0
3807;MER5_20220905_033000_007.wav;0;0.01957366056740284;0
3808;MER5_20220905_033000_008.wav;0;0.08806651830673218;0
3809;MER5_20220905_033000_009.wav;0;0.06559465080499649;0
3810;MER5_20220905_033000_010.wav;0;0.21795396506786346;0
3811;MER5_20220905_033000_011.wav;0;0.2515978217124939;0
3812;MER5_20220905_033000_012.wav;0;0.4791925549507141;0
3813;MER5_20220905_033000_013.wav;0;0.3959744870662689;0
3814;MER5_20220905_033000_014.wav;0;0.023248322308063507;0
3815;MER5_20220905_033000_015.wav;0;0.13196036219596863;0
3816;MER5_20220905_033000_016.wav;0;0.4889206886291504;0
3817;MER5_20220905_033000_017.wav;0;0.8337865471839905;0
3818;MER5_20220905_033000_018.wav;0;0.1541508138179779;0
3819;MER5_20220905_033000_019.wav;0;0.0667501837015152;0
3820;MER7_20220617_110000_000.wav;0;0.6161972880363464;0
3821;MER7_20220617_110000_001.wav;0;0.52476966381073;0
3822;MER7_20220617_110000_002.wav;0;0.454761803150177;0
3823;MER7_20220617_110000_003.wav;0;0.5966804027557373;0
3824;MER7_20220617_110000_004.wav;0;0.09818790853023529;0
3825;MER7_20220617_110000_005.wav;0;0.3904115855693817;0
3826;MER7_20220617_110000_006.wav;0;0.455691397190094;0
3827;MER7_20220617_110000_007.wav;0;0.14442408084869385;0
3828;MER7_20220617_110000_008.wav;0;0.267199844121933;0
3829;MER7_20220617_110000_009.wav;0;0.14141669869422913;0
3830;MER7_20220617_110000_010.wav;0;0.3721669912338257;0
3831;MER7_20220617_110000_011.wav;0;0.1057286337018013;0
3832;MER7_20220617_110000_012.wav;0;0.5384695529937744;0
3833;MER7_20220617_110000_013.wav;0;0.7153601050376892;0
3834;MER7_20220617_110000_014.wav;0;0.12458521872758865;0
3835;MER7_20220617_110000_015.wav;0;0.6867954730987549;0
3836;MER7_20220617_110000_016.wav;0;0.16554130613803864;0
3837;MER7_20220617_110000_017.wav;0;0.383516788482666;0
3838;MER7_20220617_110000_018.wav;0;0.9314967393875122;0
3839;MER7_20220617_110000_019.wav;0;0.2775479555130005;0
3840;MER7_20220619_071500_000.wav;0;0.0221755001693964;0
3841;MER7_20220619_071500_001.wav;0;0.011204387992620468;0
3842;MER7_20220619_071500_002.wav;0;0.15405160188674927;0
3843;MER7_20220619_071500_003.wav;0;0.2969820201396942;0
3844;MER7_20220619_071500_004.wav;0;0.07069357484579086;0
3845;MER7_20220619_071500_005.wav;0;0.74373459815979;0
3846;MER7_20220619_071500_006.wav;0;0.08743547648191452;0
3847;MER7_20220619_071500_007.wav;0;0.19686420261859894;0
3848;MER7_20220619_071500_008.wav;0;0.521533191204071;0
3849;MER7_20220619_071500_009.wav;0;0.41980689764022827;0
3850;MER7_20220619_071500_010.wav;0;0.09146682918071747;0
3851;MER7_20220619_071500_011.wav;0;0.38996633887290955;0
3852;MER7_20220619_071500_012.wav;0;0.8007902503013611;0
3853;MER7_20220619_071500_013.wav;0;0.9054967761039734;0
3854;MER7_20220619_071500_014.wav;0;0.8996316194534302;0
3855;MER7_20220619_071500_015.wav;0;0.9824502468109131;0
3856;MER7_20220619_071500_016.wav;0;0.7670875787734985;0
3857;MER7_20220619_071500_017.wav;0;0.9529353380203247;0
3858;MER7_20220619_071500_018.wav;0;0.9314677119255066;0
3859;MER7_20220619_071500_019.wav;0;0.40214234590530396;0
3860;MER7_20220621_010000_000.wav;0;0.013835696503520012;0
3861;MER7_20220621_010000_001.wav;0;0.023143809288740158;0
3862;MER7_20220621_010000_002.wav;0;0.006452255882322788;0
3863;MER7_20220621_010000_003.wav;0;0.03898978978395462;0
3864;MER7_20220621_010000_004.wav;0;0.028863560408353806;0
3865;MER7_20220621_010000_005.wav;0;0.0883701965212822;0
3866;MER7_20220621_010000_006.wav;0;0.08262988924980164;0
3867;MER7_20220621_010000_007.wav;0;0.02109246887266636;0
3868;MER7_20220621_010000_008.wav;0;0.041437458246946335;0
3869;MER7_20220621_010000_009.wav;0;0.0737147405743599;0
3870;MER7_20220621_010000_010.wav;0;0.031490202993154526;0
3871;MER7_20220621_010000_011.wav;0;0.03939945623278618;0
3872;MER7_20220621_010000_012.wav;0;0.019433027133345604;0
3873;MER7_20220621_010000_013.wav;0;0.03357170894742012;0
3874;MER7_20220621_010000_014.wav;0;0.024463146924972534;0
3875;MER7_20220621_010000_015.wav;0;0.03639660403132439;0
3876;MER7_20220621_010000_016.wav;0;0.03239373862743378;0
3877;MER7_20220621_010000_017.wav;0;0.03623143583536148;0
3878;MER7_20220621_010000_018.wav;0;0.026801537722349167;0
3879;MER7_20220621_010000_019.wav;0;0.27852606773376465;0
3880;MER7_20220621_091500_000.wav;0;0.045103494077920914;0
3881;MER7_20220621_091500_001.wav;0;0.015307439491152763;0
3882;MER7_20220621_091500_002.wav;0;0.09389666467905045;0
3883;MER7_20220621_091500_003.wav;0;0.03844795376062393;0
3884;MER7_20220621_091500_004.wav;0;0.07200159877538681;0
3885;MER7_20220621_091500_005.wav;0;0.09692801535129547;0
3886;MER7_20220621_091500_006.wav;0;0.3292236030101776;0
3887;MER7_20220621_091500_007.wav;0;0.04363111034035683;0
3888;MER7_20220621_091500_008.wav;0;0.0496806837618351;0
3889;MER7_20220621_091500_009.wav;0;0.029972463846206665;0
3890;MER7_20220621_091500_010.wav;0;0.00509579898789525;0
3891;MER7_20220621_091500_011.wav;0;0.00420532189309597;0
3892;MER7_20220621_091500_012.wav;0;0.003629969898611307;0
3893;MER7_20220621_091500_013.wav;0;0.023367861285805702;0
3894;MER7_20220621_091500_014.wav;0;0.01111574750393629;0
3895;MER7_20220621_091500_015.wav;0;0.03618069365620613;0
3896;MER7_20220621_091500_016.wav;0;0.0377156138420105;0
3897;MER7_20220621_091500_017.wav;0;0.02304564230144024;0
3898;MER7_20220621_091500_018.wav;0;0.00621824199333787;0
3899;MER7_20220621_091500_019.wav;0;0.01970268227159977;0
3900;MER7_20220623_143000_000.wav;0;0.0656140148639679;0
3901;MER7_20220623_143000_001.wav;0;0.03318296745419502;0
3902;MER7_20220623_143000_002.wav;0;0.04789334163069725;0
3903;MER7_20220623_143000_003.wav;0;0.033844269812107086;0
3904;MER7_20220623_143000_004.wav;0;0.3564566373825073;0
3905;MER7_20220623_143000_005.wav;0;0.041455451399087906;0
3906;MER7_20220623_143000_006.wav;0;0.009876124560832977;0
3907;MER7_20220623_143000_007.wav;0;0.08833838999271393;0
3908;MER7_20220623_143000_008.wav;0;0.015938669443130493;0
3909;MER7_20220623_143000_009.wav;0;0.08807332068681717;0
3910;MER7_20220623_143000_010.wav;0;0.25232672691345215;0
3911;MER7_20220623_143000_011.wav;0;0.018993934616446495;0
3912;MER7_20220623_143000_012.wav;0;0.10898134857416153;0
3913;MER7_20220623_143000_013.wav;0;0.17685264348983765;0
3914;MER7_20220623_143000_014.wav;0;0.060382429510354996;0
3915;MER7_20220623_143000_015.wav;0;0.02479337900876999;0
3916;MER7_20220623_143000_016.wav;0;0.021703796461224556;0
3917;MER7_20220623_143000_017.wav;0;0.05621430650353432;0
3918;MER7_20220623_143000_018.wav;0;0.027793696150183678;0
3919;MER7_20220623_143000_019.wav;0;0.19510996341705322;0
3920;MER7_20220623_174500_000.wav;0;0.027680426836013794;0
3921;MER7_20220623_174500_001.wav;0;0.033865395933389664;0
3922;MER7_20220623_174500_002.wav;0;0.008011220954358578;0
3923;MER7_20220623_174500_003.wav;0;0.014212668873369694;0
3924;MER7_20220623_174500_004.wav;0;0.03513007238507271;0
3925;MER7_20220623_174500_005.wav;0;0.0479879155755043;0
3926;MER7_20220623_174500_006.wav;0;0.056002434343099594;0
3927;MER7_20220623_174500_007.wav;0;0.17364531755447388;0
3928;MER7_20220623_174500_008.wav;0;0.12409938126802444;0
3929;MER7_20220623_174500_009.wav;0;0.03592190891504288;0
3930;MER7_20220623_174500_010.wav;0;0.005086671095341444;0
3931;MER7_20220623_174500_011.wav;0;0.18080906569957733;0
3932;MER7_20220623_174500_012.wav;0;0.058128826320171356;0
3933;MER7_20220623_174500_013.wav;0;0.08428716659545898;0
3934;MER7_20220623_174500_014.wav;0;0.08640090376138687;0
3935;MER7_20220623_174500_015.wav;0;0.05848013237118721;0
3936;MER7_20220623_174500_016.wav;0;0.036815743893384933;0
3937;MER7_20220623_174500_017.wav;0;0.10240165889263153;0
3938;MER7_20220623_174500_018.wav;0;0.030972208827733994;0
3939;MER7_20220623_174500_019.wav;0;0.031479254364967346;0
3940;MER7_20220625_003000_000.wav;0;0.05309728533029556;0
3941;MER7_20220625_003000_001.wav;0;0.04287581890821457;0
3942;MER7_20220625_003000_002.wav;0;0.04963193088769913;0
3943;MER7_20220625_003000_003.wav;0;0.02753271535038948;0
3944;MER7_20220625_003000_004.wav;0;0.029973352327942848;0
3945;MER7_20220625_003000_005.wav;0;0.026922201737761497;0
3946;MER7_20220625_003000_006.wav;0;0.021494172513484955;0
3947;MER7_20220625_003000_007.wav;0;0.041296664625406265;0
3948;MER7_20220625_003000_008.wav;0;0.051960594952106476;0
3949;MER7_20220625_003000_009.wav;0;0.1017177477478981;0
3950;MER7_20220625_003000_010.wav;0;0.032388072460889816;0
3951;MER7_20220625_003000_011.wav;0;0.2118595540523529;0
3952;MER7_20220625_003000_012.wav;0;0.0024104707408696413;0
3953;MER7_20220625_003000_013.wav;0;0.13705207407474518;0
3954;MER7_20220625_003000_014.wav;0;0.01715198904275894;0
3955;MER7_20220625_003000_015.wav;0;0.05534261465072632;0
3956;MER7_20220625_003000_016.wav;0;0.026794319972395897;0
3957;MER7_20220625_003000_017.wav;0;0.10120129585266113;0
3958;MER7_20220625_003000_018.wav;0;0.024630974978208542;0
3959;MER7_20220625_003000_019.wav;0;0.13588659465312958;0
3960;MER7_20220625_030000_000.wav;0;0.03006034716963768;0
3961;MER7_20220625_030000_001.wav;0;0.07423444837331772;0
3962;MER7_20220625_030000_002.wav;0;0.019558262079954147;0
3963;MER7_20220625_030000_003.wav;0;0.3877045512199402;0
3964;MER7_20220625_030000_004.wav;0;0.038354821503162384;0
3965;MER7_20220625_030000_005.wav;0;0.04320099949836731;0
3966;MER7_20220625_030000_006.wav;0;0.027033114805817604;0
3967;MER7_20220625_030000_007.wav;0;0.05029900744557381;0
3968;MER7_20220625_030000_008.wav;0;0.6218852996826172;0
3969;MER7_20220625_030000_009.wav;0;0.06420500576496124;0
3970;MER7_20220625_030000_010.wav;0;0.12373866140842438;0
3971;MER7_20220625_030000_011.wav;0;0.6113840341567993;0
3972;MER7_20220625_030000_012.wav;0;0.8145942091941833;0
3973;MER7_20220625_030000_013.wav;0;0.7412131428718567;0
3974;MER7_20220625_030000_014.wav;0;0.05756038427352905;0
3975;MER7_20220625_030000_015.wav;0;0.8905028700828552;0
3976;MER7_20220625_030000_016.wav;0;0.36804085969924927;0
3977;MER7_20220625_030000_017.wav;0;0.09946390986442566;0
3978;MER7_20220625_030000_018.wav;0;0.030219826847314835;0
3979;MER7_20220625_030000_019.wav;0;0.06897424161434174;0
3980;MER7_20220625_171500_000.wav;0;0.9569769501686096;0
3981;MER7_20220625_171500_001.wav;0;0.7834597229957581;0
3982;MER7_20220625_171500_002.wav;0;0.8297556638717651;0
3983;MER7_20220625_171500_003.wav;0;0.8344642519950867;0
3984;MER7_20220625_171500_004.wav;0;0.6518081426620483;0
3985;MER7_20220625_171500_005.wav;0;0.12071742117404938;0
3986;MER7_20220625_171500_006.wav;0;0.03910643979907036;0
3987;MER7_20220625_171500_007.wav;0;0.04634068161249161;0
3988;MER7_20220625_171500_008.wav;0;0.07930006086826324;0
3989;MER7_20220625_171500_009.wav;0;0.15387821197509766;0
3990;MER7_20220625_171500_010.wav;0;0.05619316175580025;0
3991;MER7_20220625_171500_011.wav;0;0.1941033899784088;0
3992;MER7_20220625_171500_012.wav;0;0.01755438558757305;0
3993;MER7_20220625_171500_013.wav;0;0.037806436419487;0
3994;MER7_20220625_171500_014.wav;0;0.019820675253868103;0
3995;MER7_20220625_171500_015.wav;0;0.5280925035476685;0
3996;MER7_20220625_171500_016.wav;0;0.15060453116893768;0
3997;MER7_20220625_171500_017.wav;0;0.12458504736423492;0
3998;MER7_20220625_171500_018.wav;0;0.27575355768203735;0
3999;MER7_20220625_171500_019.wav;0;0.03291752561926842;0
4000;MER7_20220627_184500_000.wav;0;0.005819609388709068;0
4001;MER7_20220627_184500_001.wav;0;0.0031076075974851847;0
4002;MER7_20220627_184500_002.wav;0;0.0011985822347924113;0
4003;MER7_20220627_184500_003.wav;0;0.03805231675505638;0
4004;MER7_20220627_184500_004.wav;0;0.002409216482192278;0
4005;MER7_20220627_184500_005.wav;0;0.0018158608581870794;0
4006;MER7_20220627_184500_006.wav;0;0.0032669228967279196;0
4007;MER7_20220627_184500_007.wav;0;0.003473907709121704;0
4008;MER7_20220627_184500_008.wav;0;0.0010772141395136714;0
4009;MER7_20220627_184500_009.wav;0;0.008080624975264072;0
4010;MER7_20220627_184500_010.wav;0;0.0012078292202204466;0
4011;MER7_20220627_184500_011.wav;0;0.002824190305545926;0
4012;MER7_20220627_184500_012.wav;0;0.0027732171583920717;0
4013;MER7_20220627_184500_013.wav;0;0.0008343394147232175;0
4014;MER7_20220627_184500_014.wav;0;0.006852235645055771;0
4015;MER7_20220627_184500_015.wav;0;0.0018223017686977983;0
4016;MER7_20220627_184500_016.wav;0;0.004663123749196529;0
4017;MER7_20220627_184500_017.wav;0;0.0017237236024811864;0
4018;MER7_20220627_184500_018.wav;0;0.0028928183019161224;0
4019;MER7_20220627_184500_019.wav;0;0.0012689388822764158;0
4020;MER7_20220627_224500_000.wav;0;0.05476049706339836;0
4021;MER7_20220627_224500_001.wav;0;0.44227030873298645;0
4022;MER7_20220627_224500_002.wav;0;0.02691190503537655;0
4023;MER7_20220627_224500_003.wav;0;0.16400323808193207;0
4024;MER7_20220627_224500_004.wav;0;0.036234721541404724;0
4025;MER7_20220627_224500_005.wav;0;0.08531082421541214;0
4026;MER7_20220627_224500_006.wav;0;0.18208104372024536;0
4027;MER7_20220627_224500_007.wav;0;0.08605224639177322;0
4028;MER7_20220627_224500_008.wav;0;0.18486234545707703;0
4029;MER7_20220627_224500_009.wav;0;0.07366551458835602;0
4030;MER7_20220627_224500_010.wav;0;0.0444379486143589;0
4031;MER7_20220627_224500_011.wav;0;0.1466352641582489;0
4032;MER7_20220627_224500_012.wav;0;0.0058870515786111355;0
4033;MER7_20220627_224500_013.wav;0;0.0012703507672995329;0
4034;MER7_20220627_224500_014.wav;0;0.40265047550201416;0
4035;MER7_20220627_224500_015.wav;0;0.019891992211341858;0
4036;MER7_20220627_224500_016.wav;0;0.006607390940189362;0
4037;MER7_20220627_224500_017.wav;0;0.015207869000732899;0
4038;MER7_20220627_224500_018.wav;0;0.0009881750447675586;0
4039;MER7_20220627_224500_019.wav;0;0.0037444846238940954;0
4040;MER7_20220627_234500_000.wav;0;0.054694127291440964;0
4041;MER7_20220627_234500_001.wav;0;0.13517248630523682;0
4042;MER7_20220627_234500_002.wav;0;0.09454440325498581;0
4043;MER7_20220627_234500_003.wav;0;0.07112552225589752;0
4044;MER7_20220627_234500_004.wav;0;0.20420974493026733;0
4045;MER7_20220627_234500_005.wav;0;0.030509456992149353;0
4046;MER7_20220627_234500_006.wav;0;0.21238532662391663;0
4047;MER7_20220627_234500_007.wav;0;0.10604030638933182;0
4048;MER7_20220627_234500_008.wav;0;0.09615141898393631;0
4049;MER7_20220627_234500_009.wav;0;0.2306787222623825;0
4050;MER7_20220627_234500_010.wav;0;0.02069387026131153;0
4051;MER7_20220627_234500_011.wav;0;0.04582739248871803;0
4052;MER7_20220627_234500_012.wav;0;0.1177377849817276;0
4053;MER7_20220627_234500_013.wav;0;0.1302102953195572;0
4054;MER7_20220627_234500_014.wav;0;0.05512642860412598;0
4055;MER7_20220627_234500_015.wav;0;0.0432777963578701;0
4056;MER7_20220627_234500_016.wav;0;0.19023066759109497;0
4057;MER7_20220627_234500_017.wav;0;0.1921122670173645;0
4058;MER7_20220627_234500_018.wav;0;0.06327595561742783;0
4059;MER7_20220627_234500_019.wav;0;0.045060496777296066;0
4060;MER7_20220707_151500_000.wav;0;0.07202159613370895;0
4061;MER7_20220707_151500_001.wav;0;0.06363619118928909;0
4062;MER7_20220707_151500_002.wav;0;0.027456019073724747;0
4063;MER7_20220707_151500_003.wav;0;0.012535756453871727;0
4064;MER7_20220707_151500_004.wav;0;0.024445975199341774;0
4065;MER7_20220707_151500_005.wav;0;0.03795010596513748;0
4066;MER7_20220707_151500_006.wav;0;0.040403254330158234;0
4067;MER7_20220707_151500_007.wav;0;0.06880121678113937;0
4068;MER7_20220707_151500_008.wav;0;0.0729014053940773;0
4069;MER7_20220707_151500_009.wav;0;0.05070463940501213;0
4070;MER7_20220707_151500_010.wav;0;0.13891717791557312;0
4071;MER7_20220707_151500_011.wav;0;0.053839340806007385;0
4072;MER7_20220707_151500_012.wav;0;0.10649172961711884;0
4073;MER7_20220707_151500_013.wav;0;0.27333882451057434;0
4074;MER7_20220707_151500_014.wav;0;0.05926932021975517;0
4075;MER7_20220707_151500_015.wav;0;0.0630132257938385;0
4076;MER7_20220707_151500_016.wav;0;0.16973359882831573;0
4077;MER7_20220707_151500_017.wav;0;0.02273659221827984;0
4078;MER7_20220707_151500_018.wav;0;0.04796880483627319;0
4079;MER7_20220707_151500_019.wav;0;0.2125621736049652;0
4080;MER7_20220709_080000_000.wav;0;0.03464960679411888;0
4081;MER7_20220709_080000_001.wav;0;0.779231071472168;0
4082;MER7_20220709_080000_002.wav;0;0.36425647139549255;0
4083;MER7_20220709_080000_003.wav;0;0.664678156375885;0
4084;MER7_20220709_080000_004.wav;0;0.2751851975917816;0
4085;MER7_20220709_080000_005.wav;0;0.0783383771777153;0
4086;MER7_20220709_080000_006.wav;0;0.17776378989219666;0
4087;MER7_20220709_080000_007.wav;0;0.1960621029138565;0
4088;MER7_20220709_080000_008.wav;0;0.05551231652498245;0
4089;MER7_20220709_080000_009.wav;0;0.12564967572689056;0
4090;MER7_20220709_080000_010.wav;0;0.21028515696525574;0
4091;MER7_20220709_080000_011.wav;0;0.08832921832799911;0
4092;MER7_20220709_080000_012.wav;0;0.033576998859643936;0
4093;MER7_20220709_080000_013.wav;0;0.20340244472026825;0
4094;MER7_20220709_080000_014.wav;0;0.034845542162656784;0
4095;MER7_20220709_080000_015.wav;0;0.2573792636394501;0
4096;MER7_20220709_080000_016.wav;0;0.04882063344120979;0
4097;MER7_20220709_080000_017.wav;0;0.13345780968666077;0
4098;MER7_20220709_080000_018.wav;0;0.019034430384635925;0
4099;MER7_20220709_080000_019.wav;0;0.14101789891719818;0
4100;MER7_20220709_193000_000.wav;0;0.029580119997262955;0
4101;MER7_20220709_193000_001.wav;0;0.029266158118844032;0
4102;MER7_20220709_193000_002.wav;0;0.05696863681077957;0
4103;MER7_20220709_193000_003.wav;0;0.0186290442943573;0
4104;MER7_20220709_193000_004.wav;0;0.04420500621199608;0
4105;MER7_20220709_193000_005.wav;0;0.016980549320578575;0
4106;MER7_20220709_193000_006.wav;0;0.033238496631383896;0
4107;MER7_20220709_193000_007.wav;0;0.06742018461227417;0
4108;MER7_20220709_193000_008.wav;0;0.030760904774069786;0
4109;MER7_20220709_193000_009.wav;0;0.09110376983880997;0
4110;MER7_20220709_193000_010.wav;0;0.06408555060625076;0
4111;MER7_20220709_193000_011.wav;0;0.03609229251742363;0
4112;MER7_20220709_193000_012.wav;0;0.05041518807411194;0
4113;MER7_20220709_193000_013.wav;0;0.05206810310482979;0
4114;MER7_20220709_193000_014.wav;0;0.0825115367770195;0
4115;MER7_20220709_193000_015.wav;0;0.04593562334775925;0
4116;MER7_20220709_193000_016.wav;0;0.01172624621540308;0
4117;MER7_20220709_193000_017.wav;0;0.06610280275344849;0
4118;MER7_20220709_193000_018.wav;0;0.026633720844984055;0
4119;MER7_20220709_193000_019.wav;0;0.08549904078245163;0
4120;MER7_20220711_064500_000.wav;0;0.00709198834374547;0
4121;MER7_20220711_064500_001.wav;0;0.0022136454936116934;0
4122;MER7_20220711_064500_002.wav;0;0.00221494329161942;0
4123;MER7_20220711_064500_003.wav;0;0.016944212839007378;0
4124;MER7_20220711_064500_004.wav;0;0.0024142127949744463;0
4125;MER7_20220711_064500_005.wav;0;0.0013332017697393894;0
4126;MER7_20220711_064500_006.wav;0;0.010637134313583374;0
4127;MER7_20220711_064500_007.wav;0;0.0015418092953041196;0
4128;MER7_20220711_064500_008.wav;0;0.00380798545666039;0
4129;MER7_20220711_064500_009.wav;0;0.0044054617173969746;0
4130;MER7_20220711_064500_010.wav;0;0.0044242446310818195;0
4131;MER7_20220711_064500_011.wav;0;0.007326183374971151;0
4132;MER7_20220711_064500_012.wav;0;0.002879304811358452;0
4133;MER7_20220711_064500_013.wav;0;0.0031451345421373844;0
4134;MER7_20220711_064500_014.wav;0;0.00673436326906085;0
4135;MER7_20220711_064500_015.wav;0;0.008471101522445679;0
4136;MER7_20220711_064500_016.wav;0;0.0023813918232917786;0
4137;MER7_20220711_064500_017.wav;0;0.002839884953573346;0
4138;MER7_20220711_064500_018.wav;0;0.036322832107543945;0
4139;MER7_20220711_064500_019.wav;0;0.0028365529142320156;0
4140;MER7_20220711_154500_000.wav;0;0.100980244576931;0
4141;MER7_20220711_154500_001.wav;0;0.03704633563756943;0
4142;MER7_20220711_154500_002.wav;0;0.017401011660695076;0
4143;MER7_20220711_154500_003.wav;0;0.04648160934448242;0
4144;MER7_20220711_154500_004.wav;0;0.03680482134222984;0
4145;MER7_20220711_154500_005.wav;0;0.05764639750123024;0
4146;MER7_20220711_154500_006.wav;0;0.037211641669273376;0
4147;MER7_20220711_154500_007.wav;0;0.06713790446519852;0
4148;MER7_20220711_154500_008.wav;0;0.04707212373614311;0
4149;MER7_20220711_154500_009.wav;0;0.0853593572974205;0
4150;MER7_20220711_154500_010.wav;0;0.0642695501446724;0
4151;MER7_20220711_154500_011.wav;0;0.060702841728925705;0
4152;MER7_20220711_154500_012.wav;0;0.058049410581588745;0
4153;MER7_20220711_154500_013.wav;0;0.0442948043346405;0
4154;MER7_20220711_154500_014.wav;0;0.042303308844566345;0
4155;MER7_20220711_154500_015.wav;0;0.036587152630090714;0
4156;MER7_20220711_154500_016.wav;0;0.04041402414441109;0
4157;MER7_20220711_154500_017.wav;0;0.0623520091176033;0
4158;MER7_20220711_154500_018.wav;0;0.047853611409664154;0
4159;MER7_20220711_154500_019.wav;0;0.051913660019636154;0
4160;MER7_20220713_050000_000.wav;0;0.06149948760867119;0
4161;MER7_20220713_050000_001.wav;0;0.04007353633642197;0
4162;MER7_20220713_050000_002.wav;0;0.05624363571405411;0
4163;MER7_20220713_050000_003.wav;0;0.11844649165868759;0
4164;MER7_20220713_050000_004.wav;0;0.046285923570394516;0
4165;MER7_20220713_050000_005.wav;0;0.013114924542605877;0
4166;MER7_20220713_050000_006.wav;0;0.07940994203090668;0
4167;MER7_20220713_050000_007.wav;0;0.023876072838902473;0
4168;MER7_20220713_050000_008.wav;0;0.0593910738825798;0
4169;MER7_20220713_050000_009.wav;0;0.09945175796747208;0
4170;MER7_20220713_050000_010.wav;0;0.031519241631031036;0
4171;MER7_20220713_050000_011.wav;0;0.11662331968545914;0
4172;MER7_20220713_050000_012.wav;0;0.06351060420274734;0
4173;MER7_20220713_050000_013.wav;0;0.029687166213989258;0
4174;MER7_20220713_050000_014.wav;0;0.04895876720547676;0
4175;MER7_20220713_050000_015.wav;0;0.018828539177775383;0
4176;MER7_20220713_050000_016.wav;0;0.02137535624206066;0
4177;MER7_20220713_050000_017.wav;0;0.04989590495824814;0
4178;MER7_20220713_050000_018.wav;0;0.17922700941562653;0
4179;MER7_20220713_050000_019.wav;0;0.03504300117492676;0
4180;MER7_20220717_064500_000.wav;0;0.007720885798335075;0
4181;MER7_20220717_064500_001.wav;0;0.024363094940781593;0
4182;MER7_20220717_064500_002.wav;0;0.04471015930175781;0
4183;MER7_20220717_064500_003.wav;0;0.06917916238307953;0
4184;MER7_20220717_064500_004.wav;0;0.011241703294217587;0
4185;MER7_20220717_064500_005.wav;0;0.09322162717580795;0
4186;MER7_20220717_064500_006.wav;0;0.03926922008395195;0
4187;MER7_20220717_064500_007.wav;0;0.00806374941021204;0
4188;MER7_20220717_064500_008.wav;0;0.024716686457395554;0
4189;MER7_20220717_064500_009.wav;0;0.0215421412140131;0
4190;MER7_20220717_064500_010.wav;0;0.14566566050052643;0
4191;MER7_20220717_064500_011.wav;0;0.268984317779541;0
4192;MER7_20220717_064500_012.wav;0;0.021753715351223946;0
4193;MER7_20220717_064500_013.wav;0;0.028910666704177856;0
4194;MER7_20220717_064500_014.wav;0;0.08118171244859695;0
4195;MER7_20220717_064500_015.wav;0;0.07948446273803711;0
4196;MER7_20220717_064500_016.wav;0;0.026769505813717842;0
4197;MER7_20220717_064500_017.wav;0;0.009433035738766193;0
4198;MER7_20220717_064500_018.wav;0;0.009356314316391945;0
4199;MER7_20220717_064500_019.wav;0;0.11505461484193802;0
4200;MER7_20220723_020000_000.wav;0;0.033231332898139954;0
4201;MER7_20220723_020000_001.wav;0;0.1280040293931961;0
4202;MER7_20220723_020000_002.wav;0;0.11244765669107437;0
4203;MER7_20220723_020000_003.wav;0;0.1434820145368576;0
4204;MER7_20220723_020000_004.wav;0;0.03891373798251152;0
4205;MER7_20220723_020000_005.wav;0;0.03686332702636719;0
4206;MER7_20220723_020000_006.wav;0;0.05602584406733513;0
4207;MER7_20220723_020000_007.wav;0;0.030384087935090065;0
4208;MER7_20220723_020000_008.wav;0;0.045548491179943085;0
4209;MER7_20220723_020000_009.wav;0;0.02570418268442154;0
4210;MER7_20220723_020000_010.wav;0;0.03455173224210739;0
4211;MER7_20220723_020000_011.wav;0;0.061954665929079056;0
4212;MER7_20220723_020000_012.wav;0;0.043138641864061356;0
4213;MER7_20220723_020000_013.wav;0;0.02434476837515831;0
4214;MER7_20220723_020000_014.wav;0;0.04332897067070007;0
4215;MER7_20220723_020000_015.wav;0;0.062058139592409134;0
4216;MER7_20220723_020000_016.wav;0;0.09746845811605453;0
4217;MER7_20220723_020000_017.wav;0;0.042242374271154404;0
4218;MER7_20220723_020000_018.wav;0;0.07144501805305481;0
4219;MER7_20220723_020000_019.wav;0;0.11868394911289215;0
4220;MER7_20220723_213000_000.wav;0;0.08453095704317093;0
4221;MER7_20220723_213000_001.wav;0;0.15480603277683258;0
4222;MER7_20220723_213000_002.wav;0;0.1797444075345993;0
4223;MER7_20220723_213000_003.wav;0;0.007482542656362057;0
4224;MER7_20220723_213000_004.wav;0;0.06472929567098618;0
4225;MER7_20220723_213000_005.wav;0;0.08106396347284317;0
4226;MER7_20220723_213000_006.wav;0;0.11224381625652313;0
4227;MER7_20220723_213000_007.wav;0;0.23384006321430206;0
4228;MER7_20220723_213000_008.wav;0;0.10476788878440857;0
4229;MER7_20220723_213000_009.wav;0;0.04327631741762161;0
4230;MER7_20220723_213000_010.wav;0;0.057559333741664886;0
4231;MER7_20220723_213000_011.wav;0;0.0326426737010479;0
4232;MER7_20220723_213000_012.wav;0;0.04546770453453064;0
4233;MER7_20220723_213000_013.wav;0;0.032114267349243164;0
4234;MER7_20220723_213000_014.wav;0;0.05591057986021042;0
4235;MER7_20220723_213000_015.wav;0;0.21489962935447693;0
4236;MER7_20220723_213000_016.wav;0;0.028010688722133636;0
4237;MER7_20220723_213000_017.wav;0;0.012413065880537033;0
4238;MER7_20220723_213000_018.wav;0;0.04096643626689911;0
4239;MER7_20220723_213000_019.wav;0;0.29189687967300415;0
4240;MER7_20220725_020000_000.wav;0;0.062440063804388046;0
4241;MER7_20220725_020000_001.wav;0;0.36202141642570496;0
4242;MER7_20220725_020000_002.wav;0;0.3527405560016632;0
4243;MER7_20220725_020000_003.wav;0;0.12998270988464355;0
4244;MER7_20220725_020000_004.wav;0;0.34470292925834656;0
4245;MER7_20220725_020000_005.wav;0;0.052093081176280975;0
4246;MER7_20220725_020000_006.wav;0;0.13029490411281586;0
4247;MER7_20220725_020000_007.wav;0;0.09993699193000793;0
4248;MER7_20220725_020000_008.wav;0;0.7432374954223633;0
4249;MER7_20220725_020000_009.wav;0;0.03844834491610527;0
4250;MER7_20220725_020000_010.wav;0;0.0169632937759161;0
4251;MER7_20220725_020000_011.wav;0;0.032711222767829895;0
4252;MER7_20220725_020000_012.wav;0;0.03937338665127754;0
4253;MER7_20220725_020000_013.wav;0;0.2167081981897354;0
4254;MER7_20220725_020000_014.wav;0;0.0712856873869896;0
4255;MER7_20220725_020000_015.wav;0;0.02235395647585392;0
4256;MER7_20220725_020000_016.wav;0;0.02547340840101242;0
4257;MER7_20220725_020000_017.wav;0;0.032545607537031174;0
4258;MER7_20220725_020000_018.wav;0;0.09346167743206024;0
4259;MER7_20220725_020000_019.wav;0;0.08248353004455566;0
4260;MER7_20220727_214500_000.wav;0;0.007004415150731802;0
4261;MER7_20220727_214500_001.wav;0;0.024700762704014778;0
4262;MER7_20220727_214500_002.wav;0;0.0565665178000927;0
4263;MER7_20220727_214500_003.wav;0;0.0077227381989359856;0
4264;MER7_20220727_214500_004.wav;0;0.00930595863610506;0
4265;MER7_20220727_214500_005.wav;0;0.006992293521761894;0
4266;MER7_20220727_214500_006.wav;0;0.001688099349848926;0
4267;MER7_20220727_214500_007.wav;0;0.04359221085906029;0
4268;MER7_20220727_214500_008.wav;0;0.03210466355085373;0
4269;MER7_20220727_214500_009.wav;0;0.4603588879108429;0
4270;MER7_20220727_214500_010.wav;0;0.01699969545006752;0
4271;MER7_20220727_214500_011.wav;0;0.004511673003435135;0
4272;MER7_20220727_214500_012.wav;0;0.012623492628335953;0
4273;MER7_20220727_214500_013.wav;0;0.0017443307442590594;0
4274;MER7_20220727_214500_014.wav;0;0.12544751167297363;0
4275;MER7_20220727_214500_015.wav;0;0.11560036242008209;0
4276;MER7_20220727_214500_016.wav;0;0.010952590964734554;0
4277;MER7_20220727_214500_017.wav;0;0.04940665513277054;0
4278;MER7_20220727_214500_018.wav;0;0.007855966687202454;0
4279;MER7_20220727_214500_019.wav;0;0.01565234549343586;0
4280;MER7_20220729_151500_000.wav;0;0.10341116786003113;0
4281;MER7_20220729_151500_001.wav;0;0.021978870034217834;0
4282;MER7_20220729_151500_002.wav;0;0.03526712954044342;0
4283;MER7_20220729_151500_003.wav;0;0.015895258635282516;0
4284;MER7_20220729_151500_004.wav;0;0.16228532791137695;0
4285;MER7_20220729_151500_005.wav;0;0.028780842199921608;0
4286;MER7_20220729_151500_006.wav;0;0.10454267263412476;0
4287;MER7_20220729_151500_007.wav;0;0.029978876933455467;0
4288;MER7_20220729_151500_008.wav;0;0.05885200947523117;0
4289;MER7_20220729_151500_009.wav;0;0.18427938222885132;0
4290;MER7_20220729_151500_010.wav;0;0.08695905655622482;0
4291;MER7_20220729_151500_011.wav;0;0.04385664314031601;0
4292;MER7_20220729_151500_012.wav;0;0.3705279231071472;0
4293;MER7_20220729_151500_013.wav;0;0.018262535333633423;0
4294;MER7_20220729_151500_014.wav;0;0.024448620155453682;0
4295;MER7_20220729_151500_015.wav;0;0.08500755578279495;0
4296;MER7_20220729_151500_016.wav;0;0.05408729985356331;0
4297;MER7_20220729_151500_017.wav;0;0.04314304143190384;0
4298;MER7_20220729_151500_018.wav;0;0.20213454961776733;0
4299;MER7_20220729_151500_019.wav;0;0.010455909185111523;0
4300;MER7_20220802_064500_000.wav;0;0.14286337792873383;0
4301;MER7_20220802_064500_001.wav;0;0.018392618745565414;0
4302;MER7_20220802_064500_002.wav;0;0.038824412971735;0
4303;MER7_20220802_064500_003.wav;0;0.18056932091712952;0
4304;MER7_20220802_064500_004.wav;0;0.11936721205711365;0
4305;MER7_20220802_064500_005.wav;0;0.010268867947161198;0
4306;MER7_20220802_064500_006.wav;0;0.009912560693919659;0
4307;MER7_20220802_064500_007.wav;0;0.009267698042094707;0
4308;MER7_20220802_064500_008.wav;0;0.006127942819148302;0
4309;MER7_20220802_064500_009.wav;0;0.011242360807955265;0
4310;MER7_20220802_064500_010.wav;0;0.012190491892397404;0
4311;MER7_20220802_064500_011.wav;0;0.042671095579862595;0
4312;MER7_20220802_064500_012.wav;0;0.0058378069661557674;0
4313;MER7_20220802_064500_013.wav;0;0.06413383036851883;0
4314;MER7_20220802_064500_014.wav;0;0.018347449600696564;0
4315;MER7_20220802_064500_015.wav;0;0.005689593032002449;0
4316;MER7_20220802_064500_016.wav;0;0.004752686712890863;0
4317;MER7_20220802_064500_017.wav;0;0.027488810941576958;0
4318;MER7_20220802_064500_018.wav;0;0.013760104775428772;0
4319;MER7_20220802_064500_019.wav;0;0.003716182429343462;0
4320;MER7_20220806_040000_000.wav;0;0.9936263561248779;0
4321;MER7_20220806_040000_001.wav;0;0.9955820441246033;0
4322;MER7_20220806_040000_002.wav;0;0.9884217381477356;0
4323;MER7_20220806_040000_003.wav;0;0.9883856773376465;0
4324;MER7_20220806_040000_004.wav;0;0.993327260017395;0
4325;MER7_20220806_040000_005.wav;0;0.9894070029258728;0
4326;MER7_20220806_040000_006.wav;0;0.9820745587348938;0
4327;MER7_20220806_040000_007.wav;0;0.9935283064842224;0
4328;MER7_20220806_040000_008.wav;0;0.9885297417640686;0
4329;MER7_20220806_040000_009.wav;0;0.9873020648956299;0
4330;MER7_20220806_040000_010.wav;0;0.9837818145751953;0
4331;MER7_20220806_040000_011.wav;0;0.996364414691925;0
4332;MER7_20220806_040000_012.wav;0;0.9838176965713501;0
4333;MER7_20220806_040000_013.wav;0;0.9856364727020264;0
4334;MER7_20220806_040000_014.wav;0;0.9841806888580322;0
4335;MER7_20220806_040000_015.wav;0;0.9876349568367004;0
4336;MER7_20220806_040000_016.wav;0;0.9813496470451355;0
4337;MER7_20220806_040000_017.wav;0;0.976558268070221;0
4338;MER7_20220806_040000_018.wav;0;0.9934805631637573;0
4339;MER7_20220806_040000_019.wav;0;0.9449612498283386;0
4340;MER7_20220806_124500_000.wav;0;0.0572420135140419;0
4341;MER7_20220806_124500_001.wav;0;0.3085748851299286;0
4342;MER7_20220806_124500_002.wav;0;0.18901954591274261;0
4343;MER7_20220806_124500_003.wav;0;0.6578975319862366;0
4344;MER7_20220806_124500_004.wav;0;0.027869345620274544;0
4345;MER7_20220806_124500_005.wav;0;0.3467666208744049;0
4346;MER7_20220806_124500_006.wav;0;0.2675744295120239;0
4347;MER7_20220806_124500_007.wav;0;0.055644743144512177;0
4348;MER7_20220806_124500_008.wav;0;0.12033390998840332;0
4349;MER7_20220806_124500_009.wav;0;0.11853379011154175;0
4350;MER7_20220806_124500_010.wav;0;0.6325890421867371;0
4351;MER7_20220806_124500_011.wav;0;0.6281872987747192;0
4352;MER7_20220806_124500_012.wav;0;0.39114317297935486;0
4353;MER7_20220806_124500_013.wav;0;0.02389606274664402;0
4354;MER7_20220806_124500_014.wav;0;0.08874138444662094;0
4355;MER7_20220806_124500_015.wav;0;0.019385503605008125;0
4356;MER7_20220806_124500_016.wav;0;0.24391813576221466;0
4357;MER7_20220806_124500_017.wav;0;0.047607455402612686;0
4358;MER7_20220806_124500_018.wav;0;0.026115983724594116;0
4359;MER7_20220806_124500_019.wav;0;0.020167620852589607;0
4360;MER7_20220806_221500_000.wav;0;0.0012410744093358517;0
4361;MER7_20220806_221500_001.wav;0;0.001444549416191876;0
4362;MER7_20220806_221500_002.wav;0;0.0043902830220758915;0
4363;MER7_20220806_221500_003.wav;0;0.010643660090863705;0
4364;MER7_20220806_221500_004.wav;0;0.005679190158843994;0
4365;MER7_20220806_221500_005.wav;0;0.011340448632836342;0
4366;MER7_20220806_221500_006.wav;0;0.0031966587994247675;0
4367;MER7_20220806_221500_007.wav;0;0.0032847123220562935;0
4368;MER7_20220806_221500_008.wav;0;0.001318719470873475;0
4369;MER7_20220806_221500_009.wav;0;0.003272436559200287;0
4370;MER7_20220806_221500_010.wav;0;0.0035247947089374065;0
4371;MER7_20220806_221500_011.wav;0;0.0012856960529461503;0
4372;MER7_20220806_221500_012.wav;0;0.001865894766524434;0
4373;MER7_20220806_221500_013.wav;0;0.008075558580458164;0
4374;MER7_20220806_221500_014.wav;0;0.007234266959130764;0
4375;MER7_20220806_221500_015.wav;0;0.0051894295029342175;0
4376;MER7_20220806_221500_016.wav;0;0.005467091221362352;0
4377;MER7_20220806_221500_017.wav;0;0.009949134662747383;0
4378;MER7_20220806_221500_018.wav;0;0.03549239784479141;0
4379;MER7_20220806_221500_019.wav;0;0.02692542038857937;0
4380;MER7_20220808_094500_000.wav;0;0.04396427422761917;0
4381;MER7_20220808_094500_001.wav;0;0.0021473935339599848;0
4382;MER7_20220808_094500_002.wav;0;0.005376623943448067;0
4383;MER7_20220808_094500_003.wav;0;0.0014680121093988419;0
4384;MER7_20220808_094500_004.wav;0;0.0014896747888997197;0
4385;MER7_20220808_094500_005.wav;0;0.0055009750649333;0
4386;MER7_20220808_094500_006.wav;0;0.004444069694727659;0
4387;MER7_20220808_094500_007.wav;0;0.001663448172621429;0
4388;MER7_20220808_094500_008.wav;0;0.03175374120473862;0
4389;MER7_20220808_094500_009.wav;0;0.005147865973412991;0
4390;MER7_20220808_094500_010.wav;0;0.003739700885489583;0
4391;MER7_20220808_094500_011.wav;0;0.0027361195534467697;0
4392;MER7_20220808_094500_012.wav;0;0.004310295917093754;0
4393;MER7_20220808_094500_013.wav;0;0.0030389977619051933;0
4394;MER7_20220808_094500_014.wav;0;0.002715370152145624;0
4395;MER7_20220808_094500_015.wav;0;0.0006744614220224321;0
4396;MER7_20220808_094500_016.wav;0;0.0011533546494320035;0
4397;MER7_20220808_094500_017.wav;0;0.0021494952961802483;0
4398;MER7_20220808_094500_018.wav;0;0.030441928654909134;0
4399;MER7_20220808_094500_019.wav;0;0.021186763420701027;0
4400;MER7_20220810_051500_000.wav;0;0.17918016016483307;0
4401;MER7_20220810_051500_001.wav;0;0.1598057746887207;0
4402;MER7_20220810_051500_002.wav;0;0.05699392780661583;0
4403;MER7_20220810_051500_003.wav;0;0.0935165286064148;0
4404;MER7_20220810_051500_004.wav;0;0.15773211419582367;0
4405;MER7_20220810_051500_005.wav;0;0.03779543936252594;0
4406;MER7_20220810_051500_006.wav;0;0.10734115540981293;0
4407;MER7_20220810_051500_007.wav;0;0.04925720766186714;0
4408;MER7_20220810_051500_008.wav;0;0.08278468251228333;0
4409;MER7_20220810_051500_009.wav;0;0.1136571392416954;0
4410;MER7_20220810_051500_010.wav;0;0.01629025489091873;0
4411;MER7_20220810_051500_011.wav;0;0.09585201740264893;0
4412;MER7_20220810_051500_012.wav;0;0.025497952476143837;0
4413;MER7_20220810_051500_013.wav;0;0.015507468953728676;0
4414;MER7_20220810_051500_014.wav;0;0.151872456073761;0
4415;MER7_20220810_051500_015.wav;0;0.014243031851947308;0
4416;MER7_20220810_051500_016.wav;0;0.026438839733600616;0
4417;MER7_20220810_051500_017.wav;0;0.012909859418869019;0
4418;MER7_20220810_051500_018.wav;0;0.025625407695770264;0
4419;MER7_20220810_051500_019.wav;0;0.03268018737435341;0
4420;MER7_20220810_063000_000.wav;0;0.011001652106642723;0
4421;MER7_20220810_063000_001.wav;0;0.19536657631397247;0
4422;MER7_20220810_063000_002.wav;0;0.11212572455406189;0
4423;MER7_20220810_063000_003.wav;0;0.02863236516714096;0
4424;MER7_20220810_063000_004.wav;0;0.018391285091638565;0
4425;MER7_20220810_063000_005.wav;0;0.027194317430257797;0
4426;MER7_20220810_063000_006.wav;0;0.03123973309993744;0
4427;MER7_20220810_063000_007.wav;0;0.006143345031887293;0
4428;MER7_20220810_063000_008.wav;0;0.040337178856134415;0
4429;MER7_20220810_063000_009.wav;0;0.005075137596577406;0
4430;MER7_20220810_063000_010.wav;0;0.024168824777007103;0
4431;MER7_20220810_063000_011.wav;0;0.03949055075645447;0
4432;MER7_20220810_063000_012.wav;0;0.21997034549713135;0
4433;MER7_20220810_063000_013.wav;0;0.03220120444893837;0
4434;MER7_20220810_063000_014.wav;0;0.017423216253519058;0
4435;MER7_20220810_063000_015.wav;0;0.01295029278844595;0
4436;MER7_20220810_063000_016.wav;0;0.35483407974243164;0
4437;MER7_20220810_063000_017.wav;0;0.06350423395633698;0
4438;MER7_20220810_063000_018.wav;0;0.14361117780208588;0
4439;MER7_20220810_063000_019.wav;0;0.00610599759966135;0
4440;MER7_20220814_041500_000.wav;0;0.04811565950512886;0
4441;MER7_20220814_041500_001.wav;0;0.08177606016397476;0
4442;MER7_20220814_041500_002.wav;0;0.04364614933729172;0
4443;MER7_20220814_041500_003.wav;0;0.08301272988319397;0
4444;MER7_20220814_041500_004.wav;0;0.048106223344802856;0
4445;MER7_20220814_041500_005.wav;0;0.017427193000912666;0
4446;MER7_20220814_041500_006.wav;0;0.022547485306859016;0
4447;MER7_20220814_041500_007.wav;0;0.11975091695785522;0
4448;MER7_20220814_041500_008.wav;0;0.04629412293434143;0
4449;MER7_20220814_041500_009.wav;0;0.1765877902507782;0
4450;MER7_20220814_041500_010.wav;0;0.10280940681695938;0
4451;MER7_20220814_041500_011.wav;0;0.01065856870263815;0
4452;MER7_20220814_041500_012.wav;0;0.05149935558438301;0
4453;MER7_20220814_041500_013.wav;0;0.01345120556652546;0
4454;MER7_20220814_041500_014.wav;0;0.1101287379860878;0
4455;MER7_20220814_041500_015.wav;0;0.07295512408018112;0
4456;MER7_20220814_041500_016.wav;0;0.020159918814897537;0
4457;MER7_20220814_041500_017.wav;0;0.07152120023965836;0
4458;MER7_20220814_041500_018.wav;0;0.020890861749649048;0
4459;MER7_20220814_041500_019.wav;0;0.2179384082555771;0
4460;MER7_20220818_203000_000.wav;0;0.055432241410017014;0
4461;MER7_20220818_203000_001.wav;0;0.09816686064004898;0
4462;MER7_20220818_203000_002.wav;0;0.14985805749893188;0
4463;MER7_20220818_203000_003.wav;0;0.05803536996245384;0
4464;MER7_20220818_203000_004.wav;0;0.015983769670128822;0
4465;MER7_20220818_203000_005.wav;0;0.0730806291103363;0
4466;MER7_20220818_203000_006.wav;0;0.05967693403363228;0
4467;MER7_20220818_203000_007.wav;0;0.015045272186398506;0
4468;MER7_20220818_203000_008.wav;0;0.041563790291547775;0
4469;MER7_20220818_203000_009.wav;0;0.04684409499168396;0
4470;MER7_20220818_203000_010.wav;0;0.012220295146107674;0
4471;MER7_20220818_203000_011.wav;0;0.025313999503850937;0
4472;MER7_20220818_203000_012.wav;0;0.008467093110084534;0
4473;MER7_20220818_203000_013.wav;0;0.0032136007212102413;0
4474;MER7_20220818_203000_014.wav;0;0.03692898899316788;0
4475;MER7_20220818_203000_015.wav;0;0.008461493998765945;0
4476;MER7_20220818_203000_016.wav;0;0.033237896859645844;0
4477;MER7_20220818_203000_017.wav;0;0.018955642357468605;0
4478;MER7_20220818_203000_018.wav;0;0.007134947460144758;0
4479;MER7_20220818_203000_019.wav;0;0.0423574298620224;0
4480;MER7_20220820_134500_000.wav;0;0.04582618176937103;0
4481;MER7_20220820_134500_001.wav;0;0.009649943560361862;0
4482;MER7_20220820_134500_002.wav;0;0.028369417414069176;0
4483;MER7_20220820_134500_003.wav;0;0.028856055811047554;0
4484;MER7_20220820_134500_004.wav;0;0.034387897700071335;0
4485;MER7_20220820_134500_005.wav;0;0.04805758595466614;0
4486;MER7_20220820_134500_006.wav;0;0.028615117073059082;0
4487;MER7_20220820_134500_007.wav;0;0.015037932433187962;0
4488;MER7_20220820_134500_008.wav;0;0.029884060844779015;0
4489;MER7_20220820_134500_009.wav;0;0.027331091463565826;0
4490;MER7_20220820_134500_010.wav;0;0.016317641362547874;0
4491;MER7_20220820_134500_011.wav;0;0.021455178037285805;0
4492;MER7_20220820_134500_012.wav;0;0.04537612199783325;0
4493;MER7_20220820_134500_013.wav;0;0.037519149482250214;0
4494;MER7_20220820_134500_014.wav;0;0.030318696051836014;0
4495;MER7_20220820_134500_015.wav;0;0.013800054788589478;0
4496;MER7_20220820_134500_016.wav;0;0.0317680723965168;0
4497;MER7_20220820_134500_017.wav;0;0.03663451597094536;0
4498;MER7_20220820_134500_018.wav;0;0.059572577476501465;0
4499;MER7_20220820_134500_019.wav;0;0.03124801069498062;0
4500;MER7_20220820_231500_000.wav;0;0.0441482849419117;0
4501;MER7_20220820_231500_001.wav;0;0.022898230701684952;0
4502;MER7_20220820_231500_002.wav;0;0.09011152386665344;0
4503;MER7_20220820_231500_003.wav;0;0.08377641439437866;0
4504;MER7_20220820_231500_004.wav;0;0.042586103081703186;0
4505;MER7_20220820_231500_005.wav;0;0.04263895004987717;0
4506;MER7_20220820_231500_006.wav;0;0.03671106696128845;0
4507;MER7_20220820_231500_007.wav;0;0.04050152748823166;0
4508;MER7_20220820_231500_008.wav;0;0.031217750161886215;0
4509;MER7_20220820_231500_009.wav;0;0.04060977324843407;0
4510;MER7_20220820_231500_010.wav;0;0.019350197166204453;0
4511;MER7_20220820_231500_011.wav;0;0.06996461004018784;0
4512;MER7_20220820_231500_012.wav;0;0.013116511516273022;0
4513;MER7_20220820_231500_013.wav;0;0.022046925500035286;0
4514;MER7_20220820_231500_014.wav;0;0.03188273310661316;0
4515;MER7_20220820_231500_015.wav;0;0.03211503103375435;0
4516;MER7_20220820_231500_016.wav;0;0.03346113860607147;0
4517;MER7_20220820_231500_017.wav;0;0.036704838275909424;0
4518;MER7_20220820_231500_018.wav;0;0.05505509302020073;0
4519;MER7_20220820_231500_019.wav;0;0.020755618810653687;0
4520;MER7_20220824_141500_000.wav;0;0.06434739381074905;0
4521;MER7_20220824_141500_001.wav;0;0.21475718915462494;0
4522;MER7_20220824_141500_002.wav;0;0.08066150546073914;0
4523;MER7_20220824_141500_003.wav;0;0.05269007384777069;0
4524;MER7_20220824_141500_004.wav;0;0.019997702911496162;0
4525;MER7_20220824_141500_005.wav;0;0.02323506399989128;0
4526;MER7_20220824_141500_006.wav;0;0.03373504802584648;0
4527;MER7_20220824_141500_007.wav;0;0.11934104561805725;0
4528;MER7_20220824_141500_008.wav;0;0.05922159552574158;0
4529;MER7_20220824_141500_009.wav;0;0.036331068724393845;0
4530;MER7_20220824_141500_010.wav;0;0.02897023968398571;0
4531;MER7_20220824_141500_011.wav;0;0.05877726897597313;0
4532;MER7_20220824_141500_012.wav;0;0.038057927042245865;0
4533;MER7_20220824_141500_013.wav;0;0.050613999366760254;0
4534;MER7_20220824_141500_014.wav;0;0.09157704561948776;0
4535;MER7_20220824_141500_015.wav;0;0.05127246305346489;0
4536;MER7_20220824_141500_016.wav;0;0.03143197298049927;0
4537;MER7_20220824_141500_017.wav;0;0.03668292611837387;0
4538;MER7_20220824_141500_018.wav;0;0.03096781112253666;0
4539;MER7_20220824_141500_019.wav;0;0.030348721891641617;0
4540;MER7_20220901_053000_000.wav;0;0.027667531743645668;0
4541;MER7_20220901_053000_001.wav;0;0.018528766930103302;0
4542;MER7_20220901_053000_002.wav;0;0.04686623439192772;0
4543;MER7_20220901_053000_003.wav;0;0.03871398791670799;0
4544;MER7_20220901_053000_004.wav;0;0.030863258987665176;0
4545;MER7_20220901_053000_005.wav;0;0.07836731523275375;0
4546;MER7_20220901_053000_006.wav;0;0.034477826207876205;0
4547;MER7_20220901_053000_007.wav;0;0.03542668744921684;0
4548;MER7_20220901_053000_008.wav;0;0.06302224099636078;0
4549;MER7_20220901_053000_009.wav;0;0.021136736497282982;0
4550;MER7_20220901_053000_010.wav;0;0.023115677759051323;0
4551;MER7_20220901_053000_011.wav;0;0.026546211913228035;0
4552;MER7_20220901_053000_012.wav;0;0.02509377710521221;0
4553;MER7_20220901_053000_013.wav;0;0.08077589422464371;0
4554;MER7_20220901_053000_014.wav;0;0.0613366924226284;0
4555;MER7_20220901_053000_015.wav;0;0.012499119155108929;0
4556;MER7_20220901_053000_016.wav;0;0.028232306241989136;0
4557;MER7_20220901_053000_017.wav;0;0.042554810643196106;0
4558;MER7_20220901_053000_018.wav;0;0.03605690971016884;0
4559;MER7_20220901_053000_019.wav;0;0.09207827597856522;0
4560;MER7_20220901_103000_000.wav;0;0.032509177923202515;0
4561;MER7_20220901_103000_001.wav;0;0.010242287069559097;0
4562;MER7_20220901_103000_002.wav;0;0.03970426693558693;0
4563;MER7_20220901_103000_003.wav;0;0.03802647441625595;0
4564;MER7_20220901_103000_004.wav;0;0.015398778021335602;0
4565;MER7_20220901_103000_005.wav;0;0.018652914091944695;0
4566;MER7_20220901_103000_006.wav;0;0.10982352495193481;0
4567;MER7_20220901_103000_007.wav;0;0.0341903455555439;0
4568;MER7_20220901_103000_008.wav;0;0.043238021433353424;0
4569;MER7_20220901_103000_009.wav;0;0.05968589335680008;0
4570;MER7_20220901_103000_010.wav;0;0.055689260363578796;0
4571;MER7_20220901_103000_011.wav;0;0.050905317068099976;0
4572;MER7_20220901_103000_012.wav;0;0.029574735090136528;0
4573;MER7_20220901_103000_013.wav;0;0.07071568816900253;0
4574;MER7_20220901_103000_014.wav;0;0.021100791171193123;0
4575;MER7_20220901_103000_015.wav;0;0.02484394609928131;0
4576;MER7_20220901_103000_016.wav;0;0.028225701302289963;0
4577;MER7_20220901_103000_017.wav;0;0.05084005743265152;0
4578;MER7_20220901_103000_018.wav;0;0.05301424860954285;0
4579;MER7_20220901_103000_019.wav;0;0.04928463324904442;0
4580;MER7_20220901_104500_000.wav;0;0.22428463399410248;0
4581;MER7_20220901_104500_001.wav;0;0.0441172756254673;0
4582;MER7_20220901_104500_002.wav;0;0.00782468356192112;0
4583;MER7_20220901_104500_003.wav;0;0.017773188650608063;0
4584;MER7_20220901_104500_004.wav;0;0.09602757543325424;0
4585;MER7_20220901_104500_005.wav;0;0.09728452563285828;0
4586;MER7_20220901_104500_006.wav;0;0.12387734651565552;0
4587;MER7_20220901_104500_007.wav;0;0.076108917593956;0
4588;MER7_20220901_104500_008.wav;0;0.03692321479320526;0
4589;MER7_20220901_104500_009.wav;0;0.06120719760656357;0
4590;MER7_20220901_104500_010.wav;0;0.05991728603839874;0
4591;MER7_20220901_104500_011.wav;0;0.01714327000081539;0
4592;MER7_20220901_104500_012.wav;0;0.06072016432881355;0
4593;MER7_20220901_104500_013.wav;0;0.0276101715862751;0
4594;MER7_20220901_104500_014.wav;0;0.05109844729304314;0
4595;MER7_20220901_104500_015.wav;0;0.03271307423710823;0
4596;MER7_20220901_104500_016.wav;0;0.030272722244262695;0
4597;MER7_20220901_104500_017.wav;0;0.04890621826052666;0
4598;MER7_20220901_104500_018.wav;0;0.0037474886048585176;0
4599;MER7_20220901_104500_019.wav;0;0.036103926599025726;0
4600;MER7_20220901_121500_000.wav;0;0.04437614604830742;0
4601;MER7_20220901_121500_001.wav;0;0.02534191496670246;0
4602;MER7_20220901_121500_002.wav;0;0.030166098847985268;0
4603;MER7_20220901_121500_003.wav;0;0.06744241714477539;0
4604;MER7_20220901_121500_004.wav;0;0.02661311812698841;0
4605;MER7_20220901_121500_005.wav;0;0.05813111364841461;0
4606;MER7_20220901_121500_006.wav;0;0.021113894879817963;0
4607;MER7_20220901_121500_007.wav;0;0.015635699033737183;0
4608;MER7_20220901_121500_008.wav;0;0.12489378452301025;0
4609;MER7_20220901_121500_009.wav;0;0.06345478445291519;0
4610;MER7_20220901_121500_010.wav;0;0.051105160266160965;0
4611;MER7_20220901_121500_011.wav;0;0.03675150126218796;0
4612;MER7_20220901_121500_012.wav;0;0.03086243011057377;0
4613;MER7_20220901_121500_013.wav;0;0.2688339352607727;0
4614;MER7_20220901_121500_014.wav;0;0.057499781250953674;0
4615;MER7_20220901_121500_015.wav;0;0.01861613430082798;0
4616;MER7_20220901_121500_016.wav;0;0.027849623933434486;0
4617;MER7_20220901_121500_017.wav;0;0.04073544591665268;0
4618;MER7_20220901_121500_018.wav;0;0.01445794478058815;0
4619;MER7_20220901_121500_019.wav;0;0.0412934236228466;0
4620;MER7_20220901_153000_000.wav;0;0.05053120106458664;0
4621;MER7_20220901_153000_001.wav;0;0.05422043800354004;0
4622;MER7_20220901_153000_002.wav;0;0.12633804976940155;0
4623;MER7_20220901_153000_003.wav;0;0.06417415291070938;0
4624;MER7_20220901_153000_004.wav;0;0.018601534888148308;0
4625;MER7_20220901_153000_005.wav;0;0.06072418391704559;0
4626;MER7_20220901_153000_006.wav;0;0.05798303708434105;0
4627;MER7_20220901_153000_007.wav;0;0.21173344552516937;0
4628;MER7_20220901_153000_008.wav;0;0.08707413822412491;0
4629;MER7_20220901_153000_009.wav;0;0.013091308064758778;0
4630;MER7_20220901_153000_010.wav;0;0.12911109626293182;0
4631;MER7_20220901_153000_011.wav;0;0.00932318065315485;0
4632;MER7_20220901_153000_012.wav;0;0.04074738919734955;0
4633;MER7_20220901_153000_013.wav;0;0.09959151595830917;0
4634;MER7_20220901_153000_014.wav;0;0.008671754971146584;0
4635;MER7_20220901_153000_015.wav;0;0.06189947575330734;0
4636;MER7_20220901_153000_016.wav;0;0.029648257419466972;0
4637;MER7_20220901_153000_017.wav;0;0.017457952722907066;0
4638;MER7_20220901_153000_018.wav;0;0.038134489208459854;0
4639;MER7_20220901_153000_019.wav;0;0.02342194691300392;0
4640;MER7_20220903_040000_000.wav;0;0.03553825989365578;0
4641;MER7_20220903_040000_001.wav;0;0.008728889748454094;0
4642;MER7_20220903_040000_002.wav;0;0.02402161993086338;0
4643;MER7_20220903_040000_003.wav;0;0.0497308075428009;0
4644;MER7_20220903_040000_004.wav;0;0.034322019666433334;0
4645;MER7_20220903_040000_005.wav;0;0.431429922580719;0
4646;MER7_20220903_040000_006.wav;0;0.03570697829127312;0
4647;MER7_20220903_040000_007.wav;0;0.0877528190612793;0
4648;MER7_20220903_040000_008.wav;0;0.009299784898757935;0
4649;MER7_20220903_040000_009.wav;0;0.059595804661512375;0
4650;MER7_20220903_040000_010.wav;0;0.09053024649620056;0
4651;MER7_20220903_040000_011.wav;0;0.03739079833030701;0
4652;MER7_20220903_040000_012.wav;0;0.013561147265136242;0
4653;MER7_20220903_040000_013.wav;0;0.054771650582551956;0
4654;MER7_20220903_040000_014.wav;0;0.5215915441513062;0
4655;MER7_20220903_040000_015.wav;0;0.8310457468032837;0
4656;MER7_20220903_040000_016.wav;0;0.09667626768350601;0
4657;MER7_20220903_040000_017.wav;0;0.0798540860414505;0
4658;MER7_20220903_040000_018.wav;0;0.05046435818076134;0
4659;MER7_20220903_040000_019.wav;0;0.031348686665296555;0
4660;MER7_20220903_041500_000.wav;0;0.05774328485131264;0
4661;MER7_20220903_041500_001.wav;0;0.00869478564709425;0
4662;MER7_20220903_041500_002.wav;0;0.040232621133327484;0
4663;MER7_20220903_041500_003.wav;0;0.03228216990828514;0
4664;MER7_20220903_041500_004.wav;0;0.17211049795150757;0
4665;MER7_20220903_041500_005.wav;0;0.024451198056340218;0
4666;MER7_20220903_041500_006.wav;0;0.32324153184890747;0
4667;MER7_20220903_041500_007.wav;0;0.04292929172515869;0
4668;MER7_20220903_041500_008.wav;0;0.031115613877773285;0
4669;MER7_20220903_041500_009.wav;0;0.06561693549156189;0
4670;MER7_20220903_041500_010.wav;0;0.0677623301744461;0
4671;MER7_20220903_041500_011.wav;0;0.03190362825989723;0
4672;MER7_20220903_041500_012.wav;0;0.10206152498722076;0
4673;MER7_20220903_041500_013.wav;0;0.027645038440823555;0
4674;MER7_20220903_041500_014.wav;0;0.8824158906936646;0
4675;MER7_20220903_041500_015.wav;0;0.10791663825511932;0
4676;MER7_20220903_041500_016.wav;0;0.018168848007917404;0
4677;MER7_20220903_041500_017.wav;0;0.1386808454990387;0
4678;MER7_20220903_041500_018.wav;0;0.07645197957754135;0
4679;MER7_20220903_041500_019.wav;0;0.08141526579856873;0
4680;MER7_20220903_173000_000.wav;0;0.1182589903473854;0
4681;MER7_20220903_173000_001.wav;0;0.034269146621227264;0
4682;MER7_20220903_173000_002.wav;0;0.11049943417310715;0
4683;MER7_20220903_173000_003.wav;0;0.05880860611796379;0
4684;MER7_20220903_173000_004.wav;0;0.0591878779232502;0
4685;MER7_20220903_173000_005.wav;0;0.06866150349378586;0
4686;MER7_20220903_173000_006.wav;0;0.07147546112537384;0
4687;MER7_20220903_173000_007.wav;0;0.009935781359672546;0
4688;MER7_20220903_173000_008.wav;0;0.16250541806221008;0
4689;MER7_20220903_173000_009.wav;0;0.04216804355382919;0
4690;MER7_20220903_173000_010.wav;0;0.17684316635131836;0
4691;MER7_20220903_173000_011.wav;0;0.20067521929740906;0
4692;MER7_20220903_173000_012.wav;0;0.1277620941400528;0
4693;MER7_20220903_173000_013.wav;0;0.07713793963193893;0
4694;MER7_20220903_173000_014.wav;0;0.01969555951654911;0
4695;MER7_20220903_173000_015.wav;0;0.08639535307884216;0
4696;MER7_20220903_173000_016.wav;0;0.07419566065073013;0
4697;MER7_20220903_173000_017.wav;0;0.05608295276761055;0
4698;MER7_20220903_173000_018.wav;0;0.02430168353021145;0
4699;MER7_20220903_173000_019.wav;0;0.051606010645627975;0
4700;MER7_20220903_193000_000.wav;0;0.0778232142329216;0
4701;MER7_20220903_193000_001.wav;0;0.0834093764424324;0
4702;MER7_20220903_193000_002.wav;0;0.047396983951330185;0
4703;MER7_20220903_193000_003.wav;0;0.15865842998027802;0
4704;MER7_20220903_193000_004.wav;0;0.038796573877334595;0
4705;MER7_20220903_193000_005.wav;0;0.00896119512617588;0
4706;MER7_20220903_193000_006.wav;0;0.09134534746408463;0
4707;MER7_20220903_193000_007.wav;0;0.05040111765265465;0
4708;MER7_20220903_193000_008.wav;0;0.09428614377975464;0
4709;MER7_20220903_193000_009.wav;0;0.005806474946439266;0
4710;MER7_20220903_193000_010.wav;0;0.13719426095485687;0
4711;MER7_20220903_193000_011.wav;0;0.10687066614627838;0
4712;MER7_20220903_193000_012.wav;0;0.01575087569653988;0
4713;MER7_20220903_193000_013.wav;0;0.02430509217083454;0
4714;MER7_20220903_193000_014.wav;0;0.057029612362384796;0
4715;MER7_20220903_193000_015.wav;0;0.029529819265007973;0
4716;MER7_20220903_193000_016.wav;0;0.041099365800619125;0
4717;MER7_20220903_193000_017.wav;0;0.000595920835621655;0
4718;MER7_20220903_193000_018.wav;0;0.0007895390735939145;0
4719;MER7_20220903_193000_019.wav;0;0.004231828264892101;0
4720;MER7_20220903_204500_000.wav;0;0.0012205732055008411;0
4721;MER7_20220903_204500_001.wav;0;0.0005764633533544838;0
4722;MER7_20220903_204500_002.wav;0;0.0020318871829658747;0
4723;MER7_20220903_204500_003.wav;0;0.0010421114275231957;0
4724;MER7_20220903_204500_004.wav;0;0.001025153324007988;0
4725;MER7_20220903_204500_005.wav;0;0.0009580225450918078;0
4726;MER7_20220903_204500_006.wav;0;0.0005924055585637689;0
4727;MER7_20220903_204500_007.wav;0;0.0031965540256351233;0
4728;MER7_20220903_204500_008.wav;0;0.00890266615897417;0
4729;MER7_20220903_204500_009.wav;0;0.009483177214860916;0
4730;MER7_20220903_204500_010.wav;0;0.006917930208146572;0
4731;MER7_20220903_204500_011.wav;0;0.00729374447837472;0
4732;MER7_20220903_204500_012.wav;0;0.0040346672758460045;0
4733;MER7_20220903_204500_013.wav;0;0.007328239735215902;0
4734;MER7_20220903_204500_014.wav;0;0.0009664233075454831;0
4735;MER7_20220903_204500_015.wav;0;0.0017595648532733321;0
4736;MER7_20220903_204500_016.wav;0;0.24928414821624756;0
4737;MER7_20220903_204500_017.wav;0;0.14568138122558594;0
4738;MER7_20220903_204500_018.wav;0;0.16029830276966095;0
4739;MER7_20220903_204500_019.wav;0;0.23139092326164246;0
4740;MER7_20220903_211500_000.wav;0;0.08872480690479279;0
4741;MER7_20220903_211500_001.wav;0;0.12111987173557281;0
4742;MER7_20220903_211500_002.wav;0;0.08866265416145325;0
4743;MER7_20220903_211500_003.wav;0;0.08948327600955963;0
4744;MER7_20220903_211500_004.wav;0;0.020119234919548035;0
4745;MER7_20220903_211500_005.wav;0;0.4943385124206543;0
4746;MER7_20220903_211500_006.wav;0;0.4316469132900238;0
4747;MER7_20220903_211500_007.wav;0;0.13005472719669342;0
4748;MER7_20220903_211500_008.wav;0;0.1207873746752739;0
4749;MER7_20220903_211500_009.wav;0;0.10942813754081726;0
4750;MER7_20220903_211500_010.wav;0;0.06337985396385193;0
4751;MER7_20220903_211500_011.wav;0;0.36232444643974304;0
4752;MER7_20220903_211500_012.wav;0;0.327623188495636;0
4753;MER7_20220903_211500_013.wav;0;0.5326652526855469;0
4754;MER7_20220903_211500_014.wav;0;0.17937926948070526;0
4755;MER7_20220903_211500_015.wav;0;0.28433486819267273;0
4756;MER7_20220903_211500_016.wav;0;0.1274794042110443;0
4757;MER7_20220903_211500_017.wav;0;0.08663474768400192;0
4758;MER7_20220903_211500_018.wav;0;0.06849145144224167;0
4759;MER7_20220903_211500_019.wav;0;0.5535988807678223;0
4760;MER7_20220905_081500_000.wav;0;0.38965514302253723;0
4761;MER7_20220905_081500_001.wav;0;0.035201482474803925;0
4762;MER7_20220905_081500_002.wav;0;0.08959555625915527;0
4763;MER7_20220905_081500_003.wav;0;0.009206298738718033;0
4764;MER7_20220905_081500_004.wav;0;0.03877004235982895;0
4765;MER7_20220905_081500_005.wav;0;0.04704062640666962;0
4766;MER7_20220905_081500_006.wav;0;0.020991843193769455;0
4767;MER7_20220905_081500_007.wav;0;0.01596287451684475;0
4768;MER7_20220905_081500_008.wav;0;0.16159875690937042;0
4769;MER7_20220905_081500_009.wav;0;0.04680211842060089;0
4770;MER7_20220905_081500_010.wav;0;0.0914384052157402;0
4771;MER7_20220905_081500_011.wav;0;0.018451882526278496;0
4772;MER7_20220905_081500_012.wav;0;0.01865711435675621;0
4773;MER7_20220905_081500_013.wav;0;0.10166637599468231;0
4774;MER7_20220905_081500_014.wav;0;0.03587615117430687;0
4775;MER7_20220905_081500_015.wav;0;0.03409051522612572;0
4776;MER7_20220905_081500_016.wav;0;0.020598357543349266;0
4777;MER7_20220905_081500_017.wav;0;0.04117058590054512;0
4778;MER7_20220905_081500_018.wav;0;0.010302701964974403;0
4779;MER7_20220905_081500_019.wav;0;0.061129361391067505;0
4780;PEC2_20220428_034500_000.wav;0;0.19022180140018463;0
4781;PEC2_20220428_034500_001.wav;0;0.019917340949177742;0
4782;PEC2_20220428_034500_002.wav;0;0.2862864136695862;0
4783;PEC2_20220428_034500_003.wav;0;0.0209337268024683;0
4784;PEC2_20220428_034500_004.wav;0;0.04057368263602257;0
4785;PEC2_20220428_034500_005.wav;0;0.014528087340295315;0
4786;PEC2_20220428_034500_006.wav;0;0.1660110205411911;0
4787;PEC2_20220428_034500_007.wav;0;0.03364577144384384;0
4788;PEC2_20220428_034500_008.wav;0;0.0800035297870636;0
4789;PEC2_20220428_034500_009.wav;0;0.055904876440763474;0
4790;PEC2_20220428_034500_010.wav;0;0.10517723113298416;0
4791;PEC2_20220428_034500_011.wav;0;0.18238043785095215;0
4792;PEC2_20220428_034500_012.wav;0;0.30055734515190125;0
4793;PEC2_20220428_034500_013.wav;0;0.2429654598236084;0
4794;PEC2_20220428_034500_014.wav;0;0.0300100389868021;0
4795;PEC2_20220428_034500_015.wav;0;0.03633113577961922;0
4796;PEC2_20220428_034500_016.wav;0;0.03809366747736931;0
4797;PEC2_20220428_034500_017.wav;0;0.32305461168289185;0
4798;PEC2_20220428_034500_018.wav;0;0.021442357450723648;0
4799;PEC2_20220428_034500_019.wav;0;0.025947043672204018;0
4800;PEC2_20220428_153000_000.wav;0;0.9975267052650452;1
4801;PEC2_20220428_153000_001.wav;0;0.9958081245422363;1
4802;PEC2_20220428_153000_002.wav;0;0.9453136324882507;1
4803;PEC2_20220428_153000_003.wav;0;0.996574878692627;1
4804;PEC2_20220428_153000_004.wav;0;0.9470743536949158;1
4805;PEC2_20220428_153000_005.wav;0;0.2421659678220749;1
4806;PEC2_20220428_153000_006.wav;0;0.1776200830936432;1
4807;PEC2_20220428_153000_007.wav;0;0.5525827407836914;0
4808;PEC2_20220428_153000_008.wav;0;0.32028666138648987;0
4809;PEC2_20220428_153000_009.wav;0;0.4497304856777191;0
4810;PEC2_20220428_153000_010.wav;0;0.0365264005959034;0
4811;PEC2_20220428_153000_011.wav;0;0.5956111550331116;0
4812;PEC2_20220428_153000_012.wav;0;0.10234420746564865;0
4813;PEC2_20220428_153000_013.wav;0;0.09903919696807861;0
4814;PEC2_20220428_153000_014.wav;0;0.09276638180017471;0
4815;PEC2_20220428_153000_015.wav;0;0.06092952936887741;0
4816;PEC2_20220428_153000_016.wav;0;0.06408216059207916;0
4817;PEC2_20220428_153000_017.wav;0;0.38181111216545105;0
4818;PEC2_20220428_153000_018.wav;0;0.059663113206624985;0
4819;PEC2_20220428_153000_019.wav;0;0.16062550246715546;0
4820;PEC2_20220428_201500_000.wav;0;0.011239350773394108;0
4821;PEC2_20220428_201500_001.wav;0;0.03893401473760605;0
4822;PEC2_20220428_201500_002.wav;0;0.1429419070482254;0
4823;PEC2_20220428_201500_003.wav;0;0.030371924862265587;0
4824;PEC2_20220428_201500_004.wav;0;0.010458327829837799;0
4825;PEC2_20220428_201500_005.wav;0;0.032551687210798264;0
4826;PEC2_20220428_201500_006.wav;0;0.1564323455095291;0
4827;PEC2_20220428_201500_007.wav;0;0.005945596378296614;0
4828;PEC2_20220428_201500_008.wav;0;0.002600314561277628;0
4829;PEC2_20220428_201500_009.wav;0;0.011394315399229527;0
4830;PEC2_20220428_201500_010.wav;0;0.03648483753204346;0
4831;PEC2_20220428_201500_011.wav;0;0.016333408653736115;0
4832;PEC2_20220428_201500_012.wav;0;0.006666549947112799;0
4833;PEC2_20220428_201500_013.wav;0;0.008208043873310089;0
4834;PEC2_20220428_201500_014.wav;0;0.01708409935235977;0
4835;PEC2_20220428_201500_015.wav;0;0.006326589267700911;0
4836;PEC2_20220428_201500_016.wav;0;0.0033249836415052414;0
4837;PEC2_20220428_201500_017.wav;0;0.0016715982928872108;0
4838;PEC2_20220428_201500_018.wav;0;0.004662926774471998;0
4839;PEC2_20220428_201500_019.wav;0;0.0034081146586686373;0
4840;PEC2_20220428_210000_000.wav;0;0.07582619786262512;0
4841;PEC2_20220428_210000_001.wav;0;0.5430288314819336;0
4842;PEC2_20220428_210000_002.wav;0;0.6611902713775635;0
4843;PEC2_20220428_210000_003.wav;0;0.017181193456053734;0
4844;PEC2_20220428_210000_004.wav;0;0.2543065845966339;0
4845;PEC2_20220428_210000_005.wav;0;0.047520961612463;0
4846;PEC2_20220428_210000_006.wav;0;0.3143073320388794;0
4847;PEC2_20220428_210000_007.wav;0;0.2504105567932129;0
4848;PEC2_20220428_210000_008.wav;0;0.0076746102422475815;0
4849;PEC2_20220428_210000_009.wav;0;0.025816917419433594;0
4850;PEC2_20220428_210000_010.wav;0;0.02098984085023403;0
4851;PEC2_20220428_210000_011.wav;0;0.0787154883146286;0
4852;PEC2_20220428_210000_012.wav;0;0.15830731391906738;0
4853;PEC2_20220428_210000_013.wav;0;0.2144254446029663;0
4854;PEC2_20220428_210000_014.wav;0;0.07540562748908997;0
4855;PEC2_20220428_210000_015.wav;0;0.010866807773709297;0
4856;PEC2_20220428_210000_016.wav;0;0.0581364631652832;0
4857;PEC2_20220428_210000_017.wav;0;0.04221249744296074;0
4858;PEC2_20220428_210000_018.wav;0;0.3013763427734375;0
4859;PEC2_20220428_210000_019.wav;0;0.015809567645192146;0
4860;PEC2_20220429_021500_000.wav;0;0.06522933393716812;0
4861;PEC2_20220429_021500_001.wav;0;0.09440366923809052;0
4862;PEC2_20220429_021500_002.wav;0;0.16466660797595978;0
4863;PEC2_20220429_021500_003.wav;0;0.01640120893716812;0
4864;PEC2_20220429_021500_004.wav;0;0.13045689463615417;0
4865;PEC2_20220429_021500_005.wav;0;0.6529945731163025;0
4866;PEC2_20220429_021500_006.wav;0;0.7512618899345398;0
4867;PEC2_20220429_021500_007.wav;0;0.4906516671180725;0
4868;PEC2_20220429_021500_008.wav;0;0.16120222210884094;0
4869;PEC2_20220429_021500_009.wav;0;0.8122839331626892;0
4870;PEC2_20220429_021500_010.wav;0;0.7245860695838928;0
4871;PEC2_20220429_021500_011.wav;0;0.08981416374444962;0
4872;PEC2_20220429_021500_012.wav;0;0.7908186316490173;0
4873;PEC2_20220429_021500_013.wav;0;0.10986277461051941;0
4874;PEC2_20220429_021500_014.wav;0;0.48287516832351685;0
4875;PEC2_20220429_021500_015.wav;0;0.5734351277351379;0
4876;PEC2_20220429_021500_016.wav;0;0.3607024550437927;0
4877;PEC2_20220429_021500_017.wav;0;0.2935965657234192;0
4878;PEC2_20220429_021500_018.wav;0;0.06406176090240479;0
4879;PEC2_20220429_021500_019.wav;0;0.596069872379303;0
4880;PEC2_20220429_061500_000.wav;0;0.09606257826089859;0
4881;PEC2_20220429_061500_001.wav;0;0.2329634130001068;0
4882;PEC2_20220429_061500_002.wav;0;0.4453108012676239;0
4883;PEC2_20220429_061500_003.wav;0;0.4687594175338745;0
4884;PEC2_20220429_061500_004.wav;0;0.6003819704055786;0
4885;PEC2_20220429_061500_005.wav;0;0.2314465045928955;0
4886;PEC2_20220429_061500_006.wav;0;0.795749306678772;0
4887;PEC2_20220429_061500_007.wav;0;0.3631379306316376;0
4888;PEC2_20220429_061500_008.wav;0;0.09517347067594528;0
4889;PEC2_20220429_061500_009.wav;0;0.2113478183746338;0
4890;PEC2_20220429_061500_010.wav;0;0.18053853511810303;0
4891;PEC2_20220429_061500_011.wav;0;0.45238712430000305;0
4892;PEC2_20220429_061500_012.wav;0;0.6346332430839539;0
4893;PEC2_20220429_061500_013.wav;0;0.11866126209497452;0
4894;PEC2_20220429_061500_014.wav;0;0.5089573860168457;0
4895;PEC2_20220429_061500_015.wav;0;0.2414177656173706;0
4896;PEC2_20220429_061500_016.wav;0;0.24275358021259308;0
4897;PEC2_20220429_061500_017.wav;0;0.36240333318710327;0
4898;PEC2_20220429_061500_018.wav;0;0.19265654683113098;0
4899;PEC2_20220429_061500_019.wav;0;0.24112029373645782;0
4900;PEC2_20220429_171500_000.wav;0;0.9322064518928528;0
4901;PEC2_20220429_171500_001.wav;0;0.44747424125671387;0
4902;PEC2_20220429_171500_002.wav;0;0.5701979398727417;0
4903;PEC2_20220429_171500_003.wav;0;0.9007802605628967;0
4904;PEC2_20220429_171500_004.wav;0;0.9268540143966675;0
4905;PEC2_20220429_171500_005.wav;0;0.9874674677848816;0
4906;PEC2_20220429_171500_006.wav;0;0.7520757913589478;0
4907;PEC2_20220429_171500_007.wav;0;0.8648886680603027;0
4908;PEC2_20220429_171500_008.wav;0;0.9748640656471252;0
4909;PEC2_20220429_171500_009.wav;0;0.509294867515564;0
4910;PEC2_20220429_171500_010.wav;0;0.8841951489448547;0
4911;PEC2_20220429_171500_011.wav;0;0.248776376247406;0
4912;PEC2_20220429_171500_012.wav;0;0.8152590394020081;0
4913;PEC2_20220429_171500_013.wav;0;0.1503400355577469;0
4914;PEC2_20220429_171500_014.wav;0;0.8942660093307495;0
4915;PEC2_20220429_171500_015.wav;0;0.7750478982925415;0
4916;PEC2_20220429_171500_016.wav;0;0.48108261823654175;0
4917;PEC2_20220429_171500_017.wav;0;0.37896692752838135;0
4918;PEC2_20220429_171500_018.wav;0;0.22834479808807373;0
4919;PEC2_20220429_171500_019.wav;0;0.3810240626335144;0
4920;PEC2_20220430_033000_000.wav;0;0.03885303810238838;0
4921;PEC2_20220430_033000_001.wav;0;0.4644932150840759;0
4922;PEC2_20220430_033000_002.wav;0;0.10514183342456818;0
4923;PEC2_20220430_033000_003.wav;0;0.11307968944311142;0
4924;PEC2_20220430_033000_004.wav;0;0.40104803442955017;0
4925;PEC2_20220430_033000_005.wav;0;0.1332911103963852;0
4926;PEC2_20220430_033000_006.wav;0;0.4892439544200897;0
4927;PEC2_20220430_033000_007.wav;0;0.040713369846343994;0
4928;PEC2_20220430_033000_008.wav;0;0.5832931995391846;0
4929;PEC2_20220430_033000_009.wav;0;0.21386772394180298;0
4930;PEC2_20220430_033000_010.wav;0;0.290412962436676;0
4931;PEC2_20220430_033000_011.wav;0;0.15034276247024536;0
4932;PEC2_20220430_033000_012.wav;0;0.1820051521062851;0
4933;PEC2_20220430_033000_013.wav;0;0.6390764713287354;0
4934;PEC2_20220430_033000_014.wav;0;0.17535462975502014;0
4935;PEC2_20220430_033000_015.wav;0;0.3489944040775299;0
4936;PEC2_20220430_033000_016.wav;0;0.7747501730918884;0
4937;PEC2_20220430_033000_017.wav;0;0.19585758447647095;0
4938;PEC2_20220430_033000_018.wav;0;0.827724277973175;0
4939;PEC2_20220430_033000_019.wav;0;0.5824140310287476;0
4940;PEC2_20220430_060000_000.wav;0;0.4757913053035736;0
4941;PEC2_20220430_060000_001.wav;0;0.12483643740415573;0
4942;PEC2_20220430_060000_002.wav;0;0.6425756812095642;0
4943;PEC2_20220430_060000_003.wav;0;0.2039368897676468;0
4944;PEC2_20220430_060000_004.wav;0;0.029473235830664635;0
4945;PEC2_20220430_060000_005.wav;0;0.5087931752204895;0
4946;PEC2_20220430_060000_006.wav;0;0.6388883590698242;0
4947;PEC2_20220430_060000_007.wav;0;0.3519696891307831;0
4948;PEC2_20220430_060000_008.wav;0;0.08837337046861649;0
4949;PEC2_20220430_060000_009.wav;0;0.7894548177719116;0
4950;PEC2_20220430_060000_010.wav;0;0.8052667379379272;0
4951;PEC2_20220430_060000_011.wav;0;0.45706599950790405;0
4952;PEC2_20220430_060000_012.wav;0;0.8273738026618958;0
4953;PEC2_20220430_060000_013.wav;0;0.23483166098594666;0
4954;PEC2_20220430_060000_014.wav;0;0.29980021715164185;0
4955;PEC2_20220430_060000_015.wav;0;0.2552902400493622;0
4956;PEC2_20220430_060000_016.wav;0;0.17652501165866852;0
4957;PEC2_20220430_060000_017.wav;0;0.45239946246147156;0
4958;PEC2_20220430_060000_018.wav;0;0.8244217038154602;0
4959;PEC2_20220430_060000_019.wav;0;0.5369929671287537;0
4960;PEC2_20220430_083000_000.wav;0;0.9663496613502502;0
4961;PEC2_20220430_083000_001.wav;0;0.7595714926719666;0
4962;PEC2_20220430_083000_002.wav;0;0.848262369632721;0
4963;PEC2_20220430_083000_003.wav;0;0.924730658531189;0
4964;PEC2_20220430_083000_004.wav;0;0.9150909781455994;0
4965;PEC2_20220430_083000_005.wav;0;0.5780695080757141;0
4966;PEC2_20220430_083000_006.wav;0;0.9213859438896179;0
4967;PEC2_20220430_083000_007.wav;0;0.542300283908844;0
4968;PEC2_20220430_083000_008.wav;0;0.1595924198627472;0
4969;PEC2_20220430_083000_009.wav;0;0.9175876975059509;0
4970;PEC2_20220430_083000_010.wav;0;0.9584215879440308;0
4971;PEC2_20220430_083000_011.wav;0;0.9819485545158386;0
4972;PEC2_20220430_083000_012.wav;0;0.6720863580703735;0
4973;PEC2_20220430_083000_013.wav;0;0.4086332619190216;0
4974;PEC2_20220430_083000_014.wav;0;0.5008485913276672;0
4975;PEC2_20220430_083000_015.wav;0;0.24095948040485382;0
4976;PEC2_20220430_083000_016.wav;0;0.8040071129798889;0
4977;PEC2_20220430_083000_017.wav;0;0.38960838317871094;0
4978;PEC2_20220430_083000_018.wav;0;0.4225119948387146;0
4979;PEC2_20220430_083000_019.wav;0;0.5324649810791016;0
4980;PEC2_20220430_174500_000.wav;0;0.2914673388004303;0
4981;PEC2_20220430_174500_001.wav;0;0.22790616750717163;0
4982;PEC2_20220430_174500_002.wav;0;0.17846645414829254;0
4983;PEC2_20220430_174500_003.wav;0;0.47459742426872253;0
4984;PEC2_20220430_174500_004.wav;0;0.39746978878974915;0
4985;PEC2_20220430_174500_005.wav;0;0.14233076572418213;0
4986;PEC2_20220430_174500_006.wav;0;0.39571547508239746;0
4987;PEC2_20220430_174500_007.wav;0;0.7723479270935059;0
4988;PEC2_20220430_174500_008.wav;0;0.348959356546402;0
4989;PEC2_20220430_174500_009.wav;0;0.2641575336456299;0
4990;PEC2_20220430_174500_010.wav;0;0.04068020358681679;0
4991;PEC2_20220430_174500_011.wav;0;0.10372142493724823;0
4992;PEC2_20220430_174500_012.wav;0;0.1305522620677948;0
4993;PEC2_20220430_174500_013.wav;0;0.12131227552890778;0
4994;PEC2_20220430_174500_014.wav;0;0.7117751240730286;0
4995;PEC2_20220430_174500_015.wav;0;0.1338396966457367;0
4996;PEC2_20220430_174500_016.wav;0;0.2931974232196808;0
4997;PEC2_20220430_174500_017.wav;0;0.36007195711135864;0
4998;PEC2_20220430_174500_018.wav;0;0.30160966515541077;0
4999;PEC2_20220430_174500_019.wav;0;0.4725331962108612;0
5000;PEC2_20220430_213000_000.wav;0;0.29304230213165283;0
5001;PEC2_20220430_213000_001.wav;0;0.6308697462081909;0
5002;PEC2_20220430_213000_002.wav;0;0.321837455034256;0
5003;PEC2_20220430_213000_003.wav;0;0.47818630933761597;0
5004;PEC2_20220430_213000_004.wav;0;0.592628538608551;0
5005;PEC2_20220430_213000_005.wav;0;0.28344327211380005;0
5006;PEC2_20220430_213000_006.wav;0;0.19579572975635529;0
5007;PEC2_20220430_213000_007.wav;0;0.05848722159862518;0
5008;PEC2_20220430_213000_008.wav;0;0.03753034397959709;0
5009;PEC2_20220430_213000_009.wav;0;0.1453101634979248;0
5010;PEC2_20220430_213000_010.wav;0;0.6202002167701721;0
5011;PEC2_20220430_213000_011.wav;0;0.43276697397232056;0
5012;PEC2_20220430_213000_012.wav;0;0.2534872889518738;0
5013;PEC2_20220430_213000_013.wav;0;0.1062595546245575;0
5014;PEC2_20220430_213000_014.wav;0;0.3122730553150177;0
5015;PEC2_20220430_213000_015.wav;0;0.6520745754241943;0
5016;PEC2_20220430_213000_016.wav;0;0.9490329027175903;0
5017;PEC2_20220430_213000_017.wav;0;0.3210047483444214;0
5018;PEC2_20220430_213000_018.wav;0;0.5414974093437195;0
5019;PEC2_20220430_213000_019.wav;0;0.48786231875419617;0
5020;PEC2_20220502_100000_000.wav;0;0.21197228133678436;0
5021;PEC2_20220502_100000_001.wav;0;0.33249858021736145;0
5022;PEC2_20220502_100000_002.wav;0;0.1399610936641693;0
5023;PEC2_20220502_100000_003.wav;0;0.44870489835739136;0
5024;PEC2_20220502_100000_004.wav;0;0.22669222950935364;0
5025;PEC2_20220502_100000_005.wav;0;0.16414177417755127;0
5026;PEC2_20220502_100000_006.wav;0;0.3301483988761902;0
5027;PEC2_20220502_100000_007.wav;0;0.27140873670578003;0
5028;PEC2_20220502_100000_008.wav;0;0.3204686641693115;0
5029;PEC2_20220502_100000_009.wav;0;0.3690575957298279;0
5030;PEC2_20220502_100000_010.wav;0;0.2814294993877411;0
5031;PEC2_20220502_100000_011.wav;0;0.2655664086341858;0
5032;PEC2_20220502_100000_012.wav;0;0.03357682377099991;0
5033;PEC2_20220502_100000_013.wav;0;0.028721673414111137;0
5034;PEC2_20220502_100000_014.wav;0;0.27295708656311035;0
5035;PEC2_20220502_100000_015.wav;0;0.16720469295978546;0
5036;PEC2_20220502_100000_016.wav;0;0.06630582362413406;0
5037;PEC2_20220502_100000_017.wav;0;0.053773410618305206;0
5038;PEC2_20220502_100000_018.wav;0;0.4964370131492615;0
5039;PEC2_20220502_100000_019.wav;0;0.3508611023426056;0
5040;PEC2_20220502_140000_000.wav;0;0.05887891352176666;0
5041;PEC2_20220502_140000_001.wav;0;0.8559129238128662;0
5042;PEC2_20220502_140000_002.wav;0;0.25788605213165283;0
5043;PEC2_20220502_140000_003.wav;0;0.27562713623046875;0
5044;PEC2_20220502_140000_004.wav;0;0.44837090373039246;0
5045;PEC2_20220502_140000_005.wav;0;0.651484489440918;0
5046;PEC2_20220502_140000_006.wav;0;0.6420641541481018;0
5047;PEC2_20220502_140000_007.wav;0;0.20681820809841156;0
5048;PEC2_20220502_140000_008.wav;0;0.3960381746292114;0
5049;PEC2_20220502_140000_009.wav;0;0.036980822682380676;0
5050;PEC2_20220502_140000_010.wav;0;0.659166157245636;1
5051;PEC2_20220502_140000_011.wav;0;0.8321532011032104;1
5052;PEC2_20220502_140000_012.wav;0;0.987524151802063;1
5053;PEC2_20220502_140000_013.wav;0;0.21992045640945435;1
5054;PEC2_20220502_140000_014.wav;0;0.6936048865318298;1
5055;PEC2_20220502_140000_015.wav;0;0.9688926935195923;1
5056;PEC2_20220502_140000_016.wav;0;0.9597218632698059;1
5057;PEC2_20220502_140000_017.wav;0;0.9162366986274719;1
5058;PEC2_20220502_140000_018.wav;0;0.9136382341384888;1
5059;PEC2_20220502_140000_019.wav;0;0.7562230229377747;1
5060;PEC2_20220503_224500_000.wav;0;0.24898646771907806;0
5061;PEC2_20220503_224500_001.wav;0;0.6093562841415405;0
5062;PEC2_20220503_224500_002.wav;0;0.7282355427742004;0
5063;PEC2_20220503_224500_003.wav;0;0.07706279307603836;0
5064;PEC2_20220503_224500_004.wav;0;0.13766193389892578;0
5065;PEC2_20220503_224500_005.wav;0;0.7773791551589966;0
5066;PEC2_20220503_224500_006.wav;0;0.653091549873352;0
5067;PEC2_20220503_224500_007.wav;0;0.530678927898407;0
5068;PEC2_20220503_224500_008.wav;0;0.4781782329082489;0
5069;PEC2_20220503_224500_009.wav;0;0.0799308568239212;0
5070;PEC2_20220503_224500_010.wav;0;0.7330845594406128;0
5071;PEC2_20220503_224500_011.wav;0;0.11740660667419434;0
5072;PEC2_20220503_224500_012.wav;0;0.8394811153411865;0
5073;PEC2_20220503_224500_013.wav;0;0.6865956783294678;0
5074;PEC2_20220503_224500_014.wav;0;0.303027868270874;0
5075;PEC2_20220503_224500_015.wav;0;0.15622885525226593;0
5076;PEC2_20220503_224500_016.wav;0;0.9257233738899231;0
5077;PEC2_20220503_224500_017.wav;0;0.21125929057598114;0
5078;PEC2_20220503_224500_018.wav;0;0.5687093138694763;0
5079;PEC2_20220503_224500_019.wav;0;0.6189901828765869;0
5080;PEC2_20220504_004500_000.wav;0;0.5492393374443054;0
5081;PEC2_20220504_004500_001.wav;0;0.7342436909675598;0
5082;PEC2_20220504_004500_002.wav;0;0.14307449758052826;0
5083;PEC2_20220504_004500_003.wav;0;0.3744698762893677;0
5084;PEC2_20220504_004500_004.wav;0;0.876724898815155;0
5085;PEC2_20220504_004500_005.wav;0;0.0602940209209919;0
5086;PEC2_20220504_004500_006.wav;0;0.5034679770469666;0
5087;PEC2_20220504_004500_007.wav;0;0.6630629897117615;0
5088;PEC2_20220504_004500_008.wav;0;0.18955880403518677;0
5089;PEC2_20220504_004500_009.wav;0;0.6196262240409851;0
5090;PEC2_20220504_004500_010.wav;0;0.09171431511640549;0
5091;PEC2_20220504_004500_011.wav;0;0.24278971552848816;0
5092;PEC2_20220504_004500_012.wav;0;0.6095133423805237;0
5093;PEC2_20220504_004500_013.wav;0;0.05827956646680832;0
5094;PEC2_20220504_004500_014.wav;0;0.3865068554878235;0
5095;PEC2_20220504_004500_015.wav;0;0.7618491053581238;0
5096;PEC2_20220504_004500_016.wav;0;0.7289438247680664;0
5097;PEC2_20220504_004500_017.wav;0;0.2610379457473755;0
5098;PEC2_20220504_004500_018.wav;0;0.382670521736145;0
5099;PEC2_20220504_004500_019.wav;0;0.1325877457857132;0
5100;PEC2_20220504_143000_000.wav;0;0.7267089486122131;0
5101;PEC2_20220504_143000_001.wav;0;0.1646750122308731;0
5102;PEC2_20220504_143000_002.wav;0;0.2720421254634857;0
5103;PEC2_20220504_143000_003.wav;0;0.40007779002189636;0
5104;PEC2_20220504_143000_004.wav;0;0.18768396973609924;0
5105;PEC2_20220504_143000_005.wav;0;0.5961525440216064;0
5106;PEC2_20220504_143000_006.wav;0;0.639190137386322;0
5107;PEC2_20220504_143000_007.wav;0;0.11911851912736893;0
5108;PEC2_20220504_143000_008.wav;0;0.3086661398410797;0
5109;PEC2_20220504_143000_009.wav;0;0.9278998374938965;0
5110;PEC2_20220504_143000_010.wav;0;0.7476204633712769;0
5111;PEC2_20220504_143000_011.wav;0;0.881172239780426;0
5112;PEC2_20220504_143000_012.wav;0;0.11026697605848312;0
5113;PEC2_20220504_143000_013.wav;0;0.24662691354751587;0
5114;PEC2_20220504_143000_014.wav;0;0.007505482062697411;0
5115;PEC2_20220504_143000_015.wav;0;0.1257573366165161;0
5116;PEC2_20220504_143000_016.wav;0;0.004483452532440424;0
5117;PEC2_20220504_143000_017.wav;0;0.1821570247411728;0
5118;PEC2_20220504_143000_018.wav;0;0.012903529219329357;0
5119;PEC2_20220504_143000_019.wav;0;0.03843211382627487;0
5120;PEC2_20220507_001500_000.wav;0;0.007596452254801989;0
5121;PEC2_20220507_001500_001.wav;0;0.01991986855864525;0
5122;PEC2_20220507_001500_002.wav;0;0.02796774171292782;0
5123;PEC2_20220507_001500_003.wav;0;0.5966786742210388;0
5124;PEC2_20220507_001500_004.wav;0;0.272499144077301;0
5125;PEC2_20220507_001500_005.wav;0;0.0977712869644165;0
5126;PEC2_20220507_001500_006.wav;0;0.2921004593372345;0
5127;PEC2_20220507_001500_007.wav;0;0.23053540289402008;0
5128;PEC2_20220507_001500_008.wav;0;0.2882506847381592;0
5129;PEC2_20220507_001500_009.wav;0;0.24748946726322174;0
5130;PEC2_20220507_001500_010.wav;0;0.8378612399101257;0
5131;PEC2_20220507_001500_011.wav;0;0.1418604850769043;0
5132;PEC2_20220507_001500_012.wav;0;0.0122230751439929;0
5133;PEC2_20220507_001500_013.wav;0;0.0914064571261406;0
5134;PEC2_20220507_001500_014.wav;0;0.06847716867923737;0
5135;PEC2_20220507_001500_015.wav;0;0.44858184456825256;0
5136;PEC2_20220507_001500_016.wav;0;0.00810882356017828;0
5137;PEC2_20220507_001500_017.wav;0;0.616544783115387;0
5138;PEC2_20220507_001500_018.wav;0;0.15228556096553802;0
5139;PEC2_20220507_001500_019.wav;0;0.8695479035377502;0
5140;PEC2_20220509_090000_000.wav;0;0.08855410665273666;0
5141;PEC2_20220509_090000_001.wav;0;0.6801985502243042;0
5142;PEC2_20220509_090000_002.wav;0;0.08869535475969315;0
5143;PEC2_20220509_090000_003.wav;0;0.1018281877040863;0
5144;PEC2_20220509_090000_004.wav;0;0.09757072478532791;0
5145;PEC2_20220509_090000_005.wav;0;0.44310787320137024;0
5146;PEC2_20220509_090000_006.wav;0;0.10580243915319443;0
5147;PEC2_20220509_090000_007.wav;0;0.02942953258752823;0
5148;PEC2_20220509_090000_008.wav;0;0.0749189555644989;0
5149;PEC2_20220509_090000_009.wav;0;0.07068570703268051;0
5150;PEC2_20220509_090000_010.wav;0;0.08146584033966064;0
5151;PEC2_20220509_090000_011.wav;0;0.6704416275024414;0
5152;PEC2_20220509_090000_012.wav;0;0.6186388731002808;0
5153;PEC2_20220509_090000_013.wav;0;0.4199279248714447;0
5154;PEC2_20220509_090000_014.wav;0;0.24489529430866241;0
5155;PEC2_20220509_090000_015.wav;0;0.18807929754257202;0
5156;PEC2_20220509_090000_016.wav;0;0.07377306371927261;0
5157;PEC2_20220509_090000_017.wav;0;0.1459091156721115;0
5158;PEC2_20220509_090000_018.wav;0;0.9069057703018188;0
5159;PEC2_20220509_090000_019.wav;0;0.12459564208984375;0
5160;PEC2_20220514_170000_000.wav;0;0.12655845284461975;0
5161;PEC2_20220514_170000_001.wav;0;0.3519643545150757;0
5162;PEC2_20220514_170000_002.wav;0;0.07413146644830704;0
5163;PEC2_20220514_170000_003.wav;0;0.08734852075576782;0
5164;PEC2_20220514_170000_004.wav;0;0.3053377568721771;0
5165;PEC2_20220514_170000_005.wav;0;0.027799004688858986;0
5166;PEC2_20220514_170000_006.wav;0;0.14315640926361084;0
5167;PEC2_20220514_170000_007.wav;0;0.05568621680140495;0
5168;PEC2_20220514_170000_008.wav;0;0.41595393419265747;0
5169;PEC2_20220514_170000_009.wav;0;0.19832880795001984;0
5170;PEC2_20220514_170000_010.wav;0;0.32803183794021606;0
5171;PEC2_20220514_170000_011.wav;0;0.03543812781572342;0
5172;PEC2_20220514_170000_012.wav;0;0.1948384940624237;0
5173;PEC2_20220514_170000_013.wav;0;0.024973468855023384;0
5174;PEC2_20220514_170000_014.wav;0;0.31405752897262573;0
5175;PEC2_20220514_170000_015.wav;0;0.03542333096265793;0
5176;PEC2_20220514_170000_016.wav;0;0.09201739728450775;0
5177;PEC2_20220514_170000_017.wav;0;0.1418226957321167;0
5178;PEC2_20220514_170000_018.wav;0;0.1177009642124176;0
5179;PEC2_20220514_170000_019.wav;0;0.08308260142803192;0
5180;PEC2_20220516_054500_000.wav;0;0.6807665228843689;0
5181;PEC2_20220516_054500_001.wav;0;0.27530911564826965;0
5182;PEC2_20220516_054500_002.wav;0;0.33483895659446716;0
5183;PEC2_20220516_054500_003.wav;0;0.8883006572723389;0
5184;PEC2_20220516_054500_004.wav;0;0.930299699306488;0
5185;PEC2_20220516_054500_005.wav;0;0.7681995034217834;0
5186;PEC2_20220516_054500_006.wav;0;0.32010215520858765;0
5187;PEC2_20220516_054500_007.wav;0;0.6310421824455261;0
5188;PEC2_20220516_054500_008.wav;0;0.8305656313896179;0
5189;PEC2_20220516_054500_009.wav;0;0.698252260684967;0
5190;PEC2_20220516_054500_010.wav;0;0.9307125210762024;0
5191;PEC2_20220516_054500_011.wav;0;0.5707079768180847;0
5192;PEC2_20220516_054500_012.wav;0;0.2640776038169861;0
5193;PEC2_20220516_054500_013.wav;0;0.6142880916595459;0
5194;PEC2_20220516_054500_014.wav;0;0.02510257437825203;0
5195;PEC2_20220516_054500_015.wav;0;0.12252932041883469;0
5196;PEC2_20220516_054500_016.wav;0;0.879040539264679;0
5197;PEC2_20220516_054500_017.wav;0;0.12565751373767853;0
5198;PEC2_20220516_054500_018.wav;0;0.9338366389274597;0
5199;PEC2_20220516_054500_019.wav;0;0.8821753263473511;0
5200;PEC2_20220516_224500_000.wav;0;0.028133215382695198;0
5201;PEC2_20220516_224500_001.wav;0;0.023953277617692947;0
5202;PEC2_20220516_224500_002.wav;0;0.19396629929542542;0
5203;PEC2_20220516_224500_003.wav;0;0.1380753219127655;0
5204;PEC2_20220516_224500_004.wav;0;0.07146839052438736;0
5205;PEC2_20220516_224500_005.wav;0;0.36431989073753357;0
5206;PEC2_20220516_224500_006.wav;0;0.29201412200927734;0
5207;PEC2_20220516_224500_007.wav;0;0.43342483043670654;0
5208;PEC2_20220516_224500_008.wav;0;0.07174438238143921;0
5209;PEC2_20220516_224500_009.wav;0;0.46801069378852844;0
5210;PEC2_20220516_224500_010.wav;0;0.2841043472290039;0
5211;PEC2_20220516_224500_011.wav;0;0.0204512570053339;0
5212;PEC2_20220516_224500_012.wav;0;0.08598370105028152;0
5213;PEC2_20220516_224500_013.wav;0;0.1274435818195343;0
5214;PEC2_20220516_224500_014.wav;0;0.04185545817017555;0
5215;PEC2_20220516_224500_015.wav;0;0.10266849398612976;0
5216;PEC2_20220516_224500_016.wav;0;0.1767096072435379;0
5217;PEC2_20220516_224500_017.wav;0;0.5110296010971069;0
5218;PEC2_20220516_224500_018.wav;0;0.34087446331977844;0
5219;PEC2_20220516_224500_019.wav;0;0.21961469948291779;0
5220;PEC2_20220521_233000_000.wav;0;0.38088181614875793;0
5221;PEC2_20220521_233000_001.wav;0;0.35173752903938293;0
5222;PEC2_20220521_233000_002.wav;0;0.24427193403244019;0
5223;PEC2_20220521_233000_003.wav;0;0.24796563386917114;0
5224;PEC2_20220521_233000_004.wav;0;0.15736357867717743;0
5225;PEC2_20220521_233000_005.wav;0;0.8163359761238098;0
5226;PEC2_20220521_233000_006.wav;0;0.2336372286081314;0
5227;PEC2_20220521_233000_007.wav;0;0.14512385427951813;0
5228;PEC2_20220521_233000_008.wav;0;0.27994516491889954;0
5229;PEC2_20220521_233000_009.wav;0;0.2178916335105896;0
5230;PEC2_20220521_233000_010.wav;0;0.7818996906280518;0
5231;PEC2_20220521_233000_011.wav;0;0.08902788162231445;0
5232;PEC2_20220521_233000_012.wav;0;0.018650265410542488;0
5233;PEC2_20220521_233000_013.wav;0;0.03371758759021759;0
5234;PEC2_20220521_233000_014.wav;0;0.3559967577457428;0
5235;PEC2_20220521_233000_015.wav;0;0.4894595146179199;0
5236;PEC2_20220521_233000_016.wav;0;0.9129048585891724;0
5237;PEC2_20220521_233000_017.wav;0;0.8851205706596375;0
5238;PEC2_20220521_233000_018.wav;0;0.14586852490901947;0
5239;PEC2_20220521_233000_019.wav;0;0.6166030168533325;0
5240;PEC2_20220522_071500_000.wav;0;0.05233032628893852;0
5241;PEC2_20220522_071500_001.wav;0;0.13118134438991547;0
5242;PEC2_20220522_071500_002.wav;0;0.027361851185560226;0
5243;PEC2_20220522_071500_003.wav;0;0.1557064950466156;0
5244;PEC2_20220522_071500_004.wav;0;0.10575155913829803;0
5245;PEC2_20220522_071500_005.wav;0;0.7858150005340576;0
5246;PEC2_20220522_071500_006.wav;0;0.5353589653968811;0
5247;PEC2_20220522_071500_007.wav;0;0.21810849010944366;0
5248;PEC2_20220522_071500_008.wav;0;0.6638554930686951;0
5249;PEC2_20220522_071500_009.wav;0;0.5902332663536072;0
5250;PEC2_20220522_071500_010.wav;0;0.7705847024917603;0
5251;PEC2_20220522_071500_011.wav;0;0.5221769213676453;0
5252;PEC2_20220522_071500_012.wav;0;0.31996119022369385;0
5253;PEC2_20220522_071500_013.wav;0;0.1826547086238861;0
5254;PEC2_20220522_071500_014.wav;0;0.05058600753545761;0
5255;PEC2_20220522_071500_015.wav;0;0.01669381931424141;0
5256;PEC2_20220522_071500_016.wav;0;0.022747116163372993;0
5257;PEC2_20220522_071500_017.wav;0;0.014104645699262619;0
5258;PEC2_20220522_071500_018.wav;0;0.8814191818237305;0
5259;PEC2_20220522_071500_019.wav;0;0.5196255445480347;0
5260;PEC3_20220429_040000_000.wav;0;0.5558942556381226;0
5261;PEC3_20220429_040000_001.wav;0;0.628974437713623;0
5262;PEC3_20220429_040000_002.wav;0;0.4704383313655853;0
5263;PEC3_20220429_040000_003.wav;0;0.5527997016906738;0
5264;PEC3_20220429_040000_004.wav;0;0.12204014509916306;0
5265;PEC3_20220429_040000_005.wav;0;0.6005584597587585;0
5266;PEC3_20220429_040000_006.wav;0;0.4946453869342804;0
5267;PEC3_20220429_040000_007.wav;0;0.5383230447769165;0
5268;PEC3_20220429_040000_008.wav;0;0.13176719844341278;0
5269;PEC3_20220429_040000_009.wav;0;0.6333185434341431;0
5270;PEC3_20220429_040000_010.wav;0;0.27975717186927795;0
5271;PEC3_20220429_040000_011.wav;0;0.10329516977071762;0
5272;PEC3_20220429_040000_012.wav;0;0.3075951933860779;0
5273;PEC3_20220429_040000_013.wav;0;0.30746304988861084;0
5274;PEC3_20220429_040000_014.wav;0;0.09056096524000168;0
5275;PEC3_20220429_040000_015.wav;0;0.2685271203517914;0
5276;PEC3_20220429_040000_016.wav;0;0.2230214625597;0
5277;PEC3_20220429_040000_017.wav;0;0.39157044887542725;0
5278;PEC3_20220429_040000_018.wav;0;0.14685378968715668;0
5279;PEC3_20220429_040000_019.wav;0;0.15708576142787933;0
5280;PEC3_20220429_063000_000.wav;0;0.7610235810279846;0
5281;PEC3_20220429_063000_001.wav;0;0.9819159507751465;0
5282;PEC3_20220429_063000_002.wav;0;0.8434874415397644;0
5283;PEC3_20220429_063000_003.wav;0;0.9603384137153625;0
5284;PEC3_20220429_063000_004.wav;0;0.9609793424606323;0
5285;PEC3_20220429_063000_005.wav;0;0.7488676905632019;0
5286;PEC3_20220429_063000_006.wav;0;0.9724435210227966;0
5287;PEC3_20220429_063000_007.wav;0;0.9772815108299255;0
5288;PEC3_20220429_063000_008.wav;0;0.9779365658760071;0
5289;PEC3_20220429_063000_009.wav;0;0.9627888798713684;0
5290;PEC3_20220429_063000_010.wav;0;0.9522111415863037;0
5291;PEC3_20220429_063000_011.wav;0;0.988373875617981;0
5292;PEC3_20220429_063000_012.wav;0;0.9946978092193604;0
5293;PEC3_20220429_063000_013.wav;0;0.8033487200737;0
5294;PEC3_20220429_063000_014.wav;0;0.9227779507637024;0
5295;PEC3_20220429_063000_015.wav;0;0.7781609296798706;0
5296;PEC3_20220429_063000_016.wav;0;0.4784504771232605;0
5297;PEC3_20220429_063000_017.wav;0;0.5293481945991516;0
5298;PEC3_20220429_063000_018.wav;0;0.7110934257507324;0
5299;PEC3_20220429_063000_019.wav;0;0.9375572800636292;0
5300;PEC3_20220429_084500_000.wav;0;0.7730730772018433;0
5301;PEC3_20220429_084500_001.wav;0;0.7418568134307861;0
5302;PEC3_20220429_084500_002.wav;0;0.5186282396316528;0
5303;PEC3_20220429_084500_003.wav;0;0.8101166486740112;0
5304;PEC3_20220429_084500_004.wav;0;0.46117088198661804;0
5305;PEC3_20220429_084500_005.wav;0;0.08881452679634094;0
5306;PEC3_20220429_084500_006.wav;0;0.10697387158870697;0
5307;PEC3_20220429_084500_007.wav;0;0.9072335362434387;0
5308;PEC3_20220429_084500_008.wav;0;0.7174667119979858;0
5309;PEC3_20220429_084500_009.wav;0;0.48597946763038635;0
5310;PEC3_20220429_084500_010.wav;0;0.037005286663770676;0
5311;PEC3_20220429_084500_011.wav;0;0.9086349010467529;0
5312;PEC3_20220429_084500_012.wav;0;0.6972008347511292;0
5313;PEC3_20220429_084500_013.wav;0;0.5307082533836365;0
5314;PEC3_20220429_084500_014.wav;0;0.2512166500091553;0
5315;PEC3_20220429_084500_015.wav;0;0.16232511401176453;0
5316;PEC3_20220429_084500_016.wav;0;0.28926882147789;0
5317;PEC3_20220429_084500_017.wav;0;0.06552565097808838;0
5318;PEC3_20220429_084500_018.wav;0;0.235162615776062;0
5319;PEC3_20220429_084500_019.wav;0;0.41503703594207764;0
5320;PEC3_20220429_121500_000.wav;0;0.35823240876197815;0
5321;PEC3_20220429_121500_001.wav;0;0.25703105330467224;0
5322;PEC3_20220429_121500_002.wav;0;0.7857469916343689;0
5323;PEC3_20220429_121500_003.wav;0;0.5702930688858032;0
5324;PEC3_20220429_121500_004.wav;0;0.7971660494804382;0
5325;PEC3_20220429_121500_005.wav;0;0.25418490171432495;0
5326;PEC3_20220429_121500_006.wav;0;0.32859137654304504;0
5327;PEC3_20220429_121500_007.wav;0;0.8510282635688782;0
5328;PEC3_20220429_121500_008.wav;0;0.8997094035148621;0
5329;PEC3_20220429_121500_009.wav;0;0.9379433393478394;0
5330;PEC3_20220429_121500_010.wav;0;0.3619785010814667;0
5331;PEC3_20220429_121500_011.wav;0;0.6794595718383789;0
5332;PEC3_20220429_121500_012.wav;0;0.4610622525215149;0
5333;PEC3_20220429_121500_013.wav;0;0.4566325843334198;0
5334;PEC3_20220429_121500_014.wav;0;0.10679397732019424;0
5335;PEC3_20220429_121500_015.wav;0;0.05661599338054657;0
5336;PEC3_20220429_121500_016.wav;0;0.3996858298778534;0
5337;PEC3_20220429_121500_017.wav;0;0.0877942219376564;0
5338;PEC3_20220429_121500_018.wav;0;0.5171148777008057;0
5339;PEC3_20220429_121500_019.wav;0;0.4911426305770874;0
5340;PEC3_20220429_144500_000.wav;0;0.8365781903266907;0
5341;PEC3_20220429_144500_001.wav;0;0.5153027772903442;0
5342;PEC3_20220429_144500_002.wav;0;0.8045293092727661;0
5343;PEC3_20220429_144500_003.wav;0;0.19253578782081604;0
5344;PEC3_20220429_144500_004.wav;0;0.944495677947998;0
5345;PEC3_20220429_144500_005.wav;0;0.5826621055603027;0
5346;PEC3_20220429_144500_006.wav;0;0.35654953122138977;0
5347;PEC3_20220429_144500_007.wav;0;0.8350822329521179;0
5348;PEC3_20220429_144500_008.wav;0;0.726693868637085;0
5349;PEC3_20220429_144500_009.wav;0;0.3761574327945709;0
5350;PEC3_20220429_144500_010.wav;0;0.41895559430122375;0
5351;PEC3_20220429_144500_011.wav;0;0.5079219937324524;0
5352;PEC3_20220429_144500_012.wav;0;0.7771850824356079;0
5353;PEC3_20220429_144500_013.wav;0;0.6108580827713013;0
5354;PEC3_20220429_144500_014.wav;0;0.4134548604488373;0
5355;PEC3_20220429_144500_015.wav;0;0.2580586373806;0
5356;PEC3_20220429_144500_016.wav;0;0.6888272762298584;0
5357;PEC3_20220429_144500_017.wav;0;0.5889466404914856;0
5358;PEC3_20220429_144500_018.wav;0;0.37423014640808105;0
5359;PEC3_20220429_144500_019.wav;0;0.5495321750640869;0
5360;PEC3_20220429_154500_000.wav;0;0.361587256193161;0
5361;PEC3_20220429_154500_001.wav;0;0.8800196647644043;0
5362;PEC3_20220429_154500_002.wav;0;0.7532489895820618;0
5363;PEC3_20220429_154500_003.wav;0;0.45144882798194885;0
5364;PEC3_20220429_154500_004.wav;0;0.8753856420516968;0
5365;PEC3_20220429_154500_005.wav;0;0.09970763325691223;0
5366;PEC3_20220429_154500_006.wav;0;0.6469438076019287;0
5367;PEC3_20220429_154500_007.wav;0;0.03993440791964531;0
5368;PEC3_20220429_154500_008.wav;0;0.16070637106895447;0
5369;PEC3_20220429_154500_009.wav;0;0.02226570062339306;0
5370;PEC3_20220429_154500_010.wav;0;0.5346433520317078;0
5371;PEC3_20220429_154500_011.wav;0;0.4964982569217682;0
5372;PEC3_20220429_154500_012.wav;0;0.16582739353179932;0
5373;PEC3_20220429_154500_013.wav;0;0.028180066496133804;0
5374;PEC3_20220429_154500_014.wav;0;0.1565110683441162;0
5375;PEC3_20220429_154500_015.wav;0;0.07571396231651306;0
5376;PEC3_20220429_154500_016.wav;0;0.00480304891243577;0
5377;PEC3_20220429_154500_017.wav;0;0.014959095977246761;0
5378;PEC3_20220429_154500_018.wav;0;0.011383443139493465;0
5379;PEC3_20220429_154500_019.wav;0;0.030523862689733505;0
5380;PEC3_20220429_224500_000.wav;0;0.001035109511576593;0
5381;PEC3_20220429_224500_001.wav;0;0.0025279854889959097;0
5382;PEC3_20220429_224500_002.wav;0;0.005467098671942949;0
5383;PEC3_20220429_224500_003.wav;0;0.002284204587340355;0
5384;PEC3_20220429_224500_004.wav;0;0.0013613253831863403;0
5385;PEC3_20220429_224500_005.wav;0;0.006464074365794659;0
5386;PEC3_20220429_224500_006.wav;0;0.011276940815150738;0
5387;PEC3_20220429_224500_007.wav;0;0.004753020592033863;0
5388;PEC3_20220429_224500_008.wav;0;0.001387293334119022;0
5389;PEC3_20220429_224500_009.wav;0;0.016283944249153137;0
5390;PEC3_20220429_224500_010.wav;0;0.0006393263465724885;0
5391;PEC3_20220429_224500_011.wav;0;0.0038867080584168434;0
5392;PEC3_20220429_224500_012.wav;0;0.005581748206168413;0
5393;PEC3_20220429_224500_013.wav;0;0.006445198319852352;0
5394;PEC3_20220429_224500_014.wav;0;0.0008254903368651867;0
5395;PEC3_20220429_224500_015.wav;0;0.001944695832207799;0
5396;PEC3_20220429_224500_016.wav;0;0.001739886007271707;0
5397;PEC3_20220429_224500_017.wav;0;0.0013883837964385748;0
5398;PEC3_20220429_224500_018.wav;0;0.0008920386899262667;0
5399;PEC3_20220429_224500_019.wav;0;0.0007541112718172371;0
5400;PEC3_20220429_231500_000.wav;0;0.0007334871916100383;0
5401;PEC3_20220429_231500_001.wav;0;0.006070613395422697;0
5402;PEC3_20220429_231500_002.wav;0;0.00152603629976511;0
5403;PEC3_20220429_231500_003.wav;0;0.0009454577229917049;0
5404;PEC3_20220429_231500_004.wav;0;0.002779995324090123;0
5405;PEC3_20220429_231500_005.wav;0;0.0011412791209295392;0
5406;PEC3_20220429_231500_006.wav;0;0.0033780504018068314;0
5407;PEC3_20220429_231500_007.wav;0;0.0029947657603770494;0
5408;PEC3_20220429_231500_008.wav;0;0.0016517712501809;0
5409;PEC3_20220429_231500_009.wav;0;0.0019716299138963223;0
5410;PEC3_20220429_231500_010.wav;0;0.0032478924840688705;0
5411;PEC3_20220429_231500_011.wav;0;0.005092640407383442;0
5412;PEC3_20220429_231500_012.wav;0;0.0011695141438394785;0
5413;PEC3_20220429_231500_013.wav;0;0.002060901839286089;0
5414;PEC3_20220429_231500_014.wav;0;0.0023326899390667677;0
5415;PEC3_20220429_231500_015.wav;0;0.005425612907856703;0
5416;PEC3_20220429_231500_016.wav;0;0.0016697412356734276;0
5417;PEC3_20220429_231500_017.wav;0;0.0025351811200380325;0
5418;PEC3_20220429_231500_018.wav;0;0.0026959646493196487;0
5419;PEC3_20220429_231500_019.wav;0;0.003030280116945505;0
5420;PEC3_20220429_233000_000.wav;0;0.0031578270718455315;0
5421;PEC3_20220429_233000_001.wav;0;0.0008318884065374732;0
5422;PEC3_20220429_233000_002.wav;0;0.000780075672082603;0
5423;PEC3_20220429_233000_003.wav;0;0.005216998979449272;0
5424;PEC3_20220429_233000_004.wav;0;0.015209990553557873;0
5425;PEC3_20220429_233000_005.wav;0;0.001503377454355359;0
5426;PEC3_20220429_233000_006.wav;0;0.0011908941669389606;0
5427;PEC3_20220429_233000_007.wav;0;0.0009045807528309524;0
5428;PEC3_20220429_233000_008.wav;0;0.000857774808537215;0
5429;PEC3_20220429_233000_009.wav;0;0.0027033069636672735;0
5430;PEC3_20220429_233000_010.wav;0;0.0008692920091561973;0
5431;PEC3_20220429_233000_011.wav;0;0.0006417710101231933;0
5432;PEC3_20220429_233000_012.wav;0;0.004837283864617348;0
5433;PEC3_20220429_233000_013.wav;0;0.0026259692385792732;0
5434;PEC3_20220429_233000_014.wav;0;0.017607837915420532;0
5435;PEC3_20220429_233000_015.wav;0;0.0028886510990560055;0
5436;PEC3_20220429_233000_016.wav;0;0.0017926055006682873;0
5437;PEC3_20220429_233000_017.wav;0;0.0021595447324216366;0
5438;PEC3_20220429_233000_018.wav;0;0.0011048433370888233;0
5439;PEC3_20220429_233000_019.wav;0;0.0011443485273048282;0
5440;PEC3_20220430_034500_000.wav;0;0.003034092951565981;0
5441;PEC3_20220430_034500_001.wav;0;0.01446389127522707;0
5442;PEC3_20220430_034500_002.wav;0;0.004037339240312576;0
5443;PEC3_20220430_034500_003.wav;0;0.0027226859237998724;0
5444;PEC3_20220430_034500_004.wav;0;0.000817858031950891;0
5445;PEC3_20220430_034500_005.wav;0;0.0007037289324216545;0
5446;PEC3_20220430_034500_006.wav;0;0.0005880441167391837;0
5447;PEC3_20220430_034500_007.wav;0;0.010091216303408146;0
5448;PEC3_20220430_034500_008.wav;0;0.0007929549901746213;0
5449;PEC3_20220430_034500_009.wav;0;0.0022218546364456415;0
5450;PEC3_20220430_034500_010.wav;0;0.0017962765414267778;0
5451;PEC3_20220430_034500_011.wav;0;0.009492282755672932;0
5452;PEC3_20220430_034500_012.wav;0;0.004078310448676348;0
5453;PEC3_20220430_034500_013.wav;0;0.004193148575723171;0
5454;PEC3_20220430_034500_014.wav;0;0.0037117714527994394;0
5455;PEC3_20220430_034500_015.wav;0;0.004264195449650288;0
5456;PEC3_20220430_034500_016.wav;0;0.01355038397014141;0
5457;PEC3_20220430_034500_017.wav;0;0.005384158808737993;0
5458;PEC3_20220430_034500_018.wav;0;0.000992789980955422;0
5459;PEC3_20220430_034500_019.wav;0;0.006719665601849556;0
5460;PEC3_20220430_093000_000.wav;0;0.1034814789891243;0
5461;PEC3_20220430_093000_001.wav;0;0.017333615571260452;0
5462;PEC3_20220430_093000_002.wav;0;0.011668447405099869;0
5463;PEC3_20220430_093000_003.wav;0;0.003094686660915613;0
5464;PEC3_20220430_093000_004.wav;0;0.06297454982995987;0
5465;PEC3_20220430_093000_005.wav;0;0.005963442847132683;0
5466;PEC3_20220430_093000_006.wav;0;0.030373590067029;0
5467;PEC3_20220430_093000_007.wav;0;0.0064043765887618065;0
5468;PEC3_20220430_093000_008.wav;0;0.05635300278663635;0
5469;PEC3_20220430_093000_009.wav;0;0.018872004002332687;0
5470;PEC3_20220430_093000_010.wav;0;0.04018116369843483;0
5471;PEC3_20220430_093000_011.wav;0;0.008244745433330536;0
5472;PEC3_20220430_093000_012.wav;0;0.014592133462429047;0
5473;PEC3_20220430_093000_013.wav;0;0.002523676259443164;0
5474;PEC3_20220430_093000_014.wav;0;0.009535216726362705;0
5475;PEC3_20220430_093000_015.wav;0;0.01393272913992405;0
5476;PEC3_20220430_093000_016.wav;0;0.002222826238721609;0
5477;PEC3_20220430_093000_017.wav;0;0.08255242556333542;0
5478;PEC3_20220430_093000_018.wav;0;0.0012686288682743907;0
5479;PEC3_20220430_093000_019.wav;0;0.00981615949422121;0
5480;PEC3_20220504_153000_000.wav;0;0.03984209522604942;0
5481;PEC3_20220504_153000_001.wav;0;0.03886988386511803;0
5482;PEC3_20220504_153000_002.wav;0;0.0570840984582901;0
5483;PEC3_20220504_153000_003.wav;0;0.05239972472190857;0
5484;PEC3_20220504_153000_004.wav;0;0.01448434591293335;0
5485;PEC3_20220504_153000_005.wav;0;0.05017003417015076;0
5486;PEC3_20220504_153000_006.wav;0;0.05344761162996292;0
5487;PEC3_20220504_153000_007.wav;0;0.04972011595964432;0
5488;PEC3_20220504_153000_008.wav;0;0.02424892596900463;0
5489;PEC3_20220504_153000_009.wav;0;0.04114481806755066;0
5490;PEC3_20220504_153000_010.wav;0;0.07085654884576797;0
5491;PEC3_20220504_153000_011.wav;0;0.016617845743894577;0
5492;PEC3_20220504_153000_012.wav;0;0.03876621276140213;0
5493;PEC3_20220504_153000_013.wav;0;0.012953609228134155;0
5494;PEC3_20220504_153000_014.wav;0;0.05847128853201866;0
5495;PEC3_20220504_153000_015.wav;0;0.1309545338153839;0
5496;PEC3_20220504_153000_016.wav;0;0.03763967007398605;0
5497;PEC3_20220504_153000_017.wav;0;0.165251225233078;0
5498;PEC3_20220504_153000_018.wav;0;0.06708966195583344;0
5499;PEC3_20220504_153000_019.wav;0;0.041740547865629196;0
5500;PEC3_20220506_030000_000.wav;0;0.008213906548917294;0
5501;PEC3_20220506_030000_001.wav;0;0.0022513405419886112;0
5502;PEC3_20220506_030000_002.wav;0;0.0033060796558856964;0
5503;PEC3_20220506_030000_003.wav;0;0.007501260377466679;0
5504;PEC3_20220506_030000_004.wav;0;0.05110837519168854;0
5505;PEC3_20220506_030000_005.wav;0;0.027059489861130714;0
5506;PEC3_20220506_030000_006.wav;0;0.026311412453651428;0
5507;PEC3_20220506_030000_007.wav;0;0.05670700967311859;0
5508;PEC3_20220506_030000_008.wav;0;0.027301786467432976;0
5509;PEC3_20220506_030000_009.wav;0;0.002280794782564044;0
5510;PEC3_20220506_030000_010.wav;0;0.004869036842137575;0
5511;PEC3_20220506_030000_011.wav;0;0.042020734399557114;0
5512;PEC3_20220506_030000_012.wav;0;0.0037160657811909914;0
5513;PEC3_20220506_030000_013.wav;0;0.013832424767315388;0
5514;PEC3_20220506_030000_014.wav;0;0.041404616087675095;0
5515;PEC3_20220506_030000_015.wav;0;0.008237547241151333;0
5516;PEC3_20220506_030000_016.wav;0;0.01172908116132021;0
5517;PEC3_20220506_030000_017.wav;0;0.04843815416097641;0
5518;PEC3_20220506_030000_018.wav;0;0.10033198446035385;0
5519;PEC3_20220506_030000_019.wav;0;0.058465562760829926;0
5520;PEC3_20220507_120000_000.wav;0;0.003505784785374999;0
5521;PEC3_20220507_120000_001.wav;0;0.002176068490371108;0
5522;PEC3_20220507_120000_002.wav;0;0.001242952304892242;0
5523;PEC3_20220507_120000_003.wav;0;0.0019035690929740667;0
5524;PEC3_20220507_120000_004.wav;0;0.0006463153986260295;0
5525;PEC3_20220507_120000_005.wav;0;0.0010260121198371053;0
5526;PEC3_20220507_120000_006.wav;0;0.002416750881820917;0
5527;PEC3_20220507_120000_007.wav;0;0.008620607666671276;0
5528;PEC3_20220507_120000_008.wav;0;0.01123475655913353;0
5529;PEC3_20220507_120000_009.wav;0;0.006861765868961811;0
5530;PEC3_20220507_120000_010.wav;0;0.006539429072290659;0
5531;PEC3_20220507_120000_011.wav;0;0.0033977520652115345;0
5532;PEC3_20220507_120000_012.wav;0;0.007868506014347076;0
5533;PEC3_20220507_120000_013.wav;0;0.0027723731473088264;0
5534;PEC3_20220507_120000_014.wav;0;0.0010815643472597003;0
5535;PEC3_20220507_120000_015.wav;0;0.0016037028981372714;0
5536;PEC3_20220507_120000_016.wav;0;0.011668123304843903;0
5537;PEC3_20220507_120000_017.wav;0;0.007439554203301668;0
5538;PEC3_20220507_120000_018.wav;0;0.02879931963980198;0
5539;PEC3_20220507_120000_019.wav;0;0.0019480008631944656;0
5540;PEC3_20220508_190000_000.wav;0;0.02161061391234398;0
5541;PEC3_20220508_190000_001.wav;0;0.01381372194737196;0
5542;PEC3_20220508_190000_002.wav;0;0.011636470444500446;0
5543;PEC3_20220508_190000_003.wav;0;0.029142573475837708;0
5544;PEC3_20220508_190000_004.wav;0;0.016053374856710434;0
5545;PEC3_20220508_190000_005.wav;0;0.024586588144302368;0
5546;PEC3_20220508_190000_006.wav;0;0.010021775960922241;0
5547;PEC3_20220508_190000_007.wav;0;0.04477524384856224;0
5548;PEC3_20220508_190000_008.wav;0;0.013565869070589542;0
5549;PEC3_20220508_190000_009.wav;0;0.0411003977060318;0
5550;PEC3_20220508_190000_010.wav;0;0.025216057896614075;0
5551;PEC3_20220508_190000_011.wav;0;0.02623439021408558;0
5552;PEC3_20220508_190000_012.wav;0;0.01495400257408619;0
5553;PEC3_20220508_190000_013.wav;0;0.03790944069623947;0
5554;PEC3_20220508_190000_014.wav;0;0.035554420202970505;0
5555;PEC3_20220508_190000_015.wav;0;0.010264958254992962;0
5556;PEC3_20220508_190000_016.wav;0;0.07548093795776367;0
5557;PEC3_20220508_190000_017.wav;0;0.03749603033065796;0
5558;PEC3_20220508_190000_018.wav;0;0.06945288926362991;0
5559;PEC3_20220508_190000_019.wav;0;0.024609452113509178;0
5560;PEC3_20220511_080000_000.wav;0;0.9982264637947083;0
5561;PEC3_20220511_080000_001.wav;0;0.9986359477043152;0
5562;PEC3_20220511_080000_002.wav;0;0.9983066320419312;0
5563;PEC3_20220511_080000_003.wav;0;0.9947513937950134;0
5564;PEC3_20220511_080000_004.wav;0;0.9803659319877625;0
5565;PEC3_20220511_080000_005.wav;0;0.9963076114654541;0
5566;PEC3_20220511_080000_006.wav;0;0.9941196441650391;0
5567;PEC3_20220511_080000_007.wav;0;0.9981781244277954;0
5568;PEC3_20220511_080000_008.wav;0;0.9936925172805786;0
5569;PEC3_20220511_080000_009.wav;0;0.998130738735199;0
5570;PEC3_20220511_080000_010.wav;0;0.9992462396621704;0
5571;PEC3_20220511_080000_011.wav;0;0.9971477389335632;0
5572;PEC3_20220511_080000_012.wav;0;0.9988365769386292;0
5573;PEC3_20220511_080000_013.wav;0;0.9960779547691345;0
5574;PEC3_20220511_080000_014.wav;0;0.9828993082046509;0
5575;PEC3_20220511_080000_015.wav;0;0.9986740350723267;0
5576;PEC3_20220511_080000_016.wav;0;0.9919707775115967;0
5577;PEC3_20220511_080000_017.wav;0;0.9976811408996582;0
5578;PEC3_20220511_080000_018.wav;0;0.9987394213676453;0
5579;PEC3_20220511_080000_019.wav;0;0.9965419173240662;0
5580;PEC3_20220512_110000_000.wav;0;0.039624836295843124;0
5581;PEC3_20220512_110000_001.wav;0;0.19308650493621826;0
5582;PEC3_20220512_110000_002.wav;0;0.07826481014490128;0
5583;PEC3_20220512_110000_003.wav;0;0.05606427788734436;0
5584;PEC3_20220512_110000_004.wav;0;0.12881754338741302;0
5585;PEC3_20220512_110000_005.wav;0;0.4762311577796936;0
5586;PEC3_20220512_110000_006.wav;0;0.9566504955291748;0
5587;PEC3_20220512_110000_007.wav;0;0.9909536838531494;0
5588;PEC3_20220512_110000_008.wav;0;0.9862181544303894;0
5589;PEC3_20220512_110000_009.wav;0;0.9420009851455688;0
5590;PEC3_20220512_110000_010.wav;0;0.08686624467372894;0
5591;PEC3_20220512_110000_011.wav;0;0.7347354292869568;0
5592;PEC3_20220512_110000_012.wav;0;0.6364664435386658;0
5593;PEC3_20220512_110000_013.wav;0;0.1321704238653183;0
5594;PEC3_20220512_110000_014.wav;0;0.06282499432563782;0
5595;PEC3_20220512_110000_015.wav;0;0.22581183910369873;0
5596;PEC3_20220512_110000_016.wav;1;0.24070577323436737;1
5597;PEC3_20220512_110000_017.wav;1;0.30252647399902344;1
5598;PEC3_20220512_110000_018.wav;1;0.8396697640419006;1
5599;PEC3_20220512_110000_019.wav;1;0.7823050022125244;1
5600;PEC3_20220513_053000_000.wav;0;0.018992792814970016;0
5601;PEC3_20220513_053000_001.wav;0;0.010608077980577946;0
5602;PEC3_20220513_053000_002.wav;0;0.004979665391147137;0
5603;PEC3_20220513_053000_003.wav;0;0.018596071749925613;0
5604;PEC3_20220513_053000_004.wav;0;0.005056372378021479;0
5605;PEC3_20220513_053000_005.wav;0;0.11905593425035477;0
5606;PEC3_20220513_053000_006.wav;0;0.0032034621108323336;0
5607;PEC3_20220513_053000_007.wav;0;0.01498570665717125;0
5608;PEC3_20220513_053000_008.wav;0;0.008251071907579899;0
5609;PEC3_20220513_053000_009.wav;0;0.002226541517302394;0
5610;PEC3_20220513_053000_010.wav;0;0.10512830317020416;0
5611;PEC3_20220513_053000_011.wav;0;0.10502643138170242;0
5612;PEC3_20220513_053000_012.wav;0;0.014805647544562817;0
5613;PEC3_20220513_053000_013.wav;0;0.010952121578156948;0
5614;PEC3_20220513_053000_014.wav;0;0.009186334908008575;0
5615;PEC3_20220513_053000_015.wav;0;0.012542327865958214;0
5616;PEC3_20220513_053000_016.wav;0;0.15854570269584656;0
5617;PEC3_20220513_053000_017.wav;0;0.005592644680291414;0
5618;PEC3_20220513_053000_018.wav;0;0.0045721884816884995;0
5619;PEC3_20220513_053000_019.wav;0;0.1097319945693016;0
5620;PEC3_20220513_120000_000.wav;0;0.3808552622795105;0
5621;PEC3_20220513_120000_001.wav;0;0.08469019085168839;0
5622;PEC3_20220513_120000_002.wav;0;0.10269875824451447;0
5623;PEC3_20220513_120000_003.wav;0;0.05275910347700119;0
5624;PEC3_20220513_120000_004.wav;0;0.11833809316158295;0
5625;PEC3_20220513_120000_005.wav;0;0.11326370388269424;0
5626;PEC3_20220513_120000_006.wav;0;0.10074058175086975;0
5627;PEC3_20220513_120000_007.wav;0;0.3467436134815216;0
5628;PEC3_20220513_120000_008.wav;0;0.06961654126644135;0
5629;PEC3_20220513_120000_009.wav;0;0.08774884790182114;0
5630;PEC3_20220513_120000_010.wav;0;0.01763571985065937;0
5631;PEC3_20220513_120000_011.wav;0;0.29312965273857117;0
5632;PEC3_20220513_120000_012.wav;0;0.06448017060756683;0
5633;PEC3_20220513_120000_013.wav;0;0.2235947847366333;0
5634;PEC3_20220513_120000_014.wav;0;0.15630604326725006;0
5635;PEC3_20220513_120000_015.wav;0;0.5997818112373352;0
5636;PEC3_20220513_120000_016.wav;0;0.48815956711769104;0
5637;PEC3_20220513_120000_017.wav;0;0.06434421986341476;0
5638;PEC3_20220513_120000_018.wav;0;0.6582372784614563;0
5639;PEC3_20220513_120000_019.wav;0;0.2001788467168808;0
5640;PEC3_20220516_230000_000.wav;0;0.004483059048652649;0
5641;PEC3_20220516_230000_001.wav;0;0.29721876978874207;0
5642;PEC3_20220516_230000_002.wav;0;0.008501004427671432;0
5643;PEC3_20220516_230000_003.wav;0;0.020909134298563004;0
5644;PEC3_20220516_230000_004.wav;0;0.005796549376100302;0
5645;PEC3_20220516_230000_005.wav;0;0.03440965339541435;0
5646;PEC3_20220516_230000_006.wav;0;0.04691970348358154;0
5647;PEC3_20220516_230000_007.wav;0;0.01949387602508068;0
5648;PEC3_20220516_230000_008.wav;0;0.43332844972610474;0
5649;PEC3_20220516_230000_009.wav;0;0.004986552521586418;0
5650;PEC3_20220516_230000_010.wav;0;0.00638579111546278;0
5651;PEC3_20220516_230000_011.wav;0;0.1611555516719818;0
5652;PEC3_20220516_230000_012.wav;0;0.025107236579060555;0
5653;PEC3_20220516_230000_013.wav;0;0.053148575127124786;0
5654;PEC3_20220516_230000_014.wav;0;0.23360687494277954;0
5655;PEC3_20220516_230000_015.wav;0;0.020355038344860077;0
5656;PEC3_20220516_230000_016.wav;0;0.009598902426660061;0
5657;PEC3_20220516_230000_017.wav;0;0.04198623448610306;0
5658;PEC3_20220516_230000_018.wav;0;0.17180655896663666;0
5659;PEC3_20220516_230000_019.wav;0;0.009119012393057346;0
5660;PEC3_20220520_093000_000.wav;0;0.002981395460665226;0
5661;PEC3_20220520_093000_001.wav;0;0.009690050035715103;0
5662;PEC3_20220520_093000_002.wav;0;0.001922559691593051;0
5663;PEC3_20220520_093000_003.wav;0;0.0035109377931803465;0
5664;PEC3_20220520_093000_004.wav;0;0.012521691620349884;0
5665;PEC3_20220520_093000_005.wav;0;0.003243924817070365;0
5666;PEC3_20220520_093000_006.wav;0;0.010110530070960522;0
5667;PEC3_20220520_093000_007.wav;0;0.0008786713588051498;0
5668;PEC3_20220520_093000_008.wav;0;0.01996268518269062;0
5669;PEC3_20220520_093000_009.wav;0;0.008102401159703732;0
5670;PEC3_20220520_093000_010.wav;0;0.0021389357279986143;0
5671;PEC3_20220520_093000_011.wav;0;0.08866941928863525;0
5672;PEC3_20220520_093000_012.wav;0;0.5703879594802856;0
5673;PEC3_20220520_093000_013.wav;0;0.011969514191150665;0
5674;PEC3_20220520_093000_014.wav;0;0.0030625564977526665;0
5675;PEC3_20220520_093000_015.wav;0;0.054902590811252594;0
5676;PEC3_20220520_093000_016.wav;0;0.04263273999094963;0
5677;PEC3_20220520_093000_017.wav;0;0.023358212783932686;0
5678;PEC3_20220520_093000_018.wav;0;0.089006207883358;0
5679;PEC3_20220520_093000_019.wav;0;0.021088261157274246;0
5680;PEC3_20220525_041500_000.wav;0;0.011547955684363842;0
5681;PEC3_20220525_041500_001.wav;0;0.010702534578740597;0
5682;PEC3_20220525_041500_002.wav;0;0.06337258219718933;0
5683;PEC3_20220525_041500_003.wav;0;0.005810145754367113;0
5684;PEC3_20220525_041500_004.wav;0;0.044392891228199005;0
5685;PEC3_20220525_041500_005.wav;0;0.03575197979807854;0
5686;PEC3_20220525_041500_006.wav;0;0.010020923800766468;0
5687;PEC3_20220525_041500_007.wav;0;0.01622161827981472;0
5688;PEC3_20220525_041500_008.wav;0;0.03679247573018074;0
5689;PEC3_20220525_041500_009.wav;0;0.06791520863771439;0
5690;PEC3_20220525_041500_010.wav;0;0.0069914464838802814;0
5691;PEC3_20220525_041500_011.wav;0;0.07337748259305954;0
5692;PEC3_20220525_041500_012.wav;0;0.04212979972362518;0
5693;PEC3_20220525_041500_013.wav;0;0.003496368881314993;0
5694;PEC3_20220525_041500_014.wav;0;0.016848530620336533;0
5695;PEC3_20220525_041500_015.wav;0;0.043089356273412704;0
5696;PEC3_20220525_041500_016.wav;0;0.0046405065804719925;0
5697;PEC3_20220525_041500_017.wav;0;0.08228741586208344;0
5698;PEC3_20220525_041500_018.wav;0;0.01833312213420868;0
5699;PEC3_20220525_041500_019.wav;0;0.014053857885301113;0
5700;PEC3_20220525_221500_000.wav;0;0.004377811681479216;0
5701;PEC3_20220525_221500_001.wav;0;0.07382586598396301;0
5702;PEC3_20220525_221500_002.wav;0;0.01689041405916214;0
5703;PEC3_20220525_221500_003.wav;0;0.01582350581884384;0
5704;PEC3_20220525_221500_004.wav;0;0.009750145487487316;0
5705;PEC3_20220525_221500_005.wav;0;0.00984081532806158;0
5706;PEC3_20220525_221500_006.wav;0;0.03400435298681259;0
5707;PEC3_20220525_221500_007.wav;0;0.012764119543135166;0
5708;PEC3_20220525_221500_008.wav;0;0.09578078985214233;0
5709;PEC3_20220525_221500_009.wav;0;0.009866639971733093;0
5710;PEC3_20220525_221500_010.wav;0;0.011904853396117687;0
5711;PEC3_20220525_221500_011.wav;0;0.0065615130588412285;0
5712;PEC3_20220525_221500_012.wav;0;0.017606765031814575;0
5713;PEC3_20220525_221500_013.wav;0;0.05790841206908226;0
5714;PEC3_20220525_221500_014.wav;0;0.009707912802696228;0
5715;PEC3_20220525_221500_015.wav;0;0.03933852165937424;0
5716;PEC3_20220525_221500_016.wav;0;0.00457057636231184;0
5717;PEC3_20220525_221500_017.wav;0;0.0021464976016432047;0
5718;PEC3_20220525_221500_018.wav;0;0.014757164753973484;0
5719;PEC3_20220525_221500_019.wav;0;0.0015689543215557933;0
5720;PEC3_20220530_073000_000.wav;0;0.15263468027114868;0
5721;PEC3_20220530_073000_001.wav;0;0.5369847416877747;0
5722;PEC3_20220530_073000_002.wav;0;0.14225716888904572;0
5723;PEC3_20220530_073000_003.wav;0;0.20287565886974335;0
5724;PEC3_20220530_073000_004.wav;0;0.544808566570282;0
5725;PEC3_20220530_073000_005.wav;0;0.2061646580696106;0
5726;PEC3_20220530_073000_006.wav;0;0.06915760785341263;0
5727;PEC3_20220530_073000_007.wav;0;0.3283246159553528;0
5728;PEC3_20220530_073000_008.wav;0;0.3741970956325531;0
5729;PEC3_20220530_073000_009.wav;0;0.2528811991214752;0
5730;PEC3_20220530_073000_010.wav;0;0.006697220727801323;0
5731;PEC3_20220530_073000_011.wav;0;0.04026595503091812;0
5732;PEC3_20220530_073000_012.wav;0;0.02885335125029087;0
5733;PEC3_20220530_073000_013.wav;0;0.08890777826309204;0
5734;PEC3_20220530_073000_014.wav;0;0.054048966616392136;0
5735;PEC3_20220530_073000_015.wav;0;0.00865163467824459;0
5736;PEC3_20220530_073000_016.wav;0;0.06342291086912155;0
5737;PEC3_20220530_073000_017.wav;0;0.3795594871044159;0
5738;PEC3_20220530_073000_018.wav;0;0.02856169082224369;0
5739;PEC3_20220530_073000_019.wav;0;0.15742431581020355;0
5740;PEC3_20220603_131500_000.wav;0;0.23203937709331512;0
5741;PEC3_20220603_131500_001.wav;0;0.29178449511528015;0
5742;PEC3_20220603_131500_002.wav;0;0.6796119809150696;0
5743;PEC3_20220603_131500_003.wav;0;0.17614029347896576;0
5744;PEC3_20220603_131500_004.wav;0;0.21315953135490417;0
5745;PEC3_20220603_131500_005.wav;0;0.7672920823097229;0
5746;PEC3_20220603_131500_006.wav;0;0.4756694734096527;0
5747;PEC3_20220603_131500_007.wav;0;0.8488413095474243;0
5748;PEC3_20220603_131500_008.wav;0;0.8712734580039978;0
5749;PEC3_20220603_131500_009.wav;0;0.8890953063964844;0
5750;PEC3_20220603_131500_010.wav;0;0.9801483154296875;0
5751;PEC3_20220603_131500_011.wav;0;0.0371885821223259;0
5752;PEC3_20220603_131500_012.wav;0;0.07679567486047745;0
5753;PEC3_20220603_131500_013.wav;0;0.03812773898243904;0
5754;PEC3_20220603_131500_014.wav;0;0.5726497173309326;0
5755;PEC3_20220603_131500_015.wav;0;0.7843283414840698;0
5756;PEC3_20220603_131500_016.wav;0;0.3081386685371399;0
5757;PEC3_20220603_131500_017.wav;0;0.6273974180221558;0
5758;PEC3_20220603_131500_018.wav;0;0.9944742321968079;0
5759;PEC3_20220603_131500_019.wav;0;0.21285776793956757;0
5760;PEC3_20220607_100000_000.wav;0;0.6436807513237;0
5761;PEC3_20220607_100000_001.wav;0;0.011381377466022968;0
5762;PEC3_20220607_100000_002.wav;0;0.004857684951275587;0
5763;PEC3_20220607_100000_003.wav;0;0.01777348853647709;0
5764;PEC3_20220607_100000_004.wav;0;0.008239872753620148;0
5765;PEC3_20220607_100000_005.wav;0;0.01611466519534588;0
5766;PEC3_20220607_100000_006.wav;0;0.023540396243333817;0
5767;PEC3_20220607_100000_007.wav;0;0.012243587523698807;0
5768;PEC3_20220607_100000_008.wav;0;0.030202824622392654;0
5769;PEC3_20220607_100000_009.wav;0;0.0022344475146383047;0
5770;PEC3_20220607_100000_010.wav;0;0.0032253970857709646;0
5771;PEC3_20220607_100000_011.wav;0;0.000789205776527524;0
5772;PEC3_20220607_100000_012.wav;0;0.0057733613066375256;0
5773;PEC3_20220607_100000_013.wav;0;0.0016731562791392207;0
5774;PEC3_20220607_100000_014.wav;0;0.0029071772005409002;0
5775;PEC3_20220607_100000_015.wav;0;0.1281137615442276;0
5776;PEC3_20220607_100000_016.wav;0;0.01377773005515337;0
5777;PEC3_20220607_100000_017.wav;0;0.9026371836662292;0
5778;PEC3_20220607_100000_018.wav;0;0.04516884312033653;0
5779;PEC3_20220607_100000_019.wav;0;0.2462213635444641;0
5780;PEC3_20220610_174500_000.wav;0;0.8428025245666504;0
5781;PEC3_20220610_174500_001.wav;0;0.3133787512779236;0
5782;PEC3_20220610_174500_002.wav;0;0.8273361921310425;0
5783;PEC3_20220610_174500_003.wav;0;0.949508786201477;0
5784;PEC3_20220610_174500_004.wav;0;0.700118362903595;0
5785;PEC3_20220610_174500_005.wav;0;0.6240680813789368;0
5786;PEC3_20220610_174500_006.wav;0;0.9941144585609436;0
5787;PEC3_20220610_174500_007.wav;0;0.7347579598426819;0
5788;PEC3_20220610_174500_008.wav;0;0.9682338833808899;0
5789;PEC3_20220610_174500_009.wav;0;0.7496552467346191;0
5790;PEC3_20220610_174500_010.wav;0;0.8786627054214478;0
5791;PEC3_20220610_174500_011.wav;0;0.6046780347824097;0
5792;PEC3_20220610_174500_012.wav;0;0.9751957058906555;0
5793;PEC3_20220610_174500_013.wav;0;0.9830342531204224;0
5794;PEC3_20220610_174500_014.wav;0;0.8981238603591919;0
5795;PEC3_20220610_174500_015.wav;0;0.7516691088676453;0
5796;PEC3_20220610_174500_016.wav;0;0.9095415472984314;0
5797;PEC3_20220610_174500_017.wav;0;0.8526762127876282;0
5798;PEC3_20220610_174500_018.wav;0;0.7416023015975952;0
5799;PEC3_20220610_174500_019.wav;0;0.8746945858001709;0
5800;PEC3_20220611_083000_000.wav;0;0.9875493049621582;0
5801;PEC3_20220611_083000_001.wav;0;0.9844387173652649;0
5802;PEC3_20220611_083000_002.wav;0;0.8802461624145508;0
5803;PEC3_20220611_083000_003.wav;0;0.9442665576934814;0
5804;PEC3_20220611_083000_004.wav;0;0.995763897895813;0
5805;PEC3_20220611_083000_005.wav;0;0.9558388590812683;0
5806;PEC3_20220611_083000_006.wav;0;0.9895200729370117;0
5807;PEC3_20220611_083000_007.wav;0;0.73613440990448;0
5808;PEC3_20220611_083000_008.wav;0;0.870053231716156;0
5809;PEC3_20220611_083000_009.wav;0;0.9721207618713379;0
5810;PEC3_20220611_083000_010.wav;0;0.9756820797920227;0
5811;PEC3_20220611_083000_011.wav;0;0.5379109382629395;0
5812;PEC3_20220611_083000_012.wav;0;0.8488448262214661;0
5813;PEC3_20220611_083000_013.wav;0;0.9856529235839844;0
5814;PEC3_20220611_083000_014.wav;0;0.825420081615448;0
5815;PEC3_20220611_083000_015.wav;0;0.9463486075401306;0
5816;PEC3_20220611_083000_016.wav;0;0.9106354713439941;0
5817;PEC3_20220611_083000_017.wav;0;0.9704360365867615;0
5818;PEC3_20220611_083000_018.wav;0;0.9400603771209717;0
5819;PEC3_20220611_083000_019.wav;0;0.9130128622055054;0
5820;PEC3_20220613_010000_000.wav;0;0.16297170519828796;0
5821;PEC3_20220613_010000_001.wav;0;0.03519914299249649;0
5822;PEC3_20220613_010000_002.wav;0;0.09879916906356812;0
5823;PEC3_20220613_010000_003.wav;0;0.18379993736743927;0
5824;PEC3_20220613_010000_004.wav;0;0.15709953010082245;0
5825;PEC3_20220613_010000_005.wav;0;0.1334022581577301;0
5826;PEC3_20220613_010000_006.wav;0;0.07237602025270462;0
5827;PEC3_20220613_010000_007.wav;0;0.014684055000543594;0
5828;PEC3_20220613_010000_008.wav;0;0.008792459964752197;0
5829;PEC3_20220613_010000_009.wav;0;0.01602807082235813;0
5830;PEC3_20220613_010000_010.wav;0;0.11053667962551117;0
5831;PEC3_20220613_010000_011.wav;0;0.039906151592731476;0
5832;PEC3_20220613_010000_012.wav;0;0.19282521307468414;0
5833;PEC3_20220613_010000_013.wav;0;0.004744979087263346;0
5834;PEC3_20220613_010000_014.wav;0;0.03474792093038559;0
5835;PEC3_20220613_010000_015.wav;0;0.09024375677108765;0
5836;PEC3_20220613_010000_016.wav;0;0.029220381751656532;0
5837;PEC3_20220613_010000_017.wav;0;0.059924546629190445;0
5838;PEC3_20220613_010000_018.wav;0;0.13905882835388184;0
5839;PEC3_20220613_010000_019.wav;0;0.003996869549155235;0
5840;PEC3_20220613_111500_000.wav;0;0.9933003187179565;0
5841;PEC3_20220613_111500_001.wav;0;0.9674291610717773;0
5842;PEC3_20220613_111500_002.wav;0;0.8212403655052185;0
5843;PEC3_20220613_111500_003.wav;0;0.17189769446849823;0
5844;PEC3_20220613_111500_004.wav;0;0.6014048457145691;0
5845;PEC3_20220613_111500_005.wav;0;0.06550058722496033;0
5846;PEC3_20220613_111500_006.wav;0;0.2283892184495926;0
5847;PEC3_20220613_111500_007.wav;0;0.6110349297523499;0
5848;PEC3_20220613_111500_008.wav;0;0.47938618063926697;0
5849;PEC3_20220613_111500_009.wav;0;0.5977004170417786;0
5850;PEC3_20220613_111500_010.wav;0;0.014431565999984741;0
5851;PEC3_20220613_111500_011.wav;0;0.19405804574489594;0
5852;PEC3_20220613_111500_012.wav;0;0.13943082094192505;0
5853;PEC3_20220613_111500_013.wav;0;0.09281811118125916;0
5854;PEC3_20220613_111500_014.wav;0;0.040769219398498535;0
5855;PEC3_20220613_111500_015.wav;0;0.11452652513980865;0
5856;PEC3_20220613_111500_016.wav;0;0.0752502828836441;0
5857;PEC3_20220613_111500_017.wav;0;0.02942172810435295;0
5858;PEC3_20220613_111500_018.wav;0;0.04809839650988579;0
5859;PEC3_20220613_111500_019.wav;0;0.22681696712970734;0
5860;PEC3_20220618_224500_000.wav;0;0.015995774418115616;0
5861;PEC3_20220618_224500_001.wav;0;0.059094786643981934;0
5862;PEC3_20220618_224500_002.wav;0;0.02149052731692791;0
5863;PEC3_20220618_224500_003.wav;0;0.18656525015830994;0
5864;PEC3_20220618_224500_004.wav;0;0.00379305356182158;0
5865;PEC3_20220618_224500_005.wav;0;0.13342158496379852;0
5866;PEC3_20220618_224500_006.wav;0;0.004545337054878473;0
5867;PEC3_20220618_224500_007.wav;0;0.0659574344754219;0
5868;PEC3_20220618_224500_008.wav;0;0.21926486492156982;0
5869;PEC3_20220618_224500_009.wav;0;0.04725886136293411;0
5870;PEC3_20220618_224500_010.wav;0;0.030255552381277084;0
5871;PEC3_20220618_224500_011.wav;0;0.059961456805467606;0
5872;PEC3_20220618_224500_012.wav;0;0.06865517795085907;0
5873;PEC3_20220618_224500_013.wav;0;0.2558349072933197;0
5874;PEC3_20220618_224500_014.wav;0;0.02540300227701664;0
5875;PEC3_20220618_224500_015.wav;0;0.06807845085859299;0
5876;PEC3_20220618_224500_016.wav;0;0.20756737887859344;0
5877;PEC3_20220618_224500_017.wav;0;0.04447208344936371;0
5878;PEC3_20220618_224500_018.wav;0;0.01768774911761284;0
5879;PEC3_20220618_224500_019.wav;0;0.017761703580617905;0
5880;PEC3_20220619_013000_000.wav;0;0.03353416919708252;0
5881;PEC3_20220619_013000_001.wav;0;0.015539861284196377;0
5882;PEC3_20220619_013000_002.wav;0;0.007369466125965118;0
5883;PEC3_20220619_013000_003.wav;0;0.2057335525751114;0
5884;PEC3_20220619_013000_004.wav;0;0.024166902527213097;0
5885;PEC3_20220619_013000_005.wav;0;0.06599870324134827;0
5886;PEC3_20220619_013000_006.wav;0;0.01690085232257843;0
5887;PEC3_20220619_013000_007.wav;0;0.08671805262565613;0
5888;PEC3_20220619_013000_008.wav;0;0.008451994508504868;0
5889;PEC3_20220619_013000_009.wav;0;0.026487836614251137;0
5890;PEC3_20220619_013000_010.wav;0;0.017877256497740746;0
5891;PEC3_20220619_013000_011.wav;0;0.030173368752002716;0
5892;PEC3_20220619_013000_012.wav;0;0.008490849286317825;0
5893;PEC3_20220619_013000_013.wav;0;0.004321963991969824;0
5894;PEC3_20220619_013000_014.wav;0;0.10803249478340149;0
5895;PEC3_20220619_013000_015.wav;0;0.0018962774192914367;0
5896;PEC3_20220619_013000_016.wav;0;0.0036414461210370064;0
5897;PEC3_20220619_013000_017.wav;0;0.004419168923050165;0
5898;PEC3_20220619_013000_018.wav;0;0.020279422402381897;0
5899;PEC3_20220619_013000_019.wav;0;0.02712584100663662;0
5900;PEC3_20220619_173000_000.wav;0;0.008189276792109013;0
5901;PEC3_20220619_173000_001.wav;0;0.02459798753261566;0
5902;PEC3_20220619_173000_002.wav;0;0.6937828660011292;0
5903;PEC3_20220619_173000_003.wav;0;0.02394171431660652;0
5904;PEC3_20220619_173000_004.wav;0;0.016277918592095375;0
5905;PEC3_20220619_173000_005.wav;0;0.0763484314084053;0
5906;PEC3_20220619_173000_006.wav;0;0.05312327668070793;0
5907;PEC3_20220619_173000_007.wav;0;0.04099297896027565;0
5908;PEC3_20220619_173000_008.wav;0;0.022766893729567528;0
5909;PEC3_20220619_173000_009.wav;0;0.07125663757324219;0
5910;PEC3_20220619_173000_010.wav;0;0.061101026833057404;0
5911;PEC3_20220619_173000_011.wav;0;0.06122967228293419;0
5912;PEC3_20220619_173000_012.wav;0;0.3150002360343933;0
5913;PEC3_20220619_173000_013.wav;0;0.08502931147813797;0
5914;PEC3_20220619_173000_014.wav;0;0.12213119864463806;0
5915;PEC3_20220619_173000_015.wav;0;0.09808818250894547;0
5916;PEC3_20220619_173000_016.wav;0;0.0724620372056961;0
5917;PEC3_20220619_173000_017.wav;0;0.11262048780918121;0
5918;PEC3_20220619_173000_018.wav;0;0.04005959630012512;0
5919;PEC3_20220619_173000_019.wav;0;0.11759386211633682;0
5920;PEC3_20220621_210000_000.wav;0;0.013782966881990433;0
5921;PEC3_20220621_210000_001.wav;0;0.06843028217554092;0
5922;PEC3_20220621_210000_002.wav;0;0.46476465463638306;0
5923;PEC3_20220621_210000_003.wav;0;0.3142833113670349;0
5924;PEC3_20220621_210000_004.wav;0;0.22922006249427795;0
5925;PEC3_20220621_210000_005.wav;0;0.042052119970321655;0
5926;PEC3_20220621_210000_006.wav;0;0.7343230247497559;0
5927;PEC3_20220621_210000_007.wav;0;0.04808503016829491;0
5928;PEC3_20220621_210000_008.wav;0;0.6014502644538879;0
5929;PEC3_20220621_210000_009.wav;0;0.08028584718704224;0
5930;PEC3_20220621_210000_010.wav;0;0.059942908585071564;0
5931;PEC3_20220621_210000_011.wav;0;0.4028474986553192;0
5932;PEC3_20220621_210000_012.wav;0;0.11130642890930176;0
5933;PEC3_20220621_210000_013.wav;0;0.20046937465667725;0
5934;PEC3_20220621_210000_014.wav;0;0.06943925470113754;0
5935;PEC3_20220621_210000_015.wav;0;0.17522768676280975;0
5936;PEC3_20220621_210000_016.wav;0;0.12386901676654816;0
5937;PEC3_20220621_210000_017.wav;0;0.20608112215995789;0
5938;PEC3_20220621_210000_018.wav;0;0.7240385413169861;0
5939;PEC3_20220621_210000_019.wav;0;0.5470260381698608;0
5940;PEC3_20220623_223000_000.wav;0;0.16429714858531952;0
5941;PEC3_20220623_223000_001.wav;0;0.0731983557343483;0
5942;PEC3_20220623_223000_002.wav;0;0.007475144695490599;0
5943;PEC3_20220623_223000_003.wav;0;0.41531315445899963;0
5944;PEC3_20220623_223000_004.wav;0;0.9535697102546692;0
5945;PEC3_20220623_223000_005.wav;0;0.8530952334403992;0
5946;PEC3_20220623_223000_006.wav;0;0.006743520498275757;0
5947;PEC3_20220623_223000_007.wav;0;0.3079548180103302;0
5948;PEC3_20220623_223000_008.wav;0;0.7184707522392273;0
5949;PEC3_20220623_223000_009.wav;0;0.7869359850883484;0
5950;PEC3_20220623_223000_010.wav;0;0.8718295693397522;0
5951;PEC3_20220623_223000_011.wav;0;0.17085698246955872;0
5952;PEC3_20220623_223000_012.wav;0;0.3390406668186188;0
5953;PEC3_20220623_223000_013.wav;0;0.5150177478790283;0
5954;PEC3_20220623_223000_014.wav;0;0.11056488007307053;0
5955;PEC3_20220623_223000_015.wav;0;0.4814492464065552;0
5956;PEC3_20220623_223000_016.wav;0;0.9021711349487305;0
5957;PEC3_20220623_223000_017.wav;0;0.01121694128960371;0
5958;PEC3_20220623_223000_018.wav;0;0.028695188462734222;0
5959;PEC3_20220623_223000_019.wav;0;0.31807035207748413;0
5960;PEC3_20220629_041500_000.wav;0;0.021650156006217003;0
5961;PEC3_20220629_041500_001.wav;0;0.11286012828350067;0
5962;PEC3_20220629_041500_002.wav;0;0.03545704111456871;0
5963;PEC3_20220629_041500_003.wav;0;0.018226593732833862;0
5964;PEC3_20220629_041500_004.wav;0;0.013692027889192104;0
5965;PEC3_20220629_041500_005.wav;0;0.016387691721320152;0
5966;PEC3_20220629_041500_006.wav;0;0.012383213266730309;0
5967;PEC3_20220629_041500_007.wav;0;0.26063159108161926;0
5968;PEC3_20220629_041500_008.wav;0;0.007871681824326515;0
5969;PEC3_20220629_041500_009.wav;0;0.017348282039165497;0
5970;PEC3_20220629_041500_010.wav;0;0.08672810345888138;0
5971;PEC3_20220629_041500_011.wav;0;0.015266145579516888;0
5972;PEC3_20220629_041500_012.wav;0;0.017793459817767143;0
5973;PEC3_20220629_041500_013.wav;0;0.04343825951218605;0
5974;PEC3_20220629_041500_014.wav;0;0.003270718501880765;0
5975;PEC3_20220629_041500_015.wav;0;0.05379848927259445;0
5976;PEC3_20220629_041500_016.wav;0;0.20177386701107025;0
5977;PEC3_20220629_041500_017.wav;0;0.01075410284101963;0
5978;PEC3_20220629_041500_018.wav;0;0.023885656148195267;0
5979;PEC3_20220629_041500_019.wav;0;0.08623247593641281;0
5980;PEC3_20220703_003000_000.wav;0;0.023749561980366707;0
5981;PEC3_20220703_003000_001.wav;0;0.03331645578145981;0
5982;PEC3_20220703_003000_002.wav;0;0.1592356562614441;0
5983;PEC3_20220703_003000_003.wav;0;0.039338745176792145;0
5984;PEC3_20220703_003000_004.wav;0;0.0020198076963424683;0
5985;PEC3_20220703_003000_005.wav;0;0.006540011148899794;0
5986;PEC3_20220703_003000_006.wav;0;0.049651648849248886;0
5987;PEC3_20220703_003000_007.wav;0;0.13051241636276245;0
5988;PEC3_20220703_003000_008.wav;0;0.07187443226575851;0
5989;PEC3_20220703_003000_009.wav;0;0.6071785092353821;0
5990;PEC3_20220703_003000_010.wav;0;0.008529409766197205;0
5991;PEC3_20220703_003000_011.wav;0;0.08655808866024017;0
5992;PEC3_20220703_003000_012.wav;0;0.15464669466018677;0
5993;PEC3_20220703_003000_013.wav;0;0.012779024429619312;0
5994;PEC3_20220703_003000_014.wav;0;0.06221599876880646;0
5995;PEC3_20220703_003000_015.wav;0;0.05346250161528587;0
5996;PEC3_20220703_003000_016.wav;0;0.26717570424079895;0
5997;PEC3_20220703_003000_017.wav;0;0.03002544306218624;0
5998;PEC3_20220703_003000_018.wav;0;0.004283539950847626;0
5999;PEC3_20220703_003000_019.wav;0;0.04370751976966858;0
6000;PEC3_20220707_064500_000.wav;0;0.14681945741176605;0
6001;PEC3_20220707_064500_001.wav;0;0.01768183521926403;0
6002;PEC3_20220707_064500_002.wav;0;0.9005580544471741;0
6003;PEC3_20220707_064500_003.wav;0;0.4086773991584778;0
6004;PEC3_20220707_064500_004.wav;0;0.1227099597454071;0
6005;PEC3_20220707_064500_005.wav;0;0.18512704968452454;0
6006;PEC3_20220707_064500_006.wav;0;0.01922568865120411;0
6007;PEC3_20220707_064500_007.wav;0;0.18433476984500885;0
6008;PEC3_20220707_064500_008.wav;0;0.2204262614250183;0
6009;PEC3_20220707_064500_009.wav;0;0.6682004928588867;0
6010;PEC3_20220707_064500_010.wav;0;0.1825762242078781;0
6011;PEC3_20220707_064500_011.wav;0;0.025302570313215256;0
6012;PEC3_20220707_064500_012.wav;0;0.08859028667211533;0
6013;PEC3_20220707_064500_013.wav;0;0.1504175215959549;0
6014;PEC3_20220707_064500_014.wav;0;0.24043136835098267;0
6015;PEC3_20220707_064500_015.wav;0;0.24239866435527802;0
6016;PEC3_20220707_064500_016.wav;0;0.01874765381217003;0
6017;PEC3_20220707_064500_017.wav;0;0.10104257613420486;0
6018;PEC3_20220707_064500_018.wav;0;0.47639569640159607;0
6019;PEC3_20220707_064500_019.wav;0;0.26938825845718384;0
6020;PEC3_20220708_143000_000.wav;0;0.09100757539272308;0
6021;PEC3_20220708_143000_001.wav;0;0.17277702689170837;0
6022;PEC3_20220708_143000_002.wav;0;0.14978106319904327;0
6023;PEC3_20220708_143000_003.wav;0;0.25913622975349426;0
6024;PEC3_20220708_143000_004.wav;0;0.17962242662906647;0
6025;PEC3_20220708_143000_005.wav;0;0.33564022183418274;0
6026;PEC3_20220708_143000_006.wav;0;0.47957298159599304;0
6027;PEC3_20220708_143000_007.wav;0;0.33506691455841064;0
6028;PEC3_20220708_143000_008.wav;0;0.1706995964050293;0
6029;PEC3_20220708_143000_009.wav;0;0.05920836329460144;0
6030;PEC3_20220708_143000_010.wav;0;0.1286613643169403;0
6031;PEC3_20220708_143000_011.wav;0;0.17450366914272308;0
6032;PEC3_20220708_143000_012.wav;0;0.06616183370351791;0
6033;PEC3_20220708_143000_013.wav;0;0.3532702326774597;0
6034;PEC3_20220708_143000_014.wav;0;0.111902616918087;0
6035;PEC3_20220708_143000_015.wav;0;0.07160963118076324;0
6036;PEC3_20220708_143000_016.wav;0;0.013976926915347576;0
6037;PEC3_20220708_143000_017.wav;0;0.46993833780288696;0
6038;PEC3_20220708_143000_018.wav;0;0.27662748098373413;0
6039;PEC3_20220708_143000_019.wav;0;0.5319594740867615;0
6040;PEC3_20220711_081500_000.wav;0;0.9995162487030029;0
6041;PEC3_20220711_081500_001.wav;0;0.9991094470024109;0
6042;PEC3_20220711_081500_002.wav;0;0.999818742275238;0
6043;PEC3_20220711_081500_003.wav;0;0.9997102618217468;0
6044;PEC3_20220711_081500_004.wav;0;0.9981789588928223;0
6045;PEC3_20220711_081500_005.wav;0;0.999422550201416;0
6046;PEC3_20220711_081500_006.wav;0;0.9991528987884521;0
6047;PEC3_20220711_081500_007.wav;0;0.9990332126617432;0
6048;PEC3_20220711_081500_008.wav;0;0.998991072177887;0
6049;PEC3_20220711_081500_009.wav;0;0.9982339143753052;0
6050;PEC3_20220711_081500_010.wav;0;0.9995566010475159;0
6051;PEC3_20220711_081500_011.wav;0;0.9995542168617249;0
6052;PEC3_20220711_081500_012.wav;0;0.9991967082023621;0
6053;PEC3_20220711_081500_013.wav;0;0.9998481273651123;0
6054;PEC3_20220711_081500_014.wav;0;0.9993558526039124;0
6055;PEC3_20220711_081500_015.wav;0;0.9992133378982544;0
6056;PEC3_20220711_081500_016.wav;0;0.9996060729026794;0
6057;PEC3_20220711_081500_017.wav;0;0.9978300929069519;0
6058;PEC3_20220711_081500_018.wav;0;0.9984433054924011;0
6059;PEC3_20220711_081500_019.wav;0;0.9675962924957275;0
6060;PEC3_20220712_163000_000.wav;0;0.6370975971221924;0
6061;PEC3_20220712_163000_001.wav;0;0.4851813018321991;0
6062;PEC3_20220712_163000_002.wav;0;0.8345874547958374;0
6063;PEC3_20220712_163000_003.wav;0;0.09519956260919571;0
6064;PEC3_20220712_163000_004.wav;0;0.17469485104084015;0
6065;PEC3_20220712_163000_005.wav;0;0.5394214987754822;0
6066;PEC3_20220712_163000_006.wav;0;0.7351597547531128;0
6067;PEC3_20220712_163000_007.wav;0;0.5377222299575806;0
6068;PEC3_20220712_163000_008.wav;0;0.2603710889816284;0
6069;PEC3_20220712_163000_009.wav;0;0.9784184098243713;0
6070;PEC3_20220712_163000_010.wav;0;0.9030969142913818;0
6071;PEC3_20220712_163000_011.wav;0;0.4744046926498413;0
6072;PEC3_20220712_163000_012.wav;0;0.715141236782074;0
6073;PEC3_20220712_163000_013.wav;0;0.7782455086708069;0
6074;PEC3_20220712_163000_014.wav;0;0.3719349205493927;0
6075;PEC3_20220712_163000_015.wav;0;0.6655018329620361;0
6076;PEC3_20220712_163000_016.wav;0;0.20487530529499054;0
6077;PEC3_20220712_163000_017.wav;0;0.5111231803894043;0
6078;PEC3_20220712_163000_018.wav;0;0.44099050760269165;0
6079;PEC3_20220712_163000_019.wav;0;0.04983155429363251;0
6080;PEC3_20220713_183000_000.wav;0;0.05508608743548393;0
6081;PEC3_20220713_183000_001.wav;0;0.41456687450408936;0
6082;PEC3_20220713_183000_002.wav;0;0.04191649332642555;0
6083;PEC3_20220713_183000_003.wav;0;0.03730076551437378;0
6084;PEC3_20220713_183000_004.wav;0;0.35545194149017334;0
6085;PEC3_20220713_183000_005.wav;0;0.053157780319452286;0
6086;PEC3_20220713_183000_006.wav;0;0.015754085034132004;0
6087;PEC3_20220713_183000_007.wav;0;0.711148202419281;0
6088;PEC3_20220713_183000_008.wav;0;0.7971972227096558;0
6089;PEC3_20220713_183000_009.wav;0;0.0005531705101020634;0
6090;PEC3_20220713_183000_010.wav;0;0.030088435858488083;0
6091;PEC3_20220713_183000_011.wav;0;0.2087661325931549;0
6092;PEC3_20220713_183000_012.wav;0;0.1880970448255539;0
6093;PEC3_20220713_183000_013.wav;0;0.09636863321065903;0
6094;PEC3_20220713_183000_014.wav;0;0.03937153518199921;0
6095;PEC3_20220713_183000_015.wav;0;0.20739568769931793;0
6096;PEC3_20220713_183000_016.wav;0;0.48442983627319336;0
6097;PEC3_20220713_183000_017.wav;0;0.5032176375389099;0
6098;PEC3_20220713_183000_018.wav;0;0.09875039011240005;0
6099;PEC3_20220713_183000_019.wav;0;0.060917776077985764;0
6100;PEC3_20220714_040000_000.wav;0;0.0903058871626854;0
6101;PEC3_20220714_040000_001.wav;0;0.11730656027793884;0
6102;PEC3_20220714_040000_002.wav;0;0.7714600563049316;0
6103;PEC3_20220714_040000_003.wav;0;0.09355886280536652;0
6104;PEC3_20220714_040000_004.wav;0;0.12094800174236298;0
6105;PEC3_20220714_040000_005.wav;0;0.010022097267210484;0
6106;PEC3_20220714_040000_006.wav;0;0.0018089775694534183;0
6107;PEC3_20220714_040000_007.wav;0;0.011079221963882446;0
6108;PEC3_20220714_040000_008.wav;0;0.00021445156016852707;0
6109;PEC3_20220714_040000_009.wav;0;0.0017281790496781468;0
6110;PEC3_20220714_040000_010.wav;0;0.00098297162912786;0
6111;PEC3_20220714_040000_011.wav;0;0.039537396281957626;0
6112;PEC3_20220714_040000_012.wav;0;0.001530831097625196;0
6113;PEC3_20220714_040000_013.wav;0;0.01034510787576437;0
6114;PEC3_20220714_040000_014.wav;0;0.00929933600127697;0
6115;PEC3_20220714_040000_015.wav;0;0.5542133450508118;0
6116;PEC3_20220714_040000_016.wav;0;0.0004840690817218274;0
6117;PEC3_20220714_040000_017.wav;0;0.013173146173357964;0
6118;PEC3_20220714_040000_018.wav;0;0.0486488901078701;0
6119;PEC3_20220714_040000_019.wav;0;0.1874079406261444;0
6120;PEC3_20220714_234500_000.wav;0;0.028985366225242615;0
6121;PEC3_20220714_234500_001.wav;0;0.07510507106781006;0
6122;PEC3_20220714_234500_002.wav;0;0.016407987102866173;0
6123;PEC3_20220714_234500_003.wav;0;0.059201233088970184;0
6124;PEC3_20220714_234500_004.wav;0;0.06516869366168976;0
6125;PEC3_20220714_234500_005.wav;0;0.03607993572950363;0
6126;PEC3_20220714_234500_006.wav;0;0.004217587877064943;0
6127;PEC3_20220714_234500_007.wav;0;0.036534421145915985;0
6128;PEC3_20220714_234500_008.wav;0;0.00664560915902257;0
6129;PEC3_20220714_234500_009.wav;0;0.037045110017061234;0
6130;PEC3_20220714_234500_010.wav;0;0.03789150342345238;0
6131;PEC3_20220714_234500_011.wav;0;0.017294486984610558;0
6132;PEC3_20220714_234500_012.wav;0;0.0027357579674571753;0
6133;PEC3_20220714_234500_013.wav;0;0.0051264395006000996;0
6134;PEC3_20220714_234500_014.wav;0;0.0559207983314991;0
6135;PEC3_20220714_234500_015.wav;0;0.11481844633817673;0
6136;PEC3_20220714_234500_016.wav;0;0.08419747650623322;0
6137;PEC3_20220714_234500_017.wav;0;0.02653356082737446;0
6138;PEC3_20220714_234500_018.wav;0;0.04199809953570366;0
6139;PEC3_20220714_234500_019.wav;0;0.00693763280287385;0
6140;PEC3_20220723_104500_000.wav;0;0.34277164936065674;0
6141;PEC3_20220723_104500_001.wav;0;0.5676552057266235;0
6142;PEC3_20220723_104500_002.wav;0;0.3581700921058655;0
6143;PEC3_20220723_104500_003.wav;0;0.7878163456916809;0
6144;PEC3_20220723_104500_004.wav;0;0.19904735684394836;0
6145;PEC3_20220723_104500_005.wav;0;0.555915355682373;0
6146;PEC3_20220723_104500_006.wav;0;0.803670346736908;0
6147;PEC3_20220723_104500_007.wav;0;0.042001474648714066;0
6148;PEC3_20220723_104500_008.wav;0;0.5332233309745789;0
6149;PEC3_20220723_104500_009.wav;0;0.28135448694229126;0
6150;PEC3_20220723_104500_010.wav;0;0.3562857508659363;0
6151;PEC3_20220723_104500_011.wav;0;0.8215663433074951;0
6152;PEC3_20220723_104500_012.wav;0;0.19931337237358093;0
6153;PEC3_20220723_104500_013.wav;0;0.13244110345840454;0
6154;PEC3_20220723_104500_014.wav;0;0.44925856590270996;0
6155;PEC3_20220723_104500_015.wav;0;0.14474360644817352;0
6156;PEC3_20220723_104500_016.wav;0;0.9397388696670532;0
6157;PEC3_20220723_104500_017.wav;0;0.6065438389778137;0
6158;PEC3_20220723_104500_018.wav;0;0.2949415445327759;0
6159;PEC3_20220723_104500_019.wav;0;0.16809961199760437;0
6160;PEC3_20220724_141500_000.wav;0;0.19685982167720795;0
6161;PEC3_20220724_141500_001.wav;0;0.17116327583789825;0
6162;PEC3_20220724_141500_002.wav;0;0.27871862053871155;0
6163;PEC3_20220724_141500_003.wav;0;0.08568968623876572;0
6164;PEC3_20220724_141500_004.wav;0;0.7630370855331421;0
6165;PEC3_20220724_141500_005.wav;0;0.3432839810848236;0
6166;PEC3_20220724_141500_006.wav;0;0.12303781509399414;0
6167;PEC3_20220724_141500_007.wav;0;0.042563341557979584;0
6168;PEC3_20220724_141500_008.wav;0;0.4326764941215515;0
6169;PEC3_20220724_141500_009.wav;0;0.08756789565086365;0
6170;PEC3_20220724_141500_010.wav;0;0.7281945943832397;0
6171;PEC3_20220724_141500_011.wav;0;0.7981440424919128;0
6172;PEC3_20220724_141500_012.wav;0;0.09896805882453918;0
6173;PEC3_20220724_141500_013.wav;0;0.5954706072807312;0
6174;PEC3_20220724_141500_014.wav;0;0.6676692366600037;0
6175;PEC3_20220724_141500_015.wav;0;0.4049874246120453;0
6176;PEC3_20220724_141500_016.wav;0;0.16580282151699066;0
6177;PEC3_20220724_141500_017.wav;0;0.4164904057979584;0
6178;PEC3_20220724_141500_018.wav;0;0.328673779964447;0
6179;PEC3_20220724_141500_019.wav;0;0.3082401156425476;0
6180;PEC3_20220725_230000_000.wav;0;0.024256683886051178;0
6181;PEC3_20220725_230000_001.wav;0;0.2002958506345749;0
6182;PEC3_20220725_230000_002.wav;0;0.06889490783214569;0
6183;PEC3_20220725_230000_003.wav;0;0.027971448376774788;0
6184;PEC3_20220725_230000_004.wav;0;0.3575195074081421;0
6185;PEC3_20220725_230000_005.wav;0;0.17561975121498108;0
6186;PEC3_20220725_230000_006.wav;0;0.23788753151893616;0
6187;PEC3_20220725_230000_007.wav;0;0.41399484872817993;0
6188;PEC3_20220725_230000_008.wav;0;0.6987323760986328;0
6189;PEC3_20220725_230000_009.wav;0;0.24661707878112793;0
6190;PEC3_20220725_230000_010.wav;0;0.4656611382961273;0
6191;PEC3_20220725_230000_011.wav;0;0.27175337076187134;0
6192;PEC3_20220725_230000_012.wav;0;0.371040940284729;0
6193;PEC3_20220725_230000_013.wav;0;0.45229315757751465;0
6194;PEC3_20220725_230000_014.wav;0;0.07314745336771011;0
6195;PEC3_20220725_230000_015.wav;0;0.19474494457244873;0
6196;PEC3_20220725_230000_016.wav;0;0.6734335422515869;0
6197;PEC3_20220725_230000_017.wav;0;0.09902796149253845;0
6198;PEC3_20220725_230000_018.wav;0;0.46855518221855164;0
6199;PEC3_20220725_230000_019.wav;0;0.04242676869034767;0
6200;PEC3_20220728_044500_000.wav;0;0.23244868218898773;0
6201;PEC3_20220728_044500_001.wav;0;0.7023158669471741;0
6202;PEC3_20220728_044500_002.wav;0;0.23479194939136505;0
6203;PEC3_20220728_044500_003.wav;0;0.20173154771327972;0
6204;PEC3_20220728_044500_004.wav;0;0.3961561918258667;0
6205;PEC3_20220728_044500_005.wav;0;0.2972235083580017;0
6206;PEC3_20220728_044500_006.wav;0;0.42044779658317566;0
6207;PEC3_20220728_044500_007.wav;0;0.49104222655296326;0
6208;PEC3_20220728_044500_008.wav;0;0.5535874962806702;0
6209;PEC3_20220728_044500_009.wav;0;0.7531279921531677;0
6210;PEC3_20220728_044500_010.wav;0;0.6360864639282227;0
6211;PEC3_20220728_044500_011.wav;0;0.12502457201480865;0
6212;PEC3_20220728_044500_012.wav;0;0.20364566147327423;0
6213;PEC3_20220728_044500_013.wav;0;0.4328174889087677;0
6214;PEC3_20220728_044500_014.wav;0;0.6560287475585938;0
6215;PEC3_20220728_044500_015.wav;0;0.4752136468887329;0
6216;PEC3_20220728_044500_016.wav;0;0.8165264129638672;0
6217;PEC3_20220728_044500_017.wav;0;0.45044586062431335;0
6218;PEC3_20220728_044500_018.wav;0;0.08541547507047653;0
6219;PEC3_20220728_044500_019.wav;0;0.8567551374435425;0
6220;PEC3_20220801_053000_000.wav;0;0.004173711407929659;0
6221;PEC3_20220801_053000_001.wav;0;0.012768861837685108;0
6222;PEC3_20220801_053000_002.wav;0;0.06380730867385864;0
6223;PEC3_20220801_053000_003.wav;0;0.13886667788028717;0
6224;PEC3_20220801_053000_004.wav;0;0.04428081959486008;0
6225;PEC3_20220801_053000_005.wav;0;0.032782141119241714;0
6226;PEC3_20220801_053000_006.wav;0;0.001963995862752199;0
6227;PEC3_20220801_053000_007.wav;0;0.26875990629196167;0
6228;PEC3_20220801_053000_008.wav;0;0.038797106593847275;0
6229;PEC3_20220801_053000_009.wav;0;0.0063665383495390415;0
6230;PEC3_20220801_053000_010.wav;0;0.17592190206050873;0
6231;PEC3_20220801_053000_011.wav;0;0.009728599339723587;0
6232;PEC3_20220801_053000_012.wav;0;0.03693179413676262;0
6233;PEC3_20220801_053000_013.wav;0;0.1002596989274025;0
6234;PEC3_20220801_053000_014.wav;0;0.010241759940981865;0
6235;PEC3_20220801_053000_015.wav;0;0.12268759310245514;0
6236;PEC3_20220801_053000_016.wav;0;0.02760968543589115;0
6237;PEC3_20220801_053000_017.wav;0;0.029483193531632423;0
6238;PEC3_20220801_053000_018.wav;0;0.02002786286175251;0
6239;PEC3_20220801_053000_019.wav;0;0.022042572498321533;0
6240;PEC3_20220805_121500_000.wav;0;0.20203940570354462;0
6241;PEC3_20220805_121500_001.wav;0;0.11313474178314209;0
6242;PEC3_20220805_121500_002.wav;0;0.40350133180618286;0
6243;PEC3_20220805_121500_003.wav;0;0.7543690800666809;0
6244;PEC3_20220805_121500_004.wav;0;0.6616717576980591;0
6245;PEC3_20220805_121500_005.wav;0;0.12875871360301971;0
6246;PEC3_20220805_121500_006.wav;0;0.27515894174575806;0
6247;PEC3_20220805_121500_007.wav;0;0.6909270286560059;0
6248;PEC3_20220805_121500_008.wav;0;0.6923605799674988;0
6249;PEC3_20220805_121500_009.wav;0;0.2354579120874405;0
6250;PEC3_20220805_121500_010.wav;0;0.34160926938056946;0
6251;PEC3_20220805_121500_011.wav;0;0.16433413326740265;0
6252;PEC3_20220805_121500_012.wav;0;0.33118921518325806;0
6253;PEC3_20220805_121500_013.wav;0;0.3011389672756195;0
6254;PEC3_20220805_121500_014.wav;0;0.3394774794578552;0
6255;PEC3_20220805_121500_015.wav;0;0.8417127728462219;0
6256;PEC3_20220805_121500_016.wav;0;0.5253803730010986;0
6257;PEC3_20220805_121500_017.wav;0;0.24008014798164368;0
6258;PEC3_20220805_121500_018.wav;0;0.7746550440788269;0
6259;PEC3_20220805_121500_019.wav;0;0.6864754557609558;0
6260;PEC3_20220806_113000_000.wav;0;0.044269461184740067;0
6261;PEC3_20220806_113000_001.wav;0;0.23996391892433167;0
6262;PEC3_20220806_113000_002.wav;0;0.2889403998851776;0
6263;PEC3_20220806_113000_003.wav;0;0.034361571073532104;0
6264;PEC3_20220806_113000_004.wav;0;0.23141692578792572;0
6265;PEC3_20220806_113000_005.wav;0;0.26545026898384094;0
6266;PEC3_20220806_113000_006.wav;0;0.283491849899292;0
6267;PEC3_20220806_113000_007.wav;0;0.907390296459198;0
6268;PEC3_20220806_113000_008.wav;0;0.3684389591217041;0
6269;PEC3_20220806_113000_009.wav;0;0.6257750391960144;0
6270;PEC3_20220806_113000_010.wav;0;0.5613652467727661;0
6271;PEC3_20220806_113000_011.wav;0;0.20157232880592346;0
6272;PEC3_20220806_113000_012.wav;0;0.19177882373332977;0
6273;PEC3_20220806_113000_013.wav;0;0.054824236780405045;0
6274;PEC3_20220806_113000_014.wav;0;0.004868731833994389;0
6275;PEC3_20220806_113000_015.wav;0;0.005227549467235804;0
6276;PEC3_20220806_113000_016.wav;0;0.2522018253803253;0
6277;PEC3_20220806_113000_017.wav;0;0.0027274161111563444;0
6278;PEC3_20220806_113000_018.wav;0;0.001520429621450603;0
6279;PEC3_20220806_113000_019.wav;0;0.9504506587982178;0
6280;PEC3_20220807_180000_000.wav;0;0.9367899298667908;0
6281;PEC3_20220807_180000_001.wav;0;0.12800537049770355;0
6282;PEC3_20220807_180000_002.wav;0;0.16392198204994202;0
6283;PEC3_20220807_180000_003.wav;0;0.1027166023850441;0
6284;PEC3_20220807_180000_004.wav;1;0.17165856063365936;1
6285;PEC3_20220807_180000_005.wav;1;0.04111185297369957;1
6286;PEC3_20220807_180000_006.wav;1;0.9957940578460693;1
6287;PEC3_20220807_180000_007.wav;1;0.917523205280304;1
6288;PEC3_20220807_180000_008.wav;1;0.21617436408996582;1
6289;PEC3_20220807_180000_009.wav;1;0.3136797845363617;1
6290;PEC3_20220807_180000_010.wav;1;0.0692712739109993;1
6291;PEC3_20220807_180000_011.wav;1;0.16294507682323456;1
6292;PEC3_20220807_180000_012.wav;1;0.573636531829834;1
6293;PEC3_20220807_180000_013.wav;1;0.9892207980155945;1
6294;PEC3_20220807_180000_014.wav;1;0.9806201457977295;1
6295;PEC3_20220807_180000_015.wav;1;0.9660949110984802;1
6296;PEC3_20220807_180000_016.wav;1;0.640472948551178;1
6297;PEC3_20220807_180000_017.wav;1;0.9703487753868103;1
6298;PEC3_20220807_180000_018.wav;1;0.9425936937332153;1
6299;PEC3_20220807_180000_019.wav;1;0.8397683501243591;1
6300;PEC3_20220810_044500_000.wav;0;0.8606470227241516;0
6301;PEC3_20220810_044500_001.wav;0;0.9240342974662781;0
6302;PEC3_20220810_044500_002.wav;0;0.8641510605812073;0
6303;PEC3_20220810_044500_003.wav;0;0.1356276124715805;0
6304;PEC3_20220810_044500_004.wav;0;0.9775571823120117;0
6305;PEC3_20220810_044500_005.wav;0;0.940643310546875;0
6306;PEC3_20220810_044500_006.wav;0;0.9366947412490845;0
6307;PEC3_20220810_044500_007.wav;0;0.9590646028518677;0
6308;PEC3_20220810_044500_008.wav;0;0.9321449995040894;0
6309;PEC3_20220810_044500_009.wav;0;0.9393547773361206;0
6310;PEC3_20220810_044500_010.wav;0;0.9808804392814636;0
6311;PEC3_20220810_044500_011.wav;0;0.9793682098388672;0
6312;PEC3_20220810_044500_012.wav;0;0.9851968288421631;0
6313;PEC3_20220810_044500_013.wav;0;0.801291823387146;0
6314;PEC3_20220810_044500_014.wav;0;0.6986256837844849;0
6315;PEC3_20220810_044500_015.wav;0;0.9069878458976746;0
6316;PEC3_20220810_044500_016.wav;0;0.8582516312599182;0
6317;PEC3_20220810_044500_017.wav;0;0.9237551689147949;0
6318;PEC3_20220810_044500_018.wav;0;0.9845526218414307;0
6319;PEC3_20220810_044500_019.wav;0;0.6183196306228638;0
6320;PEC3_20220811_080000_000.wav;1;0.9969719648361206;1
6321;PEC3_20220811_080000_001.wav;1;0.9922519326210022;1
6322;PEC3_20220811_080000_002.wav;1;0.9881495237350464;1
6323;PEC3_20220811_080000_003.wav;1;0.9796745181083679;1
6324;PEC3_20220811_080000_004.wav;1;0.3526873290538788;1
6325;PEC3_20220811_080000_005.wav;1;0.8190432190895081;1
6326;PEC3_20220811_080000_006.wav;1;0.9215445518493652;1
6327;PEC3_20220811_080000_007.wav;1;0.9937183856964111;1
6328;PEC3_20220811_080000_008.wav;1;0.4357830286026001;1
6329;PEC3_20220811_080000_009.wav;1;0.9615797400474548;1
6330;PEC3_20220811_080000_010.wav;1;0.906184196472168;1
6331;PEC3_20220811_080000_011.wav;1;0.8721272945404053;1
6332;PEC3_20220811_080000_012.wav;1;0.9592052698135376;1
6333;PEC3_20220811_080000_013.wav;1;0.9190924167633057;1
6334;PEC3_20220811_080000_014.wav;1;0.9006983637809753;1
6335;PEC3_20220811_080000_015.wav;1;0.963156521320343;1
6336;PEC3_20220811_080000_016.wav;1;0.943193793296814;1
6337;PEC3_20220811_080000_017.wav;1;0.9530056118965149;1
6338;PEC3_20220811_080000_018.wav;1;0.9690485000610352;1
6339;PEC3_20220811_080000_019.wav;1;0.9066242575645447;1
6340;PEC3_20220812_070000_000.wav;0;0.9785820841789246;0
6341;PEC3_20220812_070000_001.wav;0;0.9289435148239136;0
6342;PEC3_20220812_070000_002.wav;0;0.991706132888794;0
6343;PEC3_20220812_070000_003.wav;0;0.9817199110984802;0
6344;PEC3_20220812_070000_004.wav;0;0.9818356037139893;0
6345;PEC3_20220812_070000_005.wav;0;0.9961666464805603;0
6346;PEC3_20220812_070000_006.wav;0;0.9925134778022766;0
6347;PEC3_20220812_070000_007.wav;0;0.9961470365524292;0
6348;PEC3_20220812_070000_008.wav;0;0.9708037972450256;0
6349;PEC3_20220812_070000_009.wav;0;0.9641817808151245;0
6350;PEC3_20220812_070000_010.wav;0;0.9865769147872925;0
6351;PEC3_20220812_070000_011.wav;0;0.9895659685134888;0
6352;PEC3_20220812_070000_012.wav;0;0.9869042038917542;0
6353;PEC3_20220812_070000_013.wav;0;0.9542368054389954;0
6354;PEC3_20220812_070000_014.wav;0;0.9896160364151001;0
6355;PEC3_20220812_070000_015.wav;0;0.9919453263282776;0
6356;PEC3_20220812_070000_016.wav;0;0.9693464636802673;0
6357;PEC3_20220812_070000_017.wav;0;0.897723913192749;0
6358;PEC3_20220812_070000_018.wav;0;0.8266671299934387;0
6359;PEC3_20220812_070000_019.wav;0;0.9870207905769348;0
6360;PEC3_20220813_220000_000.wav;0;0.13103275001049042;0
6361;PEC3_20220813_220000_001.wav;0;0.19968679547309875;0
6362;PEC3_20220813_220000_002.wav;0;0.8937897086143494;0
6363;PEC3_20220813_220000_003.wav;0;0.8862441182136536;0
6364;PEC3_20220813_220000_004.wav;0;0.2885185480117798;0
6365;PEC3_20220813_220000_005.wav;0;0.2697345018386841;0
6366;PEC3_20220813_220000_006.wav;0;0.5812389850616455;0
6367;PEC3_20220813_220000_007.wav;0;0.7642980217933655;0
6368;PEC3_20220813_220000_008.wav;0;0.5222553610801697;0
6369;PEC3_20220813_220000_009.wav;0;0.1758471131324768;0
6370;PEC3_20220813_220000_010.wav;0;0.057418107986450195;0
6371;PEC3_20220813_220000_011.wav;0;0.07997418940067291;0
6372;PEC3_20220813_220000_012.wav;0;0.004899092484265566;0
6373;PEC3_20220813_220000_013.wav;0;0.09746783971786499;0
6374;PEC3_20220813_220000_014.wav;0;0.014490561559796333;0
6375;PEC3_20220813_220000_015.wav;0;0.002417909912765026;0
6376;PEC3_20220813_220000_016.wav;0;0.010377995669841766;0
6377;PEC3_20220813_220000_017.wav;0;0.026045039296150208;0
6378;PEC3_20220813_220000_018.wav;0;0.08793672919273376;0
6379;PEC3_20220813_220000_019.wav;0;0.0581950843334198;0
6380;PEC3_20220815_170000_000.wav;0;0.5504021644592285;0
6381;PEC3_20220815_170000_001.wav;0;0.9118886590003967;0
6382;PEC3_20220815_170000_002.wav;0;0.9221012592315674;0
6383;PEC3_20220815_170000_003.wav;0;0.9604337811470032;0
6384;PEC3_20220815_170000_004.wav;0;0.8868250250816345;0
6385;PEC3_20220815_170000_005.wav;0;0.8804288506507874;0
6386;PEC3_20220815_170000_006.wav;0;0.709892213344574;0
6387;PEC3_20220815_170000_007.wav;0;0.7104431986808777;0
6388;PEC3_20220815_170000_008.wav;0;0.5687857270240784;0
6389;PEC3_20220815_170000_009.wav;0;0.8413619995117188;0
6390;PEC3_20220815_170000_010.wav;0;0.6777180433273315;0
6391;PEC3_20220815_170000_011.wav;0;0.8868013620376587;0
6392;PEC3_20220815_170000_012.wav;0;0.9119585752487183;0
6393;PEC3_20220815_170000_013.wav;0;0.749999463558197;0
6394;PEC3_20220815_170000_014.wav;0;0.248726949095726;0
6395;PEC3_20220815_170000_015.wav;0;0.5605307817459106;0
6396;PEC3_20220815_170000_016.wav;0;0.6709749102592468;0
6397;PEC3_20220815_170000_017.wav;0;0.5611088871955872;0
6398;PEC3_20220815_170000_018.wav;0;0.5613518953323364;0
6399;PEC3_20220815_170000_019.wav;0;0.47824519872665405;0
6400;PEC3_20220817_224500_000.wav;0;0.02083471789956093;0
6401;PEC3_20220817_224500_001.wav;0;0.014738519676029682;0
6402;PEC3_20220817_224500_002.wav;0;0.009437363594770432;0
6403;PEC3_20220817_224500_003.wav;0;0.009828310459852219;0
6404;PEC3_20220817_224500_004.wav;0;0.0074997832998633385;0
6405;PEC3_20220817_224500_005.wav;0;0.006036093924194574;0
6406;PEC3_20220817_224500_006.wav;0;0.017309444025158882;0
6407;PEC3_20220817_224500_007.wav;0;0.010464033111929893;0
6408;PEC3_20220817_224500_008.wav;0;0.013166949152946472;0
6409;PEC3_20220817_224500_009.wav;0;0.008627073839306831;0
6410;PEC3_20220817_224500_010.wav;0;0.015544602647423744;0
6411;PEC3_20220817_224500_011.wav;0;0.013338439166545868;0
6412;PEC3_20220817_224500_012.wav;0;0.01291983388364315;0
6413;PEC3_20220817_224500_013.wav;0;0.028457138687372208;0
6414;PEC3_20220817_224500_014.wav;0;0.01787644438445568;0
6415;PEC3_20220817_224500_015.wav;0;0.017633821815252304;0
6416;PEC3_20220817_224500_016.wav;0;0.03102896548807621;0
6417;PEC3_20220817_224500_017.wav;0;0.006596442777663469;0
6418;PEC3_20220817_224500_018.wav;0;0.013091899454593658;0
6419;PEC3_20220817_224500_019.wav;0;0.01946512795984745;0
6420;PEC3_20220821_010000_000.wav;0;0.0011871560709550977;0
6421;PEC3_20220821_010000_001.wav;0;0.0005164440372027457;0
6422;PEC3_20220821_010000_002.wav;0;0.0012576393783092499;0
6423;PEC3_20220821_010000_003.wav;0;0.00029139535035938025;0
6424;PEC3_20220821_010000_004.wav;0;0.00043795452802442014;0
6425;PEC3_20220821_010000_005.wav;0;0.00039252531132660806;0
6426;PEC3_20220821_010000_006.wav;0;0.00036265296512283385;0
6427;PEC3_20220821_010000_007.wav;0;0.0005373852327466011;0
6428;PEC3_20220821_010000_008.wav;0;0.000702514429576695;0
6429;PEC3_20220821_010000_009.wav;0;0.000909003138076514;0
6430;PEC3_20220821_010000_010.wav;0;0.0005390892620198429;0
6431;PEC3_20220821_010000_011.wav;0;0.0006028037751093507;0
6432;PEC3_20220821_010000_012.wav;0;0.0007666689925827086;0
6433;PEC3_20220821_010000_013.wav;0;0.000415260175941512;0
6434;PEC3_20220821_010000_014.wav;0;0.0005408715805970132;0
6435;PEC3_20220821_010000_015.wav;0;0.0013340566074475646;0
6436;PEC3_20220821_010000_016.wav;0;0.0006827354663982987;0
6437;PEC3_20220821_010000_017.wav;0;0.0005945569719187915;0
6438;PEC3_20220821_010000_018.wav;0;0.0006992674898356199;0
6439;PEC3_20220821_010000_019.wav;0;0.0007624453864991665;0
6440;PEC3_20220822_164500_000.wav;0;0.0012690507574006915;0
6441;PEC3_20220822_164500_001.wav;0;0.01159095298498869;0
6442;PEC3_20220822_164500_002.wav;0;0.001518125063739717;0
6443;PEC3_20220822_164500_003.wav;0;0.018843309953808784;0
6444;PEC3_20220822_164500_004.wav;0;0.0020525925792753696;0
6445;PEC3_20220822_164500_005.wav;0;0.0015752256149426103;0
6446;PEC3_20220822_164500_006.wav;1;0.0028784465976059437;1
6447;PEC3_20220822_164500_007.wav;1;0.7292134165763855;1
6448;PEC3_20220822_164500_008.wav;1;0.999634861946106;1
6449;PEC3_20220822_164500_009.wav;1;0.9802917838096619;1
6450;PEC3_20220822_164500_010.wav;1;0.9678233861923218;1
6451;PEC3_20220822_164500_011.wav;1;0.945159375667572;1
6452;PEC3_20220822_164500_012.wav;1;0.8963810205459595;1
6453;PEC3_20220822_164500_013.wav;1;0.1400073617696762;1
6454;PEC3_20220822_164500_014.wav;1;0.007126359734684229;1
6455;PEC3_20220822_164500_015.wav;1;0.5275744199752808;1
6456;PEC3_20220822_164500_016.wav;1;0.5344176292419434;1
6457;PEC3_20220822_164500_017.wav;1;0.04783596098423004;1
6458;PEC3_20220822_164500_018.wav;1;0.3885178565979004;1
6459;PEC3_20220822_164500_019.wav;1;0.004469939507544041;1
6460;VAL2_20220610_113000_000.wav;0;0.022134173661470413;0
6461;VAL2_20220610_113000_001.wav;0;0.03182941675186157;0
6462;VAL2_20220610_113000_002.wav;0;0.03399594873189926;0
6463;VAL2_20220610_113000_003.wav;0;0.014353428035974503;0
6464;VAL2_20220610_113000_004.wav;0;0.013994056731462479;0
6465;VAL2_20220610_113000_005.wav;0;0.0163380429148674;0
6466;VAL2_20220610_113000_006.wav;0;0.02950294315814972;0
6467;VAL2_20220610_113000_007.wav;0;0.011676980182528496;0
6468;VAL2_20220610_113000_008.wav;0;0.019773898646235466;0
6469;VAL2_20220610_113000_009.wav;0;0.013206369243562222;0
6470;VAL2_20220610_113000_010.wav;0;0.014444790780544281;0
6471;VAL2_20220610_113000_011.wav;0;0.00896358396857977;0
6472;VAL2_20220610_113000_012.wav;0;0.028839437291026115;0
6473;VAL2_20220610_113000_013.wav;0;0.01959873177111149;0
6474;VAL2_20220610_113000_014.wav;0;0.029891319572925568;0
6475;VAL2_20220610_113000_015.wav;0;0.03802253305912018;0
6476;VAL2_20220610_113000_016.wav;0;0.034822095185518265;0
6477;VAL2_20220610_113000_017.wav;0;0.01275902520865202;0
6478;VAL2_20220610_113000_018.wav;0;0.014279168099164963;0
6479;VAL2_20220610_113000_019.wav;0;0.012450098991394043;0
6480;VAL2_20220612_040000_000.wav;0;0.005986819043755531;0
6481;VAL2_20220612_040000_001.wav;0;0.03251616656780243;0
6482;VAL2_20220612_040000_002.wav;0;0.043513473123311996;0
6483;VAL2_20220612_040000_003.wav;0;0.04338750243186951;0
6484;VAL2_20220612_040000_004.wav;0;0.04373325780034065;0
6485;VAL2_20220612_040000_005.wav;0;0.022821545600891113;0
6486;VAL2_20220612_040000_006.wav;0;0.09347783029079437;0
6487;VAL2_20220612_040000_007.wav;0;0.03399955853819847;0
6488;VAL2_20220612_040000_008.wav;0;0.058087632060050964;0
6489;VAL2_20220612_040000_009.wav;0;0.05269329994916916;0
6490;VAL2_20220612_040000_010.wav;0;0.03092227317392826;0
6491;VAL2_20220612_040000_011.wav;0;0.0374443493783474;0
6492;VAL2_20220612_040000_012.wav;0;0.055437199771404266;0
6493;VAL2_20220612_040000_013.wav;0;0.05657000094652176;0
6494;VAL2_20220612_040000_014.wav;0;0.04742690548300743;0
6495;VAL2_20220612_040000_015.wav;0;0.05684402212500572;0
6496;VAL2_20220612_040000_016.wav;0;0.02572665922343731;0
6497;VAL2_20220612_040000_017.wav;0;0.030540669336915016;0
6498;VAL2_20220612_040000_018.wav;0;0.05084653198719025;0
6499;VAL2_20220612_040000_019.wav;0;0.028257103636860847;0
6500;VAL2_20220612_164500_000.wav;0;0.012387482449412346;0
6501;VAL2_20220612_164500_001.wav;0;0.0048481859266757965;0
6502;VAL2_20220612_164500_002.wav;0;0.008885957300662994;0
6503;VAL2_20220612_164500_003.wav;0;0.018430175259709358;0
6504;VAL2_20220612_164500_004.wav;0;0.01731540635228157;0
6505;VAL2_20220612_164500_005.wav;0;0.016614075750112534;0
6506;VAL2_20220612_164500_006.wav;0;0.026991361752152443;0
6507;VAL2_20220612_164500_007.wav;0;0.027531374245882034;0
6508;VAL2_20220612_164500_008.wav;0;0.011451488360762596;0
6509;VAL2_20220612_164500_009.wav;0;0.021663885563611984;0
6510;VAL2_20220612_164500_010.wav;0;0.048109270632267;0
6511;VAL2_20220612_164500_011.wav;0;0.015099112875759602;0
6512;VAL2_20220612_164500_012.wav;0;0.010171683505177498;0
6513;VAL2_20220612_164500_013.wav;0;0.03014962188899517;0
6514;VAL2_20220612_164500_014.wav;0;0.03305023908615112;0
6515;VAL2_20220612_164500_015.wav;0;0.011162983253598213;0
6516;VAL2_20220612_164500_016.wav;0;0.021819058805704117;0
6517;VAL2_20220612_164500_017.wav;0;0.02910969965159893;0
6518;VAL2_20220612_164500_018.wav;0;0.013702528551220894;1
6519;VAL2_20220612_164500_019.wav;0;0.01760769635438919;1
6520;VAL2_20220616_203000_000.wav;0;0.03345112130045891;0
6521;VAL2_20220616_203000_001.wav;0;0.013787121511995792;0
6522;VAL2_20220616_203000_002.wav;0;0.015902884304523468;0
6523;VAL2_20220616_203000_003.wav;0;0.011080094613134861;0
6524;VAL2_20220616_203000_004.wav;0;0.015451818704605103;0
6525;VAL2_20220616_203000_005.wav;0;0.020437592640519142;0
6526;VAL2_20220616_203000_006.wav;0;0.019143491983413696;0
6527;VAL2_20220616_203000_007.wav;0;0.017728840932250023;0
6528;VAL2_20220616_203000_008.wav;0;0.034361716359853745;0
6529;VAL2_20220616_203000_009.wav;0;0.08393963426351547;0
6530;VAL2_20220616_203000_010.wav;0;0.02403966523706913;0
6531;VAL2_20220616_203000_011.wav;0;0.027461685240268707;0
6532;VAL2_20220616_203000_012.wav;0;0.060254842042922974;0
6533;VAL2_20220616_203000_013.wav;0;0.03587832674384117;0
6534;VAL2_20220616_203000_014.wav;0;0.06685420125722885;0
6535;VAL2_20220616_203000_015.wav;0;0.10378455370664597;0
6536;VAL2_20220616_203000_016.wav;0;0.1069713681936264;0
6537;VAL2_20220616_203000_017.wav;0;0.019200390204787254;0
6538;VAL2_20220616_203000_018.wav;0;0.041985247284173965;0
6539;VAL2_20220616_203000_019.wav;0;0.0632791593670845;0
6540;VAL2_20220618_040000_000.wav;0;0.14045603573322296;0
6541;VAL2_20220618_040000_001.wav;0;0.04928693547844887;0
6542;VAL2_20220618_040000_002.wav;0;0.13961251080036163;0
6543;VAL2_20220618_040000_003.wav;0;0.26025494933128357;0
6544;VAL2_20220618_040000_004.wav;0;0.13779589533805847;0
6545;VAL2_20220618_040000_005.wav;0;0.03706249222159386;0
6546;VAL2_20220618_040000_006.wav;0;0.0632491260766983;0
6547;VAL2_20220618_040000_007.wav;0;0.11985072493553162;0
6548;VAL2_20220618_040000_008.wav;0;0.04641006141901016;0
6549;VAL2_20220618_040000_009.wav;0;0.03794575110077858;0
6550;VAL2_20220618_040000_010.wav;0;0.18628540635108948;0
6551;VAL2_20220618_040000_011.wav;0;0.16590987145900726;0
6552;VAL2_20220618_040000_012.wav;0;0.04472672939300537;0
6553;VAL2_20220618_040000_013.wav;0;0.12948139011859894;0
6554;VAL2_20220618_040000_014.wav;0;0.09964093565940857;0
6555;VAL2_20220618_040000_015.wav;0;0.17225778102874756;0
6556;VAL2_20220618_040000_016.wav;0;0.31949329376220703;0
6557;VAL2_20220618_040000_017.wav;0;0.05267723277211189;0
6558;VAL2_20220618_040000_018.wav;0;0.06308054178953171;0
6559;VAL2_20220618_040000_019.wav;0;0.07413842529058456;0
6560;VAL2_20220618_063000_000.wav;0;0.18565624952316284;0
6561;VAL2_20220618_063000_001.wav;0;0.1512085199356079;0
6562;VAL2_20220618_063000_002.wav;0;0.41401588916778564;0
6563;VAL2_20220618_063000_003.wav;0;0.11509397625923157;0
6564;VAL2_20220618_063000_004.wav;0;0.028044860810041428;0
6565;VAL2_20220618_063000_005.wav;0;0.45330628752708435;0
6566;VAL2_20220618_063000_006.wav;0;0.026640966534614563;0
6567;VAL2_20220618_063000_007.wav;0;0.22506771981716156;0
6568;VAL2_20220618_063000_008.wav;0;0.05810541287064552;0
6569;VAL2_20220618_063000_009.wav;0;0.05754297226667404;0
6570;VAL2_20220618_063000_010.wav;0;0.11202491074800491;0
6571;VAL2_20220618_063000_011.wav;0;0.026283683255314827;0
6572;VAL2_20220618_063000_012.wav;0;0.240851029753685;0
6573;VAL2_20220618_063000_013.wav;0;0.12769591808319092;0
6574;VAL2_20220618_063000_014.wav;0;0.09352494031190872;0
6575;VAL2_20220618_063000_015.wav;0;0.048809174448251724;0
6576;VAL2_20220618_063000_016.wav;0;0.3130873441696167;0
6577;VAL2_20220618_063000_017.wav;0;0.06867159903049469;0
6578;VAL2_20220618_063000_018.wav;0;0.7952007055282593;0
6579;VAL2_20220618_063000_019.wav;0;0.28876975178718567;0
6580;VAL2_20220622_031500_000.wav;0;0.03871333599090576;0
6581;VAL2_20220622_031500_001.wav;0;0.018997937440872192;0
6582;VAL2_20220622_031500_002.wav;0;0.018983768299221992;0
6583;VAL2_20220622_031500_003.wav;0;0.012178278528153896;0
6584;VAL2_20220622_031500_004.wav;0;0.039805956184864044;0
6585;VAL2_20220622_031500_005.wav;0;0.02374616265296936;0
6586;VAL2_20220622_031500_006.wav;0;0.021280473098158836;0
6587;VAL2_20220622_031500_007.wav;0;0.354003369808197;0
6588;VAL2_20220622_031500_008.wav;0;0.30036303400993347;0
6589;VAL2_20220622_031500_009.wav;0;0.07047316431999207;0
6590;VAL2_20220622_031500_010.wav;0;0.20191898941993713;0
6591;VAL2_20220622_031500_011.wav;0;0.1049037054181099;0
6592;VAL2_20220622_031500_012.wav;0;0.14365129172801971;0
6593;VAL2_20220622_031500_013.wav;0;0.16885079443454742;0
6594;VAL2_20220622_031500_014.wav;0;0.014135259203612804;0
6595;VAL2_20220622_031500_015.wav;0;0.031861841678619385;0
6596;VAL2_20220622_031500_016.wav;0;0.03773757070302963;0
6597;VAL2_20220622_031500_017.wav;0;0.01904020830988884;0
6598;VAL2_20220622_031500_018.wav;0;0.09431254863739014;0
6599;VAL2_20220622_031500_019.wav;0;0.04897315800189972;0
6600;VAL2_20220626_164500_000.wav;0;0.22044125199317932;0
6601;VAL2_20220626_164500_001.wav;0;0.1531011164188385;0
6602;VAL2_20220626_164500_002.wav;0;0.4992249608039856;0
6603;VAL2_20220626_164500_003.wav;0;0.12467039376497269;0
6604;VAL2_20220626_164500_004.wav;0;0.38686561584472656;0
6605;VAL2_20220626_164500_005.wav;0;0.9316117763519287;0
6606;VAL2_20220626_164500_006.wav;0;0.7121465802192688;0
6607;VAL2_20220626_164500_007.wav;0;0.3168366551399231;0
6608;VAL2_20220626_164500_008.wav;0;0.8022886514663696;0
6609;VAL2_20220626_164500_009.wav;0;0.7970777750015259;0
6610;VAL2_20220626_164500_010.wav;0;0.587757408618927;0
6611;VAL2_20220626_164500_011.wav;0;0.20905794203281403;0
6612;VAL2_20220626_164500_012.wav;0;0.09167402237653732;0
6613;VAL2_20220626_164500_013.wav;0;0.15061825513839722;0
6614;VAL2_20220626_164500_014.wav;0;0.14311324059963226;0
6615;VAL2_20220626_164500_015.wav;0;0.08745130896568298;0
6616;VAL2_20220626_164500_016.wav;0;0.06183268502354622;0
6617;VAL2_20220626_164500_017.wav;0;0.14869260787963867;0
6618;VAL2_20220626_164500_018.wav;0;0.1547161489725113;0
6619;VAL2_20220626_164500_019.wav;0;0.19109562039375305;0
6620;VAL2_20220626_231500_000.wav;0;0.03801368176937103;0
6621;VAL2_20220626_231500_001.wav;0;0.03246163949370384;0
6622;VAL2_20220626_231500_002.wav;0;0.04105358198285103;0
6623;VAL2_20220626_231500_003.wav;0;0.048087332397699356;0
6624;VAL2_20220626_231500_004.wav;0;0.08423888683319092;0
6625;VAL2_20220626_231500_005.wav;0;0.02639652043581009;0
6626;VAL2_20220626_231500_006.wav;0;0.012638128362596035;0
6627;VAL2_20220626_231500_007.wav;0;0.06187252700328827;0
6628;VAL2_20220626_231500_008.wav;0;0.09698991477489471;0
6629;VAL2_20220626_231500_009.wav;0;0.14422184228897095;0
6630;VAL2_20220626_231500_010.wav;0;0.059173621237277985;0
6631;VAL2_20220626_231500_011.wav;0;0.056011319160461426;0
6632;VAL2_20220626_231500_012.wav;0;0.3647680878639221;0
6633;VAL2_20220626_231500_013.wav;0;0.3499528765678406;0
6634;VAL2_20220626_231500_014.wav;0;0.06563592702150345;0
6635;VAL2_20220626_231500_015.wav;0;0.09601766616106033;0
6636;VAL2_20220626_231500_016.wav;0;0.05062779784202576;0
6637;VAL2_20220626_231500_017.wav;0;0.04201969876885414;0
6638;VAL2_20220626_231500_018.wav;0;0.04339082911610603;0
6639;VAL2_20220626_231500_019.wav;0;0.0710475742816925;0
6640;VAL2_20220628_141500_000.wav;0;0.24897892773151398;1
6641;VAL2_20220628_141500_001.wav;0;0.5849684476852417;1
6642;VAL2_20220628_141500_002.wav;0;0.05571631342172623;1
6643;VAL2_20220628_141500_003.wav;0;0.7160539031028748;1
6644;VAL2_20220628_141500_004.wav;0;0.05375434458255768;1
6645;VAL2_20220628_141500_005.wav;0;0.8987740874290466;1
6646;VAL2_20220628_141500_006.wav;0;0.7916461229324341;1
6647;VAL2_20220628_141500_007.wav;0;0.09938757866621017;0
6648;VAL2_20220628_141500_008.wav;0;0.10059057921171188;0
6649;VAL2_20220628_141500_009.wav;0;0.10817143321037292;0
6650;VAL2_20220628_141500_010.wav;0;0.511963427066803;0
6651;VAL2_20220628_141500_011.wav;0;0.21370790898799896;0
6652;VAL2_20220628_141500_012.wav;0;0.025707323104143143;0
6653;VAL2_20220628_141500_013.wav;0;0.061575133353471756;0
6654;VAL2_20220628_141500_014.wav;0;0.01455566007643938;0
6655;VAL2_20220628_141500_015.wav;0;0.010086895897984505;0
6656;VAL2_20220628_141500_016.wav;0;0.01577896997332573;0
6657;VAL2_20220628_141500_017.wav;0;0.0030984373297542334;0
6658;VAL2_20220628_141500_018.wav;0;0.0005934759392403066;0
6659;VAL2_20220628_141500_019.wav;0;0.32796528935432434;0
6660;VAL2_20220630_090000_000.wav;0;0.3159012496471405;0
6661;VAL2_20220630_090000_001.wav;0;0.3686406910419464;0
6662;VAL2_20220630_090000_002.wav;0;0.42506226897239685;0
6663;VAL2_20220630_090000_003.wav;0;0.2836511731147766;0
6664;VAL2_20220630_090000_004.wav;0;0.9456793665885925;0
6665;VAL2_20220630_090000_005.wav;0;0.1993437558412552;0
6666;VAL2_20220630_090000_006.wav;0;0.8460937142372131;0
6667;VAL2_20220630_090000_007.wav;0;0.5250349044799805;0
6668;VAL2_20220630_090000_008.wav;0;0.3024425208568573;0
6669;VAL2_20220630_090000_009.wav;0;0.40179112553596497;0
6670;VAL2_20220630_090000_010.wav;0;0.11193444579839706;0
6671;VAL2_20220630_090000_011.wav;0;0.08609769493341446;0
6672;VAL2_20220630_090000_012.wav;0;0.262017160654068;0
6673;VAL2_20220630_090000_013.wav;0;0.1512540578842163;0
6674;VAL2_20220630_090000_014.wav;0;0.10652022063732147;0
6675;VAL2_20220630_090000_015.wav;0;0.3317309617996216;0
6676;VAL2_20220630_090000_016.wav;0;0.22125418484210968;0
6677;VAL2_20220630_090000_017.wav;0;0.19810007512569427;0
6678;VAL2_20220630_090000_018.wav;0;0.21817147731781006;0
6679;VAL2_20220630_090000_019.wav;0;0.47278276085853577;0
6680;VAL2_20220630_213000_000.wav;0;0.12310516834259033;0
6681;VAL2_20220630_213000_001.wav;0;0.20902316272258759;0
6682;VAL2_20220630_213000_002.wav;0;0.17375414073467255;0
6683;VAL2_20220630_213000_003.wav;0;0.28721675276756287;0
6684;VAL2_20220630_213000_004.wav;0;0.06434112042188644;0
6685;VAL2_20220630_213000_005.wav;0;0.19171443581581116;0
6686;VAL2_20220630_213000_006.wav;0;0.2439645230770111;0
6687;VAL2_20220630_213000_007.wav;0;0.04585937783122063;0
6688;VAL2_20220630_213000_008.wav;0;0.4888163208961487;0
6689;VAL2_20220630_213000_009.wav;0;0.07256661355495453;0
6690;VAL2_20220630_213000_010.wav;0;0.3211696445941925;0
6691;VAL2_20220630_213000_011.wav;0;0.032844893634319305;0
6692;VAL2_20220630_213000_012.wav;0;0.08597370237112045;0
6693;VAL2_20220630_213000_013.wav;0;0.07833968102931976;0
6694;VAL2_20220630_213000_014.wav;0;0.15998536348342896;0
6695;VAL2_20220630_213000_015.wav;0;0.10949832201004028;0
6696;VAL2_20220630_213000_016.wav;0;0.11635340750217438;0
6697;VAL2_20220630_213000_017.wav;0;0.17135503888130188;0
6698;VAL2_20220630_213000_018.wav;0;0.09065836668014526;0
6699;VAL2_20220630_213000_019.wav;0;0.2082126885652542;0
6700;VAL2_20220704_113000_000.wav;0;0.2345036119222641;0
6701;VAL2_20220704_113000_001.wav;0;0.10492396354675293;0
6702;VAL2_20220704_113000_002.wav;0;0.03190585970878601;0
6703;VAL2_20220704_113000_003.wav;0;0.17342211306095123;0
6704;VAL2_20220704_113000_004.wav;0;0.11698859184980392;0
6705;VAL2_20220704_113000_005.wav;0;0.09273386001586914;0
6706;VAL2_20220704_113000_006.wav;0;0.07400625199079514;0
6707;VAL2_20220704_113000_007.wav;0;0.05869342386722565;0
6708;VAL2_20220704_113000_008.wav;0;0.015126365236938;0
6709;VAL2_20220704_113000_009.wav;0;0.04199722781777382;0
6710;VAL2_20220704_113000_010.wav;0;0.06399347633123398;0
6711;VAL2_20220704_113000_011.wav;0;0.2006767839193344;0
6712;VAL2_20220704_113000_012.wav;0;0.20707489550113678;0
6713;VAL2_20220704_113000_013.wav;0;0.6181144714355469;0
6714;VAL2_20220704_113000_014.wav;0;0.03171227499842644;0
6715;VAL2_20220704_113000_015.wav;0;0.06511589139699936;0
6716;VAL2_20220704_113000_016.wav;0;0.08921469002962112;0
6717;VAL2_20220704_113000_017.wav;0;0.24123936891555786;0
6718;VAL2_20220704_113000_018.wav;0;0.07133663445711136;0
6719;VAL2_20220704_113000_019.wav;0;0.05968021973967552;0
6720;VAL2_20220704_183000_000.wav;0;0.5820441842079163;0
6721;VAL2_20220704_183000_001.wav;0;0.07650957256555557;0
6722;VAL2_20220704_183000_002.wav;0;0.020154805853962898;0
6723;VAL2_20220704_183000_003.wav;0;0.057516999542713165;0
6724;VAL2_20220704_183000_004.wav;0;0.07602415233850479;0
6725;VAL2_20220704_183000_005.wav;0;0.03924429416656494;0
6726;VAL2_20220704_183000_006.wav;0;0.009903878904879093;0
6727;VAL2_20220704_183000_007.wav;0;0.02053442969918251;0
6728;VAL2_20220704_183000_008.wav;0;0.07743194699287415;0
6729;VAL2_20220704_183000_009.wav;0;0.09155415743589401;0
6730;VAL2_20220704_183000_010.wav;0;0.015336913987994194;0
6731;VAL2_20220704_183000_011.wav;0;0.03272469341754913;0
6732;VAL2_20220704_183000_012.wav;0;0.028326574712991714;0
6733;VAL2_20220704_183000_013.wav;0;0.12154315412044525;0
6734;VAL2_20220704_183000_014.wav;0;0.01715989224612713;0
6735;VAL2_20220704_183000_015.wav;0;0.09729588031768799;0
6736;VAL2_20220704_183000_016.wav;0;0.1567351520061493;0
6737;VAL2_20220704_183000_017.wav;0;0.06737607717514038;0
6738;VAL2_20220704_183000_018.wav;0;0.07076840102672577;0
6739;VAL2_20220704_183000_019.wav;0;0.028571993112564087;0
6740;VAL2_20220706_051500_000.wav;0;0.999366819858551;0
6741;VAL2_20220706_051500_001.wav;0;0.9958627223968506;0
6742;VAL2_20220706_051500_002.wav;0;0.9494926333427429;0
6743;VAL2_20220706_051500_003.wav;0;0.35468775033950806;0
6744;VAL2_20220706_051500_004.wav;0;0.6579050421714783;0
6745;VAL2_20220706_051500_005.wav;0;0.24803118407726288;0
6746;VAL2_20220706_051500_006.wav;0;0.2097432166337967;0
6747;VAL2_20220706_051500_007.wav;0;0.601366400718689;0
6748;VAL2_20220706_051500_008.wav;0;0.04353559762239456;0
6749;VAL2_20220706_051500_009.wav;0;0.2327212542295456;0
6750;VAL2_20220706_051500_010.wav;0;0.08620262145996094;0
6751;VAL2_20220706_051500_011.wav;0;0.09270181506872177;0
6752;VAL2_20220706_051500_012.wav;0;0.16851690411567688;0
6753;VAL2_20220706_051500_013.wav;0;0.8242136836051941;0
6754;VAL2_20220706_051500_014.wav;0;0.2650647759437561;0
6755;VAL2_20220706_051500_015.wav;0;0.529132068157196;0
6756;VAL2_20220706_051500_016.wav;0;0.014700180850923061;0
6757;VAL2_20220706_051500_017.wav;0;0.0783606544137001;0
6758;VAL2_20220706_051500_018.wav;0;0.09271492809057236;0
6759;VAL2_20220706_051500_019.wav;0;0.1259469985961914;0
6760;VAL2_20220708_131500_000.wav;0;0.03811994940042496;0
6761;VAL2_20220708_131500_001.wav;0;0.05005466192960739;0
6762;VAL2_20220708_131500_002.wav;0;0.6702622771263123;0
6763;VAL2_20220708_131500_003.wav;0;0.15176700055599213;0
6764;VAL2_20220708_131500_004.wav;0;0.5097737312316895;0
6765;VAL2_20220708_131500_005.wav;0;0.25215622782707214;0
6766;VAL2_20220708_131500_006.wav;0;0.039970338344573975;0
6767;VAL2_20220708_131500_007.wav;0;0.1636795699596405;0
6768;VAL2_20220708_131500_008.wav;0;0.1725245714187622;0
6769;VAL2_20220708_131500_009.wav;0;0.08168535679578781;0
6770;VAL2_20220708_131500_010.wav;0;0.07671339809894562;0
6771;VAL2_20220708_131500_011.wav;0;0.05557427555322647;0
6772;VAL2_20220708_131500_012.wav;0;0.011628701351583004;0
6773;VAL2_20220708_131500_013.wav;0;0.15316540002822876;0
6774;VAL2_20220708_131500_014.wav;0;0.05092809721827507;0
6775;VAL2_20220708_131500_015.wav;0;0.038632310926914215;0
6776;VAL2_20220708_131500_016.wav;0;0.07505891472101212;0
6777;VAL2_20220708_131500_017.wav;0;0.06407393515110016;0
6778;VAL2_20220708_131500_018.wav;0;0.13336829841136932;0
6779;VAL2_20220708_131500_019.wav;0;0.036425527185201645;0
6780;VAL2_20220710_101500_000.wav;0;0.23743371665477753;0
6781;VAL2_20220710_101500_001.wav;0;0.06347988545894623;0
6782;VAL2_20220710_101500_002.wav;0;0.061098456382751465;0
6783;VAL2_20220710_101500_003.wav;0;0.11596064269542694;0
6784;VAL2_20220710_101500_004.wav;0;0.06570865213871002;0
6785;VAL2_20220710_101500_005.wav;0;0.02706456370651722;0
6786;VAL2_20220710_101500_006.wav;0;0.038139622658491135;0
6787;VAL2_20220710_101500_007.wav;0;0.012165109626948833;0
6788;VAL2_20220710_101500_008.wav;0;0.03179873526096344;0
6789;VAL2_20220710_101500_009.wav;0;0.032031331211328506;0
6790;VAL2_20220710_101500_010.wav;0;0.039477501064538956;0
6791;VAL2_20220710_101500_011.wav;0;0.027314674109220505;0
6792;VAL2_20220710_101500_012.wav;0;0.034379396587610245;0
6793;VAL2_20220710_101500_013.wav;0;0.04529480263590813;0
6794;VAL2_20220710_101500_014.wav;0;0.01010180450975895;0
6795;VAL2_20220710_101500_015.wav;0;0.04475971683859825;0
6796;VAL2_20220710_101500_016.wav;0;0.021512826904654503;0
6797;VAL2_20220710_101500_017.wav;0;0.11783013492822647;0
6798;VAL2_20220710_101500_018.wav;0;0.04814698547124863;0
6799;VAL2_20220710_101500_019.wav;0;0.03506011143326759;0
6800;VAL2_20220712_044500_000.wav;0;0.3332153260707855;0
6801;VAL2_20220712_044500_001.wav;0;0.03921518847346306;0
6802;VAL2_20220712_044500_002.wav;0;0.06272301822900772;0
6803;VAL2_20220712_044500_003.wav;0;0.06966549158096313;0
6804;VAL2_20220712_044500_004.wav;0;0.178354874253273;0
6805;VAL2_20220712_044500_005.wav;0;0.11052976548671722;0
6806;VAL2_20220712_044500_006.wav;0;0.09116042405366898;0
6807;VAL2_20220712_044500_007.wav;0;0.1341487020254135;0
6808;VAL2_20220712_044500_008.wav;0;0.03703058511018753;0
6809;VAL2_20220712_044500_009.wav;0;0.0161343552172184;0
6810;VAL2_20220712_044500_010.wav;0;0.08490943908691406;0
6811;VAL2_20220712_044500_011.wav;0;0.02291731722652912;0
6812;VAL2_20220712_044500_012.wav;0;0.09566548466682434;0
6813;VAL2_20220712_044500_013.wav;0;0.06225265562534332;0
6814;VAL2_20220712_044500_014.wav;0;0.047078996896743774;0
6815;VAL2_20220712_044500_015.wav;0;0.058054015040397644;0
6816;VAL2_20220712_044500_016.wav;0;0.10330505669116974;0
6817;VAL2_20220712_044500_017.wav;0;0.11517947912216187;0
6818;VAL2_20220712_044500_018.wav;0;0.06408493220806122;0
6819;VAL2_20220712_044500_019.wav;0;0.01774788275361061;0
6820;VAL2_20220714_084500_000.wav;1;0.19314780831336975;1
6821;VAL2_20220714_084500_001.wav;1;0.9862978458404541;1
6822;VAL2_20220714_084500_002.wav;1;0.9993500113487244;1
6823;VAL2_20220714_084500_003.wav;1;0.9985983967781067;1
6824;VAL2_20220714_084500_004.wav;1;0.9960116147994995;1
6825;VAL2_20220714_084500_005.wav;1;0.9657287001609802;1
6826;VAL2_20220714_084500_006.wav;1;0.03788476809859276;1
6827;VAL2_20220714_084500_007.wav;0;0.046112868934869766;0
6828;VAL2_20220714_084500_008.wav;0;0.05730798467993736;0
6829;VAL2_20220714_084500_009.wav;0;0.030757490545511246;0
6830;VAL2_20220714_084500_010.wav;0;0.0716298446059227;0
6831;VAL2_20220714_084500_011.wav;0;0.19469687342643738;0
6832;VAL2_20220714_084500_012.wav;0;0.04932921379804611;0
6833;VAL2_20220714_084500_013.wav;0;0.06048431247472763;0
6834;VAL2_20220714_084500_014.wav;0;0.03349462151527405;0
6835;VAL2_20220714_084500_015.wav;0;0.01497158594429493;0
6836;VAL2_20220714_084500_016.wav;0;0.06457498669624329;0
6837;VAL2_20220714_084500_017.wav;0;0.15001435577869415;0
6838;VAL2_20220714_084500_018.wav;0;0.06616537272930145;0
6839;VAL2_20220714_084500_019.wav;0;0.034408655017614365;0
6840;VAL2_20220714_124500_000.wav;0;0.9597552418708801;0
6841;VAL2_20220714_124500_001.wav;0;0.2785140872001648;0
6842;VAL2_20220714_124500_002.wav;0;0.834818959236145;0
6843;VAL2_20220714_124500_003.wav;0;0.9168729186058044;0
6844;VAL2_20220714_124500_004.wav;0;0.8069708347320557;0
6845;VAL2_20220714_124500_005.wav;0;0.6178000569343567;0
6846;VAL2_20220714_124500_006.wav;0;0.029605597257614136;0
6847;VAL2_20220714_124500_007.wav;0;0.07951496541500092;0
6848;VAL2_20220714_124500_008.wav;0;0.2570127546787262;0
6849;VAL2_20220714_124500_009.wav;0;0.404861181974411;0
6850;VAL2_20220714_124500_010.wav;0;0.01609482243657112;0
6851;VAL2_20220714_124500_011.wav;0;0.9014264941215515;0
6852;VAL2_20220714_124500_012.wav;0;0.0329233780503273;0
6853;VAL2_20220714_124500_013.wav;0;0.018497778102755547;0
6854;VAL2_20220714_124500_014.wav;0;0.028152309358119965;0
6855;VAL2_20220714_124500_015.wav;0;0.031223438680171967;0
6856;VAL2_20220714_124500_016.wav;0;0.8177759051322937;0
6857;VAL2_20220714_124500_017.wav;0;0.9932791590690613;0
6858;VAL2_20220714_124500_018.wav;0;0.998532772064209;0
6859;VAL2_20220714_124500_019.wav;0;0.9838324189186096;0
6860;VAL2_20220716_193000_000.wav;0;0.05061700567603111;0
6861;VAL2_20220716_193000_001.wav;0;0.06767644733190536;0
6862;VAL2_20220716_193000_002.wav;0;0.06882903724908829;0
6863;VAL2_20220716_193000_003.wav;0;0.04808130860328674;0
6864;VAL2_20220716_193000_004.wav;0;0.05021348595619202;0
6865;VAL2_20220716_193000_005.wav;0;0.0806090459227562;0
6866;VAL2_20220716_193000_006.wav;0;0.09057863801717758;0
6867;VAL2_20220716_193000_007.wav;0;0.04736313968896866;0
6868;VAL2_20220716_193000_008.wav;0;0.03137124702334404;0
6869;VAL2_20220716_193000_009.wav;0;0.055197037756443024;0
6870;VAL2_20220716_193000_010.wav;0;0.04652561992406845;0
6871;VAL2_20220716_193000_011.wav;0;0.11136088520288467;0
6872;VAL2_20220716_193000_012.wav;0;0.13025259971618652;0
6873;VAL2_20220716_193000_013.wav;0;0.2133951187133789;0
6874;VAL2_20220716_193000_014.wav;0;0.13408465683460236;0
6875;VAL2_20220716_193000_015.wav;0;0.049422942101955414;0
6876;VAL2_20220716_193000_016.wav;0;0.05917772278189659;0
6877;VAL2_20220716_193000_017.wav;0;0.23258915543556213;0
6878;VAL2_20220716_193000_018.wav;0;0.18472567200660706;0
6879;VAL2_20220716_193000_019.wav;0;0.33534476161003113;0
6880;VAL2_20220720_010000_000.wav;0;0.041110385209321976;0
6881;VAL2_20220720_010000_001.wav;0;0.018519923090934753;0
6882;VAL2_20220720_010000_002.wav;0;0.0014391826698556542;0
6883;VAL2_20220720_010000_003.wav;0;0.0009945607744157314;0
6884;VAL2_20220720_010000_004.wav;0;0.02124909870326519;0
6885;VAL2_20220720_010000_005.wav;0;0.07136326283216476;0
6886;VAL2_20220720_010000_006.wav;0;0.005316139664500952;0
6887;VAL2_20220720_010000_007.wav;0;0.00141380715649575;0
6888;VAL2_20220720_010000_008.wav;0;0.0031869900412857533;0
6889;VAL2_20220720_010000_009.wav;0;0.0018401789711788297;0
6890;VAL2_20220720_010000_010.wav;0;0.005611007567495108;0
6891;VAL2_20220720_010000_011.wav;0;0.0022406592033803463;0
6892;VAL2_20220720_010000_012.wav;0;0.0017374609597027302;0
6893;VAL2_20220720_010000_013.wav;0;0.0027944694738835096;0
6894;VAL2_20220720_010000_014.wav;0;0.001429285854101181;0
6895;VAL2_20220720_010000_015.wav;0;0.006377433426678181;0
6896;VAL2_20220720_010000_016.wav;0;0.0034822754096239805;0
6897;VAL2_20220720_010000_017.wav;0;0.002890893490985036;0
6898;VAL2_20220720_010000_018.wav;0;0.002319187158718705;0
6899;VAL2_20220720_010000_019.wav;0;0.03648167848587036;0
6900;VAL2_20220720_214500_000.wav;0;0.0344553105533123;0
6901;VAL2_20220720_214500_001.wav;0;0.0460592545568943;0
6902;VAL2_20220720_214500_002.wav;0;0.020107727497816086;0
6903;VAL2_20220720_214500_003.wav;0;0.024585915729403496;0
6904;VAL2_20220720_214500_004.wav;0;0.015513010323047638;0
6905;VAL2_20220720_214500_005.wav;0;0.03109116107225418;0
6906;VAL2_20220720_214500_006.wav;0;0.03815672546625137;0
6907;VAL2_20220720_214500_007.wav;0;0.013526750728487968;0
6908;VAL2_20220720_214500_008.wav;0;0.036358918994665146;0
6909;VAL2_20220720_214500_009.wav;0;0.03521152585744858;0
6910;VAL2_20220720_214500_010.wav;0;0.048980530351400375;0
6911;VAL2_20220720_214500_011.wav;0;0.05611298233270645;0
6912;VAL2_20220720_214500_012.wav;0;0.10869815945625305;0
6913;VAL2_20220720_214500_013.wav;0;0.059464868158102036;0
6914;VAL2_20220720_214500_014.wav;0;0.2912125587463379;0
6915;VAL2_20220720_214500_015.wav;0;0.10179072618484497;0
6916;VAL2_20220720_214500_016.wav;0;0.18941755592823029;0
6917;VAL2_20220720_214500_017.wav;0;0.2403145730495453;0
6918;VAL2_20220720_214500_018.wav;0;0.05950469523668289;0
6919;VAL2_20220720_214500_019.wav;0;0.30928629636764526;0
6920;VAL2_20220726_123000_000.wav;0;0.005716210231184959;0
6921;VAL2_20220726_123000_001.wav;0;0.005883436184376478;0
6922;VAL2_20220726_123000_002.wav;0;0.008912374265491962;0
6923;VAL2_20220726_123000_003.wav;0;0.0029462689999490976;0
6924;VAL2_20220726_123000_004.wav;0;0.006813785992562771;0
6925;VAL2_20220726_123000_005.wav;0;0.006695434916764498;0
6926;VAL2_20220726_123000_006.wav;0;0.006689650006592274;0
6927;VAL2_20220726_123000_007.wav;0;0.00459693931043148;0
6928;VAL2_20220726_123000_008.wav;0;0.005227380897849798;0
6929;VAL2_20220726_123000_009.wav;0;0.0022693565115332603;0
6930;VAL2_20220726_123000_010.wav;0;0.005666489712893963;0
6931;VAL2_20220726_123000_011.wav;0;0.009941444732248783;0
6932;VAL2_20220726_123000_012.wav;0;0.005743824876844883;0
6933;VAL2_20220726_123000_013.wav;0;0.004285271279513836;0
6934;VAL2_20220726_123000_014.wav;0;0.004468475468456745;0
6935;VAL2_20220726_123000_015.wav;0;0.002816534135490656;0
6936;VAL2_20220726_123000_016.wav;0;0.010101571679115295;0
6937;VAL2_20220726_123000_017.wav;0;0.004150019958615303;0
6938;VAL2_20220726_123000_018.wav;0;0.0035885507240891457;0
6939;VAL2_20220726_123000_019.wav;0;0.003905964083969593;0
6940;VAL2_20220803_143000_000.wav;0;0.10394167900085449;0
6941;VAL2_20220803_143000_001.wav;0;0.8796769380569458;0
6942;VAL2_20220803_143000_002.wav;0;0.38521867990493774;0
6943;VAL2_20220803_143000_003.wav;1;0.5468290448188782;1
6944;VAL2_20220803_143000_004.wav;1;0.9967272281646729;1
6945;VAL2_20220803_143000_005.wav;1;0.9970132112503052;1
6946;VAL2_20220803_143000_006.wav;1;0.9983524084091187;1
6947;VAL2_20220803_143000_007.wav;1;0.7006109356880188;1
6948;VAL2_20220803_143000_008.wav;1;0.9960826635360718;1
6949;VAL2_20220803_143000_009.wav;1;0.9698348641395569;1
6950;VAL2_20220803_143000_010.wav;1;0.9577593207359314;1
6951;VAL2_20220803_143000_011.wav;1;0.9757704734802246;1
6952;VAL2_20220803_143000_012.wav;1;0.9225565195083618;1
6953;VAL2_20220803_143000_013.wav;1;0.8752236366271973;1
6954;VAL2_20220803_143000_014.wav;1;0.8492122888565063;1
6955;VAL2_20220803_143000_015.wav;1;0.03898732736706734;1
6956;VAL2_20220803_143000_016.wav;0;0.036413371562957764;0
6957;VAL2_20220803_143000_017.wav;0;0.03247303143143654;0
6958;VAL2_20220803_143000_018.wav;0;0.05933409556746483;0
6959;VAL2_20220803_143000_019.wav;0;0.08754214644432068;0
6960;VAL2_20220803_151500_000.wav;1;0.990304172039032;1
6961;VAL2_20220803_151500_001.wav;1;0.9932684302330017;1
6962;VAL2_20220803_151500_002.wav;1;0.9901226162910461;1
6963;VAL2_20220803_151500_003.wav;1;0.999235987663269;1
6964;VAL2_20220803_151500_004.wav;1;0.9966641068458557;1
6965;VAL2_20220803_151500_005.wav;1;0.9728736877441406;1
6966;VAL2_20220803_151500_006.wav;1;0.9842143058776855;1
6967;VAL2_20220803_151500_007.wav;1;0.7000924944877625;1
6968;VAL2_20220803_151500_008.wav;1;0.9122262001037598;1
6969;VAL2_20220803_151500_009.wav;1;0.29343754053115845;1
6970;VAL2_20220803_151500_010.wav;1;0.9931816458702087;1
6971;VAL2_20220803_151500_011.wav;1;0.9734848737716675;1
6972;VAL2_20220803_151500_012.wav;1;0.8402125239372253;1
6973;VAL2_20220803_151500_013.wav;1;0.9967548251152039;1
6974;VAL2_20220803_151500_014.wav;1;0.995354413986206;1
6975;VAL2_20220803_151500_015.wav;1;0.7251241207122803;1
6976;VAL2_20220803_151500_016.wav;1;0.968468964099884;1
6977;VAL2_20220803_151500_017.wav;1;0.9762377738952637;1
6978;VAL2_20220803_151500_018.wav;1;0.9958523511886597;1
6979;VAL2_20220803_151500_019.wav;1;0.934809684753418;1
6980;VAL2_20220803_194500_000.wav;0;0.08306174725294113;0
6981;VAL2_20220803_194500_001.wav;0;0.06878332048654556;0
6982;VAL2_20220803_194500_002.wav;0;0.013506768271327019;0
6983;VAL2_20220803_194500_003.wav;0;0.0015777053777128458;0
6984;VAL2_20220803_194500_004.wav;0;0.07240103930234909;0
6985;VAL2_20220803_194500_005.wav;0;0.006437306292355061;0
6986;VAL2_20220803_194500_006.wav;0;0.004265671595931053;0
6987;VAL2_20220803_194500_007.wav;0;0.011205925606191158;0
6988;VAL2_20220803_194500_008.wav;0;0.03834209218621254;0
6989;VAL2_20220803_194500_009.wav;0;0.031851574778556824;0
6990;VAL2_20220803_194500_010.wav;0;0.05910250172019005;0
6991;VAL2_20220803_194500_011.wav;0;0.004735119640827179;0
6992;VAL2_20220803_194500_012.wav;0;0.15934984385967255;0
6993;VAL2_20220803_194500_013.wav;0;0.012661146931350231;0
6994;VAL2_20220803_194500_014.wav;0;0.012024038471281528;0
6995;VAL2_20220803_194500_015.wav;0;0.04895757883787155;0
6996;VAL2_20220803_194500_016.wav;0;0.008360418491065502;0
6997;VAL2_20220803_194500_017.wav;0;0.005118326283991337;0
6998;VAL2_20220803_194500_018.wav;0;0.0064706928096711636;0
6999;VAL2_20220803_194500_019.wav;0;0.12762048840522766;0
7000;VAL2_20220805_041500_000.wav;0;0.0321476086974144;0
7001;VAL2_20220805_041500_001.wav;0;0.05746449902653694;0
7002;VAL2_20220805_041500_002.wav;0;0.03273790329694748;0
7003;VAL2_20220805_041500_003.wav;0;0.05906280502676964;0
7004;VAL2_20220805_041500_004.wav;0;0.042517419904470444;0
7005;VAL2_20220805_041500_005.wav;0;0.04502458497881889;0
7006;VAL2_20220805_041500_006.wav;0;0.08639249950647354;0
7007;VAL2_20220805_041500_007.wav;0;0.16505944728851318;0
7008;VAL2_20220805_041500_008.wav;0;0.14699585735797882;0
7009;VAL2_20220805_041500_009.wav;0;0.025875158607959747;0
7010;VAL2_20220805_041500_010.wav;0;0.06634245067834854;0
7011;VAL2_20220805_041500_011.wav;0;0.09285243600606918;0
7012;VAL2_20220805_041500_012.wav;0;0.8067688941955566;0
7013;VAL2_20220805_041500_013.wav;0;0.33410680294036865;0
7014;VAL2_20220805_041500_014.wav;0;0.13857802748680115;0
7015;VAL2_20220805_041500_015.wav;0;0.033808495849370956;0
7016;VAL2_20220805_041500_016.wav;0;0.026478886604309082;0
7017;VAL2_20220805_041500_017.wav;0;0.014086767099797726;0
7018;VAL2_20220805_041500_018.wav;0;0.014705872163176537;0
7019;VAL2_20220805_041500_019.wav;0;0.010746638290584087;0
7020;VAL2_20220807_083000_000.wav;1;0.9825045466423035;1
7021;VAL2_20220807_083000_001.wav;1;0.9637907147407532;1
7022;VAL2_20220807_083000_002.wav;1;0.9887823462486267;1
7023;VAL2_20220807_083000_003.wav;1;0.5804780721664429;1
7024;VAL2_20220807_083000_004.wav;1;0.43862003087997437;1
7025;VAL2_20220807_083000_005.wav;1;0.9920437932014465;1
7026;VAL2_20220807_083000_006.wav;1;0.9844779968261719;1
7027;VAL2_20220807_083000_007.wav;1;0.9928225874900818;1
7028;VAL2_20220807_083000_008.wav;1;0.9936087131500244;1
7029;VAL2_20220807_083000_009.wav;1;0.9902136921882629;1
7030;VAL2_20220807_083000_010.wav;1;0.9987996816635132;1
7031;VAL2_20220807_083000_011.wav;1;0.9955794215202332;1
7032;VAL2_20220807_083000_012.wav;1;0.9991361498832703;1
7033;VAL2_20220807_083000_013.wav;1;0.9802758693695068;1
7034;VAL2_20220807_083000_014.wav;1;0.9938428401947021;1
7035;VAL2_20220807_083000_015.wav;1;0.5472250580787659;1
7036;VAL2_20220807_083000_016.wav;1;0.8791783452033997;1
7037;VAL2_20220807_083000_017.wav;1;0.48440778255462646;1
7038;VAL2_20220807_083000_018.wav;1;0.8679981231689453;1
7039;VAL2_20220807_083000_019.wav;1;0.048536889255046844;1
7040;VAL2_20220811_010000_000.wav;0;0.031640514731407166;0
7041;VAL2_20220811_010000_001.wav;0;0.02176436223089695;0
7042;VAL2_20220811_010000_002.wav;0;0.029120106250047684;0
7043;VAL2_20220811_010000_003.wav;0;0.026104934513568878;0
7044;VAL2_20220811_010000_004.wav;0;0.04124462604522705;0
7045;VAL2_20220811_010000_005.wav;0;0.0301541555672884;0
7046;VAL2_20220811_010000_006.wav;0;0.037104178220033646;0
7047;VAL2_20220811_010000_007.wav;0;0.01880491152405739;0
7048;VAL2_20220811_010000_008.wav;0;0.014545410871505737;0
7049;VAL2_20220811_010000_009.wav;0;0.03404967486858368;0
7050;VAL2_20220811_010000_010.wav;0;0.02573985792696476;0
7051;VAL2_20220811_010000_011.wav;0;0.01861954852938652;0
7052;VAL2_20220811_010000_012.wav;0;0.02756313607096672;0
7053;VAL2_20220811_010000_013.wav;0;0.027758728712797165;0
7054;VAL2_20220811_010000_014.wav;0;0.02687884494662285;0
7055;VAL2_20220811_010000_015.wav;0;0.039739616215229034;0
7056;VAL2_20220811_010000_016.wav;0;0.04774842411279678;0
7057;VAL2_20220811_010000_017.wav;0;0.017043257132172585;0
7058;VAL2_20220811_010000_018.wav;0;0.02263822965323925;0
7059;VAL2_20220811_010000_019.wav;0;0.027865301817655563;0
7060;VAL2_20220811_140000_000.wav;0;0.05955442786216736;0
7061;VAL2_20220811_140000_001.wav;0;0.025220073759555817;0
7062;VAL2_20220811_140000_002.wav;0;0.03991062194108963;0
7063;VAL2_20220811_140000_003.wav;0;0.037645865231752396;0
7064;VAL2_20220811_140000_004.wav;0;0.04206620901823044;0
7065;VAL2_20220811_140000_005.wav;0;0.04426776245236397;0
7066;VAL2_20220811_140000_006.wav;0;0.0230477936565876;0
7067;VAL2_20220811_140000_007.wav;0;0.031965237110853195;0
7068;VAL2_20220811_140000_008.wav;0;0.04652049392461777;0
7069;VAL2_20220811_140000_009.wav;0;0.04986870661377907;0
7070;VAL2_20220811_140000_010.wav;0;0.04512939602136612;0
7071;VAL2_20220811_140000_011.wav;0;0.07067305594682693;0
7072;VAL2_20220811_140000_012.wav;0;0.08031342923641205;0
7073;VAL2_20220811_140000_013.wav;0;0.04448661208152771;0
7074;VAL2_20220811_140000_014.wav;0;0.09673433750867844;0
7075;VAL2_20220811_140000_015.wav;0;0.03582808002829552;0
7076;VAL2_20220811_140000_016.wav;0;0.03059094212949276;0
7077;VAL2_20220811_140000_017.wav;0;0.12815767526626587;0
7078;VAL2_20220811_140000_018.wav;0;0.05493991822004318;0
7079;VAL2_20220811_140000_019.wav;0;0.04876501485705376;0
7080;VAL2_20220813_211500_000.wav;0;0.02761111408472061;0
7081;VAL2_20220813_211500_001.wav;0;0.049660976976156235;0
7082;VAL2_20220813_211500_002.wav;0;0.05096305534243584;0
7083;VAL2_20220813_211500_003.wav;0;0.02076435089111328;0
7084;VAL2_20220813_211500_004.wav;0;0.03288748115301132;0
7085;VAL2_20220813_211500_005.wav;0;0.028306597843766212;0
7086;VAL2_20220813_211500_006.wav;0;0.03196604922413826;0
7087;VAL2_20220813_211500_007.wav;0;0.03672691434621811;0
7088;VAL2_20220813_211500_008.wav;0;0.02359679900109768;0
7089;VAL2_20220813_211500_009.wav;0;0.027946755290031433;0
7090;VAL2_20220813_211500_010.wav;0;0.022500231862068176;0
7091;VAL2_20220813_211500_011.wav;0;0.018044644966721535;0
7092;VAL2_20220813_211500_012.wav;0;0.02455735392868519;0
7093;VAL2_20220813_211500_013.wav;0;0.044586263597011566;0
7094;VAL2_20220813_211500_014.wav;0;0.019404176622629166;0
7095;VAL2_20220813_211500_015.wav;0;0.03480253741145134;0
7096;VAL2_20220813_211500_016.wav;0;0.01919565349817276;0
7097;VAL2_20220813_211500_017.wav;0;0.03375906124711037;0
7098;VAL2_20220813_211500_018.wav;0;0.015717778354883194;0
7099;VAL2_20220813_211500_019.wav;0;0.043907731771469116;0
7100;VAL2_20220813_230000_000.wav;0;0.03090851940214634;0
7101;VAL2_20220813_230000_001.wav;0;0.02764943614602089;0
7102;VAL2_20220813_230000_002.wav;0;0.025681227445602417;0
7103;VAL2_20220813_230000_003.wav;0;0.03295356407761574;0
7104;VAL2_20220813_230000_004.wav;0;0.031464893370866776;0
7105;VAL2_20220813_230000_005.wav;0;0.033505965024232864;0
7106;VAL2_20220813_230000_006.wav;0;0.02949071116745472;0
7107;VAL2_20220813_230000_007.wav;0;0.07270675897598267;0
7108;VAL2_20220813_230000_008.wav;0;0.024404264986515045;0
7109;VAL2_20220813_230000_009.wav;0;0.034577205777168274;0
7110;VAL2_20220813_230000_010.wav;0;0.06579235196113586;0
7111;VAL2_20220813_230000_011.wav;0;0.018147442489862442;0
7112;VAL2_20220813_230000_012.wav;0;0.01544166449457407;0
7113;VAL2_20220813_230000_013.wav;0;0.035378456115722656;0
7114;VAL2_20220813_230000_014.wav;0;0.028796033933758736;0
7115;VAL2_20220813_230000_015.wav;0;0.03924572095274925;0
7116;VAL2_20220813_230000_016.wav;0;0.016205979511141777;0
7117;VAL2_20220813_230000_017.wav;0;0.022451452910900116;0
7118;VAL2_20220813_230000_018.wav;0;0.03510017320513725;0
7119;VAL2_20220813_230000_019.wav;0;0.02590370550751686;0
7120;VAL2_20220815_033000_000.wav;0;0.010632588528096676;0
7121;VAL2_20220815_033000_001.wav;0;0.010615797713398933;0
7122;VAL2_20220815_033000_002.wav;0;0.004660448990762234;0
7123;VAL2_20220815_033000_003.wav;0;0.004097702447324991;0
7124;VAL2_20220815_033000_004.wav;0;0.009159446693956852;0
7125;VAL2_20220815_033000_005.wav;0;0.010223215445876122;0
7126;VAL2_20220815_033000_006.wav;0;0.0048280213959515095;0
7127;VAL2_20220815_033000_007.wav;0;0.004943503998219967;0
7128;VAL2_20220815_033000_008.wav;0;0.005858566612005234;0
7129;VAL2_20220815_033000_009.wav;0;0.0059026433154940605;0
7130;VAL2_20220815_033000_010.wav;0;0.01149719674140215;0
7131;VAL2_20220815_033000_011.wav;0;0.005415024701505899;0
7132;VAL2_20220815_033000_012.wav;0;0.008248742669820786;0
7133;VAL2_20220815_033000_013.wav;0;0.008444317616522312;0
7134;VAL2_20220815_033000_014.wav;0;0.011845795437693596;0
7135;VAL2_20220815_033000_015.wav;0;0.008682940155267715;0
7136;VAL2_20220815_033000_016.wav;0;0.00900290161371231;0
7137;VAL2_20220815_033000_017.wav;0;0.006498128641396761;0
7138;VAL2_20220815_033000_018.wav;0;0.009415315464138985;0
7139;VAL2_20220815_033000_019.wav;0;0.00637992424890399;0
7140;VAL2_20220815_113000_000.wav;0;0.01618722826242447;0
7141;VAL2_20220815_113000_001.wav;0;0.009053997695446014;0
7142;VAL2_20220815_113000_002.wav;0;0.04570423811674118;0
7143;VAL2_20220815_113000_003.wav;0;0.016505086794495583;0
7144;VAL2_20220815_113000_004.wav;0;0.028792254626750946;0
7145;VAL2_20220815_113000_005.wav;0;0.005823718383908272;0
7146;VAL2_20220815_113000_006.wav;0;0.04574058577418327;0
7147;VAL2_20220815_113000_007.wav;0;0.028638843446969986;0
7148;VAL2_20220815_113000_008.wav;0;0.036105625331401825;0
7149;VAL2_20220815_113000_009.wav;0;0.02582911215722561;0
7150;VAL2_20220815_113000_010.wav;0;0.01755283959209919;0
7151;VAL2_20220815_113000_011.wav;0;0.028140036389231682;0
7152;VAL2_20220815_113000_012.wav;0;0.011970044113695621;0
7153;VAL2_20220815_113000_013.wav;0;0.006449899170547724;0
7154;VAL2_20220815_113000_014.wav;0;0.024554869160056114;0
7155;VAL2_20220815_113000_015.wav;0;0.08844209462404251;1
7156;VAL2_20220815_113000_016.wav;0;0.037820231169462204;1
7157;VAL2_20220815_113000_017.wav;0;0.02595607191324234;1
7158;VAL2_20220815_113000_018.wav;0;0.014193607494235039;1
7159;VAL2_20220815_113000_019.wav;0;0.1457083523273468;1
7160;VAL2_20220817_064500_000.wav;0;0.0057730767875909805;0
7161;VAL2_20220817_064500_001.wav;0;0.0037700547836720943;0
7162;VAL2_20220817_064500_002.wav;0;0.009418318048119545;0
7163;VAL2_20220817_064500_003.wav;0;0.004065014887601137;0
7164;VAL2_20220817_064500_004.wav;0;0.005475121550261974;0
7165;VAL2_20220817_064500_005.wav;0;0.0078092473559081554;0
7166;VAL2_20220817_064500_006.wav;0;0.0038225892931222916;0
7167;VAL2_20220817_064500_007.wav;0;0.0072039710357785225;0
7168;VAL2_20220817_064500_008.wav;0;0.07213109731674194;0
7169;VAL2_20220817_064500_009.wav;0;0.00523998262360692;0
7170;VAL2_20220817_064500_010.wav;0;0.009680126793682575;0
7171;VAL2_20220817_064500_011.wav;0;0.008360924199223518;0
7172;VAL2_20220817_064500_012.wav;0;0.015207133255898952;0
7173;VAL2_20220817_064500_013.wav;0;0.018318770453333855;0
7174;VAL2_20220817_064500_014.wav;0;0.12009967863559723;0
7175;VAL2_20220817_064500_015.wav;0;0.007017182651907206;0
7176;VAL2_20220817_064500_016.wav;0;0.0045814537443220615;0
7177;VAL2_20220817_064500_017.wav;0;0.023502392694354057;0
7178;VAL2_20220817_064500_018.wav;0;0.009932994842529297;0
7179;VAL2_20220817_064500_019.wav;0;0.00819428637623787;0
7180;VAL4_20220610_040000_000.wav;0;0.23428863286972046;0
7181;VAL4_20220610_040000_001.wav;0;0.3437473773956299;0
7182;VAL4_20220610_040000_002.wav;0;0.08653034269809723;0
7183;VAL4_20220610_040000_003.wav;0;0.42460817098617554;0
7184;VAL4_20220610_040000_004.wav;0;0.28535839915275574;0
7185;VAL4_20220610_040000_005.wav;0;0.5473214983940125;0
7186;VAL4_20220610_040000_006.wav;0;0.1948820799589157;0
7187;VAL4_20220610_040000_007.wav;0;0.4300776720046997;0
7188;VAL4_20220610_040000_008.wav;0;0.036396633833646774;0
7189;VAL4_20220610_040000_009.wav;0;0.40955448150634766;0
7190;VAL4_20220610_040000_010.wav;0;0.23823557794094086;0
7191;VAL4_20220610_040000_011.wav;0;0.12772049009799957;0
7192;VAL4_20220610_040000_012.wav;0;0.7350450754165649;0
7193;VAL4_20220610_040000_013.wav;0;0.18927381932735443;0
7194;VAL4_20220610_040000_014.wav;0;0.04100093990564346;0
7195;VAL4_20220610_040000_015.wav;0;0.19909340143203735;0
7196;VAL4_20220610_040000_016.wav;0;0.07887516915798187;0
7197;VAL4_20220610_040000_017.wav;0;0.3268236815929413;0
7198;VAL4_20220610_040000_018.wav;0;0.408149778842926;0
7199;VAL4_20220610_040000_019.wav;0;0.05379568785429001;0
7200;VAL4_20220614_133000_000.wav;0;0.17127668857574463;0
7201;VAL4_20220614_133000_001.wav;0;0.1794240027666092;0
7202;VAL4_20220614_133000_002.wav;0;0.10575889050960541;0
7203;VAL4_20220614_133000_003.wav;0;0.09611950814723969;0
7204;VAL4_20220614_133000_004.wav;0;0.11557863652706146;0
7205;VAL4_20220614_133000_005.wav;0;0.021535107865929604;0
7206;VAL4_20220614_133000_006.wav;0;0.03165225684642792;0
7207;VAL4_20220614_133000_007.wav;0;0.013335508294403553;0
7208;VAL4_20220614_133000_008.wav;0;0.1655125617980957;0
7209;VAL4_20220614_133000_009.wav;0;0.01965213194489479;0
7210;VAL4_20220614_133000_010.wav;0;0.04599536955356598;0
7211;VAL4_20220614_133000_011.wav;0;0.011940079741179943;0
7212;VAL4_20220614_133000_012.wav;0;0.05041738972067833;0
7213;VAL4_20220614_133000_013.wav;0;0.12373899668455124;0
7214;VAL4_20220614_133000_014.wav;0;0.024894723668694496;0
7215;VAL4_20220614_133000_015.wav;0;0.06684436649084091;0
7216;VAL4_20220614_133000_016.wav;0;0.2125232219696045;0
7217;VAL4_20220614_133000_017.wav;0;0.17366264760494232;0
7218;VAL4_20220614_133000_018.wav;0;0.02250904217362404;0
7219;VAL4_20220614_133000_019.wav;0;0.15809470415115356;0
7220;VAL4_20220614_183000_000.wav;0;0.035827863961458206;0
7221;VAL4_20220614_183000_001.wav;0;0.08495944738388062;0
7222;VAL4_20220614_183000_002.wav;0;0.05486476421356201;0
7223;VAL4_20220614_183000_003.wav;0;0.010094894096255302;0
7224;VAL4_20220614_183000_004.wav;0;0.003750820877030492;0
7225;VAL4_20220614_183000_005.wav;0;0.007112988270819187;0
7226;VAL4_20220614_183000_006.wav;0;0.23298577964305878;0
7227;VAL4_20220614_183000_007.wav;0;0.625521183013916;0
7228;VAL4_20220614_183000_008.wav;0;0.0630284994840622;0
7229;VAL4_20220614_183000_009.wav;0;0.4907578229904175;0
7230;VAL4_20220614_183000_010.wav;0;0.11409321427345276;0
7231;VAL4_20220614_183000_011.wav;0;0.9541167616844177;0
7232;VAL4_20220614_183000_012.wav;0;0.7209836840629578;0
7233;VAL4_20220614_183000_013.wav;0;0.6018115878105164;0
7234;VAL4_20220614_183000_014.wav;0;0.8386846780776978;0
7235;VAL4_20220614_183000_015.wav;0;0.058535490185022354;0
7236;VAL4_20220614_183000_016.wav;0;0.20402556657791138;0
7237;VAL4_20220614_183000_017.wav;0;0.7804604768753052;0
7238;VAL4_20220614_183000_018.wav;0;0.9501962661743164;0
7239;VAL4_20220614_183000_019.wav;0;0.012768002226948738;0
7240;VAL4_20220620_004500_000.wav;0;0.030197937041521072;0
7241;VAL4_20220620_004500_001.wav;0;0.2101515233516693;0
7242;VAL4_20220620_004500_002.wav;0;0.0450323149561882;0
7243;VAL4_20220620_004500_003.wav;0;0.07058774679899216;0
7244;VAL4_20220620_004500_004.wav;0;0.12771502137184143;0
7245;VAL4_20220620_004500_005.wav;0;0.3603151738643646;0
7246;VAL4_20220620_004500_006.wav;0;0.16342265903949738;0
7247;VAL4_20220620_004500_007.wav;0;0.3679744601249695;0
7248;VAL4_20220620_004500_008.wav;0;0.22762639820575714;0
7249;VAL4_20220620_004500_009.wav;0;0.15785852074623108;0
7250;VAL4_20220620_004500_010.wav;0;0.3550463020801544;0
7251;VAL4_20220620_004500_011.wav;0;0.5964018702507019;0
7252;VAL4_20220620_004500_012.wav;0;0.148536816239357;0
7253;VAL4_20220620_004500_013.wav;0;0.24923813343048096;0
7254;VAL4_20220620_004500_014.wav;0;0.25923827290534973;0
7255;VAL4_20220620_004500_015.wav;0;0.05118045583367348;0
7256;VAL4_20220620_004500_016.wav;0;0.44247448444366455;0
7257;VAL4_20220620_004500_017.wav;0;0.2332783192396164;0
7258;VAL4_20220620_004500_018.wav;0;0.565534234046936;0
7259;VAL4_20220620_004500_019.wav;0;0.7366381883621216;0
7260;VAL4_20220620_070000_000.wav;0;0.09534624218940735;0
7261;VAL4_20220620_070000_001.wav;0;0.267535924911499;0
7262;VAL4_20220620_070000_002.wav;0;0.21976666152477264;0
7263;VAL4_20220620_070000_003.wav;0;0.33330419659614563;0
7264;VAL4_20220620_070000_004.wav;0;0.09842268377542496;0
7265;VAL4_20220620_070000_005.wav;0;0.27565038204193115;0
7266;VAL4_20220620_070000_006.wav;0;0.8268868923187256;0
7267;VAL4_20220620_070000_007.wav;0;0.012373646721243858;0
7268;VAL4_20220620_070000_008.wav;0;0.31014031171798706;0
7269;VAL4_20220620_070000_009.wav;0;0.01011757180094719;0
7270;VAL4_20220620_070000_010.wav;0;0.036426182836294174;0
7271;VAL4_20220620_070000_011.wav;0;0.35215193033218384;0
7272;VAL4_20220620_070000_012.wav;0;0.2504933774471283;0
7273;VAL4_20220620_070000_013.wav;0;0.034622933715581894;0
7274;VAL4_20220620_070000_014.wav;0;0.07273675501346588;0
7275;VAL4_20220620_070000_015.wav;0;0.1029232069849968;0
7276;VAL4_20220620_070000_016.wav;0;0.4514707326889038;0
7277;VAL4_20220620_070000_017.wav;0;0.38862892985343933;0
7278;VAL4_20220620_070000_018.wav;0;0.18441163003444672;0
7279;VAL4_20220620_070000_019.wav;0;0.3741782605648041;0
7280;VAL4_20220620_114500_000.wav;0;0.22778870165348053;0
7281;VAL4_20220620_114500_001.wav;0;0.0631321370601654;0
7282;VAL4_20220620_114500_002.wav;0;0.11806657910346985;0
7283;VAL4_20220620_114500_003.wav;0;0.1280682235956192;0
7284;VAL4_20220620_114500_004.wav;0;0.02032880112528801;0
7285;VAL4_20220620_114500_005.wav;0;0.05045202374458313;0
7286;VAL4_20220620_114500_006.wav;0;0.25876617431640625;0
7287;VAL4_20220620_114500_007.wav;0;0.016755038872361183;0
7288;VAL4_20220620_114500_008.wav;0;0.13538885116577148;0
7289;VAL4_20220620_114500_009.wav;0;0.31013238430023193;0
7290;VAL4_20220620_114500_010.wav;0;0.351686030626297;0
7291;VAL4_20220620_114500_011.wav;0;0.20006582140922546;0
7292;VAL4_20220620_114500_012.wav;0;0.15635685622692108;1
7293;VAL4_20220620_114500_013.wav;0;0.9131205081939697;1
7294;VAL4_20220620_114500_014.wav;0;0.5317332744598389;1
7295;VAL4_20220620_114500_015.wav;0;0.5234682559967041;1
7296;VAL4_20220620_114500_016.wav;0;0.10284312814474106;1
7297;VAL4_20220620_114500_017.wav;0;0.034994643181562424;1
7298;VAL4_20220620_114500_018.wav;0;0.09336497634649277;0
7299;VAL4_20220620_114500_019.wav;0;0.002646008273586631;0
7300;VAL4_20220620_180000_000.wav;0;0.011443777941167355;0
7301;VAL4_20220620_180000_001.wav;0;0.01916496641933918;0
7302;VAL4_20220620_180000_002.wav;0;0.08254410326480865;0
7303;VAL4_20220620_180000_003.wav;0;0.019835589453577995;0
7304;VAL4_20220620_180000_004.wav;0;0.041339002549648285;0
7305;VAL4_20220620_180000_005.wav;0;0.0163774024695158;0
7306;VAL4_20220620_180000_006.wav;0;0.05739211663603783;0
7307;VAL4_20220620_180000_007.wav;0;0.04266541823744774;0
7308;VAL4_20220620_180000_008.wav;0;0.03951151669025421;0
7309;VAL4_20220620_180000_009.wav;0;0.044476013630628586;0
7310;VAL4_20220620_180000_010.wav;0;0.05770198255777359;0
7311;VAL4_20220620_180000_011.wav;0;0.026666762307286263;0
7312;VAL4_20220620_180000_012.wav;0;0.035911284387111664;0
7313;VAL4_20220620_180000_013.wav;0;0.03736550360918045;0
7314;VAL4_20220620_180000_014.wav;0;0.004583803005516529;0
7315;VAL4_20220620_180000_015.wav;0;0.0061312103644013405;0
7316;VAL4_20220620_180000_016.wav;0;0.004354923963546753;0
7317;VAL4_20220620_180000_017.wav;0;0.007735930383205414;0
7318;VAL4_20220620_180000_018.wav;0;0.008970694616436958;0
7319;VAL4_20220620_180000_019.wav;0;0.003429449163377285;0
7320;VAL4_20220620_214500_000.wav;0;0.02722398191690445;0
7321;VAL4_20220620_214500_001.wav;0;0.05887632071971893;0
7322;VAL4_20220620_214500_002.wav;0;0.04913826286792755;0
7323;VAL4_20220620_214500_003.wav;0;0.019796887412667274;0
7324;VAL4_20220620_214500_004.wav;0;0.02260354533791542;0
7325;VAL4_20220620_214500_005.wav;0;0.03583246096968651;0
7326;VAL4_20220620_214500_006.wav;0;0.033355746418237686;0
7327;VAL4_20220620_214500_007.wav;0;0.020909367129206657;0
7328;VAL4_20220620_214500_008.wav;0;0.01812630705535412;0
7329;VAL4_20220620_214500_009.wav;0;0.018816310912370682;0
7330;VAL4_20220620_214500_010.wav;0;0.015039747580885887;0
7331;VAL4_20220620_214500_011.wav;0;0.018401402980089188;0
7332;VAL4_20220620_214500_012.wav;0;0.018552159890532494;0
7333;VAL4_20220620_214500_013.wav;0;0.013078137300908566;0
7334;VAL4_20220620_214500_014.wav;0;0.010332462377846241;0
7335;VAL4_20220620_214500_015.wav;0;0.01464460976421833;0
7336;VAL4_20220620_214500_016.wav;0;0.030717233195900917;0
7337;VAL4_20220620_214500_017.wav;0;0.0275297611951828;0
7338;VAL4_20220620_214500_018.wav;0;0.019227297976613045;0
7339;VAL4_20220620_214500_019.wav;0;0.014798088930547237;0
7340;VAL4_20220622_131500_000.wav;0;0.04571622982621193;0
7341;VAL4_20220622_131500_001.wav;0;0.06862819194793701;0
7342;VAL4_20220622_131500_002.wav;0;0.022932143881917;0
7343;VAL4_20220622_131500_003.wav;0;0.04339507222175598;0
7344;VAL4_20220622_131500_004.wav;0;0.05600469931960106;0
7345;VAL4_20220622_131500_005.wav;0;0.04012807458639145;0
7346;VAL4_20220622_131500_006.wav;0;0.045561451464891434;0
7347;VAL4_20220622_131500_007.wav;0;0.053169213235378265;0
7348;VAL4_20220622_131500_008.wav;0;0.02883913926780224;0
7349;VAL4_20220622_131500_009.wav;0;0.06163153424859047;0
7350;VAL4_20220622_131500_010.wav;0;0.06022779271006584;0
7351;VAL4_20220622_131500_011.wav;0;0.03238349407911301;0
7352;VAL4_20220622_131500_012.wav;0;0.057679276913404465;0
7353;VAL4_20220622_131500_013.wav;0;0.056760597974061966;0
7354;VAL4_20220622_131500_014.wav;0;0.044879574328660965;0
7355;VAL4_20220622_131500_015.wav;0;0.05518602207303047;0
7356;VAL4_20220622_131500_016.wav;0;0.06293544918298721;0
7357;VAL4_20220622_131500_017.wav;0;0.05178104341030121;0
7358;VAL4_20220622_131500_018.wav;0;0.040860552340745926;0
7359;VAL4_20220622_131500_019.wav;0;0.07002894580364227;0
7360;VAL4_20220622_144500_000.wav;0;0.17298324406147003;0
7361;VAL4_20220622_144500_001.wav;0;0.1327911913394928;0
7362;VAL4_20220622_144500_002.wav;0;0.14682376384735107;0
7363;VAL4_20220622_144500_003.wav;0;0.02428552508354187;0
7364;VAL4_20220622_144500_004.wav;0;0.09008656442165375;0
7365;VAL4_20220622_144500_005.wav;0;0.021476373076438904;0
7366;VAL4_20220622_144500_006.wav;0;0.06994317471981049;0
7367;VAL4_20220622_144500_007.wav;1;0.685788631439209;1
7368;VAL4_20220622_144500_008.wav;1;0.02707257866859436;1
7369;VAL4_20220622_144500_009.wav;0;0.02704639919102192;0
7370;VAL4_20220622_144500_010.wav;1;0.07433833181858063;1
7371;VAL4_20220622_144500_011.wav;1;0.00819974485784769;1
7372;VAL4_20220622_144500_012.wav;0;0.03336825594305992;0
7373;VAL4_20220622_144500_013.wav;0;0.02700258418917656;0
7374;VAL4_20220622_144500_014.wav;0;0.020317697897553444;0
7375;VAL4_20220622_144500_015.wav;0;0.1386025846004486;0
7376;VAL4_20220622_144500_016.wav;0;0.038770951330661774;0
7377;VAL4_20220622_144500_017.wav;0;0.02181602641940117;0
7378;VAL4_20220622_144500_018.wav;0;0.0485973060131073;0
7379;VAL4_20220622_144500_019.wav;0;0.03655026853084564;0
7380;VAL4_20220626_011500_000.wav;0;0.04935154691338539;0
7381;VAL4_20220626_011500_001.wav;0;0.011279667727649212;0
7382;VAL4_20220626_011500_002.wav;0;0.04028811678290367;0
7383;VAL4_20220626_011500_003.wav;0;0.04719167202711105;0
7384;VAL4_20220626_011500_004.wav;0;0.05431877449154854;0
7385;VAL4_20220626_011500_005.wav;0;0.011631036177277565;0
7386;VAL4_20220626_011500_006.wav;0;0.035896725952625275;0
7387;VAL4_20220626_011500_007.wav;0;0.025054315105080605;0
7388;VAL4_20220626_011500_008.wav;0;0.014985130168497562;0
7389;VAL4_20220626_011500_009.wav;0;0.03201327845454216;0
7390;VAL4_20220626_011500_010.wav;0;0.015386652201414108;0
7391;VAL4_20220626_011500_011.wav;0;0.006683721207082272;0
7392;VAL4_20220626_011500_012.wav;0;0.06262325495481491;0
7393;VAL4_20220626_011500_013.wav;0;0.032655131071805954;0
7394;VAL4_20220626_011500_014.wav;0;0.0065944744274020195;0
7395;VAL4_20220626_011500_015.wav;0;0.0072953603230416775;0
7396;VAL4_20220626_011500_016.wav;0;0.0019226438598707318;0
7397;VAL4_20220626_011500_017.wav;0;0.0054874056950211525;0
7398;VAL4_20220626_011500_018.wav;0;0.009107339195907116;0
7399;VAL4_20220626_011500_019.wav;0;0.007299377582967281;0
7400;VAL4_20220626_174500_000.wav;0;0.023943046107888222;0
7401;VAL4_20220626_174500_001.wav;1;0.04248728230595589;1
7402;VAL4_20220626_174500_002.wav;1;0.00952711421996355;1
7403;VAL4_20220626_174500_003.wav;1;0.008253881707787514;1
7404;VAL4_20220626_174500_004.wav;1;0.00959564745426178;1
7405;VAL4_20220626_174500_005.wav;1;0.011595230549573898;1
7406;VAL4_20220626_174500_006.wav;1;0.7479778528213501;1
7407;VAL4_20220626_174500_007.wav;0;0.9499382376670837;0
7408;VAL4_20220626_174500_008.wav;0;0.021586177870631218;0
7409;VAL4_20220626_174500_009.wav;0;0.03807435929775238;0
7410;VAL4_20220626_174500_010.wav;0;0.01635524071753025;0
7411;VAL4_20220626_174500_011.wav;0;0.03180919587612152;0
7412;VAL4_20220626_174500_012.wav;0;0.029527932405471802;0
7413;VAL4_20220626_174500_013.wav;0;0.029866846278309822;0
7414;VAL4_20220626_174500_014.wav;0;0.057124458253383636;0
7415;VAL4_20220626_174500_015.wav;0;0.06845074146986008;0
7416;VAL4_20220626_174500_016.wav;0;0.09922029823064804;0
7417;VAL4_20220626_174500_017.wav;0;0.05264374986290932;0
7418;VAL4_20220626_174500_018.wav;0;0.020439043641090393;0
7419;VAL4_20220626_174500_019.wav;0;0.01841198094189167;0
7420;VAL4_20220630_100000_000.wav;1;0.5649780631065369;1
7421;VAL4_20220630_100000_001.wav;1;0.11581648141145706;1
7422;VAL4_20220630_100000_002.wav;1;0.25729385018348694;1
7423;VAL4_20220630_100000_003.wav;1;0.02741057612001896;1
7424;VAL4_20220630_100000_004.wav;1;0.9919711351394653;1
7425;VAL4_20220630_100000_005.wav;1;0.8818247318267822;1
7426;VAL4_20220630_100000_006.wav;1;0.9806031584739685;1
7427;VAL4_20220630_100000_007.wav;1;0.9465473890304565;1
7428;VAL4_20220630_100000_008.wav;1;0.46923983097076416;1
7429;VAL4_20220630_100000_009.wav;0;0.1288173645734787;0
7430;VAL4_20220630_100000_010.wav;0;0.5952695608139038;0
7431;VAL4_20220630_100000_011.wav;1;0.9114278554916382;1
7432;VAL4_20220630_100000_012.wav;1;0.49858179688453674;1
7433;VAL4_20220630_100000_013.wav;0;0.04744860529899597;0
7434;VAL4_20220630_100000_014.wav;0;0.10997322201728821;0
7435;VAL4_20220630_100000_015.wav;0;0.03853908181190491;0
7436;VAL4_20220630_100000_016.wav;0;0.011653570458292961;0
7437;VAL4_20220630_100000_017.wav;0;0.0891631543636322;0
7438;VAL4_20220630_100000_018.wav;0;0.5939652323722839;0
7439;VAL4_20220630_100000_019.wav;0;0.04862236976623535;0
7440;VAL4_20220630_171500_000.wav;0;0.5751532912254333;0
7441;VAL4_20220630_171500_001.wav;0;0.49218788743019104;0
7442;VAL4_20220630_171500_002.wav;0;0.3289185166358948;0
7443;VAL4_20220630_171500_003.wav;0;0.1467502862215042;0
7444;VAL4_20220630_171500_004.wav;0;0.7415711283683777;0
7445;VAL4_20220630_171500_005.wav;0;0.01771239936351776;0
7446;VAL4_20220630_171500_006.wav;0;0.04542562738060951;0
7447;VAL4_20220630_171500_007.wav;0;0.03661710023880005;0
7448;VAL4_20220630_171500_008.wav;0;0.009583714418113232;0
7449;VAL4_20220630_171500_009.wav;0;0.8178749680519104;0
7450;VAL4_20220630_171500_010.wav;0;0.2401047796010971;0
7451;VAL4_20220630_171500_011.wav;0;0.08362884819507599;0
7452;VAL4_20220630_171500_012.wav;0;0.2020948827266693;0
7453;VAL4_20220630_171500_013.wav;0;0.21049636602401733;0
7454;VAL4_20220630_171500_014.wav;0;0.5932897329330444;0
7455;VAL4_20220630_171500_015.wav;0;0.3803158700466156;0
7456;VAL4_20220630_171500_016.wav;0;0.363110214471817;0
7457;VAL4_20220630_171500_017.wav;0;0.1902407705783844;0
7458;VAL4_20220630_171500_018.wav;0;0.4624980390071869;0
7459;VAL4_20220630_171500_019.wav;0;0.6045947074890137;0
7460;VAL4_20220702_044500_000.wav;0;0.9886472821235657;0
7461;VAL4_20220702_044500_001.wav;0;0.9994439482688904;0
7462;VAL4_20220702_044500_002.wav;0;0.9958879351615906;0
7463;VAL4_20220702_044500_003.wav;0;0.9901824593544006;0
7464;VAL4_20220702_044500_004.wav;0;0.881584107875824;0
7465;VAL4_20220702_044500_005.wav;0;0.9379400014877319;0
7466;VAL4_20220702_044500_006.wav;0;0.9657052159309387;0
7467;VAL4_20220702_044500_007.wav;0;0.9727771878242493;0
7468;VAL4_20220702_044500_008.wav;0;0.9824093580245972;0
7469;VAL4_20220702_044500_009.wav;0;0.9789376854896545;0
7470;VAL4_20220702_044500_010.wav;0;0.9940787553787231;0
7471;VAL4_20220702_044500_011.wav;0;0.9818964004516602;0
7472;VAL4_20220702_044500_012.wav;0;0.9423150420188904;0
7473;VAL4_20220702_044500_013.wav;0;0.9720288515090942;0
7474;VAL4_20220702_044500_014.wav;0;0.9972819089889526;0
7475;VAL4_20220702_044500_015.wav;0;0.9742172956466675;0
7476;VAL4_20220702_044500_016.wav;0;0.9650744795799255;0
7477;VAL4_20220702_044500_017.wav;0;0.9854564070701599;0
7478;VAL4_20220702_044500_018.wav;0;0.9894106984138489;0
7479;VAL4_20220702_044500_019.wav;0;0.9618650674819946;0
7480;VAL4_20220704_054500_000.wav;0;0.08084942400455475;0
7481;VAL4_20220704_054500_001.wav;0;0.0011439359514042735;0
7482;VAL4_20220704_054500_002.wav;0;0.0008755673770792782;0
7483;VAL4_20220704_054500_003.wav;0;0.019840216264128685;0
7484;VAL4_20220704_054500_004.wav;0;0.0009276687051169574;0
7485;VAL4_20220704_054500_005.wav;0;0.0038700252771377563;0
7486;VAL4_20220704_054500_006.wav;0;0.001706268172711134;0
7487;VAL4_20220704_054500_007.wav;0;0.002274625701829791;0
7488;VAL4_20220704_054500_008.wav;0;0.00999098177999258;0
7489;VAL4_20220704_054500_009.wav;0;0.024683572351932526;0
7490;VAL4_20220704_054500_010.wav;0;0.03891900181770325;0
7491;VAL4_20220704_054500_011.wav;0;0.004595248494297266;0
7492;VAL4_20220704_054500_012.wav;0;0.030065471306443214;0
7493;VAL4_20220704_054500_013.wav;0;0.10926283895969391;0
7494;VAL4_20220704_054500_014.wav;0;0.43736594915390015;0
7495;VAL4_20220704_054500_015.wav;0;0.4612395465373993;0
7496;VAL4_20220704_054500_016.wav;0;0.35605886578559875;0
7497;VAL4_20220704_054500_017.wav;0;0.38754168152809143;0
7498;VAL4_20220704_054500_018.wav;0;0.21119147539138794;0
7499;VAL4_20220704_054500_019.wav;0;0.07409326732158661;0
7500;VAL4_20220714_061500_000.wav;0;0.34603849053382874;0
7501;VAL4_20220714_061500_001.wav;0;0.07971825450658798;0
7502;VAL4_20220714_061500_002.wav;0;0.0326264388859272;0
7503;VAL4_20220714_061500_003.wav;0;0.3987453877925873;0
7504;VAL4_20220714_061500_004.wav;0;0.031669069081544876;0
7505;VAL4_20220714_061500_005.wav;0;0.0038800546899437904;0
7506;VAL4_20220714_061500_006.wav;0;0.015385872684419155;0
7507;VAL4_20220714_061500_007.wav;0;0.0062196627259254456;0
7508;VAL4_20220714_061500_008.wav;0;0.010034949518740177;0
7509;VAL4_20220714_061500_009.wav;0;0.0011457708897069097;0
7510;VAL4_20220714_061500_010.wav;0;0.0014468271983787417;0
7511;VAL4_20220714_061500_011.wav;0;0.005767082795500755;0
7512;VAL4_20220714_061500_012.wav;0;0.002086387248709798;0
7513;VAL4_20220714_061500_013.wav;0;0.003903178498148918;0
7514;VAL4_20220714_061500_014.wav;0;0.06866496801376343;0
7515;VAL4_20220714_061500_015.wav;0;0.06318067759275436;0
7516;VAL4_20220714_061500_016.wav;0;0.484232634305954;0
7517;VAL4_20220714_061500_017.wav;0;0.0890459418296814;0
7518;VAL4_20220714_061500_018.wav;0;0.9075703024864197;0
7519;VAL4_20220714_061500_019.wav;0;0.22868788242340088;0
7520;VAL4_20220714_174500_000.wav;0;0.5495474338531494;0
7521;VAL4_20220714_174500_001.wav;0;0.9497794508934021;0
7522;VAL4_20220714_174500_002.wav;0;0.8983592391014099;0
7523;VAL4_20220714_174500_003.wav;0;0.8247430324554443;0
7524;VAL4_20220714_174500_004.wav;0;0.415609210729599;0
7525;VAL4_20220714_174500_005.wav;0;0.975098192691803;0
7526;VAL4_20220714_174500_006.wav;0;0.9698311686515808;0
7527;VAL4_20220714_174500_007.wav;0;0.3146977126598358;0
7528;VAL4_20220714_174500_008.wav;0;0.8516823649406433;0
7529;VAL4_20220714_174500_009.wav;0;0.8999564051628113;0
7530;VAL4_20220714_174500_010.wav;0;0.35411831736564636;0
7531;VAL4_20220714_174500_011.wav;0;0.15850742161273956;0
7532;VAL4_20220714_174500_012.wav;0;0.4719811677932739;0
7533;VAL4_20220714_174500_013.wav;0;0.5477172136306763;0
7534;VAL4_20220714_174500_014.wav;0;0.8093476295471191;0
7535;VAL4_20220714_174500_015.wav;0;0.5476672053337097;0
7536;VAL4_20220714_174500_016.wav;0;0.6859074234962463;0
7537;VAL4_20220714_174500_017.wav;0;0.739799976348877;0
7538;VAL4_20220714_174500_018.wav;0;0.8236245512962341;0
7539;VAL4_20220714_174500_019.wav;0;0.10005410015583038;0
7540;VAL4_20220716_221500_000.wav;0;0.2059319168329239;0
7541;VAL4_20220716_221500_001.wav;0;0.21016141772270203;0
7542;VAL4_20220716_221500_002.wav;0;0.04852559417486191;0
7543;VAL4_20220716_221500_003.wav;0;0.13892418146133423;0
7544;VAL4_20220716_221500_004.wav;0;0.08664442598819733;0
7545;VAL4_20220716_221500_005.wav;0;0.13095296919345856;0
7546;VAL4_20220716_221500_006.wav;0;0.06724289059638977;0
7547;VAL4_20220716_221500_007.wav;0;0.01116495206952095;0
7548;VAL4_20220716_221500_008.wav;0;0.32030731439590454;0
7549;VAL4_20220716_221500_009.wav;0;0.4148373305797577;0
7550;VAL4_20220716_221500_010.wav;0;0.10227812826633453;0
7551;VAL4_20220716_221500_011.wav;0;0.18559449911117554;0
7552;VAL4_20220716_221500_012.wav;0;0.017137469723820686;0
7553;VAL4_20220716_221500_013.wav;0;0.1352115124464035;0
7554;VAL4_20220716_221500_014.wav;0;0.041562993079423904;0
7555;VAL4_20220716_221500_015.wav;0;0.35065627098083496;0
7556;VAL4_20220716_221500_016.wav;0;0.10892380028963089;0
7557;VAL4_20220716_221500_017.wav;0;0.004328794311732054;0
7558;VAL4_20220716_221500_018.wav;0;0.021816369146108627;0
7559;VAL4_20220716_221500_019.wav;0;0.007700761780142784;0
7560;VAL4_20220718_071500_000.wav;0;0.11605901271104813;0
7561;VAL4_20220718_071500_001.wav;0;0.23451779782772064;0
7562;VAL4_20220718_071500_002.wav;0;0.8374629020690918;0
7563;VAL4_20220718_071500_003.wav;0;0.9123921990394592;0
7564;VAL4_20220718_071500_004.wav;0;0.055467281490564346;0
7565;VAL4_20220718_071500_005.wav;0;0.9724641442298889;0
7566;VAL4_20220718_071500_006.wav;0;0.9831833839416504;0
7567;VAL4_20220718_071500_007.wav;0;0.9998615980148315;0
7568;VAL4_20220718_071500_008.wav;0;0.9862836599349976;0
7569;VAL4_20220718_071500_009.wav;0;0.9988322854042053;0
7570;VAL4_20220718_071500_010.wav;0;0.9878258109092712;0
7571;VAL4_20220718_071500_011.wav;0;0.9974164962768555;0
7572;VAL4_20220718_071500_012.wav;0;0.7156504988670349;0
7573;VAL4_20220718_071500_013.wav;0;0.04010418802499771;0
7574;VAL4_20220718_071500_014.wav;0;0.05307941138744354;0
7575;VAL4_20220718_071500_015.wav;0;0.8773095011711121;0
7576;VAL4_20220718_071500_016.wav;0;0.9770020246505737;0
7577;VAL4_20220718_071500_017.wav;0;0.8079555034637451;0
7578;VAL4_20220718_071500_018.wav;0;0.9840232133865356;0
7579;VAL4_20220718_071500_019.wav;0;0.2735639810562134;0
7580;VAL4_20220720_053000_000.wav;0;0.10905180871486664;0
7581;VAL4_20220720_053000_001.wav;0;0.16311457753181458;0
7582;VAL4_20220720_053000_002.wav;0;0.13881844282150269;0
7583;VAL4_20220720_053000_003.wav;0;0.012918983586132526;0
7584;VAL4_20220720_053000_004.wav;0;0.13160331547260284;0
7585;VAL4_20220720_053000_005.wav;0;0.4639788568019867;0
7586;VAL4_20220720_053000_006.wav;0;0.44601815938949585;0
7587;VAL4_20220720_053000_007.wav;0;0.07601984590291977;0
7588;VAL4_20220720_053000_008.wav;0;0.03851843252778053;0
7589;VAL4_20220720_053000_009.wav;0;0.19611166417598724;0
7590;VAL4_20220720_053000_010.wav;0;0.25132444500923157;0
7591;VAL4_20220720_053000_011.wav;0;0.18812772631645203;0
7592;VAL4_20220720_053000_012.wav;0;0.7967273592948914;0
7593;VAL4_20220720_053000_013.wav;0;0.047628581523895264;0
7594;VAL4_20220720_053000_014.wav;0;0.4226192235946655;0
7595;VAL4_20220720_053000_015.wav;0;0.09151601046323776;0
7596;VAL4_20220720_053000_016.wav;0;0.21553562581539154;0
7597;VAL4_20220720_053000_017.wav;0;0.2590654492378235;0
7598;VAL4_20220720_053000_018.wav;0;0.15434332191944122;0
7599;VAL4_20220720_053000_019.wav;0;0.017058784142136574;0
7600;VAL4_20220720_063000_000.wav;0;0.5911540389060974;0
7601;VAL4_20220720_063000_001.wav;0;0.4351014792919159;0
7602;VAL4_20220720_063000_002.wav;0;0.8498421907424927;0
7603;VAL4_20220720_063000_003.wav;0;0.3642679452896118;0
7604;VAL4_20220720_063000_004.wav;0;0.7254376411437988;0
7605;VAL4_20220720_063000_005.wav;0;0.43333789706230164;0
7606;VAL4_20220720_063000_006.wav;0;0.0783066526055336;0
7607;VAL4_20220720_063000_007.wav;0;0.07483493536710739;0
7608;VAL4_20220720_063000_008.wav;0;0.4023361802101135;0
7609;VAL4_20220720_063000_009.wav;0;0.6309337019920349;0
7610;VAL4_20220720_063000_010.wav;0;0.3173946142196655;0
7611;VAL4_20220720_063000_011.wav;0;0.005163354333490133;0
7612;VAL4_20220720_063000_012.wav;0;0.3490544259548187;0
7613;VAL4_20220720_063000_013.wav;0;0.0041346256621181965;0
7614;VAL4_20220720_063000_014.wav;0;0.017391424626111984;0
7615;VAL4_20220720_063000_015.wav;0;0.027799850329756737;0
7616;VAL4_20220720_063000_016.wav;0;0.030693991109728813;0
7617;VAL4_20220720_063000_017.wav;0;0.21550168097019196;0
7618;VAL4_20220720_063000_018.wav;0;0.19822239875793457;0
7619;VAL4_20220720_063000_019.wav;0;0.020725395530462265;0
7620;VAL4_20220722_144500_000.wav;0;0.21364884078502655;0
7621;VAL4_20220722_144500_001.wav;0;0.25203683972358704;0
7622;VAL4_20220722_144500_002.wav;0;0.07232636213302612;0
7623;VAL4_20220722_144500_003.wav;0;0.1485375016927719;0
7624;VAL4_20220722_144500_004.wav;0;0.08423107117414474;0
7625;VAL4_20220722_144500_005.wav;0;0.03786666318774223;0
7626;VAL4_20220722_144500_006.wav;0;0.04133781045675278;0
7627;VAL4_20220722_144500_007.wav;0;0.1267089545726776;0
7628;VAL4_20220722_144500_008.wav;0;0.17546150088310242;0
7629;VAL4_20220722_144500_009.wav;0;0.07748082280158997;0
7630;VAL4_20220722_144500_010.wav;0;0.12424707412719727;0
7631;VAL4_20220722_144500_011.wav;0;0.05104753375053406;0
7632;VAL4_20220722_144500_012.wav;0;0.20758451521396637;0
7633;VAL4_20220722_144500_013.wav;0;0.05344873666763306;0
7634;VAL4_20220722_144500_014.wav;0;0.1324922889471054;0
7635;VAL4_20220722_144500_015.wav;0;0.02363094873726368;0
7636;VAL4_20220722_144500_016.wav;0;0.1064068004488945;0
7637;VAL4_20220722_144500_017.wav;0;0.03191801905632019;0
7638;VAL4_20220722_144500_018.wav;0;0.021468838676810265;0
7639;VAL4_20220722_144500_019.wav;0;0.0517771951854229;0
7640;VAL4_20220724_210000_000.wav;0;0.12174536287784576;0
7641;VAL4_20220724_210000_001.wav;0;0.012516900897026062;0
7642;VAL4_20220724_210000_002.wav;0;0.06996115297079086;0
7643;VAL4_20220724_210000_003.wav;0;0.24331508576869965;0
7644;VAL4_20220724_210000_004.wav;0;0.020865920931100845;0
7645;VAL4_20220724_210000_005.wav;0;0.0661715418100357;0
7646;VAL4_20220724_210000_006.wav;0;0.1316518485546112;0
7647;VAL4_20220724_210000_007.wav;0;0.02860163152217865;0
7648;VAL4_20220724_210000_008.wav;0;0.04528873786330223;0
7649;VAL4_20220724_210000_009.wav;0;0.04815113916993141;0
7650;VAL4_20220724_210000_010.wav;0;0.02065834030508995;0
7651;VAL4_20220724_210000_011.wav;0;0.0995398610830307;0
7652;VAL4_20220724_210000_012.wav;0;0.102618508040905;0
7653;VAL4_20220724_210000_013.wav;0;0.15071074664592743;0
7654;VAL4_20220724_210000_014.wav;0;0.31486642360687256;0
7655;VAL4_20220724_210000_015.wav;0;0.06524988263845444;0
7656;VAL4_20220724_210000_016.wav;0;0.06429699808359146;0
7657;VAL4_20220724_210000_017.wav;0;0.27212071418762207;0
7658;VAL4_20220724_210000_018.wav;0;0.05761098116636276;0
7659;VAL4_20220724_210000_019.wav;0;0.12197966873645782;0
7660;VAL4_20220730_121500_000.wav;0;0.12280071526765823;0
7661;VAL4_20220730_121500_001.wav;0;0.05231231451034546;0
7662;VAL4_20220730_121500_002.wav;0;0.07910633087158203;0
7663;VAL4_20220730_121500_003.wav;0;0.04418187960982323;0
7664;VAL4_20220730_121500_004.wav;0;0.026779750362038612;0
7665;VAL4_20220730_121500_005.wav;0;0.2706691324710846;0
7666;VAL4_20220730_121500_006.wav;0;0.05217529460787773;0
7667;VAL4_20220730_121500_007.wav;0;0.09602528065443039;0
7668;VAL4_20220730_121500_008.wav;0;0.06696232408285141;0
7669;VAL4_20220730_121500_009.wav;0;0.09130842983722687;0
7670;VAL4_20220730_121500_010.wav;0;0.06294041126966476;0
7671;VAL4_20220730_121500_011.wav;0;0.09372319281101227;0
7672;VAL4_20220730_121500_012.wav;0;0.049242034554481506;0
7673;VAL4_20220730_121500_013.wav;0;0.022693967446684837;0
7674;VAL4_20220730_121500_014.wav;0;0.14430493116378784;0
7675;VAL4_20220730_121500_015.wav;0;0.08923964202404022;0
7676;VAL4_20220730_121500_016.wav;0;0.048578087240457535;0
7677;VAL4_20220730_121500_017.wav;0;0.027176301926374435;0
7678;VAL4_20220730_121500_018.wav;0;0.013622513972222805;0
7679;VAL4_20220730_121500_019.wav;0;0.021914351731538773;0
7680;VAL4_20220730_213000_000.wav;0;0.010772217996418476;0
7681;VAL4_20220730_213000_001.wav;0;0.231900155544281;0
7682;VAL4_20220730_213000_002.wav;0;0.05385765805840492;0
7683;VAL4_20220730_213000_003.wav;0;0.48897358775138855;0
7684;VAL4_20220730_213000_004.wav;0;0.4992351233959198;0
7685;VAL4_20220730_213000_005.wav;0;0.24272623658180237;0
7686;VAL4_20220730_213000_006.wav;0;0.342349112033844;0
7687;VAL4_20220730_213000_007.wav;0;0.23806622624397278;0
7688;VAL4_20220730_213000_008.wav;0;0.06968963146209717;0
7689;VAL4_20220730_213000_009.wav;0;0.03895336762070656;0
7690;VAL4_20220730_213000_010.wav;0;0.05524379014968872;0
7691;VAL4_20220730_213000_011.wav;0;0.7408827543258667;0
7692;VAL4_20220730_213000_012.wav;0;0.1042708232998848;0
7693;VAL4_20220730_213000_013.wav;0;0.1860576570034027;0
7694;VAL4_20220730_213000_014.wav;0;0.011522624641656876;0
7695;VAL4_20220730_213000_015.wav;0;0.0988357663154602;0
7696;VAL4_20220730_213000_016.wav;0;0.4661230742931366;0
7697;VAL4_20220730_213000_017.wav;0;0.00645799282938242;0
7698;VAL4_20220730_213000_018.wav;0;0.005687257740646601;0
7699;VAL4_20220730_213000_019.wav;0;0.0008900536922737956;0
7700;VAL4_20220803_110000_000.wav;0;0.042557936161756516;0
7701;VAL4_20220803_110000_001.wav;0;0.03961563855409622;0
7702;VAL4_20220803_110000_002.wav;0;0.06713564693927765;0
7703;VAL4_20220803_110000_003.wav;0;0.05701405927538872;0
7704;VAL4_20220803_110000_004.wav;0;0.04403175413608551;0
7705;VAL4_20220803_110000_005.wav;0;0.17200395464897156;0
7706;VAL4_20220803_110000_006.wav;0;0.07888637483119965;0
7707;VAL4_20220803_110000_007.wav;0;0.02440831810235977;0
7708;VAL4_20220803_110000_008.wav;0;0.041126515716314316;0
7709;VAL4_20220803_110000_009.wav;0;0.08612027019262314;0
7710;VAL4_20220803_110000_010.wav;0;0.3280961215496063;0
7711;VAL4_20220803_110000_011.wav;0;0.03271624818444252;0
7712;VAL4_20220803_110000_012.wav;0;0.029218334704637527;0
7713;VAL4_20220803_110000_013.wav;0;0.1689024269580841;0
7714;VAL4_20220803_110000_014.wav;0;0.02445109374821186;0
7715;VAL4_20220803_110000_015.wav;0;0.03547115623950958;0
7716;VAL4_20220803_110000_016.wav;0;0.19573509693145752;0
7717;VAL4_20220803_110000_017.wav;0;0.3261995017528534;0
7718;VAL4_20220803_110000_018.wav;0;0.05179901793599129;0
7719;VAL4_20220803_110000_019.wav;0;0.08607977628707886;0
7720;VAL4_20220803_173000_000.wav;0;0.8785457015037537;0
7721;VAL4_20220803_173000_001.wav;0;0.1923530101776123;0
7722;VAL4_20220803_173000_002.wav;0;0.03809990733861923;0
7723;VAL4_20220803_173000_003.wav;0;0.9344675540924072;0
7724;VAL4_20220803_173000_004.wav;0;0.20634528994560242;0
7725;VAL4_20220803_173000_005.wav;0;0.5833815336227417;0
7726;VAL4_20220803_173000_006.wav;0;0.0762670636177063;0
7727;VAL4_20220803_173000_007.wav;0;0.030989058315753937;0
7728;VAL4_20220803_173000_008.wav;0;0.03016234003007412;0
7729;VAL4_20220803_173000_009.wav;0;0.1828637421131134;0
7730;VAL4_20220803_173000_010.wav;0;0.919265866279602;0
7731;VAL4_20220803_173000_011.wav;0;0.1850098818540573;0
7732;VAL4_20220803_173000_012.wav;0;0.40352481603622437;0
7733;VAL4_20220803_173000_013.wav;0;0.27171793580055237;0
7734;VAL4_20220803_173000_014.wav;0;0.08402227610349655;0
7735;VAL4_20220803_173000_015.wav;0;0.8109672665596008;0
7736;VAL4_20220803_173000_016.wav;0;0.33992671966552734;0
7737;VAL4_20220803_173000_017.wav;0;0.04985886812210083;0
7738;VAL4_20220803_173000_018.wav;0;0.19720010459423065;0
7739;VAL4_20220803_173000_019.wav;0;0.10027144849300385;0
7740;VAL4_20220803_221500_000.wav;0;0.4241328537464142;0
7741;VAL4_20220803_221500_001.wav;0;0.07507634907960892;0
7742;VAL4_20220803_221500_002.wav;0;0.9730564951896667;0
7743;VAL4_20220803_221500_003.wav;0;0.08669553697109222;0
7744;VAL4_20220803_221500_004.wav;0;0.2241850644350052;0
7745;VAL4_20220803_221500_005.wav;0;0.4303508400917053;0
7746;VAL4_20220803_221500_006.wav;0;0.0969708114862442;0
7747;VAL4_20220803_221500_007.wav;0;0.3787124454975128;0
7748;VAL4_20220803_221500_008.wav;0;0.4536021947860718;0
7749;VAL4_20220803_221500_009.wav;0;0.3869827389717102;0
7750;VAL4_20220803_221500_010.wav;0;0.447213351726532;0
7751;VAL4_20220803_221500_011.wav;0;0.4654504060745239;0
7752;VAL4_20220803_221500_012.wav;0;0.11636631935834885;0
7753;VAL4_20220803_221500_013.wav;0;0.19860248267650604;0
7754;VAL4_20220803_221500_014.wav;0;0.09423678368330002;0
7755;VAL4_20220803_221500_015.wav;0;0.3945862650871277;0
7756;VAL4_20220803_221500_016.wav;0;0.7855838537216187;0
7757;VAL4_20220803_221500_017.wav;0;0.5358831882476807;0
7758;VAL4_20220803_221500_018.wav;0;0.3988826870918274;0
7759;VAL4_20220803_221500_019.wav;0;0.12257736176252365;0
7760;VAL4_20220807_034500_000.wav;0;0.48394647240638733;0
7761;VAL4_20220807_034500_001.wav;0;0.44818463921546936;0
7762;VAL4_20220807_034500_002.wav;0;0.12112400680780411;0
7763;VAL4_20220807_034500_003.wav;0;0.1251031458377838;0
7764;VAL4_20220807_034500_004.wav;0;0.012889968231320381;0
7765;VAL4_20220807_034500_005.wav;0;0.11680355668067932;0
7766;VAL4_20220807_034500_006.wav;0;0.03263433277606964;0
7767;VAL4_20220807_034500_007.wav;0;0.8323010802268982;0
7768;VAL4_20220807_034500_008.wav;0;0.17166337370872498;0
7769;VAL4_20220807_034500_009.wav;0;0.8040149807929993;0
7770;VAL4_20220807_034500_010.wav;0;0.00476637901738286;0
7771;VAL4_20220807_034500_011.wav;0;0.13285444676876068;0
7772;VAL4_20220807_034500_012.wav;0;0.053076811134815216;0
7773;VAL4_20220807_034500_013.wav;0;0.042602259665727615;0
7774;VAL4_20220807_034500_014.wav;0;0.45995834469795227;0
7775;VAL4_20220807_034500_015.wav;0;0.1360844075679779;0
7776;VAL4_20220807_034500_016.wav;0;0.11446858942508698;0
7777;VAL4_20220807_034500_017.wav;0;0.03759213909506798;0
7778;VAL4_20220807_034500_018.wav;0;0.07487141340970993;0
7779;VAL4_20220807_034500_019.wav;0;0.4068516194820404;0
7780;VAL4_20220809_203000_000.wav;0;0.8825852870941162;0
7781;VAL4_20220809_203000_001.wav;0;0.4505659341812134;0
7782;VAL4_20220809_203000_002.wav;0;0.08147594332695007;0
7783;VAL4_20220809_203000_003.wav;0;0.09508047997951508;0
7784;VAL4_20220809_203000_004.wav;0;0.04618186131119728;0
7785;VAL4_20220809_203000_005.wav;0;0.9649147391319275;0
7786;VAL4_20220809_203000_006.wav;0;0.3136240839958191;0
7787;VAL4_20220809_203000_007.wav;0;0.05938807874917984;0
7788;VAL4_20220809_203000_008.wav;0;0.6019212603569031;0
7789;VAL4_20220809_203000_009.wav;0;0.08723712712526321;0
7790;VAL4_20220809_203000_010.wav;0;0.2532615065574646;0
7791;VAL4_20220809_203000_011.wav;0;0.9349141716957092;0
7792;VAL4_20220809_203000_012.wav;0;0.08601976186037064;0
7793;VAL4_20220809_203000_013.wav;0;0.24393408000469208;0
7794;VAL4_20220809_203000_014.wav;0;0.027061713859438896;0
7795;VAL4_20220809_203000_015.wav;0;0.12398023903369904;0
7796;VAL4_20220809_203000_016.wav;0;0.0566861517727375;0
7797;VAL4_20220809_203000_017.wav;0;0.012418784201145172;0
7798;VAL4_20220809_203000_018.wav;0;0.10638932138681412;0
7799;VAL4_20220809_203000_019.wav;0;0.033344071358442307;0
7800;VAL4_20220811_073000_000.wav;0;0.3947599530220032;0
7801;VAL4_20220811_073000_001.wav;0;0.48288124799728394;0
7802;VAL4_20220811_073000_002.wav;0;0.9855092167854309;0
7803;VAL4_20220811_073000_003.wav;0;0.4869633615016937;0
7804;VAL4_20220811_073000_004.wav;0;0.675670862197876;0
7805;VAL4_20220811_073000_005.wav;0;0.2883843779563904;0
7806;VAL4_20220811_073000_006.wav;0;0.7311158180236816;0
7807;VAL4_20220811_073000_007.wav;0;0.6802060008049011;0
7808;VAL4_20220811_073000_008.wav;0;0.01701294258236885;0
7809;VAL4_20220811_073000_009.wav;0;0.050435204058885574;0
7810;VAL4_20220811_073000_010.wav;0;0.12094894051551819;0
7811;VAL4_20220811_073000_011.wav;0;0.06148967891931534;0
7812;VAL4_20220811_073000_012.wav;0;0.0770103931427002;0
7813;VAL4_20220811_073000_013.wav;0;0.06745853275060654;0
7814;VAL4_20220811_073000_014.wav;0;0.09482653439044952;0
7815;VAL4_20220811_073000_015.wav;0;0.017139839008450508;0
7816;VAL4_20220811_073000_016.wav;0;0.045723896473646164;0
7817;VAL4_20220811_073000_017.wav;0;0.46623173356056213;0
7818;VAL4_20220811_073000_018.wav;0;0.7121564745903015;0
7819;VAL4_20220811_073000_019.wav;0;0.13821889460086823;0
7820;VAL4_20220813_010000_000.wav;0;0.09811066836118698;0
7821;VAL4_20220813_010000_001.wav;0;0.012053370475769043;0
7822;VAL4_20220813_010000_002.wav;0;0.002144804922863841;0
7823;VAL4_20220813_010000_003.wav;0;0.118304543197155;0
7824;VAL4_20220813_010000_004.wav;0;0.017402030527591705;0
7825;VAL4_20220813_010000_005.wav;0;0.010488511994481087;0
7826;VAL4_20220813_010000_006.wav;0;0.0174129419028759;0
7827;VAL4_20220813_010000_007.wav;0;0.05743054673075676;0
7828;VAL4_20220813_010000_008.wav;0;0.009243836626410484;0
7829;VAL4_20220813_010000_009.wav;0;0.06287329643964767;0
7830;VAL4_20220813_010000_010.wav;0;0.0345400795340538;0
7831;VAL4_20220813_010000_011.wav;0;0.013581722043454647;0
7832;VAL4_20220813_010000_012.wav;0;0.1219928190112114;0
7833;VAL4_20220813_010000_013.wav;0;0.22989317774772644;0
7834;VAL4_20220813_010000_014.wav;0;0.04057595506310463;0
7835;VAL4_20220813_010000_015.wav;0;0.028503935784101486;0
7836;VAL4_20220813_010000_016.wav;0;0.14083151519298553;0
7837;VAL4_20220813_010000_017.wav;0;0.21554723381996155;0
7838;VAL4_20220813_010000_018.wav;0;0.09137029945850372;0
7839;VAL4_20220813_010000_019.wav;0;0.11155007034540176;0
7840;VAL4_20220815_221500_000.wav;0;0.03845810890197754;0
7841;VAL4_20220815_221500_001.wav;0;0.22295793890953064;0
7842;VAL4_20220815_221500_002.wav;0;0.13649415969848633;0
7843;VAL4_20220815_221500_003.wav;0;0.10493580996990204;0
7844;VAL4_20220815_221500_004.wav;0;0.31901314854621887;0
7845;VAL4_20220815_221500_005.wav;0;0.06652098149061203;0
7846;VAL4_20220815_221500_006.wav;0;0.04918020963668823;0
7847;VAL4_20220815_221500_007.wav;0;0.025246568024158478;0
7848;VAL4_20220815_221500_008.wav;0;0.016498230397701263;0
7849;VAL4_20220815_221500_009.wav;0;0.06431110203266144;0
7850;VAL4_20220815_221500_010.wav;0;0.009517157450318336;0
7851;VAL4_20220815_221500_011.wav;0;0.02290862426161766;0
7852;VAL4_20220815_221500_012.wav;0;0.03341013938188553;0
7853;VAL4_20220815_221500_013.wav;0;0.02582198567688465;0
7854;VAL4_20220815_221500_014.wav;0;0.00560547923669219;0
7855;VAL4_20220815_221500_015.wav;0;0.003838504897430539;0
7856;VAL4_20220815_221500_016.wav;0;0.005884244572371244;0
7857;VAL4_20220815_221500_017.wav;0;0.0022902905475348234;0
7858;VAL4_20220815_221500_018.wav;0;0.0018883888842538;0
7859;VAL4_20220815_221500_019.wav;0;0.0009401843417435884;0
7860;VAL4_20220817_050000_000.wav;0;0.004222435411065817;0
7861;VAL4_20220817_050000_001.wav;0;0.007546787615865469;0
7862;VAL4_20220817_050000_002.wav;0;0.057793013751506805;0
7863;VAL4_20220817_050000_003.wav;0;0.033722132444381714;0
7864;VAL4_20220817_050000_004.wav;0;0.04875010997056961;0
7865;VAL4_20220817_050000_005.wav;0;0.05926976352930069;0
7866;VAL4_20220817_050000_006.wav;0;0.07907920330762863;0
7867;VAL4_20220817_050000_007.wav;0;0.06190332770347595;0
7868;VAL4_20220817_050000_008.wav;0;0.04429614543914795;0
7869;VAL4_20220817_050000_009.wav;0;0.08192609995603561;0
7870;VAL4_20220817_050000_010.wav;0;0.21802642941474915;0
7871;VAL4_20220817_050000_011.wav;0;0.05046762898564339;0
7872;VAL4_20220817_050000_012.wav;0;0.021622655913233757;0
7873;VAL4_20220817_050000_013.wav;0;0.05787733197212219;0
7874;VAL4_20220817_050000_014.wav;0;0.06091016158461571;0
7875;VAL4_20220817_050000_015.wav;0;0.011724880896508694;0
7876;VAL4_20220817_050000_016.wav;0;0.04730744659900665;0
7877;VAL4_20220817_050000_017.wav;0;0.02705378457903862;0
7878;VAL4_20220817_050000_018.wav;0;0.006891230121254921;0
7879;VAL4_20220817_050000_019.wav;0;0.013425791636109352;0
7880;VAL4_20220817_170000_000.wav;0;0.057751838117837906;0
7881;VAL4_20220817_170000_001.wav;0;0.0146859185770154;0
7882;VAL4_20220817_170000_002.wav;0;0.06211613491177559;0
7883;VAL4_20220817_170000_003.wav;0;0.1352098137140274;0
7884;VAL4_20220817_170000_004.wav;0;0.11265330761671066;0
7885;VAL4_20220817_170000_005.wav;0;0.05533324182033539;0
7886;VAL4_20220817_170000_006.wav;0;0.19088803231716156;0
7887;VAL4_20220817_170000_007.wav;0;0.038104310631752014;0
7888;VAL4_20220817_170000_008.wav;0;0.09593605250120163;0
7889;VAL4_20220817_170000_009.wav;0;0.057648494839668274;0
7890;VAL4_20220817_170000_010.wav;0;0.0863775983452797;0
7891;VAL4_20220817_170000_011.wav;0;0.09006722271442413;0
7892;VAL4_20220817_170000_012.wav;0;0.023144617676734924;0
7893;VAL4_20220817_170000_013.wav;0;0.19810417294502258;0
7894;VAL4_20220817_170000_014.wav;0;0.019393660128116608;0
7895;VAL4_20220817_170000_015.wav;0;0.052894286811351776;0
7896;VAL4_20220817_170000_016.wav;0;0.11178779602050781;0
7897;VAL4_20220817_170000_017.wav;0;0.043594393879175186;0
7898;VAL4_20220817_170000_018.wav;0;0.08545301854610443;0
7899;VAL4_20220817_170000_019.wav;0;0.02313675358891487;0
7900;VAL4_20220819_111500_000.wav;0;0.2552914321422577;0
7901;VAL4_20220819_111500_001.wav;1;0.9785094857215881;1
7902;VAL4_20220819_111500_002.wav;1;0.9475811719894409;1
7903;VAL4_20220819_111500_003.wav;1;0.9631430506706238;1
7904;VAL4_20220819_111500_004.wav;1;0.043226394802331924;1
7905;VAL4_20220819_111500_005.wav;1;0.02814323641359806;1
7906;VAL4_20220819_111500_006.wav;1;0.08964284509420395;1
7907;VAL4_20220819_111500_007.wav;1;0.012581175193190575;1
7908;VAL4_20220819_111500_008.wav;1;0.9720321297645569;1
7909;VAL4_20220819_111500_009.wav;1;0.03680875897407532;1
7910;VAL4_20220819_111500_010.wav;1;0.15745772421360016;1
7911;VAL4_20220819_111500_011.wav;1;0.4088018834590912;1
7912;VAL4_20220819_111500_012.wav;1;0.36850759387016296;1
7913;VAL4_20220819_111500_013.wav;1;0.696057140827179;1
7914;VAL4_20220819_111500_014.wav;1;0.09118000417947769;1
7915;VAL4_20220819_111500_015.wav;1;0.03698714077472687;1
7916;VAL4_20220819_111500_016.wav;0;0.04066004976630211;0
7917;VAL4_20220819_111500_017.wav;0;0.027396034449338913;0
7918;VAL4_20220819_111500_018.wav;0;0.028245940804481506;0
7919;VAL4_20220819_111500_019.wav;0;0.015634723007678986;0
7920;VAL4_20220819_140000_000.wav;0;0.012665469199419022;0
7921;VAL4_20220819_140000_001.wav;0;0.02912220172584057;0
7922;VAL4_20220819_140000_002.wav;0;0.07904988527297974;0
7923;VAL4_20220819_140000_003.wav;0;0.01938691735267639;0
7924;VAL4_20220819_140000_004.wav;0;0.026106683537364006;0
7925;VAL4_20220819_140000_005.wav;0;0.024644535034894943;0
7926;VAL4_20220819_140000_006.wav;0;0.022627724334597588;0
7927;VAL4_20220819_140000_007.wav;0;0.01219271495938301;0
7928;VAL4_20220819_140000_008.wav;0;0.008683403953909874;0
7929;VAL4_20220819_140000_009.wav;0;0.04733138158917427;0
7930;VAL4_20220819_140000_010.wav;0;0.01669723354279995;0
7931;VAL4_20220819_140000_011.wav;0;0.025261040776968002;0
7932;VAL4_20220819_140000_012.wav;0;0.04427183046936989;0
7933;VAL4_20220819_140000_013.wav;0;0.007095054257661104;0
7934;VAL4_20220819_140000_014.wav;0;0.008440493606030941;0
7935;VAL4_20220819_140000_015.wav;0;0.00720477569848299;0
7936;VAL4_20220819_140000_016.wav;0;0.009741567075252533;0
7937;VAL4_20220819_140000_017.wav;0;0.004712709691375494;0
7938;VAL4_20220819_140000_018.wav;0;0.2173326164484024;0
7939;VAL4_20220819_140000_019.wav;0;0.015351098962128162;0
7940;VAL4_20220821_060000_000.wav;0;0.9288786053657532;0
7941;VAL4_20220821_060000_001.wav;0;0.7142708897590637;0
7942;VAL4_20220821_060000_002.wav;0;0.9878796935081482;0
7943;VAL4_20220821_060000_003.wav;0;0.5066895484924316;0
7944;VAL4_20220821_060000_004.wav;0;0.934233546257019;0
7945;VAL4_20220821_060000_005.wav;0;0.8779192566871643;0
7946;VAL4_20220821_060000_006.wav;0;0.7254831194877625;0
7947;VAL4_20220821_060000_007.wav;0;0.9916683435440063;0
7948;VAL4_20220821_060000_008.wav;0;0.9890657663345337;0
7949;VAL4_20220821_060000_009.wav;0;0.9377592206001282;0
7950;VAL4_20220821_060000_010.wav;0;0.9681678414344788;0
7951;VAL4_20220821_060000_011.wav;0;0.984209418296814;0
7952;VAL4_20220821_060000_012.wav;0;0.9298269748687744;0
7953;VAL4_20220821_060000_013.wav;0;0.9138154983520508;0
7954;VAL4_20220821_060000_014.wav;0;0.1739562600851059;0
7955;VAL4_20220821_060000_015.wav;0;0.805793046951294;0
7956;VAL4_20220821_060000_016.wav;0;0.6206101179122925;0
7957;VAL4_20220821_060000_017.wav;0;0.8284656405448914;0
7958;VAL4_20220821_060000_018.wav;0;0.46394282579421997;0
7959;VAL4_20220821_060000_019.wav;0;0.6459863185882568;0
7960;VAL4_20220906_184500_000.wav;0;0.646897554397583;0
7961;VAL4_20220906_184500_001.wav;0;0.5115512013435364;0
7962;VAL4_20220906_184500_002.wav;0;0.18381176888942719;0
7963;VAL4_20220906_184500_003.wav;0;0.4088638722896576;1
7964;VAL4_20220906_184500_004.wav;0;0.9148427844047546;1
7965;VAL4_20220906_184500_005.wav;0;0.5130895376205444;1
7966;VAL4_20220906_184500_006.wav;0;0.7522001266479492;1
7967;VAL4_20220906_184500_007.wav;0;0.5374597907066345;1
7968;VAL4_20220906_184500_008.wav;0;0.26221632957458496;1
7969;VAL4_20220906_184500_009.wav;0;0.3463607728481293;1
7970;VAL4_20220906_184500_010.wav;0;0.9042296409606934;1
7971;VAL4_20220906_184500_011.wav;0;0.8476048707962036;1
7972;VAL4_20220906_184500_012.wav;0;0.9496716260910034;1
7973;VAL4_20220906_184500_013.wav;0;0.709426760673523;1
7974;VAL4_20220906_184500_014.wav;0;0.6047535538673401;1
7975;VAL4_20220906_184500_015.wav;0;0.5442858338356018;0
7976;VAL4_20220906_184500_016.wav;0;0.9898127913475037;0
7977;VAL4_20220906_184500_017.wav;0;0.2466772496700287;0
7978;VAL4_20220906_184500_018.wav;0;0.01836596615612507;0
7979;VAL4_20220906_184500_019.wav;0;0.008743003942072392;0
7980;VAL4_20220908_191500_000.wav;0;0.3487035930156708;0
7981;VAL4_20220908_191500_001.wav;0;0.1643761545419693;0
7982;VAL4_20220908_191500_002.wav;0;0.9424784779548645;0
7983;VAL4_20220908_191500_003.wav;0;0.8614636063575745;0
7984;VAL4_20220908_191500_004.wav;0;0.7537069320678711;0
7985;VAL4_20220908_191500_005.wav;0;0.821700394153595;0
7986;VAL4_20220908_191500_006.wav;0;0.3715460002422333;0
7987;VAL4_20220908_191500_007.wav;0;0.7037913799285889;0
7988;VAL4_20220908_191500_008.wav;0;0.766649067401886;0
7989;VAL4_20220908_191500_009.wav;0;0.7708789110183716;0
7990;VAL4_20220908_191500_010.wav;0;0.2545629143714905;0
7991;VAL4_20220908_191500_011.wav;0;0.250282347202301;0
7992;VAL4_20220908_191500_012.wav;0;0.6032561659812927;0
7993;VAL4_20220908_191500_013.wav;0;0.6291756629943848;0
7994;VAL4_20220908_191500_014.wav;0;0.3026849925518036;0
7995;VAL4_20220908_191500_015.wav;0;0.1233804002404213;0
7996;VAL4_20220908_191500_016.wav;0;0.30385786294937134;0
7997;VAL4_20220908_191500_017.wav;0;0.36854955554008484;0
7998;VAL4_20220908_191500_018.wav;0;0.007201526314020157;0
7999;VAL4_20220908_191500_019.wav;0;0.0007602133555337787;0
8000;VAL4_20220910_120000_000.wav;0;0.13341525197029114;0
8001;VAL4_20220910_120000_001.wav;0;0.03332296013832092;0
8002;VAL4_20220910_120000_002.wav;0;0.1681830883026123;0
8003;VAL4_20220910_120000_003.wav;0;0.06013363227248192;0
8004;VAL4_20220910_120000_004.wav;0;0.04648522287607193;0
8005;VAL4_20220910_120000_005.wav;0;0.03239164501428604;0
8006;VAL4_20220910_120000_006.wav;0;0.028556259348988533;0
8007;VAL4_20220910_120000_007.wav;0;0.1630910038948059;0
8008;VAL4_20220910_120000_008.wav;0;0.0435374453663826;0
8009;VAL4_20220910_120000_009.wav;0;0.10119790583848953;0
8010;VAL4_20220910_120000_010.wav;0;0.5105876326560974;0
8011;VAL4_20220910_120000_011.wav;0;0.6494222283363342;0
8012;VAL4_20220910_120000_012.wav;0;0.7477384209632874;0
8013;VAL4_20220910_120000_013.wav;0;0.17531120777130127;0
8014;VAL4_20220910_120000_014.wav;0;0.1335112452507019;0
8015;VAL4_20220910_120000_015.wav;0;0.07321838289499283;0
8016;VAL4_20220910_120000_016.wav;0;0.48345857858657837;0
8017;VAL4_20220910_120000_017.wav;0;0.13954812288284302;0
8018;VAL4_20220910_120000_018.wav;0;0.038105860352516174;0
8019;VAL4_20220910_120000_019.wav;0;0.027484234422445297;0
8020;VAL4_20220916_173000_000.wav;0;0.5553048253059387;0
8021;VAL4_20220916_173000_001.wav;0;0.560545027256012;0
8022;VAL4_20220916_173000_002.wav;0;0.7736988067626953;0
8023;VAL4_20220916_173000_003.wav;0;0.22240619361400604;0
8024;VAL4_20220916_173000_004.wav;0;0.3776347041130066;0
8025;VAL4_20220916_173000_005.wav;0;0.327640563249588;0
8026;VAL4_20220916_173000_006.wav;0;0.21477068960666656;0
8027;VAL4_20220916_173000_007.wav;0;0.6821608543395996;0
8028;VAL4_20220916_173000_008.wav;0;0.8035048842430115;0
8029;VAL4_20220916_173000_009.wav;0;0.23864218592643738;0
8030;VAL4_20220916_173000_010.wav;0;0.9017486572265625;0
8031;VAL4_20220916_173000_011.wav;0;0.47825750708580017;0
8032;VAL4_20220916_173000_012.wav;0;0.8509783744812012;0
8033;VAL4_20220916_173000_013.wav;0;0.23565445840358734;0
8034;VAL4_20220916_173000_014.wav;0;0.46048063039779663;0
8035;VAL4_20220916_173000_015.wav;0;0.8734158277511597;0
8036;VAL4_20220916_173000_016.wav;0;0.3061584234237671;0
8037;VAL4_20220916_173000_017.wav;0;0.7414506077766418;0
8038;VAL4_20220916_173000_018.wav;0;0.37087807059288025;0
8039;VAL4_20220916_173000_019.wav;0;0.8844920992851257;0
8040;VAL4_20220918_053000_000.wav;0;0.5571199655532837;0
8041;VAL4_20220918_053000_001.wav;0;0.7084355354309082;0
8042;VAL4_20220918_053000_002.wav;0;0.4151959717273712;0
8043;VAL4_20220918_053000_003.wav;0;0.5552210807800293;0
8044;VAL4_20220918_053000_004.wav;0;0.16703379154205322;0
8045;VAL4_20220918_053000_005.wav;0;0.102692149579525;0
8046;VAL4_20220918_053000_006.wav;0;0.4660971760749817;0
8047;VAL4_20220918_053000_007.wav;0;0.09823063015937805;0
8048;VAL4_20220918_053000_008.wav;0;0.0695248395204544;0
8049;VAL4_20220918_053000_009.wav;0;0.0492592379450798;0
8050;VAL4_20220918_053000_010.wav;0;0.1221037283539772;0
8051;VAL4_20220918_053000_011.wav;0;0.581997275352478;0
8052;VAL4_20220918_053000_012.wav;0;0.062041644006967545;0
8053;VAL4_20220918_053000_013.wav;0;0.03726186603307724;0
8054;VAL4_20220918_053000_014.wav;0;0.2091658115386963;0
8055;VAL4_20220918_053000_015.wav;0;0.07806126028299332;0
8056;VAL4_20220918_053000_016.wav;0;0.15198174118995667;0
8057;VAL4_20220918_053000_017.wav;0;0.21116697788238525;0
8058;VAL4_20220918_053000_018.wav;0;0.2871595025062561;0
8059;VAL4_20220918_053000_019.wav;0;0.1947280913591385;0
8060;VAL4_20220920_150000_000.wav;0;0.5067510008811951;0
8061;VAL4_20220920_150000_001.wav;0;0.8888647556304932;0
8062;VAL4_20220920_150000_002.wav;0;0.1528763473033905;0
8063;VAL4_20220920_150000_003.wav;0;0.6711091995239258;0
8064;VAL4_20220920_150000_004.wav;0;0.01537762489169836;0
8065;VAL4_20220920_150000_005.wav;0;0.09811290353536606;0
8066;VAL4_20220920_150000_006.wav;0;0.002859072294086218;0
8067;VAL4_20220920_150000_007.wav;0;0.0637456551194191;0
8068;VAL4_20220920_150000_008.wav;0;0.03643522784113884;0
8069;VAL4_20220920_150000_009.wav;0;0.03434208035469055;0
8070;VAL4_20220920_150000_010.wav;0;0.26288893818855286;0
8071;VAL4_20220920_150000_011.wav;0;0.975277304649353;0
8072;VAL4_20220920_150000_012.wav;0;0.848076343536377;0
8073;VAL4_20220920_150000_013.wav;0;0.9843207597732544;0
8074;VAL4_20220920_150000_014.wav;0;0.5104678273200989;0
8075;VAL4_20220920_150000_015.wav;0;0.9924200177192688;0
8076;VAL4_20220920_150000_016.wav;0;0.5533137321472168;0
8077;VAL4_20220920_150000_017.wav;0;0.7494539618492126;0
8078;VAL4_20220920_150000_018.wav;0;0.07279713451862335;0
8079;VAL4_20220920_150000_019.wav;0;0.06871792674064636;0
8080;VAL4_20220920_224500_000.wav;0;0.05119459703564644;0
8081;VAL4_20220920_224500_001.wav;0;0.015469121746718884;0
8082;VAL4_20220920_224500_002.wav;0;0.01176255103200674;0
8083;VAL4_20220920_224500_003.wav;0;0.0015818750252947211;0
8084;VAL4_20220920_224500_004.wav;0;0.009287930093705654;0
8085;VAL4_20220920_224500_005.wav;0;0.12164429575204849;0
8086;VAL4_20220920_224500_006.wav;0;0.007576656993478537;0
8087;VAL4_20220920_224500_007.wav;0;0.014065847732126713;0
8088;VAL4_20220920_224500_008.wav;0;0.0027736376505345106;0
8089;VAL4_20220920_224500_009.wav;0;0.004111305810511112;0
8090;VAL4_20220920_224500_010.wav;0;0.01241763774305582;0
8091;VAL4_20220920_224500_011.wav;0;0.00866753701120615;0
8092;VAL4_20220920_224500_012.wav;0;0.0031017297878861427;0
8093;VAL4_20220920_224500_013.wav;0;0.0014839075738564134;0
8094;VAL4_20220920_224500_014.wav;0;0.06351570785045624;0
8095;VAL4_20220920_224500_015.wav;0;0.12316698580980301;0
8096;VAL4_20220920_224500_016.wav;0;0.013141348026692867;0
8097;VAL4_20220920_224500_017.wav;0;0.011142726056277752;0
8098;VAL4_20220920_224500_018.wav;0;0.0025402496103197336;0
8099;VAL4_20220920_224500_019.wav;0;0.0020266068167984486;0
8100;VAL4_20220922_110000_000.wav;0;0.014639979228377342;0
8101;VAL4_20220922_110000_001.wav;0;0.019119082018733025;0
8102;VAL4_20220922_110000_002.wav;0;0.04683268442749977;0
8103;VAL4_20220922_110000_003.wav;0;0.5499982237815857;0
8104;VAL4_20220922_110000_004.wav;0;0.013597484678030014;0
8105;VAL4_20220922_110000_005.wav;0;0.009338652715086937;0
8106;VAL4_20220922_110000_006.wav;0;0.010315177030861378;0
8107;VAL4_20220922_110000_007.wav;0;0.011824408546090126;0
8108;VAL4_20220922_110000_008.wav;0;0.02793065831065178;0
8109;VAL4_20220922_110000_009.wav;0;0.01060319971293211;0
8110;VAL4_20220922_110000_010.wav;0;0.011394539847970009;0
8111;VAL4_20220922_110000_011.wav;0;0.033331308513879776;0
8112;VAL4_20220922_110000_012.wav;0;0.029329616576433182;0
8113;VAL4_20220922_110000_013.wav;0;0.015225361101329327;0
8114;VAL4_20220922_110000_014.wav;0;0.007722856011241674;0
8115;VAL4_20220922_110000_015.wav;0;0.010804506950080395;0
8116;VAL4_20220922_110000_016.wav;0;0.009065423160791397;0
8117;VAL4_20220922_110000_017.wav;0;0.016599535942077637;0
8118;VAL4_20220922_110000_018.wav;0;0.011043261736631393;0
8119;VAL4_20220922_110000_019.wav;0;0.011253481730818748;0
8120;VAL4_20220926_051500_000.wav;0;0.07383858412504196;0
8121;VAL4_20220926_051500_001.wav;0;0.21600250899791718;0
8122;VAL4_20220926_051500_002.wav;0;0.08207613974809647;0
8123;VAL4_20220926_051500_003.wav;0;0.04305414482951164;0
8124;VAL4_20220926_051500_004.wav;0;0.21289683878421783;0
8125;VAL4_20220926_051500_005.wav;0;0.1270689070224762;0
8126;VAL4_20220926_051500_006.wav;0;0.002128500957041979;0
8127;VAL4_20220926_051500_007.wav;0;0.0110022546723485;0
8128;VAL4_20220926_051500_008.wav;0;0.036329466849565506;0
8129;VAL4_20220926_051500_009.wav;0;0.01594686135649681;0
8130;VAL4_20220926_051500_010.wav;0;0.003292849287390709;0
8131;VAL4_20220926_051500_011.wav;0;0.007351022679358721;0
8132;VAL4_20220926_051500_012.wav;0;0.005924780387431383;0
8133;VAL4_20220926_051500_013.wav;0;0.0033375555649399757;0
8134;VAL4_20220926_051500_014.wav;0;0.0020546664018183947;0
8135;VAL4_20220926_051500_015.wav;0;0.016219938173890114;0
8136;VAL4_20220926_051500_016.wav;0;0.004394651856273413;0
8137;VAL4_20220926_051500_017.wav;0;0.0023252356331795454;0
8138;VAL4_20220926_051500_018.wav;0;0.08842716366052628;0
8139;VAL4_20220926_051500_019.wav;0;0.004259737208485603;0
8140;VAL4_20220926_060000_000.wav;0;0.03259538114070892;0
8141;VAL4_20220926_060000_001.wav;0;0.00929241068661213;0
8142;VAL4_20220926_060000_002.wav;0;0.007734077982604504;0
8143;VAL4_20220926_060000_003.wav;0;0.020724646747112274;0
8144;VAL4_20220926_060000_004.wav;0;0.002497433451935649;0
8145;VAL4_20220926_060000_005.wav;0;0.0014935566578060389;0
8146;VAL4_20220926_060000_006.wav;0;0.003838418982923031;0
8147;VAL4_20220926_060000_007.wav;0;0.01978151686489582;0
8148;VAL4_20220926_060000_008.wav;0;0.004767708946019411;0
8149;VAL4_20220926_060000_009.wav;0;0.004285759292542934;0
8150;VAL4_20220926_060000_010.wav;0;0.008732752874493599;0
8151;VAL4_20220926_060000_011.wav;0;0.008660775609314442;0
8152;VAL4_20220926_060000_012.wav;0;0.01588599756360054;0
8153;VAL4_20220926_060000_013.wav;0;0.010492021217942238;0
8154;VAL4_20220926_060000_014.wav;0;0.03522059693932533;0
8155;VAL4_20220926_060000_015.wav;0;0.0010898747714236379;0
8156;VAL4_20220926_060000_016.wav;0;0.024014867842197418;0
8157;VAL4_20220926_060000_017.wav;0;0.0026893303729593754;0
8158;VAL4_20220926_060000_018.wav;0;0.012506595812737942;0
8159;VAL4_20220926_060000_019.wav;0;0.014875921420753002;0
8160;VAL4_20220928_010000_000.wav;0;0.008593627251684666;0
8161;VAL4_20220928_010000_001.wav;0;0.004440292716026306;0
8162;VAL4_20220928_010000_002.wav;0;0.016134113073349;0
8163;VAL4_20220928_010000_003.wav;0;0.02869119867682457;0
8164;VAL4_20220928_010000_004.wav;0;0.020555350929498672;0
8165;VAL4_20220928_010000_005.wav;0;0.007731085177510977;0
8166;VAL4_20220928_010000_006.wav;0;0.030925223603844643;0
8167;VAL4_20220928_010000_007.wav;0;0.0429210364818573;0
8168;VAL4_20220928_010000_008.wav;0;0.049087636172771454;0
8169;VAL4_20220928_010000_009.wav;0;0.02520349621772766;0
8170;VAL4_20220928_010000_010.wav;0;0.010030213743448257;0
8171;VAL4_20220928_010000_011.wav;0;0.03503994271159172;0
8172;VAL4_20220928_010000_012.wav;0;0.015804307535290718;0
8173;VAL4_20220928_010000_013.wav;0;0.011008393950760365;0
8174;VAL4_20220928_010000_014.wav;0;0.0024944094475358725;0
8175;VAL4_20220928_010000_015.wav;0;0.010803318582475185;0
8176;VAL4_20220928_010000_016.wav;0;0.0029801656492054462;0
8177;VAL4_20220928_010000_017.wav;0;0.013831058517098427;0
8178;VAL4_20220928_010000_018.wav;0;0.01640922762453556;0
8179;VAL4_20220928_010000_019.wav;0;0.006157659459859133;0
8180;VAL4_20220928_073000_000.wav;0;0.009513010270893574;0
8181;VAL4_20220928_073000_001.wav;0;0.008877940475940704;0
8182;VAL4_20220928_073000_002.wav;0;0.01879194565117359;0
8183;VAL4_20220928_073000_003.wav;0;0.013136723078787327;0
8184;VAL4_20220928_073000_004.wav;0;0.008059368468821049;0
8185;VAL4_20220928_073000_005.wav;0;0.02090594545006752;0
8186;VAL4_20220928_073000_006.wav;0;0.018243957310914993;0
8187;VAL4_20220928_073000_007.wav;0;0.033311281353235245;0
8188;VAL4_20220928_073000_008.wav;0;0.034275490790605545;0
8189;VAL4_20220928_073000_009.wav;0;0.025082668289542198;0
8190;VAL4_20220928_073000_010.wav;0;0.014084655791521072;0
8191;VAL4_20220928_073000_011.wav;0;0.04605981335043907;0
8192;VAL4_20220928_073000_012.wav;0;0.06448448449373245;0
8193;VAL4_20220928_073000_013.wav;0;0.00600413978099823;0
8194;VAL4_20220928_073000_014.wav;0;0.375882625579834;0
8195;VAL4_20220928_073000_015.wav;0;0.1271839141845703;0
8196;VAL4_20220928_073000_016.wav;0;0.09960419684648514;0
8197;VAL4_20220928_073000_017.wav;0;0.5733968019485474;0
8198;VAL4_20220928_073000_018.wav;0;0.7752611637115479;0
8199;VAL4_20220928_073000_019.wav;0;0.842438280582428;0
8200;VAL4_20221002_014500_000.wav;0;0.14414669573307037;0
8201;VAL4_20221002_014500_001.wav;0;0.07846935093402863;0
8202;VAL4_20221002_014500_002.wav;0;0.6109982132911682;0
8203;VAL4_20221002_014500_003.wav;0;0.015546201728284359;0
8204;VAL4_20221002_014500_004.wav;0;0.1319693624973297;0
8205;VAL4_20221002_014500_005.wav;0;0.0646766796708107;0
8206;VAL4_20221002_014500_006.wav;0;0.0673486664891243;0
8207;VAL4_20221002_014500_007.wav;0;0.032650504261255264;0
8208;VAL4_20221002_014500_008.wav;0;0.1146426573395729;0
8209;VAL4_20221002_014500_009.wav;0;0.06184612959623337;0
8210;VAL4_20221002_014500_010.wav;0;0.1871638149023056;0
8211;VAL4_20221002_014500_011.wav;0;0.2621941566467285;0
8212;VAL4_20221002_014500_012.wav;0;0.047798607498407364;0
8213;VAL4_20221002_014500_013.wav;0;0.10456506907939911;0
8214;VAL4_20221002_014500_014.wav;0;0.17660732567310333;0
8215;VAL4_20221002_014500_015.wav;0;0.10894671827554703;0
8216;VAL4_20221002_014500_016.wav;0;0.037746913731098175;0
8217;VAL4_20221002_014500_017.wav;0;0.04684635251760483;0
8218;VAL4_20221002_014500_018.wav;0;0.028283031657338142;0
8219;VAL4_20221002_014500_019.wav;0;0.06626004725694656;0
8220;VAL4_20221004_083000_000.wav;1;0.6813879609107971;1
8221;VAL4_20221004_083000_001.wav;1;0.9847049713134766;1
8222;VAL4_20221004_083000_002.wav;1;0.8921751379966736;1
8223;VAL4_20221004_083000_003.wav;1;0.9173667430877686;1
8224;VAL4_20221004_083000_004.wav;1;0.9844810962677002;1
8225;VAL4_20221004_083000_005.wav;1;0.9945057034492493;1
8226;VAL4_20221004_083000_006.wav;1;0.9937244057655334;1
8227;VAL4_20221004_083000_007.wav;1;0.9988196492195129;1
8228;VAL4_20221004_083000_008.wav;1;0.9880453944206238;1
8229;VAL4_20221004_083000_009.wav;1;0.9984371066093445;1
8230;VAL4_20221004_083000_010.wav;1;0.9966346621513367;1
8231;VAL4_20221004_083000_011.wav;1;0.9946422576904297;1
8232;VAL4_20221004_083000_012.wav;1;0.9994484782218933;1
8233;VAL4_20221004_083000_013.wav;1;0.9947459697723389;1
8234;VAL4_20221004_083000_014.wav;1;0.9493487477302551;1
8235;VAL4_20221004_083000_015.wav;1;0.9961330890655518;1
8236;VAL4_20221004_083000_016.wav;1;0.9926487803459167;1
8237;VAL4_20221004_083000_017.wav;1;0.9914127588272095;1
8238;VAL4_20221004_083000_018.wav;1;0.9979212880134583;1
8239;VAL4_20221004_083000_019.wav;1;0.9907735586166382;1
8240;VAL4_20221006_030000_000.wav;0;0.9888066053390503;0
8241;VAL4_20221006_030000_001.wav;0;0.9839837551116943;0
8242;VAL4_20221006_030000_002.wav;0;0.9848393201828003;0
8243;VAL4_20221006_030000_003.wav;0;0.9916757345199585;0
8244;VAL4_20221006_030000_004.wav;0;0.9750276803970337;0
8245;VAL4_20221006_030000_005.wav;0;0.9937785267829895;0
8246;VAL4_20221006_030000_006.wav;0;0.9918327331542969;0
8247;VAL4_20221006_030000_007.wav;0;0.9737437963485718;0
8248;VAL4_20221006_030000_008.wav;0;0.97422194480896;0
8249;VAL4_20221006_030000_009.wav;0;0.9530802369117737;0
8250;VAL4_20221006_030000_010.wav;0;0.7881385684013367;0
8251;VAL4_20221006_030000_011.wav;0;0.005421777721494436;0
8252;VAL4_20221006_030000_012.wav;0;0.007253106217831373;0
8253;VAL4_20221006_030000_013.wav;0;0.006159430835396051;0
8254;VAL4_20221006_030000_014.wav;0;0.24736954271793365;0
8255;VAL4_20221006_030000_015.wav;0;0.11757010221481323;0
8256;VAL4_20221006_030000_016.wav;0;0.2976910173892975;0
8257;VAL4_20221006_030000_017.wav;0;0.06901874393224716;0
8258;VAL4_20221006_030000_018.wav;0;0.041572630405426025;0
8259;VAL4_20221006_030000_019.wav;0;0.10908492654561996;0
8260;VAL4_20221006_134500_000.wav;1;0.8316993713378906;1
8261;VAL4_20221006_134500_001.wav;1;0.9859998822212219;1
8262;VAL4_20221006_134500_002.wav;1;0.8429208397865295;1
8263;VAL4_20221006_134500_003.wav;1;0.906892716884613;1
8264;VAL4_20221006_134500_004.wav;1;0.7715461850166321;1
8265;VAL4_20221006_134500_005.wav;1;0.409230500459671;1
8266;VAL4_20221006_134500_006.wav;0;0.46780598163604736;0
8267;VAL4_20221006_134500_007.wav;1;0.5456319451332092;1
8268;VAL4_20221006_134500_008.wav;0;0.6465539336204529;0
8269;VAL4_20221006_134500_009.wav;0;0.7606397867202759;0
8270;VAL4_20221006_134500_010.wav;0;0.5152894258499146;0
8271;VAL4_20221006_134500_011.wav;1;0.9961832165718079;1
8272;VAL4_20221006_134500_012.wav;1;0.8465299606323242;1
8273;VAL4_20221006_134500_013.wav;0;0.9341632723808289;0
8274;VAL4_20221006_134500_014.wav;0;0.9532737731933594;0
8275;VAL4_20221006_134500_015.wav;0;0.8810101747512817;0
8276;VAL4_20221006_134500_016.wav;0;0.9548318982124329;0
8277;VAL4_20221006_134500_017.wav;0;0.44247791171073914;0
8278;VAL4_20221006_134500_018.wav;0;0.5329513549804688;0
8279;VAL4_20221006_134500_019.wav;0;0.17014124989509583;0
8280;VAL4_20221006_180000_000.wav;0;0.07625987380743027;0
8281;VAL4_20221006_180000_001.wav;0;0.002886977279558778;0
8282;VAL4_20221006_180000_002.wav;0;0.011567467823624611;0
8283;VAL4_20221006_180000_003.wav;0;0.061266105622053146;0
8284;VAL4_20221006_180000_004.wav;0;0.010460573248565197;0
8285;VAL4_20221006_180000_005.wav;0;0.08830240368843079;0
8286;VAL4_20221006_180000_006.wav;0;0.05103761702775955;0
8287;VAL4_20221006_180000_007.wav;0;0.04663313180208206;0
8288;VAL4_20221006_180000_008.wav;0;0.027953481301665306;0
8289;VAL4_20221006_180000_009.wav;0;0.019456129521131516;0
8290;VAL4_20221006_180000_010.wav;0;0.025701405480504036;0
8291;VAL4_20221006_180000_011.wav;0;0.0053878119215369225;0
8292;VAL4_20221006_180000_012.wav;0;0.029303114861249924;0
8293;VAL4_20221006_180000_013.wav;0;0.20444516837596893;0
8294;VAL4_20221006_180000_014.wav;0;0.004414503462612629;0
8295;VAL4_20221006_180000_015.wav;0;0.03645458444952965;0
8296;VAL4_20221006_180000_016.wav;0;0.0464635007083416;0
8297;VAL4_20221006_180000_017.wav;0;0.0690167173743248;0
8298;VAL4_20221006_180000_018.wav;0;0.08124975115060806;0
8299;VAL4_20221006_180000_019.wav;0;0.012392307631671429;0
8300;VAL4_20221008_090000_000.wav;0;0.04756684973835945;0
8301;VAL4_20221008_090000_001.wav;0;0.430804044008255;0
8302;VAL4_20221008_090000_002.wav;0;0.6833348870277405;0
8303;VAL4_20221008_090000_003.wav;0;0.09447138011455536;0
8304;VAL4_20221008_090000_004.wav;0;0.038927190005779266;0
8305;VAL4_20221008_090000_005.wav;0;0.06145907938480377;0
8306;VAL4_20221008_090000_006.wav;0;0.2424369901418686;0
8307;VAL4_20221008_090000_007.wav;0;0.046372029930353165;0
8308;VAL4_20221008_090000_008.wav;0;0.2927887439727783;0
8309;VAL4_20221008_090000_009.wav;0;0.05520584061741829;0
8310;VAL4_20221008_090000_010.wav;0;0.3430868983268738;0
8311;VAL4_20221008_090000_011.wav;0;0.5220767855644226;0
8312;VAL4_20221008_090000_012.wav;0;0.04830314591526985;0
8313;VAL4_20221008_090000_013.wav;0;0.5832604169845581;0
8314;VAL4_20221008_090000_014.wav;0;0.046116914600133896;0
8315;VAL4_20221008_090000_015.wav;0;0.056482475250959396;0
8316;VAL4_20221008_090000_016.wav;0;0.589025616645813;0
8317;VAL4_20221008_090000_017.wav;0;0.05655351281166077;0
8318;VAL4_20221008_090000_018.wav;0;0.14997892081737518;0
8319;VAL4_20221008_090000_019.wav;0;0.21201111376285553;0
8320;VAL4_20221008_173000_000.wav;0;0.0916636735200882;0
8321;VAL4_20221008_173000_001.wav;0;0.01925734058022499;0
8322;VAL4_20221008_173000_002.wav;0;0.02697877399623394;0
8323;VAL4_20221008_173000_003.wav;0;0.04910305142402649;0
8324;VAL4_20221008_173000_004.wav;0;0.014318861998617649;0
8325;VAL4_20221008_173000_005.wav;0;0.04259616509079933;0
8326;VAL4_20221008_173000_006.wav;0;0.049163367599248886;0
8327;VAL4_20221008_173000_007.wav;0;0.04923367127776146;0
8328;VAL4_20221008_173000_008.wav;0;0.031125284731388092;0
8329;VAL4_20221008_173000_009.wav;0;0.04041169583797455;0
8330;VAL4_20221008_173000_010.wav;0;0.015698116272687912;0
8331;VAL4_20221008_173000_011.wav;0;0.02125871554017067;0
8332;VAL4_20221008_173000_012.wav;0;0.05567796528339386;0
8333;VAL4_20221008_173000_013.wav;0;0.033212970942258835;0
8334;VAL4_20221008_173000_014.wav;0;0.052017729729413986;0
8335;VAL4_20221008_173000_015.wav;0;0.03294960781931877;0
8336;VAL4_20221008_173000_016.wav;0;0.051314856857061386;0
8337;VAL4_20221008_173000_017.wav;0;0.03503476083278656;0
8338;VAL4_20221008_173000_018.wav;0;0.01493234932422638;0
8339;VAL4_20221008_173000_019.wav;0;0.035743147134780884;0
8340;VAL4_20221008_214500_000.wav;0;0.03802286460995674;0
8341;VAL4_20221008_214500_001.wav;0;0.0075892056338489056;0
8342;VAL4_20221008_214500_002.wav;0;0.018576605245471;0
8343;VAL4_20221008_214500_003.wav;0;0.024454591795802116;0
8344;VAL4_20221008_214500_004.wav;0;0.049736879765987396;0
8345;VAL4_20221008_214500_005.wav;0;0.03519326448440552;0
8346;VAL4_20221008_214500_006.wav;0;0.046109527349472046;0
8347;VAL4_20221008_214500_007.wav;0;0.02189667709171772;0
8348;VAL4_20221008_214500_008.wav;0;0.06017310172319412;0
8349;VAL4_20221008_214500_009.wav;0;0.05227585509419441;0
8350;VAL4_20221008_214500_010.wav;0;0.04707905277609825;0
8351;VAL4_20221008_214500_011.wav;0;0.049862153828144073;0
8352;VAL4_20221008_214500_012.wav;0;0.004141361452639103;0
8353;VAL4_20221008_214500_013.wav;0;0.04976489022374153;0
8354;VAL4_20221008_214500_014.wav;0;0.04285120964050293;0
8355;VAL4_20221008_214500_015.wav;0;0.033555638045072556;0
8356;VAL4_20221008_214500_016.wav;0;0.027617624029517174;0
8357;VAL4_20221008_214500_017.wav;0;0.04638805612921715;0
8358;VAL4_20221008_214500_018.wav;0;0.03218226879835129;0
8359;VAL4_20221008_214500_019.wav;0;0.00830005668103695;0
8360;VAL4_20221010_084500_000.wav;1;0.009373899549245834;1
8361;VAL4_20221010_084500_001.wav;1;0.23299400508403778;1
8362;VAL4_20221010_084500_002.wav;1;0.7163792252540588;1
8363;VAL4_20221010_084500_003.wav;1;0.015067688189446926;1
8364;VAL4_20221010_084500_004.wav;0;0.005503416992723942;0
8365;VAL4_20221010_084500_005.wav;0;0.007338396739214659;0
8366;VAL4_20221010_084500_006.wav;0;0.026409950107336044;0
8367;VAL4_20221010_084500_007.wav;0;0.01018477976322174;0
8368;VAL4_20221010_084500_008.wav;0;0.03993411362171173;0
8369;VAL4_20221010_084500_009.wav;0;0.04352676868438721;0
8370;VAL4_20221010_084500_010.wav;0;0.021849937736988068;0
8371;VAL4_20221010_084500_011.wav;0;0.030933449044823647;0
8372;VAL4_20221010_084500_012.wav;0;0.042151253670454025;0
8373;VAL4_20221010_084500_013.wav;0;0.02298293076455593;0
8374;VAL4_20221010_084500_014.wav;0;0.020983103662729263;0
8375;VAL4_20221010_084500_015.wav;0;0.03222845494747162;0
8376;VAL4_20221010_084500_016.wav;0;0.008862880989909172;0
8377;VAL4_20221010_084500_017.wav;0;0.0070603047497570515;0
8378;VAL4_20221010_084500_018.wav;0;0.020191097632050514;0
8379;VAL4_20221010_084500_019.wav;0;0.012081908993422985;0
8380;VAL4_20221010_123000_000.wav;0;0.00910708587616682;0
8381;VAL4_20221010_123000_001.wav;0;0.007075212430208921;0
8382;VAL4_20221010_123000_002.wav;0;0.005204223096370697;0
8383;VAL4_20221010_123000_003.wav;0;0.006845097057521343;0
8384;VAL4_20221010_123000_004.wav;0;0.006673731375485659;0
8385;VAL4_20221010_123000_005.wav;0;0.008563665673136711;0
8386;VAL4_20221010_123000_006.wav;0;0.03711208701133728;0
8387;VAL4_20221010_123000_007.wav;0;0.010381513275206089;0
8388;VAL4_20221010_123000_008.wav;0;0.0047730132937431335;0
8389;VAL4_20221010_123000_009.wav;0;0.0066903214901685715;0
8390;VAL4_20221010_123000_010.wav;0;0.009328666143119335;0
8391;VAL4_20221010_123000_011.wav;0;0.007107417099177837;0
8392;VAL4_20221010_123000_012.wav;0;0.008812912739813328;0
8393;VAL4_20221010_123000_013.wav;0;0.015939535573124886;0
8394;VAL4_20221010_123000_014.wav;0;0.013500644825398922;0
8395;VAL4_20221010_123000_015.wav;0;0.011009576730430126;0
8396;VAL4_20221010_123000_016.wav;0;0.06249158829450607;0
8397;VAL4_20221010_123000_017.wav;0;0.009946729987859726;0
8398;VAL4_20221010_123000_018.wav;0;0.017831725999712944;0
8399;VAL4_20221010_123000_019.wav;0;0.012429109774529934;0
8400;VAL4_20221010_233000_000.wav;0;0.0010931340511888266;0
8401;VAL4_20221010_233000_001.wav;0;0.0022795104887336493;0
8402;VAL4_20221010_233000_002.wav;0;0.004648846108466387;0
8403;VAL4_20221010_233000_003.wav;0;0.0023644869215786457;0
8404;VAL4_20221010_233000_004.wav;0;0.0010715556563809514;0
8405;VAL4_20221010_233000_005.wav;0;0.001616623718291521;0
8406;VAL4_20221010_233000_006.wav;0;0.0011202465975657105;0
8407;VAL4_20221010_233000_007.wav;0;0.0020682888571172953;0
8408;VAL4_20221010_233000_008.wav;0;0.0008176055853255093;0
8409;VAL4_20221010_233000_009.wav;0;0.0018722221720963717;0
8410;VAL4_20221010_233000_010.wav;0;0.0018223562510684133;0
8411;VAL4_20221010_233000_011.wav;0;0.006419137120246887;0
8412;VAL4_20221010_233000_012.wav;0;0.004790349863469601;0
8413;VAL4_20221010_233000_013.wav;0;0.0018177502788603306;0
8414;VAL4_20221010_233000_014.wav;0;0.0015691544394940138;0
8415;VAL4_20221010_233000_015.wav;0;0.0010664474684745073;0
8416;VAL4_20221010_233000_016.wav;0;0.0021233409643173218;0
8417;VAL4_20221010_233000_017.wav;0;0.0010686503956094384;0
8418;VAL4_20221010_233000_018.wav;0;0.002028173767030239;0
8419;VAL4_20221010_233000_019.wav;0;0.0020101461559534073;0
8420;VAL4_20221012_024500_000.wav;0;0.0029069907031953335;0
8421;VAL4_20221012_024500_001.wav;0;0.012229610234498978;0
8422;VAL4_20221012_024500_002.wav;0;0.01980310119688511;0
8423;VAL4_20221012_024500_003.wav;0;0.002294048434123397;0
8424;VAL4_20221012_024500_004.wav;0;0.0004642251878976822;0
8425;VAL4_20221012_024500_005.wav;0;0.002280051587149501;0
8426;VAL4_20221012_024500_006.wav;0;0.0013059026096016169;0
8427;VAL4_20221012_024500_007.wav;0;0.0021707480773329735;0
8428;VAL4_20221012_024500_008.wav;0;0.03190034255385399;0
8429;VAL4_20221012_024500_009.wav;0;0.01600118726491928;0
8430;VAL4_20221012_024500_010.wav;0;0.0015459314454346895;0
8431;VAL4_20221012_024500_011.wav;0;0.0019755118992179632;0
8432;VAL4_20221012_024500_012.wav;0;0.0014395308680832386;0
8433;VAL4_20221012_024500_013.wav;0;0.008965452201664448;0
8434;VAL4_20221012_024500_014.wav;0;0.005853464361280203;0
8435;VAL4_20221012_024500_015.wav;0;0.000889756076503545;0
8436;VAL4_20221012_024500_016.wav;0;0.0019604305271059275;0
8437;VAL4_20221012_024500_017.wav;0;0.0023322494234889746;0
8438;VAL4_20221012_024500_018.wav;0;0.0008732220740057528;0
8439;VAL4_20221012_024500_019.wav;0;0.002706140512600541;0
8440;VTN3_20220518_041500_000.wav;0;0.033099230378866196;0
8441;VTN3_20220518_041500_001.wav;0;0.02768651768565178;0
8442;VTN3_20220518_041500_002.wav;0;0.03171338886022568;0
8443;VTN3_20220518_041500_003.wav;0;0.05572687089443207;0
8444;VTN3_20220518_041500_004.wav;0;0.03592901676893234;0
8445;VTN3_20220518_041500_005.wav;0;0.04909052699804306;0
8446;VTN3_20220518_041500_006.wav;0;0.015090123750269413;0
8447;VTN3_20220518_041500_007.wav;0;0.011565734632313251;0
8448;VTN3_20220518_041500_008.wav;0;0.0570082813501358;0
8449;VTN3_20220518_041500_009.wav;0;0.0030499249696731567;0
8450;VTN3_20220518_041500_010.wav;0;0.023861313238739967;0
8451;VTN3_20220518_041500_011.wav;0;0.04193711653351784;0
8452;VTN3_20220518_041500_012.wav;0;0.052656903862953186;0
8453;VTN3_20220518_041500_013.wav;0;0.02916138619184494;0
8454;VTN3_20220518_041500_014.wav;0;0.0024232733994722366;0
8455;VTN3_20220518_041500_015.wav;0;0.020317204296588898;0
8456;VTN3_20220518_041500_016.wav;0;0.007598534692078829;0
8457;VTN3_20220518_041500_017.wav;0;0.02599140629172325;0
8458;VTN3_20220518_041500_018.wav;0;0.01648114062845707;0
8459;VTN3_20220518_041500_019.wav;0;0.020674744620919228;0
8460;VTN3_20220519_130000_000.wav;1;0.9926332831382751;1
8461;VTN3_20220519_130000_001.wav;1;0.18385814130306244;1
8462;VTN3_20220519_130000_002.wav;1;0.6882078647613525;1
8463;VTN3_20220519_130000_003.wav;1;0.9686993360519409;1
8464;VTN3_20220519_130000_004.wav;1;0.9745722413063049;1
8465;VTN3_20220519_130000_005.wav;1;0.026828192174434662;1
8466;VTN3_20220519_130000_006.wav;1;0.19294214248657227;1
8467;VTN3_20220519_130000_007.wav;1;0.16690553724765778;1
8468;VTN3_20220519_130000_008.wav;0;0.011749056167900562;0
8469;VTN3_20220519_130000_009.wav;0;0.046151917427778244;0
8470;VTN3_20220519_130000_010.wav;0;0.0031758134718984365;0
8471;VTN3_20220519_130000_011.wav;0;0.24941985309123993;0
8472;VTN3_20220519_130000_012.wav;0;0.019506430253386497;0
8473;VTN3_20220519_130000_013.wav;0;0.22780509293079376;0
8474;VTN3_20220519_130000_014.wav;0;0.2690044641494751;0
8475;VTN3_20220519_130000_015.wav;1;0.03643694519996643;1
8476;VTN3_20220519_130000_016.wav;1;0.9780260920524597;1
8477;VTN3_20220519_130000_017.wav;1;0.984524667263031;1
8478;VTN3_20220519_130000_018.wav;1;0.35476934909820557;1
8479;VTN3_20220519_130000_019.wav;1;0.4687128961086273;1
8480;VTN3_20220520_191500_000.wav;0;0.38527199625968933;0
8481;VTN3_20220520_191500_001.wav;0;0.6171244382858276;0
8482;VTN3_20220520_191500_002.wav;0;0.5736463069915771;0
8483;VTN3_20220520_191500_003.wav;0;0.7956486344337463;0
8484;VTN3_20220520_191500_004.wav;0;0.7710034847259521;0
8485;VTN3_20220520_191500_005.wav;0;0.4938823878765106;0
8486;VTN3_20220520_191500_006.wav;0;0.4640812277793884;0
8487;VTN3_20220520_191500_007.wav;0;0.7967384457588196;0
8488;VTN3_20220520_191500_008.wav;0;0.6196290850639343;0
8489;VTN3_20220520_191500_009.wav;0;0.676612913608551;0
8490;VTN3_20220520_191500_010.wav;0;0.6024406552314758;0
8491;VTN3_20220520_191500_011.wav;0;0.927085280418396;0
8492;VTN3_20220520_191500_012.wav;0;0.5586163997650146;0
8493;VTN3_20220520_191500_013.wav;0;0.9421032667160034;0
8494;VTN3_20220520_191500_014.wav;0;0.8023751974105835;0
8495;VTN3_20220520_191500_015.wav;0;0.8083287477493286;0
8496;VTN3_20220520_191500_016.wav;0;0.9906726479530334;0
8497;VTN3_20220520_191500_017.wav;0;0.9895070195198059;0
8498;VTN3_20220520_191500_018.wav;0;0.8636934757232666;0
8499;VTN3_20220520_191500_019.wav;0;0.9900391697883606;0
8500;VTN3_20220522_080000_000.wav;0;0.009479094296693802;0
8501;VTN3_20220522_080000_001.wav;0;0.03370194137096405;0
8502;VTN3_20220522_080000_002.wav;0;0.03099963441491127;0
8503;VTN3_20220522_080000_003.wav;0;0.10906307399272919;0
8504;VTN3_20220522_080000_004.wav;0;0.05222908779978752;0
8505;VTN3_20220522_080000_005.wav;0;0.020557450130581856;0
8506;VTN3_20220522_080000_006.wav;0;0.004541446454823017;0
8507;VTN3_20220522_080000_007.wav;0;0.03160940855741501;0
8508;VTN3_20220522_080000_008.wav;0;0.012892978265881538;0
8509;VTN3_20220522_080000_009.wav;0;0.10635675489902496;0
8510;VTN3_20220522_080000_010.wav;0;0.009196596220135689;0
8511;VTN3_20220522_080000_011.wav;1;0.00890541821718216;1
8512;VTN3_20220522_080000_012.wav;1;0.12256938964128494;1
8513;VTN3_20220522_080000_013.wav;1;0.9943641424179077;1
8514;VTN3_20220522_080000_014.wav;1;0.07032667845487595;1
8515;VTN3_20220522_080000_015.wav;1;0.9826616644859314;1
8516;VTN3_20220522_080000_016.wav;1;0.9927377104759216;1
8517;VTN3_20220522_080000_017.wav;1;0.9994503855705261;1
8518;VTN3_20220522_080000_018.wav;1;0.9971103668212891;1
8519;VTN3_20220522_080000_019.wav;1;0.8352671265602112;1
8520;VTN3_20220524_053000_000.wav;0;0.08227385580539703;0
8521;VTN3_20220524_053000_001.wav;0;0.07936183363199234;0
8522;VTN3_20220524_053000_002.wav;0;0.9203053116798401;0
8523;VTN3_20220524_053000_003.wav;0;0.5222067832946777;0
8524;VTN3_20220524_053000_004.wav;0;0.022638831287622452;0
8525;VTN3_20220524_053000_005.wav;0;0.062152981758117676;0
8526;VTN3_20220524_053000_006.wav;0;0.015086083672940731;0
8527;VTN3_20220524_053000_007.wav;0;0.012870852835476398;0
8528;VTN3_20220524_053000_008.wav;0;0.009488765150308609;0
8529;VTN3_20220524_053000_009.wav;0;0.006256728433072567;0
8530;VTN3_20220524_053000_010.wav;0;0.10664988309144974;0
8531;VTN3_20220524_053000_011.wav;0;0.027666261419653893;0
8532;VTN3_20220524_053000_012.wav;0;0.07830658555030823;0
8533;VTN3_20220524_053000_013.wav;0;0.008230802603065968;0
8534;VTN3_20220524_053000_014.wav;0;0.03297324851155281;0
8535;VTN3_20220524_053000_015.wav;0;0.03572237119078636;0
8536;VTN3_20220524_053000_016.wav;0;0.017133550718426704;0
8537;VTN3_20220524_053000_017.wav;0;0.09992164373397827;0
8538;VTN3_20220524_053000_018.wav;0;0.053102824836969376;0
8539;VTN3_20220524_053000_019.wav;0;0.003992320038378239;0
8540;VTN3_20220524_104500_000.wav;1;0.9964074492454529;1
8541;VTN3_20220524_104500_001.wav;1;0.9996527433395386;1
8542;VTN3_20220524_104500_002.wav;1;0.9995837807655334;1
8543;VTN3_20220524_104500_003.wav;1;0.010723750106990337;1
8544;VTN3_20220524_104500_004.wav;1;0.018149031326174736;1
8545;VTN3_20220524_104500_005.wav;1;0.5446560978889465;1
8546;VTN3_20220524_104500_006.wav;1;0.9951382279396057;1
8547;VTN3_20220524_104500_007.wav;1;0.9906436800956726;1
8548;VTN3_20220524_104500_008.wav;1;0.9931961297988892;1
8549;VTN3_20220524_104500_009.wav;1;0.9995524287223816;1
8550;VTN3_20220524_104500_010.wav;1;0.9843763113021851;1
8551;VTN3_20220524_104500_011.wav;1;0.9748595356941223;1
8552;VTN3_20220524_104500_012.wav;1;0.9354099035263062;1
8553;VTN3_20220524_104500_013.wav;1;0.9992690682411194;1
8554;VTN3_20220524_104500_014.wav;1;0.06512662023305893;1
8555;VTN3_20220524_104500_015.wav;1;0.0147807402536273;1
8556;VTN3_20220524_104500_016.wav;1;0.003320743329823017;1
8557;VTN3_20220524_104500_017.wav;0;0.006318794097751379;0
8558;VTN3_20220524_104500_018.wav;0;0.004299079533666372;0
8559;VTN3_20220524_104500_019.wav;0;0.003171681659296155;0
8560;VTN3_20220526_073000_000.wav;0;0.17300091683864594;0
8561;VTN3_20220526_073000_001.wav;1;0.407174289226532;1
8562;VTN3_20220526_073000_002.wav;1;0.9991909861564636;1
8563;VTN3_20220526_073000_003.wav;1;0.9987275004386902;1
8564;VTN3_20220526_073000_004.wav;1;0.9812361001968384;1
8565;VTN3_20220526_073000_005.wav;1;0.9590318202972412;1
8566;VTN3_20220526_073000_006.wav;1;0.8723509907722473;1
8567;VTN3_20220526_073000_007.wav;1;0.044172871857881546;1
8568;VTN3_20220526_073000_008.wav;1;0.8613897562026978;1
8569;VTN3_20220526_073000_009.wav;1;0.5590164661407471;1
8570;VTN3_20220526_073000_010.wav;1;0.009233435615897179;1
8571;VTN3_20220526_073000_011.wav;0;0.02817649208009243;0
8572;VTN3_20220526_073000_012.wav;0;0.01115061528980732;0
8573;VTN3_20220526_073000_013.wav;0;0.02648106962442398;0
8574;VTN3_20220526_073000_014.wav;0;0.007163619622588158;0
8575;VTN3_20220526_073000_015.wav;0;0.2586967945098877;0
8576;VTN3_20220526_073000_016.wav;0;0.005801214370876551;0
8577;VTN3_20220526_073000_017.wav;0;0.00642109289765358;0
8578;VTN3_20220526_073000_018.wav;0;0.2258198857307434;0
8579;VTN3_20220526_073000_019.wav;0;0.06876347959041595;0
8580;VTN3_20220527_130000_000.wav;0;0.009345677681267262;0
8581;VTN3_20220527_130000_001.wav;0;0.008463479578495026;0
8582;VTN3_20220527_130000_002.wav;0;0.007115799933671951;0
8583;VTN3_20220527_130000_003.wav;0;0.004916367121040821;0
8584;VTN3_20220527_130000_004.wav;0;0.011917121708393097;0
8585;VTN3_20220527_130000_005.wav;0;0.007673514075577259;0
8586;VTN3_20220527_130000_006.wav;0;0.008111504837870598;0
8587;VTN3_20220527_130000_007.wav;0;0.00590989226475358;0
8588;VTN3_20220527_130000_008.wav;0;0.007749473210424185;0
8589;VTN3_20220527_130000_009.wav;0;0.0037618058267980814;0
8590;VTN3_20220527_130000_010.wav;0;0.005614587105810642;0
8591;VTN3_20220527_130000_011.wav;0;0.006895594764500856;0
8592;VTN3_20220527_130000_012.wav;0;0.007613467983901501;0
8593;VTN3_20220527_130000_013.wav;0;0.0060485051944851875;0
8594;VTN3_20220527_130000_014.wav;0;0.00640792166814208;0
8595;VTN3_20220527_130000_015.wav;0;0.004587167873978615;0
8596;VTN3_20220527_130000_016.wav;1;0.00616568373516202;1
8597;VTN3_20220527_130000_017.wav;1;0.07602126896381378;1
8598;VTN3_20220527_130000_018.wav;1;0.013306377455592155;1
8599;VTN3_20220527_130000_019.wav;1;0.10345856845378876;1
8600;VTN3_20220528_224500_000.wav;0;0.013147872872650623;0
8601;VTN3_20220528_224500_001.wav;0;0.006384420674294233;0
8602;VTN3_20220528_224500_002.wav;0;0.008816241286695004;0
8603;VTN3_20220528_224500_003.wav;0;0.010130880400538445;0
8604;VTN3_20220528_224500_004.wav;0;0.0056584724225103855;0
8605;VTN3_20220528_224500_005.wav;0;0.008440920151770115;0
8606;VTN3_20220528_224500_006.wav;0;0.011491215787827969;0
8607;VTN3_20220528_224500_007.wav;0;0.005557691212743521;0
8608;VTN3_20220528_224500_008.wav;0;0.008308970369398594;0
8609;VTN3_20220528_224500_009.wav;0;0.007346991449594498;0
8610;VTN3_20220528_224500_010.wav;1;0.008542351424694061;1
8611;VTN3_20220528_224500_011.wav;1;0.16064141690731049;1
8612;VTN3_20220528_224500_012.wav;1;0.5286204218864441;1
8613;VTN3_20220528_224500_013.wav;1;0.007033475209027529;1
8614;VTN3_20220528_224500_014.wav;0;0.009596390649676323;0
8615;VTN3_20220528_224500_015.wav;0;0.01266453880816698;0
8616;VTN3_20220528_224500_016.wav;0;0.010747034102678299;0
8617;VTN3_20220528_224500_017.wav;0;0.011542492546141148;0
8618;VTN3_20220528_224500_018.wav;0;0.00917778443545103;0
8619;VTN3_20220528_224500_019.wav;0;0.012289859354496002;0
8620;VTN3_20220601_041500_000.wav;0;0.008866091258823872;0
8621;VTN3_20220601_041500_001.wav;0;0.007864456623792648;0
8622;VTN3_20220601_041500_002.wav;0;0.012296482920646667;0
8623;VTN3_20220601_041500_003.wav;0;0.06685947626829147;0
8624;VTN3_20220601_041500_004.wav;0;0.01800176501274109;0
8625;VTN3_20220601_041500_005.wav;0;0.01941237971186638;0
8626;VTN3_20220601_041500_006.wav;0;0.01734510436654091;0
8627;VTN3_20220601_041500_007.wav;0;0.01177182886749506;0
8628;VTN3_20220601_041500_008.wav;0;0.009004687890410423;0
8629;VTN3_20220601_041500_009.wav;0;0.007821955718100071;0
8630;VTN3_20220601_041500_010.wav;0;0.0103199677541852;0
8631;VTN3_20220601_041500_011.wav;0;0.009057005867362022;0
8632;VTN3_20220601_041500_012.wav;0;0.0168252382427454;0
8633;VTN3_20220601_041500_013.wav;0;0.023425234481692314;0
8634;VTN3_20220601_041500_014.wav;0;0.015241218730807304;0
8635;VTN3_20220601_041500_015.wav;0;0.009782864712178707;0
8636;VTN3_20220601_041500_016.wav;0;0.00915646180510521;0
8637;VTN3_20220601_041500_017.wav;0;0.010714470408856869;0
8638;VTN3_20220601_041500_018.wav;0;0.013125001452863216;0
8639;VTN3_20220601_041500_019.wav;0;0.00865253433585167;0
8640;VTN3_20220601_043000_000.wav;0;0.01082924660295248;0
8641;VTN3_20220601_043000_001.wav;0;0.014207172207534313;0
8642;VTN3_20220601_043000_002.wav;0;0.01933535933494568;0
8643;VTN3_20220601_043000_003.wav;1;0.014654645696282387;1
8644;VTN3_20220601_043000_004.wav;1;0.8438757061958313;1
8645;VTN3_20220601_043000_005.wav;1;0.824066162109375;1
8646;VTN3_20220601_043000_006.wav;1;0.07233719527721405;1
8647;VTN3_20220601_043000_007.wav;1;0.5341490507125854;1
8648;VTN3_20220601_043000_008.wav;1;0.015631090849637985;1
8649;VTN3_20220601_043000_009.wav;1;0.01442821603268385;1
8650;VTN3_20220601_043000_010.wav;1;0.00513360183686018;1
8651;VTN3_20220601_043000_011.wav;0;0.025720080360770226;0
8652;VTN3_20220601_043000_012.wav;0;0.20174124836921692;0
8653;VTN3_20220601_043000_013.wav;0;0.028604216873645782;0
8654;VTN3_20220601_043000_014.wav;0;0.020700698718428612;0
8655;VTN3_20220601_043000_015.wav;0;0.2572108209133148;0
8656;VTN3_20220601_043000_016.wav;0;0.006631132680922747;0
8657;VTN3_20220601_043000_017.wav;0;0.0678059309720993;0
8658;VTN3_20220601_043000_018.wav;0;0.007277131546288729;0
8659;VTN3_20220601_043000_019.wav;0;0.20774909853935242;0
8660;VTN3_20220601_090000_000.wav;0;0.01385259535163641;0
8661;VTN3_20220601_090000_001.wav;0;0.44969332218170166;0
8662;VTN3_20220601_090000_002.wav;0;0.1485356241464615;0
8663;VTN3_20220601_090000_003.wav;0;0.008774226531386375;0
8664;VTN3_20220601_090000_004.wav;0;0.009105097502470016;0
8665;VTN3_20220601_090000_005.wav;0;0.03775666654109955;0
8666;VTN3_20220601_090000_006.wav;0;0.3364439904689789;0
8667;VTN3_20220601_090000_007.wav;0;0.5996658205986023;0
8668;VTN3_20220601_090000_008.wav;0;0.5975258350372314;0
8669;VTN3_20220601_090000_009.wav;0;0.8009658455848694;0
8670;VTN3_20220601_090000_010.wav;0;0.038542505353689194;0
8671;VTN3_20220601_090000_011.wav;0;0.009052461944520473;0
8672;VTN3_20220601_090000_012.wav;0;0.013411196880042553;0
8673;VTN3_20220601_090000_013.wav;0;0.10144755244255066;0
8674;VTN3_20220601_090000_014.wav;0;0.2786349356174469;0
8675;VTN3_20220601_090000_015.wav;0;0.22245390713214874;0
8676;VTN3_20220601_090000_016.wav;0;0.012094812467694283;0
8677;VTN3_20220601_090000_017.wav;0;0.7886124849319458;0
8678;VTN3_20220601_090000_018.wav;0;0.9441248774528503;0
8679;VTN3_20220601_090000_019.wav;0;0.006237563211470842;0
8680;VTN3_20220601_094500_000.wav;0;0.006723807659000158;0
8681;VTN3_20220601_094500_001.wav;0;0.016713125631213188;0
8682;VTN3_20220601_094500_002.wav;0;0.006679445505142212;0
8683;VTN3_20220601_094500_003.wav;0;0.004332196898758411;0
8684;VTN3_20220601_094500_004.wav;0;0.009482895024120808;0
8685;VTN3_20220601_094500_005.wav;0;0.011406929232180119;0
8686;VTN3_20220601_094500_006.wav;0;0.005519744474440813;0
8687;VTN3_20220601_094500_007.wav;0;0.012447337619960308;0
8688;VTN3_20220601_094500_008.wav;0;0.007834162563085556;0
8689;VTN3_20220601_094500_009.wav;0;0.01009102538228035;0
8690;VTN3_20220601_094500_010.wav;0;0.010772990062832832;0
8691;VTN3_20220601_094500_011.wav;0;0.009755090810358524;0
8692;VTN3_20220601_094500_012.wav;0;0.00721519673243165;0
8693;VTN3_20220601_094500_013.wav;0;0.03729380667209625;0
8694;VTN3_20220601_094500_014.wav;0;0.005917102098464966;0
8695;VTN3_20220601_094500_015.wav;0;0.006346450187265873;0
8696;VTN3_20220601_094500_016.wav;0;0.020007064566016197;0
8697;VTN3_20220601_094500_017.wav;0;0.01329144835472107;0
8698;VTN3_20220601_094500_018.wav;0;0.008205263875424862;0
8699;VTN3_20220601_094500_019.wav;0;0.012279346585273743;0
8700;VTN3_20220601_103000_000.wav;0;0.8361514806747437;0
8701;VTN3_20220601_103000_001.wav;0;0.9876058101654053;0
8702;VTN3_20220601_103000_002.wav;0;0.9378310441970825;0
8703;VTN3_20220601_103000_003.wav;0;0.9957996010780334;0
8704;VTN3_20220601_103000_004.wav;0;0.8861170411109924;0
8705;VTN3_20220601_103000_005.wav;0;0.9939874410629272;0
8706;VTN3_20220601_103000_006.wav;0;0.9766810536384583;0
8707;VTN3_20220601_103000_007.wav;0;0.9859434366226196;0
8708;VTN3_20220601_103000_008.wav;0;0.9752677083015442;0
8709;VTN3_20220601_103000_009.wav;0;0.9924276471138;0
8710;VTN3_20220601_103000_010.wav;0;0.9797229170799255;0
8711;VTN3_20220601_103000_011.wav;1;0.9800849556922913;1
8712;VTN3_20220601_103000_012.wav;1;0.9869890213012695;1
8713;VTN3_20220601_103000_013.wav;0;0.9604678153991699;0
8714;VTN3_20220601_103000_014.wav;0;0.9848195314407349;0
8715;VTN3_20220601_103000_015.wav;1;0.990652322769165;1
8716;VTN3_20220601_103000_016.wav;1;0.9866792559623718;1
8717;VTN3_20220601_103000_017.wav;1;0.9869924783706665;1
8718;VTN3_20220601_103000_018.wav;1;0.9942031502723694;1
8719;VTN3_20220601_103000_019.wav;1;0.9747465252876282;1
8720;VTN3_20220601_120000_000.wav;0;0.019480755552649498;0
8721;VTN3_20220601_120000_001.wav;0;0.014597984030842781;0
8722;VTN3_20220601_120000_002.wav;0;0.03945318982005119;0
8723;VTN3_20220601_120000_003.wav;1;0.01190961617976427;1
8724;VTN3_20220601_120000_004.wav;1;0.10554354637861252;1
8725;VTN3_20220601_120000_005.wav;1;0.5708008408546448;1
8726;VTN3_20220601_120000_006.wav;1;0.8300713300704956;1
8727;VTN3_20220601_120000_007.wav;1;0.9633339643478394;1
8728;VTN3_20220601_120000_008.wav;1;0.9969139099121094;1
8729;VTN3_20220601_120000_009.wav;1;0.753128170967102;1
8730;VTN3_20220601_120000_010.wav;1;0.4281608462333679;1
8731;VTN3_20220601_120000_011.wav;1;0.969856858253479;1
8732;VTN3_20220601_120000_012.wav;1;0.9801628589630127;1
8733;VTN3_20220601_120000_013.wav;1;0.9929814338684082;1
8734;VTN3_20220601_120000_014.wav;1;0.9964859485626221;1
8735;VTN3_20220601_120000_015.wav;1;0.8153325319290161;1
8736;VTN3_20220601_120000_016.wav;1;0.9978364109992981;1
8737;VTN3_20220601_120000_017.wav;1;0.941719114780426;1
8738;VTN3_20220601_120000_018.wav;1;0.05902782082557678;1
8739;VTN3_20220601_120000_019.wav;1;0.014944558963179588;1
8740;VTN3_20220601_151500_000.wav;0;0.7066347599029541;0
8741;VTN3_20220601_151500_001.wav;0;0.8977621793746948;0
8742;VTN3_20220601_151500_002.wav;0;0.8090096116065979;0
8743;VTN3_20220601_151500_003.wav;0;0.9359256625175476;0
8744;VTN3_20220601_151500_004.wav;0;0.3435562252998352;0
8745;VTN3_20220601_151500_005.wav;0;0.027782883495092392;0
8746;VTN3_20220601_151500_006.wav;0;0.13943426311016083;0
8747;VTN3_20220601_151500_007.wav;0;0.010218328796327114;0
8748;VTN3_20220601_151500_008.wav;0;0.06326353549957275;0
8749;VTN3_20220601_151500_009.wav;0;0.4692787826061249;0
8750;VTN3_20220601_151500_010.wav;0;0.9238801002502441;0
8751;VTN3_20220601_151500_011.wav;0;0.6340619325637817;0
8752;VTN3_20220601_151500_012.wav;0;0.7266742587089539;0
8753;VTN3_20220601_151500_013.wav;0;0.3751780688762665;0
8754;VTN3_20220601_151500_014.wav;0;0.645109236240387;0
8755;VTN3_20220601_151500_015.wav;0;0.49194589257240295;0
8756;VTN3_20220601_151500_016.wav;0;0.08484844863414764;0
8757;VTN3_20220601_151500_017.wav;0;0.9560713171958923;0
8758;VTN3_20220601_151500_018.wav;0;0.6780973672866821;0
8759;VTN3_20220601_151500_019.wav;0;0.9228108525276184;0
8760;VTN3_20220601_204500_000.wav;0;0.009340125136077404;0
8761;VTN3_20220601_204500_001.wav;0;0.008692290633916855;0
8762;VTN3_20220601_204500_002.wav;0;0.019672896713018417;0
8763;VTN3_20220601_204500_003.wav;0;0.009934884496033192;0
8764;VTN3_20220601_204500_004.wav;0;0.012707725167274475;0
8765;VTN3_20220601_204500_005.wav;0;0.011140173301100731;0
8766;VTN3_20220601_204500_006.wav;0;0.01472597848623991;0
8767;VTN3_20220601_204500_007.wav;0;0.025703584775328636;0
8768;VTN3_20220601_204500_008.wav;0;0.010128709487617016;0
8769;VTN3_20220601_204500_009.wav;0;0.01987648196518421;0
8770;VTN3_20220601_204500_010.wav;0;0.01575368456542492;0
8771;VTN3_20220601_204500_011.wav;0;0.019565904513001442;0
8772;VTN3_20220601_204500_012.wav;0;0.028780922293663025;0
8773;VTN3_20220601_204500_013.wav;0;0.008757313713431358;0
8774;VTN3_20220601_204500_014.wav;0;0.020725850015878677;0
8775;VTN3_20220601_204500_015.wav;0;0.012155829928815365;0
8776;VTN3_20220601_204500_016.wav;0;0.014408810064196587;0
8777;VTN3_20220601_204500_017.wav;0;0.02417932078242302;0
8778;VTN3_20220601_204500_018.wav;0;0.01761934719979763;0
8779;VTN3_20220601_204500_019.wav;0;0.03843056410551071;0
8780;VTN3_20220601_213000_000.wav;0;0.044249583035707474;0
8781;VTN3_20220601_213000_001.wav;0;0.020776744931936264;1
8782;VTN3_20220601_213000_002.wav;0;0.024078868329524994;1
8783;VTN3_20220601_213000_003.wav;0;0.028898386284708977;1
8784;VTN3_20220601_213000_004.wav;0;0.020485086366534233;1
8785;VTN3_20220601_213000_005.wav;0;0.010342512279748917;1
8786;VTN3_20220601_213000_006.wav;0;0.06275884062051773;1
8787;VTN3_20220601_213000_007.wav;0;0.36663195490837097;1
8788;VTN3_20220601_213000_008.wav;0;0.8904275298118591;1
8789;VTN3_20220601_213000_009.wav;0;0.8312165141105652;1
8790;VTN3_20220601_213000_010.wav;0;0.910709798336029;1
8791;VTN3_20220601_213000_011.wav;0;0.11815948784351349;1
8792;VTN3_20220601_213000_012.wav;0;0.995636522769928;1
8793;VTN3_20220601_213000_013.wav;0;0.9943491816520691;1
8794;VTN3_20220601_213000_014.wav;0;0.9762449264526367;1
8795;VTN3_20220601_213000_015.wav;0;0.9962629675865173;1
8796;VTN3_20220601_213000_016.wav;0;0.3184565007686615;1
8797;VTN3_20220601_213000_017.wav;0;0.3048906624317169;1
8798;VTN3_20220601_213000_018.wav;0;0.7968044877052307;1
8799;VTN3_20220601_213000_019.wav;0;0.04943624511361122;1
8800;VTN4_20220512_221500_000.wav;0;0.0026768017560243607;0
8801;VTN4_20220512_221500_001.wav;0;0.0030848123133182526;0
8802;VTN4_20220512_221500_002.wav;0;0.006474575027823448;0
8803;VTN4_20220512_221500_003.wav;0;0.0010530194267630577;0
8804;VTN4_20220512_221500_004.wav;0;0.003099959110841155;0
8805;VTN4_20220512_221500_005.wav;0;0.005882669240236282;0
8806;VTN4_20220512_221500_006.wav;0;0.0038247634656727314;0
8807;VTN4_20220512_221500_007.wav;0;0.0031774835661053658;0
8808;VTN4_20220512_221500_008.wav;0;0.0007363284821622074;0
8809;VTN4_20220512_221500_009.wav;0;0.0008240061579272151;0
8810;VTN4_20220512_221500_010.wav;0;0.0011140629649162292;0
8811;VTN4_20220512_221500_011.wav;0;0.002615121426060796;0
8812;VTN4_20220512_221500_012.wav;0;0.06527677178382874;1
8813;VTN4_20220512_221500_013.wav;0;0.6404567956924438;1
8814;VTN4_20220512_221500_014.wav;0;0.015158985741436481;1
8815;VTN4_20220512_221500_015.wav;0;0.003004781436175108;1
8816;VTN4_20220512_221500_016.wav;0;0.949517011642456;1
8817;VTN4_20220512_221500_017.wav;0;0.6826870441436768;1
8818;VTN4_20220512_221500_018.wav;0;0.5399498343467712;1
8819;VTN4_20220512_221500_019.wav;0;0.06919899582862854;1
8820;VTN4_20220513_124500_000.wav;1;0.9999803304672241;1
8821;VTN4_20220513_124500_001.wav;1;0.9930141568183899;1
8822;VTN4_20220513_124500_002.wav;1;0.999277651309967;1
8823;VTN4_20220513_124500_003.wav;1;0.9944221377372742;1
8824;VTN4_20220513_124500_004.wav;1;0.9992635846138;1
8825;VTN4_20220513_124500_005.wav;1;0.9993078708648682;1
8826;VTN4_20220513_124500_006.wav;1;0.999845027923584;1
8827;VTN4_20220513_124500_007.wav;1;0.9970827698707581;1
8828;VTN4_20220513_124500_008.wav;1;0.9965804219245911;1
8829;VTN4_20220513_124500_009.wav;1;0.9992691874504089;1
8830;VTN4_20220513_124500_010.wav;1;0.999902606010437;1
8831;VTN4_20220513_124500_011.wav;1;0.9999523162841797;1
8832;VTN4_20220513_124500_012.wav;1;0.9970481991767883;1
8833;VTN4_20220513_124500_013.wav;1;0.9973931312561035;1
8834;VTN4_20220513_124500_014.wav;1;0.9881840944290161;1
8835;VTN4_20220513_124500_015.wav;1;0.988217294216156;1
8836;VTN4_20220513_124500_016.wav;1;0.9995129108428955;1
8837;VTN4_20220513_124500_017.wav;1;0.9987367987632751;1
8838;VTN4_20220513_124500_018.wav;1;0.9998272061347961;1
8839;VTN4_20220513_124500_019.wav;1;0.9951542615890503;1
8840;VTN4_20220517_104500_000.wav;0;0.7995144724845886;0
8841;VTN4_20220517_104500_001.wav;0;0.22257797420024872;0
8842;VTN4_20220517_104500_002.wav;0;0.09510378539562225;0
8843;VTN4_20220517_104500_003.wav;0;0.05554688721895218;0
8844;VTN4_20220517_104500_004.wav;0;0.5431597232818604;0
8845;VTN4_20220517_104500_005.wav;0;0.23553715646266937;0
8846;VTN4_20220517_104500_006.wav;0;0.25602492690086365;0
8847;VTN4_20220517_104500_007.wav;0;0.6159117817878723;0
8848;VTN4_20220517_104500_008.wav;0;0.09044691175222397;0
8849;VTN4_20220517_104500_009.wav;0;0.04413202032446861;0
8850;VTN4_20220517_104500_010.wav;0;0.7996006011962891;0
8851;VTN4_20220517_104500_011.wav;0;0.028151214122772217;0
8852;VTN4_20220517_104500_012.wav;0;0.0685800164937973;0
8853;VTN4_20220517_104500_013.wav;0;0.2749482989311218;0
8854;VTN4_20220517_104500_014.wav;0;0.2622232139110565;0
8855;VTN4_20220517_104500_015.wav;0;0.5344608426094055;0
8856;VTN4_20220517_104500_016.wav;0;0.022855769842863083;0
8857;VTN4_20220517_104500_017.wav;0;0.6199593544006348;0
8858;VTN4_20220517_104500_018.wav;0;0.11619910597801208;0
8859;VTN4_20220517_104500_019.wav;0;0.811834990978241;0
8860;VTN4_20220518_113000_000.wav;1;0.9801149964332581;1
8861;VTN4_20220518_113000_001.wav;1;0.9875859022140503;1
8862;VTN4_20220518_113000_002.wav;1;0.9991939663887024;1
8863;VTN4_20220518_113000_003.wav;1;0.9998676776885986;1
8864;VTN4_20220518_113000_004.wav;1;0.9999469518661499;1
8865;VTN4_20220518_113000_005.wav;1;0.9999256134033203;1
8866;VTN4_20220518_113000_006.wav;1;0.9998680353164673;1
8867;VTN4_20220518_113000_007.wav;1;0.9992471933364868;1
8868;VTN4_20220518_113000_008.wav;1;0.9979361295700073;1
8869;VTN4_20220518_113000_009.wav;1;0.9996652603149414;1
8870;VTN4_20220518_113000_010.wav;1;0.9999542236328125;1
8871;VTN4_20220518_113000_011.wav;1;0.9918144345283508;1
8872;VTN4_20220518_113000_012.wav;1;0.9989610910415649;1
8873;VTN4_20220518_113000_013.wav;1;0.9998800754547119;1
8874;VTN4_20220518_113000_014.wav;1;0.9994613528251648;1
8875;VTN4_20220518_113000_015.wav;1;0.9995125532150269;1
8876;VTN4_20220518_113000_016.wav;1;0.9931939840316772;1
8877;VTN4_20220518_113000_017.wav;1;0.9984554052352905;1
8878;VTN4_20220518_113000_018.wav;1;0.9880967140197754;1
8879;VTN4_20220518_113000_019.wav;1;0.9822667241096497;1
8880;VTN4_20220518_211500_000.wav;0;0.2224200814962387;0
8881;VTN4_20220518_211500_001.wav;0;0.41891443729400635;0
8882;VTN4_20220518_211500_002.wav;0;0.9635741710662842;0
8883;VTN4_20220518_211500_003.wav;0;0.07882057130336761;0
8884;VTN4_20220518_211500_004.wav;0;0.06380273401737213;0
8885;VTN4_20220518_211500_005.wav;0;0.5339822769165039;0
8886;VTN4_20220518_211500_006.wav;0;0.4470871090888977;0
8887;VTN4_20220518_211500_007.wav;0;0.10940564423799515;0
8888;VTN4_20220518_211500_008.wav;0;0.7326550483703613;0
8889;VTN4_20220518_211500_009.wav;0;0.5822083950042725;0
8890;VTN4_20220518_211500_010.wav;0;0.029626214876770973;0
8891;VTN4_20220518_211500_011.wav;0;0.9138010740280151;0
8892;VTN4_20220518_211500_012.wav;0;0.9670294523239136;0
8893;VTN4_20220518_211500_013.wav;0;0.8186817169189453;0
8894;VTN4_20220518_211500_014.wav;0;0.882536768913269;0
8895;VTN4_20220518_211500_015.wav;0;0.920522153377533;0
8896;VTN4_20220518_211500_016.wav;0;0.4386874735355377;0
8897;VTN4_20220518_211500_017.wav;0;0.6934662461280823;0
8898;VTN4_20220518_211500_018.wav;0;0.4036089777946472;0
8899;VTN4_20220518_211500_019.wav;0;0.06692951172590256;0
8900;VTN4_20220519_061500_000.wav;0;0.526656448841095;0
8901;VTN4_20220519_061500_001.wav;0;0.055159781128168106;0
8902;VTN4_20220519_061500_002.wav;0;0.08165863901376724;0
8903;VTN4_20220519_061500_003.wav;0;0.13310469686985016;0
8904;VTN4_20220519_061500_004.wav;0;0.09031947702169418;0
8905;VTN4_20220519_061500_005.wav;0;0.034959957003593445;0
8906;VTN4_20220519_061500_006.wav;0;0.23678618669509888;1
8907;VTN4_20220519_061500_007.wav;0;0.7477270364761353;1
8908;VTN4_20220519_061500_008.wav;0;0.7721495628356934;1
8909;VTN4_20220519_061500_009.wav;0;0.8189352750778198;1
8910;VTN4_20220519_061500_010.wav;0;0.9610229730606079;1
8911;VTN4_20220519_061500_011.wav;0;0.05987967550754547;1
8912;VTN4_20220519_061500_012.wav;0;0.07012883573770523;0
8913;VTN4_20220519_061500_013.wav;0;0.6979166865348816;0
8914;VTN4_20220519_061500_014.wav;0;0.7632409334182739;0
8915;VTN4_20220519_061500_015.wav;0;0.5034334659576416;0
8916;VTN4_20220519_061500_016.wav;0;0.04130086675286293;0
8917;VTN4_20220519_061500_017.wav;0;0.21334144473075867;0
8918;VTN4_20220519_061500_018.wav;0;0.4304141700267792;0
8919;VTN4_20220519_061500_019.wav;0;0.48346075415611267;0
8920;VTN4_20220519_233000_000.wav;0;0.4265611469745636;0
8921;VTN4_20220519_233000_001.wav;0;0.34696608781814575;0
8922;VTN4_20220519_233000_002.wav;0;0.9343457221984863;0
8923;VTN4_20220519_233000_003.wav;0;0.03552632033824921;0
8924;VTN4_20220519_233000_004.wav;0;0.038203585892915726;0
8925;VTN4_20220519_233000_005.wav;0;0.2629345655441284;0
8926;VTN4_20220519_233000_006.wav;0;0.09703119844198227;0
8927;VTN4_20220519_233000_007.wav;0;0.034859079867601395;0
8928;VTN4_20220519_233000_008.wav;0;0.21817024052143097;0
8929;VTN4_20220519_233000_009.wav;0;0.05977531895041466;0
8930;VTN4_20220519_233000_010.wav;0;0.7534198760986328;0
8931;VTN4_20220519_233000_011.wav;0;0.006223808042705059;0
8932;VTN4_20220519_233000_012.wav;0;0.005632059182971716;0
8933;VTN4_20220519_233000_013.wav;0;0.22247210144996643;0
8934;VTN4_20220519_233000_014.wav;0;0.08969023078680038;0
8935;VTN4_20220519_233000_015.wav;0;0.0014657707652077079;0
8936;VTN4_20220519_233000_016.wav;0;0.0012394087389111519;0
8937;VTN4_20220519_233000_017.wav;0;0.004591742530465126;0
8938;VTN4_20220519_233000_018.wav;0;0.005870067048817873;0
8939;VTN4_20220519_233000_019.wav;0;0.005481140222400427;0
8940;VTN4_20220520_064500_000.wav;0;0.29652169346809387;0
8941;VTN4_20220520_064500_001.wav;0;0.15125606954097748;0
8942;VTN4_20220520_064500_002.wav;0;0.40101170539855957;0
8943;VTN4_20220520_064500_003.wav;0;0.2018035352230072;0
8944;VTN4_20220520_064500_004.wav;0;0.09306813031435013;0
8945;VTN4_20220520_064500_005.wav;0;0.3142302334308624;0
8946;VTN4_20220520_064500_006.wav;0;0.5068572163581848;0
8947;VTN4_20220520_064500_007.wav;0;0.19293171167373657;0
8948;VTN4_20220520_064500_008.wav;0;0.2999943494796753;0
8949;VTN4_20220520_064500_009.wav;0;0.3314259946346283;0
8950;VTN4_20220520_064500_010.wav;0;0.5289631485939026;0
8951;VTN4_20220520_064500_011.wav;1;0.9359148144721985;1
8952;VTN4_20220520_064500_012.wav;1;0.9770081043243408;1
8953;VTN4_20220520_064500_013.wav;1;0.9878149032592773;1
8954;VTN4_20220520_064500_014.wav;1;0.923253059387207;1
8955;VTN4_20220520_064500_015.wav;1;0.7793301939964294;1
8956;VTN4_20220520_064500_016.wav;1;0.32218536734580994;1
8957;VTN4_20220520_064500_017.wav;0;0.4227311611175537;0
8958;VTN4_20220520_064500_018.wav;0;0.15552553534507751;0
8959;VTN4_20220520_064500_019.wav;0;0.8266928791999817;0
8960;VTN4_20220527_024500_000.wav;0;0.00889502465724945;0
8961;VTN4_20220527_024500_001.wav;0;0.005185116082429886;0
8962;VTN4_20220527_024500_002.wav;0;0.0029619920533150434;0
8963;VTN4_20220527_024500_003.wav;0;0.004930741153657436;0
8964;VTN4_20220527_024500_004.wav;0;0.0071275741793215275;0
8965;VTN4_20220527_024500_005.wav;0;0.009756860323250294;0
8966;VTN4_20220527_024500_006.wav;0;0.047973304986953735;0
8967;VTN4_20220527_024500_007.wav;0;0.001275141490623355;0
8968;VTN4_20220527_024500_008.wav;0;0.012520554475486279;0
8969;VTN4_20220527_024500_009.wav;0;0.07330293208360672;0
8970;VTN4_20220527_024500_010.wav;0;0.012075603939592838;0
8971;VTN4_20220527_024500_011.wav;0;0.005008943844586611;0
8972;VTN4_20220527_024500_012.wav;0;0.07800457626581192;0
8973;VTN4_20220527_024500_013.wav;0;0.004838546738028526;0
8974;VTN4_20220527_024500_014.wav;0;0.001261608093045652;0
8975;VTN4_20220527_024500_015.wav;0;0.009685022756457329;0
8976;VTN4_20220527_024500_016.wav;0;0.004534960258752108;0
8977;VTN4_20220527_024500_017.wav;0;0.0024367119185626507;0
8978;VTN4_20220527_024500_018.wav;0;0.058204613626003265;0
8979;VTN4_20220527_024500_019.wav;0;0.0024506431072950363;0
8980;VTN4_20220528_133000_000.wav;1;0.8991928696632385;1
8981;VTN4_20220528_133000_001.wav;1;0.9974095225334167;1
8982;VTN4_20220528_133000_002.wav;1;0.962405264377594;1
8983;VTN4_20220528_133000_003.wav;1;0.9951280355453491;1
8984;VTN4_20220528_133000_004.wav;1;0.9997308850288391;1
8985;VTN4_20220528_133000_005.wav;1;0.9999556541442871;1
8986;VTN4_20220528_133000_006.wav;1;0.9997184872627258;1
8987;VTN4_20220528_133000_007.wav;1;0.999976396560669;1
8988;VTN4_20220528_133000_008.wav;1;0.9908052682876587;1
8989;VTN4_20220528_133000_009.wav;1;0.9578927755355835;1
8990;VTN4_20220528_133000_010.wav;1;0.999301552772522;1
8991;VTN4_20220528_133000_011.wav;1;0.9995613694190979;1
8992;VTN4_20220528_133000_012.wav;1;0.9959483742713928;1
8993;VTN4_20220528_133000_013.wav;1;0.7424280047416687;1
8994;VTN4_20220528_133000_014.wav;1;0.9976670742034912;1
8995;VTN4_20220528_133000_015.wav;1;0.9971973896026611;1
8996;VTN4_20220528_133000_016.wav;1;0.6470004320144653;1
8997;VTN4_20220528_133000_017.wav;1;0.988817572593689;1
8998;VTN4_20220528_133000_018.wav;1;0.9926062822341919;1
8999;VTN4_20220528_133000_019.wav;1;0.9360728859901428;1
9000;VTN4_20220529_021500_000.wav;0;0.008113138377666473;0
9001;VTN4_20220529_021500_001.wav;0;0.2679566740989685;0
9002;VTN4_20220529_021500_002.wav;0;0.04722840338945389;0
9003;VTN4_20220529_021500_003.wav;0;0.17912040650844574;0
9004;VTN4_20220529_021500_004.wav;0;0.35630637407302856;0
9005;VTN4_20220529_021500_005.wav;0;0.012223916128277779;0
9006;VTN4_20220529_021500_006.wav;0;0.08743122220039368;0
9007;VTN4_20220529_021500_007.wav;0;0.04906212165951729;0
9008;VTN4_20220529_021500_008.wav;0;0.06039658188819885;0
9009;VTN4_20220529_021500_009.wav;0;0.04912019520998001;0
9010;VTN4_20220529_021500_010.wav;0;0.25434574484825134;0
9011;VTN4_20220529_021500_011.wav;0;0.019984176382422447;0
9012;VTN4_20220529_021500_012.wav;0;0.06588958948850632;0
9013;VTN4_20220529_021500_013.wav;0;0.021121641620993614;0
9014;VTN4_20220529_021500_014.wav;0;0.025060074403882027;0
9015;VTN4_20220529_021500_015.wav;0;0.02070172131061554;0
9016;VTN4_20220529_021500_016.wav;0;0.023070260882377625;0
9017;VTN4_20220529_021500_017.wav;0;0.025783946737647057;0
9018;VTN4_20220529_021500_018.wav;0;0.022740164771676064;0
9019;VTN4_20220529_021500_019.wav;0;0.01650763303041458;0
9020;VTN4_20220529_131500_000.wav;0;0.7416375279426575;0
9021;VTN4_20220529_131500_001.wav;0;0.91712886095047;0
9022;VTN4_20220529_131500_002.wav;0;0.8368144631385803;0
9023;VTN4_20220529_131500_003.wav;0;0.6932035088539124;0
9024;VTN4_20220529_131500_004.wav;0;0.8486120104789734;0
9025;VTN4_20220529_131500_005.wav;0;0.8554021120071411;0
9026;VTN4_20220529_131500_006.wav;0;0.9508405327796936;0
9027;VTN4_20220529_131500_007.wav;0;0.9635461568832397;0
9028;VTN4_20220529_131500_008.wav;1;0.9722549319267273;1
9029;VTN4_20220529_131500_009.wav;1;0.9145448803901672;1
9030;VTN4_20220529_131500_010.wav;1;0.4538474678993225;1
9031;VTN4_20220529_131500_011.wav;1;0.94744873046875;1
9032;VTN4_20220529_131500_012.wav;1;0.9355623126029968;1
9033;VTN4_20220529_131500_013.wav;1;0.8221725225448608;1
9034;VTN4_20220529_131500_014.wav;1;0.9580799341201782;1
9035;VTN4_20220529_131500_015.wav;1;0.11680931597948074;1
9036;VTN4_20220529_131500_016.wav;1;0.5800471305847168;1
9037;VTN4_20220529_131500_017.wav;1;0.43520212173461914;1
9038;VTN4_20220529_131500_018.wav;1;0.15430787205696106;1
9039;VTN4_20220529_131500_019.wav;0;0.011265543289482594;0
9040;VTN4_20220606_154500_000.wav;0;0.9970757961273193;0
9041;VTN4_20220606_154500_001.wav;0;0.9996117949485779;0
9042;VTN4_20220606_154500_002.wav;0;0.9994603991508484;0
9043;VTN4_20220606_154500_003.wav;0;0.9976390600204468;0
9044;VTN4_20220606_154500_004.wav;0;0.9985893368721008;0
9045;VTN4_20220606_154500_005.wav;0;0.9981004595756531;0
9046;VTN4_20220606_154500_006.wav;0;0.9987285733222961;0
9047;VTN4_20220606_154500_007.wav;0;0.9426167011260986;0
9048;VTN4_20220606_154500_008.wav;0;0.9456865191459656;0
9049;VTN4_20220606_154500_009.wav;0;0.9952332377433777;0
9050;VTN4_20220606_154500_010.wav;0;0.9284321069717407;0
9051;VTN4_20220606_154500_011.wav;0;0.9934945702552795;0
9052;VTN4_20220606_154500_012.wav;0;0.9979189038276672;0
9053;VTN4_20220606_154500_013.wav;0;0.979555070400238;0
9054;VTN4_20220606_154500_014.wav;0;0.997516393661499;0
9055;VTN4_20220606_154500_015.wav;0;0.9684813618659973;0
9056;VTN4_20220606_154500_016.wav;0;0.9951019287109375;0
9057;VTN4_20220606_154500_017.wav;0;0.9957836866378784;0
9058;VTN4_20220606_154500_018.wav;0;0.9641745686531067;0
9059;VTN4_20220606_154500_019.wav;0;0.6097373366355896;0
9060;VTN4_20220606_203000_000.wav;0;0.09055892378091812;0
9061;VTN4_20220606_203000_001.wav;0;0.0033877799287438393;0
9062;VTN4_20220606_203000_002.wav;0;0.11277474462985992;0
9063;VTN4_20220606_203000_003.wav;0;0.017971519380807877;0
9064;VTN4_20220606_203000_004.wav;0;0.03208489343523979;0
9065;VTN4_20220606_203000_005.wav;0;0.023148320615291595;0
9066;VTN4_20220606_203000_006.wav;0;0.11136534810066223;0
9067;VTN4_20220606_203000_007.wav;0;0.01781107857823372;0
9068;VTN4_20220606_203000_008.wav;0;0.06742026656866074;0
9069;VTN4_20220606_203000_009.wav;0;0.023540155962109566;0
9070;VTN4_20220606_203000_010.wav;0;0.015235845930874348;0
9071;VTN4_20220606_203000_011.wav;0;0.008764311671257019;0
9072;VTN4_20220606_203000_012.wav;0;0.00502253882586956;0
9073;VTN4_20220606_203000_013.wav;0;0.030353443697094917;0
9074;VTN4_20220606_203000_014.wav;0;0.08193038403987885;0
9075;VTN4_20220606_203000_015.wav;0;0.04629354551434517;1
9076;VTN4_20220606_203000_016.wav;0;0.5652962327003479;1
9077;VTN4_20220606_203000_017.wav;0;0.04360423982143402;1
9078;VTN4_20220606_203000_018.wav;0;0.0352151058614254;1
9079;VTN4_20220606_203000_019.wav;0;0.0038011271972209215;0
9080;VTN4_20220613_103000_000.wav;0;0.9980288147926331;0
9081;VTN4_20220613_103000_001.wav;0;0.9973932504653931;0
9082;VTN4_20220613_103000_002.wav;0;0.9982050657272339;0
9083;VTN4_20220613_103000_003.wav;0;0.9964084029197693;0
9084;VTN4_20220613_103000_004.wav;0;0.9283250570297241;0
9085;VTN4_20220613_103000_005.wav;0;0.9861370325088501;0
9086;VTN4_20220613_103000_006.wav;0;0.7040829062461853;0
9087;VTN4_20220613_103000_007.wav;0;0.4275578558444977;0
9088;VTN4_20220613_103000_008.wav;0;0.9816818833351135;0
9089;VTN4_20220613_103000_009.wav;0;0.9945172667503357;0
9090;VTN4_20220613_103000_010.wav;0;0.9981037378311157;0
9091;VTN4_20220613_103000_011.wav;0;0.7678559422492981;0
9092;VTN4_20220613_103000_012.wav;0;0.8992695212364197;0
9093;VTN4_20220613_103000_013.wav;0;0.7828109264373779;0
9094;VTN4_20220613_103000_014.wav;0;0.9819789528846741;0
9095;VTN4_20220613_103000_015.wav;0;0.9992095232009888;0
9096;VTN4_20220613_103000_016.wav;0;0.9980237483978271;0
9097;VTN4_20220613_103000_017.wav;0;0.9784665703773499;0
9098;VTN4_20220613_103000_018.wav;0;0.9951344132423401;0
9099;VTN4_20220613_103000_019.wav;0;0.9644209742546082;0
9100;VTN4_20220616_053000_000.wav;0;0.9961487054824829;1
9101;VTN4_20220616_053000_001.wav;0;0.9932342171669006;1
9102;VTN4_20220616_053000_002.wav;0;0.9083553552627563;1
9103;VTN4_20220616_053000_003.wav;0;0.8542860746383667;1
9104;VTN4_20220616_053000_004.wav;0;0.721301257610321;1
9105;VTN4_20220616_053000_005.wav;0;0.9892470240592957;1
9106;VTN4_20220616_053000_006.wav;0;0.9069477319717407;1
9107;VTN4_20220616_053000_007.wav;0;0.3160877525806427;1
9108;VTN4_20220616_053000_008.wav;0;0.8784459233283997;1
9109;VTN4_20220616_053000_009.wav;0;0.02731880359351635;1
9110;VTN4_20220616_053000_010.wav;0;0.31982675194740295;1
9111;VTN4_20220616_053000_011.wav;0;0.08977905660867691;1
9112;VTN4_20220616_053000_012.wav;0;0.5636363625526428;1
9113;VTN4_20220616_053000_013.wav;0;0.22855284810066223;1
9114;VTN4_20220616_053000_014.wav;0;0.2181936353445053;1
9115;VTN4_20220616_053000_015.wav;0;0.602942943572998;1
9116;VTN4_20220616_053000_016.wav;0;0.7370387315750122;1
9117;VTN4_20220616_053000_017.wav;0;0.7032918334007263;1
9118;VTN4_20220616_053000_018.wav;0;0.03758905082941055;1
9119;VTN4_20220616_053000_019.wav;0;0.3332679271697998;1
9120;VTN4_20220617_194500_000.wav;0;0.0284578837454319;0
9121;VTN4_20220617_194500_001.wav;0;0.012056318111717701;0
9122;VTN4_20220617_194500_002.wav;0;0.21886484324932098;0
9123;VTN4_20220617_194500_003.wav;0;0.5115429162979126;0
9124;VTN4_20220617_194500_004.wav;0;0.1371067762374878;0
9125;VTN4_20220617_194500_005.wav;0;0.26325833797454834;0
9126;VTN4_20220617_194500_006.wav;0;0.7900000214576721;0
9127;VTN4_20220617_194500_007.wav;0;0.022692156955599785;0
9128;VTN4_20220617_194500_008.wav;0;0.3193768858909607;1
9129;VTN4_20220617_194500_009.wav;0;0.9165219068527222;1
9130;VTN4_20220617_194500_010.wav;0;0.11836696416139603;1
9131;VTN4_20220617_194500_011.wav;0;0.12197904288768768;1
9132;VTN4_20220617_194500_012.wav;0;0.769214928150177;1
9133;VTN4_20220617_194500_013.wav;0;0.7844173908233643;1
9134;VTN4_20220617_194500_014.wav;0;0.596042811870575;1
9135;VTN4_20220617_194500_015.wav;0;0.11718330532312393;1
9136;VTN4_20220617_194500_016.wav;0;0.14936482906341553;1
9137;VTN4_20220617_194500_017.wav;0;0.1427478790283203;1
9138;VTN4_20220617_194500_018.wav;0;0.8396928310394287;1
9139;VTN4_20220617_194500_019.wav;0;0.9739072322845459;1
9140;VTN4_20220620_063000_000.wav;0;0.6164327263832092;0
9141;VTN4_20220620_063000_001.wav;0;0.20863854885101318;0
9142;VTN4_20220620_063000_002.wav;0;0.8228452801704407;0
9143;VTN4_20220620_063000_003.wav;0;0.7073404788970947;0
9144;VTN4_20220620_063000_004.wav;0;0.7409543395042419;0
9145;VTN4_20220620_063000_005.wav;0;0.7475853562355042;0
9146;VTN4_20220620_063000_006.wav;1;0.8123353719711304;1
9147;VTN4_20220620_063000_007.wav;1;0.9588332772254944;1
9148;VTN4_20220620_063000_008.wav;1;0.9232922792434692;1
9149;VTN4_20220620_063000_009.wav;1;0.5367315411567688;1
9150;VTN4_20220620_063000_010.wav;1;0.8305652141571045;1
9151;VTN4_20220620_063000_011.wav;0;0.45589855313301086;0
9152;VTN4_20220620_063000_012.wav;0;0.7837243676185608;0
9153;VTN4_20220620_063000_013.wav;0;0.15269936621189117;0
9154;VTN4_20220620_063000_014.wav;0;0.050339099019765854;0
9155;VTN4_20220620_063000_015.wav;0;0.28714707493782043;0
9156;VTN4_20220620_063000_016.wav;0;0.486491322517395;0
9157;VTN4_20220620_063000_017.wav;0;0.46270835399627686;0
9158;VTN4_20220620_063000_018.wav;0;0.4850299060344696;0
9159;VTN4_20220620_063000_019.wav;0;0.7155963778495789;0
9160;VTN4_20220620_140000_000.wav;1;0.8994534015655518;1
9161;VTN4_20220620_140000_001.wav;1;0.9998911619186401;1
9162;VTN4_20220620_140000_002.wav;1;0.9993565678596497;1
9163;VTN4_20220620_140000_003.wav;1;0.9999358654022217;1
9164;VTN4_20220620_140000_004.wav;1;0.9998941421508789;1
9165;VTN4_20220620_140000_005.wav;1;0.999414324760437;1
9166;VTN4_20220620_140000_006.wav;1;0.9957650899887085;1
9167;VTN4_20220620_140000_007.wav;0;0.975774347782135;0
9168;VTN4_20220620_140000_008.wav;0;0.05684232339262962;0
9169;VTN4_20220620_140000_009.wav;0;0.017847375944256783;0
9170;VTN4_20220620_140000_010.wav;0;0.016339637339115143;0
9171;VTN4_20220620_140000_011.wav;0;0.4714767038822174;0
9172;VTN4_20220620_140000_012.wav;0;0.06481996923685074;0
9173;VTN4_20220620_140000_013.wav;1;0.8785603046417236;1
9174;VTN4_20220620_140000_014.wav;1;0.45867279171943665;1
9175;VTN4_20220620_140000_015.wav;1;0.015851102769374847;1
9176;VTN4_20220620_140000_016.wav;1;0.7532756924629211;1
9177;VTN4_20220620_140000_017.wav;1;0.9517139196395874;1
9178;VTN4_20220620_140000_018.wav;0;0.9651520252227783;0
9179;VTN4_20220620_140000_019.wav;0;0.8837896585464478;0
9180;VTN4_20220621_091500_000.wav;0;0.41984134912490845;0
9181;VTN4_20220621_091500_001.wav;0;0.49373355507850647;0
9182;VTN4_20220621_091500_002.wav;0;0.7434809803962708;0
9183;VTN4_20220621_091500_003.wav;0;0.6146326065063477;0
9184;VTN4_20220621_091500_004.wav;0;0.38520756363868713;0
9185;VTN4_20220621_091500_005.wav;0;0.8147660493850708;0
9186;VTN4_20220621_091500_006.wav;0;0.8094881176948547;0
9187;VTN4_20220621_091500_007.wav;0;0.885595440864563;0
9188;VTN4_20220621_091500_008.wav;0;0.8804535865783691;0
9189;VTN4_20220621_091500_009.wav;0;0.7101808786392212;0
9190;VTN4_20220621_091500_010.wav;0;0.5170667171478271;0
9191;VTN4_20220621_091500_011.wav;0;0.9197444319725037;0
9192;VTN4_20220621_091500_012.wav;0;0.9298903942108154;0
9193;VTN4_20220621_091500_013.wav;0;0.971294105052948;0
9194;VTN4_20220621_091500_014.wav;0;0.9468575716018677;0
9195;VTN4_20220621_091500_015.wav;0;0.7371915578842163;0
9196;VTN4_20220621_091500_016.wav;0;0.991954505443573;0
9197;VTN4_20220621_091500_017.wav;0;0.9269370436668396;0
9198;VTN4_20220621_091500_018.wav;0;0.9599273204803467;0
9199;VTN4_20220621_091500_019.wav;0;0.9922073483467102;0
9200;VTN4_20220624_230000_000.wav;0;0.22541625797748566;0
9201;VTN4_20220624_230000_001.wav;1;0.8980907797813416;1
9202;VTN4_20220624_230000_002.wav;1;0.976572573184967;1
9203;VTN4_20220624_230000_003.wav;1;0.9875460267066956;1
9204;VTN4_20220624_230000_004.wav;1;0.9625093936920166;1
9205;VTN4_20220624_230000_005.wav;1;0.18995890021324158;1
9206;VTN4_20220624_230000_006.wav;1;0.08824898302555084;1
9207;VTN4_20220624_230000_007.wav;0;0.39940088987350464;0
9208;VTN4_20220624_230000_008.wav;0;0.03248973935842514;0
9209;VTN4_20220624_230000_009.wav;1;0.5113400220870972;1
9210;VTN4_20220624_230000_010.wav;1;0.9877854585647583;1
9211;VTN4_20220624_230000_011.wav;1;0.23193511366844177;1
9212;VTN4_20220624_230000_012.wav;1;0.5849670767784119;1
9213;VTN4_20220624_230000_013.wav;1;0.04237813130021095;1
9214;VTN4_20220624_230000_014.wav;1;0.059339623898267746;1
9215;VTN4_20220624_230000_015.wav;1;0.4555526375770569;1
9216;VTN4_20220624_230000_016.wav;1;0.03864355757832527;1
9217;VTN4_20220624_230000_017.wav;1;0.9449725151062012;1
9218;VTN4_20220624_230000_018.wav;1;0.925416886806488;1
9219;VTN4_20220624_230000_019.wav;1;0.8735686540603638;1
9220;VTN4_20220625_001500_000.wav;0;0.006897671613842249;0
9221;VTN4_20220625_001500_001.wav;0;0.7569064497947693;0
9222;VTN4_20220625_001500_002.wav;0;0.909546971321106;0
9223;VTN4_20220625_001500_003.wav;0;0.3302134573459625;0
9224;VTN4_20220625_001500_004.wav;0;0.011205725371837616;0
9225;VTN4_20220625_001500_005.wav;0;0.34610700607299805;0
9226;VTN4_20220625_001500_006.wav;0;0.07048098742961884;0
9227;VTN4_20220625_001500_007.wav;0;0.004706285893917084;0
9228;VTN4_20220625_001500_008.wav;1;0.9548102021217346;1
9229;VTN4_20220625_001500_009.wav;1;0.9868284463882446;1
9230;VTN4_20220625_001500_010.wav;1;0.9764204621315002;1
9231;VTN4_20220625_001500_011.wav;1;0.871382474899292;1
9232;VTN4_20220625_001500_012.wav;1;0.16109293699264526;1
9233;VTN4_20220625_001500_013.wav;1;0.7076565027236938;1
9234;VTN4_20220625_001500_014.wav;1;0.08609917759895325;1
9235;VTN4_20220625_001500_015.wav;0;0.004537029657512903;0
9236;VTN4_20220625_001500_016.wav;0;0.25782567262649536;0
9237;VTN4_20220625_001500_017.wav;0;0.06513211876153946;0
9238;VTN4_20220625_001500_018.wav;0;0.26287323236465454;0
9239;VTN4_20220625_001500_019.wav;0;0.7266137003898621;0
9240;VTN4_20220628_124500_000.wav;1;0.9187846779823303;1
9241;VTN4_20220628_124500_001.wav;1;0.9948176741600037;1
9242;VTN4_20220628_124500_002.wav;1;0.9890232086181641;1
9243;VTN4_20220628_124500_003.wav;1;0.9979921579360962;1
9244;VTN4_20220628_124500_004.wav;1;0.9851222038269043;1
9245;VTN4_20220628_124500_005.wav;1;0.9980248212814331;1
9246;VTN4_20220628_124500_006.wav;1;0.9893428087234497;1
9247;VTN4_20220628_124500_007.wav;1;0.8845018148422241;1
9248;VTN4_20220628_124500_008.wav;1;0.9903188943862915;1
9249;VTN4_20220628_124500_009.wav;1;0.994026780128479;1
9250;VTN4_20220628_124500_010.wav;1;0.9966576099395752;1
9251;VTN4_20220628_124500_011.wav;1;0.12174276262521744;1
9252;VTN4_20220628_124500_012.wav;1;0.7253226041793823;1
9253;VTN4_20220628_124500_013.wav;1;0.9942703247070312;1
9254;VTN4_20220628_124500_014.wav;1;0.9994226694107056;1
9255;VTN4_20220628_124500_015.wav;1;0.9259697198867798;1
9256;VTN4_20220628_124500_016.wav;1;0.9280712008476257;1
9257;VTN4_20220628_124500_017.wav;1;0.9582364559173584;1
9258;VTN4_20220628_124500_018.wav;1;0.8232945799827576;1
9259;VTN4_20220628_124500_019.wav;1;0.99481201171875;1
9260;VTN4_20220629_043000_000.wav;0;0.689589262008667;1
9261;VTN4_20220629_043000_001.wav;0;0.8462991118431091;1
9262;VTN4_20220629_043000_002.wav;0;0.9348961114883423;1
9263;VTN4_20220629_043000_003.wav;0;0.509425163269043;1
9264;VTN4_20220629_043000_004.wav;0;0.8127095699310303;1
9265;VTN4_20220629_043000_005.wav;0;0.9435689449310303;1
9266;VTN4_20220629_043000_006.wav;0;0.8908696174621582;1
9267;VTN4_20220629_043000_007.wav;0;0.9846013784408569;1
9268;VTN4_20220629_043000_008.wav;0;0.9637235403060913;1
9269;VTN4_20220629_043000_009.wav;0;0.9536336660385132;1
9270;VTN4_20220629_043000_010.wav;0;0.9599483013153076;1
9271;VTN4_20220629_043000_011.wav;0;0.9892565608024597;1
9272;VTN4_20220629_043000_012.wav;0;0.9286361336708069;1
9273;VTN4_20220629_043000_013.wav;0;0.9776045083999634;1
9274;VTN4_20220629_043000_014.wav;0;0.9693146347999573;1
9275;VTN4_20220629_043000_015.wav;0;0.8063260912895203;1
9276;VTN4_20220629_043000_016.wav;0;0.9631567597389221;1
9277;VTN4_20220629_043000_017.wav;0;0.9741806387901306;1
9278;VTN4_20220629_043000_018.wav;0;0.9757680892944336;1
9279;VTN4_20220629_043000_019.wav;0;0.6832956671714783;1
9280;VTN4_20220629_053000_000.wav;1;0.9730691313743591;1
9281;VTN4_20220629_053000_001.wav;1;0.8746068477630615;1
9282;VTN4_20220629_053000_002.wav;1;0.9829771518707275;1
9283;VTN4_20220629_053000_003.wav;1;0.9996650218963623;1
9284;VTN4_20220629_053000_004.wav;1;0.9874777793884277;1
9285;VTN4_20220629_053000_005.wav;1;0.9891941547393799;1
9286;VTN4_20220629_053000_006.wav;1;0.8984344601631165;1
9287;VTN4_20220629_053000_007.wav;1;0.9677868485450745;1
9288;VTN4_20220629_053000_008.wav;1;0.850600004196167;1
9289;VTN4_20220629_053000_009.wav;1;0.20622208714485168;1
9290;VTN4_20220629_053000_010.wav;1;0.1674233078956604;1
9291;VTN4_20220629_053000_011.wav;1;0.12119745463132858;1
9292;VTN4_20220629_053000_012.wav;0;0.20172692835330963;0
9293;VTN4_20220629_053000_013.wav;0;0.022394435480237007;0
9294;VTN4_20220629_053000_014.wav;0;0.03400743380188942;0
9295;VTN4_20220629_053000_015.wav;0;0.2268531322479248;0
9296;VTN4_20220629_053000_016.wav;0;0.01442980207502842;0
9297;VTN4_20220629_053000_017.wav;0;0.012597985565662384;0
9298;VTN4_20220629_053000_018.wav;0;0.6988957524299622;0
9299;VTN4_20220629_053000_019.wav;0;0.1341111660003662;0
9300;VTN4_20220704_133000_000.wav;0;0.012095324695110321;0
9301;VTN4_20220704_133000_001.wav;1;0.011137431487441063;1
9302;VTN4_20220704_133000_002.wav;1;0.8981372117996216;1
9303;VTN4_20220704_133000_003.wav;1;0.029063504189252853;1
9304;VTN4_20220704_133000_004.wav;1;0.09491131454706192;1
9305;VTN4_20220704_133000_005.wav;1;0.0209000576287508;1
9306;VTN4_20220704_133000_006.wav;1;0.2949736714363098;1
9307;VTN4_20220704_133000_007.wav;1;0.9256837368011475;1
9308;VTN4_20220704_133000_008.wav;1;0.44593319296836853;1
9309;VTN4_20220704_133000_009.wav;1;0.9679794907569885;1
9310;VTN4_20220704_133000_010.wav;1;0.9215738773345947;1
9311;VTN4_20220704_133000_011.wav;1;0.984010636806488;1
9312;VTN4_20220704_133000_012.wav;1;0.9961334466934204;1
9313;VTN4_20220704_133000_013.wav;1;0.999581515789032;1
9314;VTN4_20220704_133000_014.wav;1;0.9999121427536011;1
9315;VTN4_20220704_133000_015.wav;1;0.9998832941055298;1
9316;VTN4_20220704_133000_016.wav;1;0.9998645782470703;1
9317;VTN4_20220704_133000_017.wav;1;0.0999973937869072;1
9318;VTN4_20220704_133000_018.wav;1;0.9552345275878906;1
9319;VTN4_20220704_133000_019.wav;1;0.996025800704956;1
9320;VTN4_20220706_120000_000.wav;0;0.946954071521759;0
9321;VTN4_20220706_120000_001.wav;0;0.9940246939659119;0
9322;VTN4_20220706_120000_002.wav;0;0.9826450347900391;0
9323;VTN4_20220706_120000_003.wav;1;0.9946158528327942;1
9324;VTN4_20220706_120000_004.wav;1;0.9926943778991699;1
9325;VTN4_20220706_120000_005.wav;1;0.9843496680259705;1
9326;VTN4_20220706_120000_006.wav;1;0.9722388386726379;1
9327;VTN4_20220706_120000_007.wav;1;0.9876641631126404;1
9328;VTN4_20220706_120000_008.wav;1;0.9950774312019348;1
9329;VTN4_20220706_120000_009.wav;1;0.9877821803092957;1
9330;VTN4_20220706_120000_010.wav;1;0.9804697632789612;1
9331;VTN4_20220706_120000_011.wav;1;0.9924824833869934;1
9332;VTN4_20220706_120000_012.wav;1;0.9700788855552673;1
9333;VTN4_20220706_120000_013.wav;1;0.9993650317192078;1
9334;VTN4_20220706_120000_014.wav;1;0.9855484366416931;1
9335;VTN4_20220706_120000_015.wav;1;0.9428430795669556;1
9336;VTN4_20220706_120000_016.wav;1;0.9398515224456787;1
9337;VTN4_20220706_120000_017.wav;1;0.9757770299911499;1
9338;VTN4_20220706_120000_018.wav;1;0.9947842955589294;1
9339;VTN4_20220706_120000_019.wav;1;0.9592355489730835;1
9340;VTN4_20220707_014500_000.wav;0;0.006512366235256195;0
9341;VTN4_20220707_014500_001.wav;0;0.0016671052435413003;0
9342;VTN4_20220707_014500_002.wav;0;0.004959081765264273;0
9343;VTN4_20220707_014500_003.wav;0;0.005000300705432892;0
9344;VTN4_20220707_014500_004.wav;0;0.3813451826572418;0
9345;VTN4_20220707_014500_005.wav;0;0.00452393526211381;0
9346;VTN4_20220707_014500_006.wav;0;0.09242208302021027;0
9347;VTN4_20220707_014500_007.wav;0;0.05285792797803879;0
9348;VTN4_20220707_014500_008.wav;0;0.019900081679224968;0
9349;VTN4_20220707_014500_009.wav;0;0.2864254415035248;0
9350;VTN4_20220707_014500_010.wav;0;0.12559948861598969;0
9351;VTN4_20220707_014500_011.wav;0;0.41907310485839844;0
9352;VTN4_20220707_014500_012.wav;0;0.0033294823952019215;0
9353;VTN4_20220707_014500_013.wav;0;0.0023911395110189915;0
9354;VTN4_20220707_014500_014.wav;0;0.6231592893600464;0
9355;VTN4_20220707_014500_015.wav;0;0.154312402009964;0
9356;VTN4_20220707_014500_016.wav;0;0.008713806048035622;0
9357;VTN4_20220707_014500_017.wav;0;0.04331046715378761;0
9358;VTN4_20220707_014500_018.wav;0;0.007553305011242628;0
9359;VTN4_20220707_014500_019.wav;0;0.7499991059303284;0
9360;VTN4_20220708_064500_000.wav;1;0.999233603477478;1
9361;VTN4_20220708_064500_001.wav;1;0.9993999004364014;1
9362;VTN4_20220708_064500_002.wav;1;0.9899502992630005;1
9363;VTN4_20220708_064500_003.wav;1;0.9895128607749939;1
9364;VTN4_20220708_064500_004.wav;1;0.995135486125946;1
9365;VTN4_20220708_064500_005.wav;1;0.9984033703804016;1
9366;VTN4_20220708_064500_006.wav;1;0.9999114274978638;1
9367;VTN4_20220708_064500_007.wav;1;0.998145580291748;1
9368;VTN4_20220708_064500_008.wav;1;0.9998379945755005;1
9369;VTN4_20220708_064500_009.wav;1;0.9976733326911926;1
9370;VTN4_20220708_064500_010.wav;1;0.9941855072975159;1
9371;VTN4_20220708_064500_011.wav;1;0.9919415712356567;1
9372;VTN4_20220708_064500_012.wav;1;0.946599006652832;1
9373;VTN4_20220708_064500_013.wav;1;0.969253420829773;1
9374;VTN4_20220708_064500_014.wav;1;0.9850161075592041;1
9375;VTN4_20220708_064500_015.wav;1;0.8544554710388184;1
9376;VTN4_20220708_064500_016.wav;0;0.9959096908569336;0
9377;VTN4_20220708_064500_017.wav;0;0.9037870764732361;0
9378;VTN4_20220708_064500_018.wav;0;0.9901465773582458;0
9379;VTN4_20220708_064500_019.wav;0;0.6470927596092224;0
9380;VTN4_20220714_081500_000.wav;1;0.9440537691116333;1
9381;VTN4_20220714_081500_001.wav;1;0.8993253111839294;1
9382;VTN4_20220714_081500_002.wav;0;0.9839878082275391;0
9383;VTN4_20220714_081500_003.wav;0;0.8994385004043579;0
9384;VTN4_20220714_081500_004.wav;0;0.6593213677406311;0
9385;VTN4_20220714_081500_005.wav;1;0.9987925291061401;1
9386;VTN4_20220714_081500_006.wav;1;0.999414324760437;1
9387;VTN4_20220714_081500_007.wav;1;0.9984208345413208;1
9388;VTN4_20220714_081500_008.wav;1;0.9713391065597534;1
9389;VTN4_20220714_081500_009.wav;1;0.9982237219810486;1
9390;VTN4_20220714_081500_010.wav;1;0.9990230798721313;1
9391;VTN4_20220714_081500_011.wav;1;0.9980373978614807;1
9392;VTN4_20220714_081500_012.wav;1;0.9979060888290405;1
9393;VTN4_20220714_081500_013.wav;1;0.9953569769859314;1
9394;VTN4_20220714_081500_014.wav;0;0.9690343737602234;0
9395;VTN4_20220714_081500_015.wav;1;0.9453765749931335;1
9396;VTN4_20220714_081500_016.wav;1;0.9788323640823364;1
9397;VTN4_20220714_081500_017.wav;1;0.9880443215370178;1
9398;VTN4_20220714_081500_018.wav;1;0.9969820380210876;1
9399;VTN4_20220714_081500_019.wav;1;0.9947302341461182;1
9400;VTN4_20220715_134500_000.wav;1;0.9188607931137085;1
9401;VTN4_20220715_134500_001.wav;1;0.9459066987037659;1
9402;VTN4_20220715_134500_002.wav;1;0.9666765332221985;1
9403;VTN4_20220715_134500_003.wav;1;0.9801519513130188;1
9404;VTN4_20220715_134500_004.wav;1;0.9690660834312439;1
9405;VTN4_20220715_134500_005.wav;1;0.9035509824752808;1
9406;VTN4_20220715_134500_006.wav;0;0.9507125020027161;0
9407;VTN4_20220715_134500_007.wav;0;0.9509714841842651;0
9408;VTN4_20220715_134500_008.wav;0;0.9070121645927429;0
9409;VTN4_20220715_134500_009.wav;0;0.9817255139350891;0
9410;VTN4_20220715_134500_010.wav;0;0.9965403079986572;0
9411;VTN4_20220715_134500_011.wav;0;0.9928988218307495;1
9412;VTN4_20220715_134500_012.wav;0;0.9826601147651672;1
9413;VTN4_20220715_134500_013.wav;0;0.7995325326919556;1
9414;VTN4_20220715_134500_014.wav;0;0.9091622233390808;1
9415;VTN4_20220715_134500_015.wav;0;0.9898569583892822;1
9416;VTN4_20220715_134500_016.wav;0;0.9665035605430603;1
9417;VTN4_20220715_134500_017.wav;0;0.9936754107475281;1
9418;VTN4_20220715_134500_018.wav;0;0.883105993270874;1
9419;VTN4_20220715_134500_019.wav;0;0.28012898564338684;1
9420;VTN4_20220715_203000_000.wav;0;0.2609214782714844;0
9421;VTN4_20220715_203000_001.wav;0;0.09731166064739227;0
9422;VTN4_20220715_203000_002.wav;0;0.3244944214820862;0
9423;VTN4_20220715_203000_003.wav;0;0.5262799859046936;0
9424;VTN4_20220715_203000_004.wav;0;0.39877209067344666;0
9425;VTN4_20220715_203000_005.wav;0;0.10825347155332565;0
9426;VTN4_20220715_203000_006.wav;0;0.3345925807952881;0
9427;VTN4_20220715_203000_007.wav;0;0.014005772769451141;0
9428;VTN4_20220715_203000_008.wav;0;0.2674002945423126;0
9429;VTN4_20220715_203000_009.wav;0;0.6611972451210022;0
9430;VTN4_20220715_203000_010.wav;0;0.12789137661457062;0
9431;VTN4_20220715_203000_011.wav;0;0.5229737758636475;0
9432;VTN4_20220715_203000_012.wav;0;0.3437030017375946;0
9433;VTN4_20220715_203000_013.wav;0;0.8087940216064453;0
9434;VTN4_20220715_203000_014.wav;0;0.32998600602149963;0
9435;VTN4_20220715_203000_015.wav;0;0.45619919896125793;0
9436;VTN4_20220715_203000_016.wav;0;0.5760995745658875;0
9437;VTN4_20220715_203000_017.wav;0;0.6935570240020752;0
9438;VTN4_20220715_203000_018.wav;0;0.22720813751220703;0
9439;VTN4_20220715_203000_019.wav;0;0.10167712718248367;0
9440;VTN4_20220719_011500_000.wav;0;0.03707854822278023;0
9441;VTN4_20220719_011500_001.wav;0;0.7368651628494263;0
9442;VTN4_20220719_011500_002.wav;0;0.05588437244296074;0
9443;VTN4_20220719_011500_003.wav;0;0.1370357871055603;0
9444;VTN4_20220719_011500_004.wav;0;0.13910141587257385;0
9445;VTN4_20220719_011500_005.wav;0;0.40149030089378357;0
9446;VTN4_20220719_011500_006.wav;0;0.2525736391544342;0
9447;VTN4_20220719_011500_007.wav;0;0.07270974665880203;0
9448;VTN4_20220719_011500_008.wav;0;0.061730120331048965;0
9449;VTN4_20220719_011500_009.wav;0;0.0842471644282341;0
9450;VTN4_20220719_011500_010.wav;0;0.02950778417289257;0
9451;VTN4_20220719_011500_011.wav;0;0.06422123312950134;0
9452;VTN4_20220719_011500_012.wav;0;0.07508338242769241;0
9453;VTN4_20220719_011500_013.wav;0;0.044562894850969315;0
9454;VTN4_20220719_011500_014.wav;0;0.19576264917850494;0
9455;VTN4_20220719_011500_015.wav;0;0.06647904962301254;0
9456;VTN4_20220719_011500_016.wav;0;0.15645524859428406;0
9457;VTN4_20220719_011500_017.wav;0;0.03234260901808739;0
9458;VTN4_20220719_011500_018.wav;0;0.25788670778274536;0
9459;VTN4_20220719_011500_019.wav;0;0.01571822725236416;0
9460;VTN4_20220722_161500_000.wav;0;0.05468368902802467;1
9461;VTN4_20220722_161500_001.wav;0;0.3442925214767456;1
9462;VTN4_20220722_161500_002.wav;0;0.01916823722422123;1
9463;VTN4_20220722_161500_003.wav;0;0.5887682437896729;1
9464;VTN4_20220722_161500_004.wav;0;0.930834174156189;1
9465;VTN4_20220722_161500_005.wav;0;0.9927719235420227;1
9466;VTN4_20220722_161500_006.wav;0;0.9783306121826172;1
9467;VTN4_20220722_161500_007.wav;0;0.9824132919311523;1
9468;VTN4_20220722_161500_008.wav;0;0.5338759422302246;0
9469;VTN4_20220722_161500_009.wav;0;0.847905158996582;0
9470;VTN4_20220722_161500_010.wav;0;0.264237642288208;0
9471;VTN4_20220722_161500_011.wav;0;0.7418127655982971;0
9472;VTN4_20220722_161500_012.wav;0;0.060030173510313034;0
9473;VTN4_20220722_161500_013.wav;1;0.9798889756202698;1
9474;VTN4_20220722_161500_014.wav;1;0.9736779928207397;1
9475;VTN4_20220722_161500_015.wav;1;0.9848997592926025;1
9476;VTN4_20220722_161500_016.wav;1;0.9466167688369751;1
9477;VTN4_20220722_161500_017.wav;1;0.8694354295730591;1
9478;VTN4_20220722_161500_018.wav;1;0.32516151666641235;1
9479;VTN4_20220722_161500_019.wav;0;0.010455298237502575;0
9480;VTN4_20220723_153000_000.wav;0;0.04219578579068184;0
9481;VTN4_20220723_153000_001.wav;0;0.07892189919948578;0
9482;VTN4_20220723_153000_002.wav;0;0.008853239938616753;0
9483;VTN4_20220723_153000_003.wav;0;0.5849476456642151;0
9484;VTN4_20220723_153000_004.wav;0;0.30588313937187195;1
9485;VTN4_20220723_153000_005.wav;0;0.8033270239830017;1
9486;VTN4_20220723_153000_006.wav;0;0.9740548133850098;1
9487;VTN4_20220723_153000_007.wav;0;0.9887086749076843;1
9488;VTN4_20220723_153000_008.wav;0;0.3926835060119629;1
9489;VTN4_20220723_153000_009.wav;0;0.3826594948768616;1
9490;VTN4_20220723_153000_010.wav;0;0.3485008478164673;1
9491;VTN4_20220723_153000_011.wav;0;0.18931928277015686;1
9492;VTN4_20220723_153000_012.wav;0;0.9840084314346313;1
9493;VTN4_20220723_153000_013.wav;0;0.9525142312049866;1
9494;VTN4_20220723_153000_014.wav;0;0.48219770193099976;1
9495;VTN4_20220723_153000_015.wav;0;0.9683800935745239;1
9496;VTN4_20220723_153000_016.wav;0;0.9277248978614807;1
9497;VTN4_20220723_153000_017.wav;0;0.43472516536712646;1
9498;VTN4_20220723_153000_018.wav;0;0.9420628547668457;1
9499;VTN4_20220723_153000_019.wav;0;0.20415960252285004;1
9500;VTN4_20220727_210000_000.wav;1;0.9604193568229675;1
9501;VTN4_20220727_210000_001.wav;1;0.6875320672988892;1
9502;VTN4_20220727_210000_002.wav;1;0.9599520564079285;1
9503;VTN4_20220727_210000_003.wav;1;0.9753333330154419;1
9504;VTN4_20220727_210000_004.wav;1;0.41372036933898926;1
9505;VTN4_20220727_210000_005.wav;0;0.7388321161270142;0
9506;VTN4_20220727_210000_006.wav;0;0.1065586507320404;0
9507;VTN4_20220727_210000_007.wav;0;0.05699748918414116;0
9508;VTN4_20220727_210000_008.wav;0;0.01327187567949295;0
9509;VTN4_20220727_210000_009.wav;1;0.0566629022359848;1
9510;VTN4_20220727_210000_010.wav;1;0.1419568955898285;1
9511;VTN4_20220727_210000_011.wav;1;0.9779127836227417;1
9512;VTN4_20220727_210000_012.wav;1;0.9140928387641907;1
9513;VTN4_20220727_210000_013.wav;1;0.3977256417274475;1
9514;VTN4_20220727_210000_014.wav;1;0.15840859711170197;1
9515;VTN4_20220727_210000_015.wav;1;0.08044423907995224;1
9516;VTN4_20220727_210000_016.wav;1;0.0342542864382267;1
9517;VTN4_20220727_210000_017.wav;1;0.6490387320518494;1
9518;VTN4_20220727_210000_018.wav;1;0.36856257915496826;1
9519;VTN4_20220727_210000_019.wav;1;0.041312847286462784;1
9520;VTN4_20220802_093000_000.wav;1;0.9150919914245605;1
9521;VTN4_20220802_093000_001.wav;1;0.6636558771133423;1
9522;VTN4_20220802_093000_002.wav;1;0.16031509637832642;1
9523;VTN4_20220802_093000_003.wav;1;0.744358241558075;1
9524;VTN4_20220802_093000_004.wav;1;0.014413082972168922;1
9525;VTN4_20220802_093000_005.wav;1;0.10186916589736938;1
9526;VTN4_20220802_093000_006.wav;1;0.48609548807144165;1
9527;VTN4_20220802_093000_007.wav;1;0.3119974136352539;1
9528;VTN4_20220802_093000_008.wav;1;0.9891993403434753;1
9529;VTN4_20220802_093000_009.wav;1;0.9585854411125183;1
9530;VTN4_20220802_093000_010.wav;1;0.16029326617717743;1
9531;VTN4_20220802_093000_011.wav;1;0.8306015729904175;1
9532;VTN4_20220802_093000_012.wav;1;0.12121755629777908;1
9533;VTN4_20220802_093000_013.wav;1;0.46900203824043274;1
9534;VTN4_20220802_093000_014.wav;1;0.9821189641952515;1
9535;VTN4_20220802_093000_015.wav;1;0.9939075112342834;1
9536;VTN4_20220802_093000_016.wav;1;0.9959160685539246;1
9537;VTN4_20220802_093000_017.wav;1;0.9707707762718201;1
9538;VTN4_20220802_093000_018.wav;1;0.9854061603546143;1
9539;VTN4_20220802_093000_019.wav;1;0.04645819589495659;1
9540;VTN4_20220802_203000_000.wav;0;0.04821637272834778;0
9541;VTN4_20220802_203000_001.wav;0;0.0022625583223998547;0
9542;VTN4_20220802_203000_002.wav;0;0.15938794612884521;0
9543;VTN4_20220802_203000_003.wav;0;0.08455269038677216;0
9544;VTN4_20220802_203000_004.wav;0;0.022199878469109535;0
9545;VTN4_20220802_203000_005.wav;0;0.09140176326036453;0
9546;VTN4_20220802_203000_006.wav;0;0.0389854870736599;0
9547;VTN4_20220802_203000_007.wav;0;0.017355484887957573;0
9548;VTN4_20220802_203000_008.wav;0;0.062273286283016205;0
9549;VTN4_20220802_203000_009.wav;0;0.3110444247722626;1
9550;VTN4_20220802_203000_010.wav;0;0.9623170495033264;1
9551;VTN4_20220802_203000_011.wav;0;0.9996787309646606;1
9552;VTN4_20220802_203000_012.wav;0;0.8287610411643982;1
9553;VTN4_20220802_203000_013.wav;0;0.9888962507247925;1
9554;VTN4_20220802_203000_014.wav;0;0.8744582533836365;1
9555;VTN4_20220802_203000_015.wav;0;0.7692549228668213;1
9556;VTN4_20220802_203000_016.wav;0;0.0969977006316185;0
9557;VTN4_20220802_203000_017.wav;0;0.025740204378962517;0
9558;VTN4_20220802_203000_018.wav;0;0.010722823441028595;0
9559;VTN4_20220802_203000_019.wav;0;0.8292961716651917;0
9560;VTN4_20220803_060000_000.wav;0;0.9990454316139221;0
9561;VTN4_20220803_060000_001.wav;0;0.4566507637500763;0
9562;VTN4_20220803_060000_002.wav;0;0.5430457592010498;0
9563;VTN4_20220803_060000_003.wav;0;0.1316579431295395;0
9564;VTN4_20220803_060000_004.wav;0;0.03253012150526047;0
9565;VTN4_20220803_060000_005.wav;0;0.1794785112142563;0
9566;VTN4_20220803_060000_006.wav;0;0.8879942297935486;0
9567;VTN4_20220803_060000_007.wav;0;0.18157584965229034;0
9568;VTN4_20220803_060000_008.wav;0;0.07866691052913666;0
9569;VTN4_20220803_060000_009.wav;0;0.019277283921837807;0
9570;VTN4_20220803_060000_010.wav;0;0.6231799125671387;0
9571;VTN4_20220803_060000_011.wav;0;0.21542787551879883;0
9572;VTN4_20220803_060000_012.wav;0;0.014163854531943798;0
9573;VTN4_20220803_060000_013.wav;0;0.0651482343673706;0
9574;VTN4_20220803_060000_014.wav;0;0.008411720395088196;0
9575;VTN4_20220803_060000_015.wav;0;0.02316867560148239;0
9576;VTN4_20220803_060000_016.wav;0;0.004496755078434944;0
9577;VTN4_20220803_060000_017.wav;0;0.017663756385445595;0
9578;VTN4_20220803_060000_018.wav;0;0.01250967662781477;0
9579;VTN4_20220803_060000_019.wav;0;0.007078907918184996;0
9580;VTN4_20220803_131500_000.wav;1;0.9999794960021973;1
9581;VTN4_20220803_131500_001.wav;1;0.9996426105499268;1
9582;VTN4_20220803_131500_002.wav;1;0.9999353885650635;1
9583;VTN4_20220803_131500_003.wav;1;0.9924845099449158;1
9584;VTN4_20220803_131500_004.wav;1;0.9926430583000183;1
9585;VTN4_20220803_131500_005.wav;1;0.991569459438324;1
9586;VTN4_20220803_131500_006.wav;0;0.7877975702285767;0
9587;VTN4_20220803_131500_007.wav;1;0.24777622520923615;1
9588;VTN4_20220803_131500_008.wav;1;0.9382877945899963;1
9589;VTN4_20220803_131500_009.wav;1;0.9963456988334656;1
9590;VTN4_20220803_131500_010.wav;1;0.9919988512992859;1
9591;VTN4_20220803_131500_011.wav;0;0.8949423432350159;0
9592;VTN4_20220803_131500_012.wav;1;0.24725550413131714;1
9593;VTN4_20220803_131500_013.wav;1;0.0355365015566349;1
9594;VTN4_20220803_131500_014.wav;1;0.24539613723754883;1
9595;VTN4_20220803_131500_015.wav;1;0.8544738292694092;1
9596;VTN4_20220803_131500_016.wav;1;0.999326229095459;1
9597;VTN4_20220803_131500_017.wav;1;0.7981393933296204;1
9598;VTN4_20220803_131500_018.wav;1;0.9757677316665649;1
9599;VTN4_20220803_131500_019.wav;1;0.8800531029701233;1
9600;VTN4_20220804_161500_000.wav;0;0.7293325066566467;0
9601;VTN4_20220804_161500_001.wav;0;0.9979377388954163;0
9602;VTN4_20220804_161500_002.wav;0;0.780659556388855;0
9603;VTN4_20220804_161500_003.wav;0;0.6181561946868896;0
9604;VTN4_20220804_161500_004.wav;0;0.8088732957839966;0
9605;VTN4_20220804_161500_005.wav;0;0.9462493062019348;0
9606;VTN4_20220804_161500_006.wav;0;0.8870043158531189;0
9607;VTN4_20220804_161500_007.wav;0;0.949533998966217;1
9608;VTN4_20220804_161500_008.wav;0;0.994662880897522;1
9609;VTN4_20220804_161500_009.wav;0;0.9747191071510315;1
9610;VTN4_20220804_161500_010.wav;0;0.9961289167404175;1
9611;VTN4_20220804_161500_011.wav;0;0.999319314956665;1
9612;VTN4_20220804_161500_012.wav;0;0.9959885478019714;1
9613;VTN4_20220804_161500_013.wav;0;0.9995080232620239;1
9614;VTN4_20220804_161500_014.wav;0;0.9994258880615234;1
9615;VTN4_20220804_161500_015.wav;0;0.9571414589881897;1
9616;VTN4_20220804_161500_016.wav;0;0.8833110332489014;0
9617;VTN4_20220804_161500_017.wav;0;0.9842610359191895;0
9618;VTN4_20220804_161500_018.wav;0;0.9923380017280579;0
9619;VTN4_20220804_161500_019.wav;0;0.996292769908905;0
9620;VTN4_20220806_010000_000.wav;0;0.47992566227912903;0
9621;VTN4_20220806_010000_001.wav;0;0.6905244588851929;0
9622;VTN4_20220806_010000_002.wav;0;0.5167065858840942;0
9623;VTN4_20220806_010000_003.wav;0;0.4433785676956177;0
9624;VTN4_20220806_010000_004.wav;0;0.6006608009338379;0
9625;VTN4_20220806_010000_005.wav;0;0.8170741200447083;0
9626;VTN4_20220806_010000_006.wav;0;0.9537044763565063;0
9627;VTN4_20220806_010000_007.wav;0;0.7927755117416382;0
9628;VTN4_20220806_010000_008.wav;0;0.19732718169689178;0
9629;VTN4_20220806_010000_009.wav;0;0.7208775877952576;0
9630;VTN4_20220806_010000_010.wav;0;0.6715202927589417;0
9631;VTN4_20220806_010000_011.wav;0;0.7758895754814148;0
9632;VTN4_20220806_010000_012.wav;0;0.9224039316177368;0
9633;VTN4_20220806_010000_013.wav;0;0.7056900858879089;0
9634;VTN4_20220806_010000_014.wav;0;0.11976242810487747;0
9635;VTN4_20220806_010000_015.wav;0;0.33988505601882935;0
9636;VTN4_20220806_010000_016.wav;0;0.5228824615478516;0
9637;VTN4_20220806_010000_017.wav;0;0.21195539832115173;0
9638;VTN4_20220806_010000_018.wav;0;0.3564754128456116;0
9639;VTN4_20220806_010000_019.wav;0;0.8723365664482117;0
9640;VTN4_20220809_220000_000.wav;0;0.5190341472625732;0
9641;VTN4_20220809_220000_001.wav;0;0.8371100425720215;0
9642;VTN4_20220809_220000_002.wav;0;0.9490528702735901;0
9643;VTN4_20220809_220000_003.wav;0;0.8944873809814453;0
9644;VTN4_20220809_220000_004.wav;0;0.257459819316864;0
9645;VTN4_20220809_220000_005.wav;0;0.7506842017173767;0
9646;VTN4_20220809_220000_006.wav;0;0.9002410173416138;0
9647;VTN4_20220809_220000_007.wav;0;0.582000195980072;0
9648;VTN4_20220809_220000_008.wav;0;0.6137826442718506;0
9649;VTN4_20220809_220000_009.wav;0;0.5543553829193115;0
9650;VTN4_20220809_220000_010.wav;0;0.2848399579524994;0
9651;VTN4_20220809_220000_011.wav;0;0.899370551109314;0
9652;VTN4_20220809_220000_012.wav;0;0.556955099105835;0
9653;VTN4_20220809_220000_013.wav;0;0.7201781868934631;0
9654;VTN4_20220809_220000_014.wav;0;0.20530515909194946;0
9655;VTN4_20220809_220000_015.wav;0;0.26174965500831604;0
9656;VTN4_20220809_220000_016.wav;0;0.4709576964378357;0
9657;VTN4_20220809_220000_017.wav;0;0.8629053235054016;0
9658;VTN4_20220809_220000_018.wav;0;0.5999544262886047;0
9659;VTN4_20220809_220000_019.wav;0;0.40812933444976807;0
9660;VTN4_20220813_054500_000.wav;1;0.9240249395370483;1
9661;VTN4_20220813_054500_001.wav;0;0.9931160807609558;0
9662;VTN4_20220813_054500_002.wav;0;0.9263052940368652;0
9663;VTN4_20220813_054500_003.wav;0;0.9625108242034912;0
9664;VTN4_20220813_054500_004.wav;0;0.9292557239532471;0
9665;VTN4_20220813_054500_005.wav;0;0.8864720463752747;0
9666;VTN4_20220813_054500_006.wav;0;0.9861043095588684;0
9667;VTN4_20220813_054500_007.wav;0;0.8627514243125916;0
9668;VTN4_20220813_054500_008.wav;0;0.9470919966697693;0
9669;VTN4_20220813_054500_009.wav;0;0.9123254418373108;0
9670;VTN4_20220813_054500_010.wav;1;0.8473250865936279;1
9671;VTN4_20220813_054500_011.wav;1;0.9700109362602234;1
9672;VTN4_20220813_054500_012.wav;1;0.9860801100730896;1
9673;VTN4_20220813_054500_013.wav;1;0.9755629301071167;1
9674;VTN4_20220813_054500_014.wav;0;0.990172266960144;0
9675;VTN4_20220813_054500_015.wav;0;0.9972055554389954;0
9676;VTN4_20220813_054500_016.wav;0;0.9828624129295349;0
9677;VTN4_20220813_054500_017.wav;0;0.9898259043693542;0
9678;VTN4_20220813_054500_018.wav;0;0.9820038676261902;0
9679;VTN4_20220813_054500_019.wav;0;0.9750462770462036;0
9680;VTN4_20220816_060000_000.wav;0;0.8452963829040527;0
9681;VTN4_20220816_060000_001.wav;0;0.9814777374267578;0
9682;VTN4_20220816_060000_002.wav;0;0.9952344298362732;0
9683;VTN4_20220816_060000_003.wav;0;0.9889392256736755;0
9684;VTN4_20220816_060000_004.wav;0;0.9527122974395752;0
9685;VTN4_20220816_060000_005.wav;0;0.9967526793479919;1
9686;VTN4_20220816_060000_006.wav;0;0.9818482398986816;1
9687;VTN4_20220816_060000_007.wav;0;0.9886859655380249;1
9688;VTN4_20220816_060000_008.wav;0;0.9921005368232727;1
9689;VTN4_20220816_060000_009.wav;0;0.9825071692466736;1
9690;VTN4_20220816_060000_010.wav;0;0.9821993112564087;1
9691;VTN4_20220816_060000_011.wav;1;0.9832395911216736;1
9692;VTN4_20220816_060000_012.wav;1;0.9991040825843811;1
9693;VTN4_20220816_060000_013.wav;1;0.9945781230926514;1
9694;VTN4_20220816_060000_014.wav;1;0.9989582300186157;1
9695;VTN4_20220816_060000_015.wav;1;0.9959332346916199;1
9696;VTN4_20220816_060000_016.wav;1;0.98609459400177;1
9697;VTN4_20220816_060000_017.wav;1;0.9839555621147156;1
9698;VTN4_20220816_060000_018.wav;1;0.977279007434845;1
9699;VTN4_20220816_060000_019.wav;0;0.9021729230880737;0
