;filename;truth;score;trueEngine
0;ARM3_20220505_100000_000.wav;0;0.018870817497372627;0
1;ARM3_20220505_100000_001.wav;0;0.0014642912428826094;0
2;ARM3_20220505_100000_002.wav;0;0.008282831870019436;0
3;ARM3_20220505_100000_003.wav;0;0.009550550021231174;0
4;ARM3_20220505_100000_004.wav;0;0.011612440459430218;0
5;ARM3_20220505_100000_005.wav;0;0.008707617409527302;0
6;ARM3_20220505_100000_006.wav;0;0.019791485741734505;0
7;ARM3_20220505_100000_007.wav;0;0.0018035492394119501;0
8;ARM3_20220505_100000_008.wav;0;0.025516649708151817;0
9;ARM3_20220505_100000_009.wav;0;0.004828065168112516;0
10;ARM3_20220505_100000_010.wav;0;0.2176588773727417;0
11;ARM3_20220505_100000_011.wav;0;0.04507892578840256;0
12;ARM3_20220505_100000_012.wav;0;0.05511876568198204;0
13;ARM3_20220505_100000_013.wav;0;0.05953102931380272;0
14;ARM3_20220505_100000_014.wav;0;0.03890065848827362;0
15;ARM3_20220505_100000_015.wav;0;0.06973390281200409;0
16;ARM3_20220505_100000_016.wav;0;0.04478474706411362;0
17;ARM3_20220505_100000_017.wav;0;0.06971772760152817;0
18;ARM3_20220505_100000_018.wav;0;0.030108410865068436;0
19;ARM3_20220505_100000_019.wav;0;0.08940113335847855;0
20;ARM3_20220505_190000_000.wav;0;0.06950895488262177;0
21;ARM3_20220505_190000_001.wav;0;0.8765094876289368;0
22;ARM3_20220505_190000_002.wav;0;0.04511626437306404;0
23;ARM3_20220505_190000_003.wav;0;0.014588219113647938;0
24;ARM3_20220505_190000_004.wav;0;0.003576171351596713;0
25;ARM3_20220505_190000_005.wav;0;0.018154950812458992;0
26;ARM3_20220505_190000_006.wav;0;0.002119889482855797;0
27;ARM3_20220505_190000_007.wav;0;0.0012338332599028945;0
28;ARM3_20220505_190000_008.wav;0;0.0009111631661653519;0
29;ARM3_20220505_190000_009.wav;0;0.004059724975377321;0
30;ARM3_20220505_190000_010.wav;0;0.014000835828483105;0
31;ARM3_20220505_190000_011.wav;0;0.004316880367696285;0
32;ARM3_20220505_190000_012.wav;0;0.0133390286937356;0
33;ARM3_20220505_190000_013.wav;0;0.028724199160933495;0
34;ARM3_20220505_190000_014.wav;0;0.02632877230644226;0
35;ARM3_20220505_190000_015.wav;0;0.006444348953664303;0
36;ARM3_20220505_190000_016.wav;0;0.0022711828351020813;0
37;ARM3_20220505_190000_017.wav;0;0.002255091443657875;0
38;ARM3_20220505_190000_018.wav;0;0.013847972266376019;0
39;ARM3_20220505_190000_019.wav;0;0.00120812957175076;0
40;ARM3_20220506_030000_000.wav;0;0.001195955672301352;0
41;ARM3_20220506_030000_001.wav;0;0.0031276734080165625;0
42;ARM3_20220506_030000_002.wav;0;0.0060959467664361;0
43;ARM3_20220506_030000_003.wav;0;0.021875660866498947;0
44;ARM3_20220506_030000_004.wav;0;0.001771769835613668;0
45;ARM3_20220506_030000_005.wav;0;0.00500909797847271;0
46;ARM3_20220506_030000_006.wav;0;0.006564510054886341;0
47;ARM3_20220506_030000_007.wav;0;0.009241770952939987;0
48;ARM3_20220506_030000_008.wav;0;0.0055235205218195915;0
49;ARM3_20220506_030000_009.wav;0;0.007467998191714287;0
50;ARM3_20220506_030000_010.wav;0;0.0071432627737522125;0
51;ARM3_20220506_030000_011.wav;0;0.01797015592455864;0
52;ARM3_20220506_030000_012.wav;0;0.0034820041619241238;0
53;ARM3_20220506_030000_013.wav;0;0.019810665398836136;0
54;ARM3_20220506_030000_014.wav;0;0.003811398521065712;0
55;ARM3_20220506_030000_015.wav;0;0.006862204987555742;0
56;ARM3_20220506_030000_016.wav;0;0.007087633945047855;0
57;ARM3_20220506_030000_017.wav;0;0.0019031624542549253;0
58;ARM3_20220506_030000_018.wav;0;0.006694407667964697;0
59;ARM3_20220506_030000_019.wav;0;0.005013325251638889;0
60;ARM3_20220506_184500_000.wav;0;0.04050097241997719;0
61;ARM3_20220506_184500_001.wav;0;0.19666367769241333;0
62;ARM3_20220506_184500_002.wav;0;0.06327418982982635;0
63;ARM3_20220506_184500_003.wav;0;0.0337076298892498;0
64;ARM3_20220506_184500_004.wav;0;0.016546502709388733;0
65;ARM3_20220506_184500_005.wav;0;0.04354364797472954;0
66;ARM3_20220506_184500_006.wav;0;0.02225451171398163;0
67;ARM3_20220506_184500_007.wav;0;0.02254202403128147;0
68;ARM3_20220506_184500_008.wav;0;0.06949394941329956;0
69;ARM3_20220506_184500_009.wav;0;0.3088184595108032;0
70;ARM3_20220506_184500_010.wav;0;0.015812193974852562;0
71;ARM3_20220506_184500_011.wav;0;0.016762148588895798;0
72;ARM3_20220506_184500_012.wav;0;0.05661090090870857;0
73;ARM3_20220506_184500_013.wav;0;0.047302063554525375;0
74;ARM3_20220506_184500_014.wav;0;0.02255943790078163;0
75;ARM3_20220506_184500_015.wav;0;0.011681954376399517;0
76;ARM3_20220506_184500_016.wav;0;0.012481245212256908;0
77;ARM3_20220506_184500_017.wav;0;0.15072844922542572;0
78;ARM3_20220506_184500_018.wav;0;0.07349303364753723;0
79;ARM3_20220506_184500_019.wav;0;0.011251157149672508;0
80;ARM3_20220510_213000_000.wav;0;0.03441191837191582;0
81;ARM3_20220510_213000_001.wav;0;0.5341743230819702;0
82;ARM3_20220510_213000_002.wav;0;0.008848157711327076;0
83;ARM3_20220510_213000_003.wav;0;0.04096926748752594;0
84;ARM3_20220510_213000_004.wav;0;0.25327005982398987;0
85;ARM3_20220510_213000_005.wav;0;0.03158950433135033;0
86;ARM3_20220510_213000_006.wav;0;0.02103894203901291;0
87;ARM3_20220510_213000_007.wav;0;0.021616769954562187;0
88;ARM3_20220510_213000_008.wav;0;0.03278814256191254;0
89;ARM3_20220510_213000_009.wav;0;0.026130829006433487;0
90;ARM3_20220510_213000_010.wav;0;0.008410364389419556;0
91;ARM3_20220510_213000_011.wav;0;0.008479388430714607;0
92;ARM3_20220510_213000_012.wav;0;0.013258120976388454;0
93;ARM3_20220510_213000_013.wav;0;0.034324463456869125;0
94;ARM3_20220510_213000_014.wav;0;0.013372797518968582;0
95;ARM3_20220510_213000_015.wav;0;0.012334229424595833;0
96;ARM3_20220510_213000_016.wav;0;0.058802831918001175;0
97;ARM3_20220510_213000_017.wav;0;0.009348190389573574;0
98;ARM3_20220510_213000_018.wav;0;0.006355904508382082;0
99;ARM3_20220510_213000_019.wav;0;0.11250139772891998;0
100;ARM3_20220513_093000_000.wav;0;0.5366135239601135;0
101;ARM3_20220513_093000_001.wav;0;0.14993275701999664;0
102;ARM3_20220513_093000_002.wav;0;0.08831415325403214;0
103;ARM3_20220513_093000_003.wav;0;0.024497002363204956;0
104;ARM3_20220513_093000_004.wav;0;0.029162472113966942;0
105;ARM3_20220513_093000_005.wav;0;0.10663813352584839;0
106;ARM3_20220513_093000_006.wav;0;0.09042418003082275;0
107;ARM3_20220513_093000_007.wav;0;0.050165992230176926;0
108;ARM3_20220513_093000_008.wav;0;0.00907896924763918;0
109;ARM3_20220513_093000_009.wav;0;0.053695570677518845;0
110;ARM3_20220513_093000_010.wav;0;0.004879041574895382;0
111;ARM3_20220513_093000_011.wav;0;0.008258973248302937;0
112;ARM3_20220513_093000_012.wav;0;0.013602160848677158;0
113;ARM3_20220513_093000_013.wav;0;0.005178459919989109;0
114;ARM3_20220513_093000_014.wav;0;0.005256888456642628;0
115;ARM3_20220513_093000_015.wav;0;0.016793975606560707;0
116;ARM3_20220513_093000_016.wav;0;0.01409459114074707;0
117;ARM3_20220513_093000_017.wav;0;0.011885221116244793;0
118;ARM3_20220513_093000_018.wav;0;0.011709756217896938;0
119;ARM3_20220513_093000_019.wav;0;0.048152003437280655;0
120;ARM3_20220519_131500_000.wav;0;0.057853635400533676;0
121;ARM3_20220519_131500_001.wav;0;0.019913993775844574;0
122;ARM3_20220519_131500_002.wav;0;0.009282968938350677;0
123;ARM3_20220519_131500_003.wav;0;0.02701333537697792;0
124;ARM3_20220519_131500_004.wav;0;0.022064372897148132;0
125;ARM3_20220519_131500_005.wav;0;0.007524203509092331;0
126;ARM3_20220519_131500_006.wav;0;0.08666140586137772;0
127;ARM3_20220519_131500_007.wav;0;0.05379283428192139;0
128;ARM3_20220519_131500_008.wav;0;0.06433407217264175;0
129;ARM3_20220519_131500_009.wav;0;0.051716651767492294;0
130;ARM3_20220519_131500_010.wav;0;0.01805204339325428;0
131;ARM3_20220519_131500_011.wav;0;0.05706845968961716;0
132;ARM3_20220519_131500_012.wav;0;0.03343002125620842;0
133;ARM3_20220519_131500_013.wav;0;0.05193270742893219;0
134;ARM3_20220519_131500_014.wav;0;0.008485018275678158;0
135;ARM3_20220519_131500_015.wav;0;0.005551583133637905;0
136;ARM3_20220519_131500_016.wav;0;0.03504034876823425;0
137;ARM3_20220519_131500_017.wav;0;0.3525781035423279;0
138;ARM3_20220519_131500_018.wav;0;0.012677507475018501;0
139;ARM3_20220519_131500_019.wav;0;0.017243213951587677;0
140;ARM3_20220521_031500_000.wav;0;0.6680148243904114;0
141;ARM3_20220521_031500_001.wav;0;0.05634304881095886;0
142;ARM3_20220521_031500_002.wav;0;0.030581746250391006;0
143;ARM3_20220521_031500_003.wav;0;0.012531808577477932;0
144;ARM3_20220521_031500_004.wav;0;0.1231842190027237;0
145;ARM3_20220521_031500_005.wav;0;0.026425359770655632;0
146;ARM3_20220521_031500_006.wav;0;0.1621105968952179;0
147;ARM3_20220521_031500_007.wav;0;0.01855400763452053;0
148;ARM3_20220521_031500_008.wav;0;0.017244037240743637;0
149;ARM3_20220521_031500_009.wav;0;0.013476386666297913;0
150;ARM3_20220521_031500_010.wav;0;0.02625594660639763;0
151;ARM3_20220521_031500_011.wav;0;0.1317349672317505;0
152;ARM3_20220521_031500_012.wav;0;0.8215916752815247;0
153;ARM3_20220521_031500_013.wav;0;0.40018966794013977;0
154;ARM3_20220521_031500_014.wav;0;0.02470628172159195;0
155;ARM3_20220521_031500_015.wav;0;0.03936983272433281;0
156;ARM3_20220521_031500_016.wav;0;0.4737441837787628;0
157;ARM3_20220521_031500_017.wav;0;0.504519522190094;0
158;ARM3_20220521_031500_018.wav;0;0.00826931744813919;0
159;ARM3_20220521_031500_019.wav;0;0.12521521747112274;0
160;ARM3_20220522_153000_000.wav;0;0.027111472561955452;0
161;ARM3_20220522_153000_001.wav;0;0.028926502913236618;0
162;ARM3_20220522_153000_002.wav;0;0.122373566031456;0
163;ARM3_20220522_153000_003.wav;0;0.22642624378204346;0
164;ARM3_20220522_153000_004.wav;0;0.42764395475387573;0
165;ARM3_20220522_153000_005.wav;0;0.06812935322523117;0
166;ARM3_20220522_153000_006.wav;0;0.010620472021400928;0
167;ARM3_20220522_153000_007.wav;0;0.010073240846395493;0
168;ARM3_20220522_153000_008.wav;0;0.015524288639426231;0
169;ARM3_20220522_153000_009.wav;0;0.009491557255387306;0
170;ARM3_20220522_153000_010.wav;0;0.006158073898404837;0
171;ARM3_20220522_153000_011.wav;0;0.022782213985919952;0
172;ARM3_20220522_153000_012.wav;0;0.0162273570895195;0
173;ARM3_20220522_153000_013.wav;0;0.025910425931215286;0
174;ARM3_20220522_153000_014.wav;0;0.01917850412428379;0
175;ARM3_20220522_153000_015.wav;0;0.3079076409339905;0
176;ARM3_20220522_153000_016.wav;0;0.010746795684099197;0
177;ARM3_20220522_153000_017.wav;0;0.05850989744067192;0
178;ARM3_20220522_153000_018.wav;0;0.09549268335103989;0
179;ARM3_20220522_153000_019.wav;0;0.019025353714823723;0
180;ARM3_20220523_164500_000.wav;0;0.3904222249984741;0
181;ARM3_20220523_164500_001.wav;0;0.012676481157541275;0
182;ARM3_20220523_164500_002.wav;0;0.33317288756370544;0
183;ARM3_20220523_164500_003.wav;0;0.04524073377251625;0
184;ARM3_20220523_164500_004.wav;0;0.07751686871051788;0
185;ARM3_20220523_164500_005.wav;0;0.017610162496566772;0
186;ARM3_20220523_164500_006.wav;0;0.028674164786934853;0
187;ARM3_20220523_164500_007.wav;0;0.022148236632347107;0
188;ARM3_20220523_164500_008.wav;0;0.01009907852858305;0
189;ARM3_20220523_164500_009.wav;0;0.02029000222682953;0
190;ARM3_20220523_164500_010.wav;0;0.035112861543893814;0
191;ARM3_20220523_164500_011.wav;0;0.03275202959775925;0
192;ARM3_20220523_164500_012.wav;0;0.011014937423169613;0
193;ARM3_20220523_164500_013.wav;0;0.016056500375270844;0
194;ARM3_20220523_164500_014.wav;0;0.4168035686016083;0
195;ARM3_20220523_164500_015.wav;0;0.019125696271657944;0
196;ARM3_20220523_164500_016.wav;0;0.019864089787006378;0
197;ARM3_20220523_164500_017.wav;0;0.13777901232242584;0
198;ARM3_20220523_164500_018.wav;0;0.018714800477027893;0
199;ARM3_20220523_164500_019.wav;0;0.030336400493979454;0
200;ARM3_20220527_033000_000.wav;0;0.06343171745538712;0
201;ARM3_20220527_033000_001.wav;0;0.010232696309685707;0
202;ARM3_20220527_033000_002.wav;0;0.6823896765708923;0
203;ARM3_20220527_033000_003.wav;0;0.11108332872390747;0
204;ARM3_20220527_033000_004.wav;0;0.022347642108798027;0
205;ARM3_20220527_033000_005.wav;0;0.016064675524830818;0
206;ARM3_20220527_033000_006.wav;0;0.01865232177078724;0
207;ARM3_20220527_033000_007.wav;0;0.045971501618623734;0
208;ARM3_20220527_033000_008.wav;0;0.008055858314037323;0
209;ARM3_20220527_033000_009.wav;0;0.03082791529595852;0
210;ARM3_20220527_033000_010.wav;0;0.03424843028187752;0
211;ARM3_20220527_033000_011.wav;0;0.017706003040075302;0
212;ARM3_20220527_033000_012.wav;0;0.010206948965787888;0
213;ARM3_20220527_033000_013.wav;0;0.0427134707570076;0
214;ARM3_20220527_033000_014.wav;0;0.22746075689792633;0
215;ARM3_20220527_033000_015.wav;0;0.0325615219771862;0
216;ARM3_20220527_033000_016.wav;0;0.02050246298313141;0
217;ARM3_20220527_033000_017.wav;0;0.3940425515174866;0
218;ARM3_20220527_033000_018.wav;0;0.018513120710849762;0
219;ARM3_20220527_033000_019.wav;0;0.03580732271075249;0
220;ARM3_20220529_063000_000.wav;0;0.02126844972372055;0
221;ARM3_20220529_063000_001.wav;0;0.011012173257768154;0
222;ARM3_20220529_063000_002.wav;0;0.04210690036416054;0
223;ARM3_20220529_063000_003.wav;0;0.03485842049121857;0
224;ARM3_20220529_063000_004.wav;0;0.014607561752200127;0
225;ARM3_20220529_063000_005.wav;0;0.3317839503288269;0
226;ARM3_20220529_063000_006.wav;0;0.22439955174922943;0
227;ARM3_20220529_063000_007.wav;0;0.377329558134079;0
228;ARM3_20220529_063000_008.wav;0;0.3238237798213959;0
229;ARM3_20220529_063000_009.wav;0;0.012055699713528156;0
230;ARM3_20220529_063000_010.wav;0;0.17167100310325623;0
231;ARM3_20220529_063000_011.wav;0;0.9459010362625122;0
232;ARM3_20220529_063000_012.wav;0;0.034998394548892975;0
233;ARM3_20220529_063000_013.wav;0;0.1742391139268875;0
234;ARM3_20220529_063000_014.wav;0;0.02015545405447483;0
235;ARM3_20220529_063000_015.wav;0;0.08172954618930817;0
236;ARM3_20220529_063000_016.wav;0;0.017083195969462395;0
237;ARM3_20220529_063000_017.wav;0;0.02872394770383835;0
238;ARM3_20220529_063000_018.wav;0;0.10852736234664917;0
239;ARM3_20220529_063000_019.wav;0;0.018529599532485008;0
240;ARM3_20220603_161500_000.wav;0;0.01917026750743389;0
241;ARM3_20220603_161500_001.wav;0;0.047597479075193405;0
242;ARM3_20220603_161500_002.wav;0;0.009595166891813278;0
243;ARM3_20220603_161500_003.wav;0;0.014204046688973904;0
244;ARM3_20220603_161500_004.wav;0;0.033243224024772644;0
245;ARM3_20220603_161500_005.wav;0;0.09775321930646896;0
246;ARM3_20220603_161500_006.wav;0;0.026213256642222404;0
247;ARM3_20220603_161500_007.wav;0;0.034649305045604706;0
248;ARM3_20220603_161500_008.wav;0;0.12657088041305542;0
249;ARM3_20220603_161500_009.wav;0;0.02271108701825142;0
250;ARM3_20220603_161500_010.wav;0;0.008166392333805561;0
251;ARM3_20220603_161500_011.wav;0;0.05821024253964424;0
252;ARM3_20220603_161500_012.wav;0;0.03830977901816368;0
253;ARM3_20220603_161500_013.wav;0;0.013272520154714584;0
254;ARM3_20220603_161500_014.wav;0;0.03369724005460739;0
255;ARM3_20220603_161500_015.wav;0;0.0327911302447319;0
256;ARM3_20220603_161500_016.wav;0;0.034302134066820145;0
257;ARM3_20220603_161500_017.wav;0;0.03189494460821152;0
258;ARM3_20220603_161500_018.wav;0;0.25445663928985596;0
259;ARM3_20220603_161500_019.wav;0;0.062837153673172;0
260;ARM3_20220605_113000_000.wav;0;0.02156377211213112;0
261;ARM3_20220605_113000_001.wav;0;0.06875073909759521;0
262;ARM3_20220605_113000_002.wav;0;0.062076713889837265;0
263;ARM3_20220605_113000_003.wav;0;0.027682838961482048;0
264;ARM3_20220605_113000_004.wav;0;0.03205793350934982;0
265;ARM3_20220605_113000_005.wav;0;0.6152095198631287;0
266;ARM3_20220605_113000_006.wav;0;0.14512740075588226;0
267;ARM3_20220605_113000_007.wav;0;0.33774062991142273;0
268;ARM3_20220605_113000_008.wav;0;0.5717143416404724;0
269;ARM3_20220605_113000_009.wav;0;0.031766172498464584;0
270;ARM3_20220605_113000_010.wav;0;0.012635933235287666;0
271;ARM3_20220605_113000_011.wav;0;0.03680789843201637;0
272;ARM3_20220605_113000_012.wav;0;0.050570208579301834;0
273;ARM3_20220605_113000_013.wav;0;0.5669136643409729;0
274;ARM3_20220605_113000_014.wav;0;0.011783360503613949;0
275;ARM3_20220605_113000_015.wav;0;0.40912941098213196;0
276;ARM3_20220605_113000_016.wav;0;0.1283700168132782;0
277;ARM3_20220605_113000_017.wav;0;0.5113009214401245;0
278;ARM3_20220605_113000_018.wav;0;0.43884792923927307;0
279;ARM3_20220605_113000_019.wav;0;0.5137683749198914;0
280;ARM3_20220606_021500_000.wav;0;0.3231244683265686;0
281;ARM3_20220606_021500_001.wav;0;0.05851662531495094;0
282;ARM3_20220606_021500_002.wav;0;0.06722088903188705;0
283;ARM3_20220606_021500_003.wav;0;0.03625946119427681;0
284;ARM3_20220606_021500_004.wav;0;0.19341833889484406;0
285;ARM3_20220606_021500_005.wav;0;0.056975141167640686;0
286;ARM3_20220606_021500_006.wav;0;0.04174087941646576;0
287;ARM3_20220606_021500_007.wav;0;0.6469151377677917;0
288;ARM3_20220606_021500_008.wav;0;0.08422524482011795;0
289;ARM3_20220606_021500_009.wav;0;0.16384704411029816;0
290;ARM3_20220606_021500_010.wav;0;0.06493290513753891;0
291;ARM3_20220606_021500_011.wav;0;0.5025052428245544;0
292;ARM3_20220606_021500_012.wav;0;0.030867423862218857;0
293;ARM3_20220606_021500_013.wav;0;0.07881154119968414;0
294;ARM3_20220606_021500_014.wav;0;0.11669407784938812;0
295;ARM3_20220606_021500_015.wav;0;0.024224713444709778;0
296;ARM3_20220606_021500_016.wav;0;0.035267170518636703;0
297;ARM3_20220606_021500_017.wav;0;0.47266483306884766;0
298;ARM3_20220606_021500_018.wav;0;0.15072068572044373;0
299;ARM3_20220606_021500_019.wav;0;0.11719595640897751;0
300;ARM3_20220611_123000_000.wav;0;0.8337351679801941;0
301;ARM3_20220611_123000_001.wav;0;0.0415777824819088;0
302;ARM3_20220611_123000_002.wav;0;0.05835939943790436;0
303;ARM3_20220611_123000_003.wav;0;0.06458358466625214;0
304;ARM3_20220611_123000_004.wav;0;0.0392872579395771;0
305;ARM3_20220611_123000_005.wav;0;0.17189663648605347;0
306;ARM3_20220611_123000_006.wav;0;0.6407089829444885;0
307;ARM3_20220611_123000_007.wav;0;0.10628106445074081;0
308;ARM3_20220611_123000_008.wav;0;0.8597546219825745;0
309;ARM3_20220611_123000_009.wav;0;0.6900253891944885;0
310;ARM3_20220611_123000_010.wav;0;0.8295903205871582;0
311;ARM3_20220611_123000_011.wav;0;0.8572619557380676;0
312;ARM3_20220611_123000_012.wav;0;0.4816063642501831;0
313;ARM3_20220611_123000_013.wav;0;0.522642970085144;0
314;ARM3_20220611_123000_014.wav;0;0.3668133020401001;0
315;ARM3_20220611_123000_015.wav;0;0.5376940369606018;0
316;ARM3_20220611_123000_016.wav;0;0.8795796036720276;0
317;ARM3_20220611_123000_017.wav;0;0.6726842522621155;0
318;ARM3_20220611_123000_018.wav;0;0.9054874777793884;0
319;ARM3_20220611_123000_019.wav;0;0.6527631878852844;0
320;ARM3_20220612_030000_000.wav;0;0.007832768373191357;0
321;ARM3_20220612_030000_001.wav;0;0.0093622338026762;0
322;ARM3_20220612_030000_002.wav;0;0.002475831424817443;0
323;ARM3_20220612_030000_003.wav;0;0.014797206968069077;0
324;ARM3_20220612_030000_004.wav;0;0.056403256952762604;0
325;ARM3_20220612_030000_005.wav;0;0.007122662849724293;0
326;ARM3_20220612_030000_006.wav;0;0.009143950417637825;0
327;ARM3_20220612_030000_007.wav;0;0.003988103475421667;0
328;ARM3_20220612_030000_008.wav;0;0.012247388251125813;0
329;ARM3_20220612_030000_009.wav;0;0.006383716128766537;0
330;ARM3_20220612_030000_010.wav;0;0.008831162936985493;0
331;ARM3_20220612_030000_011.wav;0;0.0018602240597829223;0
332;ARM3_20220612_030000_012.wav;0;0.012176776304841042;0
333;ARM3_20220612_030000_013.wav;0;0.07959053665399551;0
334;ARM3_20220612_030000_014.wav;0;0.11107666045427322;0
335;ARM3_20220612_030000_015.wav;0;0.12323545664548874;0
336;ARM3_20220612_030000_016.wav;0;0.16571424901485443;0
337;ARM3_20220612_030000_017.wav;0;0.06324777007102966;0
338;ARM3_20220612_030000_018.wav;0;0.04043647274374962;0
339;ARM3_20220612_030000_019.wav;0;0.04034525528550148;0
340;ARM3_20220616_204500_000.wav;0;0.02905697003006935;0
341;ARM3_20220616_204500_001.wav;0;0.020994460210204124;0
342;ARM3_20220616_204500_002.wav;0;0.034651562571525574;0
343;ARM3_20220616_204500_003.wav;0;0.3995043933391571;0
344;ARM3_20220616_204500_004.wav;0;0.09346345067024231;0
345;ARM3_20220616_204500_005.wav;0;0.05459873378276825;0
346;ARM3_20220616_204500_006.wav;0;0.249921053647995;0
347;ARM3_20220616_204500_007.wav;0;0.12430897355079651;0
348;ARM3_20220616_204500_008.wav;0;0.16653002798557281;0
349;ARM3_20220616_204500_009.wav;0;0.6499468684196472;0
350;ARM3_20220616_204500_010.wav;0;0.4151687026023865;0
351;ARM3_20220616_204500_011.wav;0;0.06546006351709366;0
352;ARM3_20220616_204500_012.wav;0;0.022453656420111656;0
353;ARM3_20220616_204500_013.wav;0;0.8446335196495056;0
354;ARM3_20220616_204500_014.wav;0;0.12496091425418854;0
355;ARM3_20220616_204500_015.wav;0;0.014314325526356697;0
356;ARM3_20220616_204500_016.wav;0;0.11594723165035248;0
357;ARM3_20220616_204500_017.wav;0;0.7564146518707275;0
358;ARM3_20220616_204500_018.wav;0;0.19329200685024261;0
359;ARM3_20220616_204500_019.wav;0;0.12947365641593933;0
360;ARM3_20220617_054500_000.wav;0;0.23998801410198212;0
361;ARM3_20220617_054500_001.wav;0;0.22617407143115997;0
362;ARM3_20220617_054500_002.wav;0;0.031417619436979294;0
363;ARM3_20220617_054500_003.wav;0;0.14764156937599182;0
364;ARM3_20220617_054500_004.wav;0;0.062298908829689026;0
365;ARM3_20220617_054500_005.wav;0;0.033307354897260666;0
366;ARM3_20220617_054500_006.wav;0;0.7121703624725342;0
367;ARM3_20220617_054500_007.wav;0;0.3072918653488159;0
368;ARM3_20220617_054500_008.wav;0;0.09241713583469391;0
369;ARM3_20220617_054500_009.wav;0;0.1024041399359703;0
370;ARM3_20220617_054500_010.wav;0;0.6133083701133728;0
371;ARM3_20220617_054500_011.wav;0;0.15465398132801056;0
372;ARM3_20220617_054500_012.wav;0;0.43428853154182434;0
373;ARM3_20220617_054500_013.wav;0;0.9385644793510437;0
374;ARM3_20220617_054500_014.wav;0;0.23910778760910034;0
375;ARM3_20220617_054500_015.wav;0;0.4574694335460663;0
376;ARM3_20220617_054500_016.wav;0;0.47916918992996216;0
377;ARM3_20220617_054500_017.wav;0;0.1500774472951889;0
378;ARM3_20220617_054500_018.wav;0;0.18715393543243408;0
379;ARM3_20220617_054500_019.wav;0;0.1486978679895401;0
380;ARM3_20220622_184500_000.wav;0;0.010251959785819054;0
381;ARM3_20220622_184500_001.wav;0;0.007601012010127306;0
382;ARM3_20220622_184500_002.wav;0;0.1947149783372879;0
383;ARM3_20220622_184500_003.wav;0;0.020633965730667114;0
384;ARM3_20220622_184500_004.wav;0;0.010697088204324245;0
385;ARM3_20220622_184500_005.wav;0;0.06535545736551285;0
386;ARM3_20220622_184500_006.wav;0;0.01966417394578457;0
387;ARM3_20220622_184500_007.wav;0;0.04681120440363884;0
388;ARM3_20220622_184500_008.wav;0;0.02052273601293564;0
389;ARM3_20220622_184500_009.wav;0;0.024313289672136307;0
390;ARM3_20220622_184500_010.wav;0;0.022753950208425522;0
391;ARM3_20220622_184500_011.wav;0;0.19311441481113434;0
392;ARM3_20220622_184500_012.wav;0;0.05924611911177635;0
393;ARM3_20220622_184500_013.wav;0;0.02141416259109974;0
394;ARM3_20220622_184500_014.wav;0;0.023030981421470642;0
395;ARM3_20220622_184500_015.wav;0;0.031215181574225426;0
396;ARM3_20220622_184500_016.wav;0;0.03867274150252342;0
397;ARM3_20220622_184500_017.wav;0;0.029958993196487427;0
398;ARM3_20220622_184500_018.wav;0;0.007444746792316437;0
399;ARM3_20220622_184500_019.wav;0;0.007541635539382696;0
400;ARM3_20220623_130000_000.wav;0;0.022633472457528114;0
401;ARM3_20220623_130000_001.wav;0;0.04847179353237152;0
402;ARM3_20220623_130000_002.wav;0;0.10316140204668045;0
403;ARM3_20220623_130000_003.wav;0;0.03912807255983353;0
404;ARM3_20220623_130000_004.wav;0;0.28471529483795166;0
405;ARM3_20220623_130000_005.wav;0;0.03642972931265831;0
406;ARM3_20220623_130000_006.wav;0;0.04171551391482353;0
407;ARM3_20220623_130000_007.wav;0;0.017024582251906395;0
408;ARM3_20220623_130000_008.wav;0;0.13582944869995117;0
409;ARM3_20220623_130000_009.wav;0;0.008444912731647491;0
410;ARM3_20220623_130000_010.wav;0;0.019122591242194176;0
411;ARM3_20220623_130000_011.wav;0;0.03238856792449951;0
412;ARM3_20220623_130000_012.wav;0;0.11064420640468597;0
413;ARM3_20220623_130000_013.wav;0;0.05939509719610214;0
414;ARM3_20220623_130000_014.wav;0;0.20343683660030365;0
415;ARM3_20220623_130000_015.wav;0;0.4435056149959564;0
416;ARM3_20220623_130000_016.wav;0;0.34097039699554443;0
417;ARM3_20220623_130000_017.wav;0;0.022612353786826134;0
418;ARM3_20220623_130000_018.wav;0;0.07044991105794907;0
419;ARM3_20220623_130000_019.wav;0;0.05889240652322769;0
420;ARM3_20220624_193000_000.wav;0;0.13422654569149017;0
421;ARM3_20220624_193000_001.wav;0;0.006114896386861801;0
422;ARM3_20220624_193000_002.wav;0;0.054540157318115234;0
423;ARM3_20220624_193000_003.wav;0;0.14352351427078247;0
424;ARM3_20220624_193000_004.wav;0;0.05219295993447304;0
425;ARM3_20220624_193000_005.wav;0;0.14456707239151;0
426;ARM3_20220624_193000_006.wav;0;0.047325849533081055;0
427;ARM3_20220624_193000_007.wav;0;0.013593891635537148;0
428;ARM3_20220624_193000_008.wav;0;0.028150105848908424;0
429;ARM3_20220624_193000_009.wav;0;0.034622445702552795;0
430;ARM3_20220624_193000_010.wav;0;0.09979549050331116;0
431;ARM3_20220624_193000_011.wav;0;0.050385430455207825;0
432;ARM3_20220624_193000_012.wav;0;0.3388996422290802;0
433;ARM3_20220624_193000_013.wav;0;0.14323092997074127;0
434;ARM3_20220624_193000_014.wav;0;0.05828188732266426;0
435;ARM3_20220624_193000_015.wav;0;0.2689414620399475;0
436;ARM3_20220624_193000_016.wav;0;0.18236926198005676;0
437;ARM3_20220624_193000_017.wav;0;0.8269106149673462;0
438;ARM3_20220624_193000_018.wav;0;0.2596023678779602;0
439;ARM3_20220624_193000_019.wav;0;0.20764103531837463;0
440;ARM3_20220628_101500_000.wav;0;0.8293312788009644;0
441;ARM3_20220628_101500_001.wav;0;0.053002290427684784;0
442;ARM3_20220628_101500_002.wav;0;0.16729821264743805;0
443;ARM3_20220628_101500_003.wav;0;0.16466297209262848;0
444;ARM3_20220628_101500_004.wav;0;0.19047854840755463;0
445;ARM3_20220628_101500_005.wav;0;0.10865921527147293;0
446;ARM3_20220628_101500_006.wav;0;0.3567434251308441;0
447;ARM3_20220628_101500_007.wav;0;0.2828265130519867;0
448;ARM3_20220628_101500_008.wav;0;0.067996546626091;0
449;ARM3_20220628_101500_009.wav;0;0.10712596774101257;0
450;ARM3_20220628_101500_010.wav;0;0.030247732996940613;0
451;ARM3_20220628_101500_011.wav;0;0.29395821690559387;0
452;ARM3_20220628_101500_012.wav;0;0.5270497798919678;0
453;ARM3_20220628_101500_013.wav;0;0.025544380769133568;0
454;ARM3_20220628_101500_014.wav;0;0.659318208694458;0
455;ARM3_20220628_101500_015.wav;0;0.5634760856628418;0
456;ARM3_20220628_101500_016.wav;0;0.2569087743759155;0
457;ARM3_20220628_101500_017.wav;0;0.8390598893165588;0
458;ARM3_20220628_101500_018.wav;0;0.11788147687911987;0
459;ARM3_20220628_101500_019.wav;0;0.28917187452316284;0
460;ARM3_20220629_091500_000.wav;0;0.053721509873867035;0
461;ARM3_20220629_091500_001.wav;0;0.07490378618240356;0
462;ARM3_20220629_091500_002.wav;0;0.13483183085918427;0
463;ARM3_20220629_091500_003.wav;0;0.05245628207921982;0
464;ARM3_20220629_091500_004.wav;0;0.05346457287669182;0
465;ARM3_20220629_091500_005.wav;0;0.0588822141289711;0
466;ARM3_20220629_091500_006.wav;0;0.009365631267428398;0
467;ARM3_20220629_091500_007.wav;0;0.00391186261549592;0
468;ARM3_20220629_091500_008.wav;0;0.1849197894334793;0
469;ARM3_20220629_091500_009.wav;0;0.027334334328770638;0
470;ARM3_20220629_091500_010.wav;0;0.04577884450554848;0
471;ARM3_20220629_091500_011.wav;0;0.0983225554227829;0
472;ARM3_20220629_091500_012.wav;0;0.007820871658623219;0
473;ARM3_20220629_091500_013.wav;0;0.026205401867628098;0
474;ARM3_20220629_091500_014.wav;0;0.03356993570923805;0
475;ARM3_20220629_091500_015.wav;0;0.40146932005882263;0
476;ARM3_20220629_091500_016.wav;0;0.49271756410598755;0
477;ARM3_20220629_091500_017.wav;0;0.19650904834270477;0
478;ARM3_20220629_091500_018.wav;0;0.030067764222621918;0
479;ARM3_20220629_091500_019.wav;0;0.03395833820104599;0
480;ARM3_20220706_183000_000.wav;0;0.0055824872106313705;0
481;ARM3_20220706_183000_001.wav;0;0.011242726817727089;0
482;ARM3_20220706_183000_002.wav;0;0.3613395690917969;0
483;ARM3_20220706_183000_003.wav;0;0.01711425743997097;0
484;ARM3_20220706_183000_004.wav;0;0.17859792709350586;0
485;ARM3_20220706_183000_005.wav;0;0.02206304855644703;0
486;ARM3_20220706_183000_006.wav;0;0.0540802888572216;0
487;ARM3_20220706_183000_007.wav;0;0.022777633741497993;0
488;ARM3_20220706_183000_008.wav;0;0.02349715679883957;0
489;ARM3_20220706_183000_009.wav;0;0.012290554121136665;0
490;ARM3_20220706_183000_010.wav;0;0.007621527649462223;0
491;ARM3_20220706_183000_011.wav;0;0.04747667536139488;0
492;ARM3_20220706_183000_012.wav;0;0.01711919903755188;0
493;ARM3_20220706_183000_013.wav;0;0.022121049463748932;0
494;ARM3_20220706_183000_014.wav;0;0.030351651832461357;0
495;ARM3_20220706_183000_015.wav;0;0.008830532431602478;0
496;ARM3_20220706_183000_016.wav;0;0.06742986291646957;0
497;ARM3_20220706_183000_017.wav;0;0.01851186901330948;0
498;ARM3_20220706_183000_018.wav;0;0.017096932977437973;0
499;ARM3_20220706_183000_019.wav;0;0.30994200706481934;0
500;ARM3_20220708_211500_000.wav;0;0.04755645990371704;0
501;ARM3_20220708_211500_001.wav;0;0.18707042932510376;0
502;ARM3_20220708_211500_002.wav;0;0.01671890914440155;0
503;ARM3_20220708_211500_003.wav;0;0.09563430398702621;0
504;ARM3_20220708_211500_004.wav;0;0.02737211436033249;0
505;ARM3_20220708_211500_005.wav;0;0.11041032522916794;0
506;ARM3_20220708_211500_006.wav;0;0.015116878785192966;0
507;ARM3_20220708_211500_007.wav;0;0.030124355107545853;0
508;ARM3_20220708_211500_008.wav;0;0.02163633704185486;0
509;ARM3_20220708_211500_009.wav;0;0.0165069829672575;0
510;ARM3_20220708_211500_010.wav;0;0.05255766957998276;0
511;ARM3_20220708_211500_011.wav;0;0.16392718255519867;0
512;ARM3_20220708_211500_012.wav;0;0.014954951591789722;0
513;ARM3_20220708_211500_013.wav;0;0.08496150374412537;0
514;ARM3_20220708_211500_014.wav;0;0.010023132897913456;0
515;ARM3_20220708_211500_015.wav;0;0.09345640242099762;0
516;ARM3_20220708_211500_016.wav;0;0.007554734591394663;0
517;ARM3_20220708_211500_017.wav;0;0.13036879897117615;0
518;ARM3_20220708_211500_018.wav;0;0.020631005987524986;0
519;ARM3_20220708_211500_019.wav;0;0.01878427155315876;0
520;ARM3_20220709_143000_000.wav;0;0.005978068802505732;0
521;ARM3_20220709_143000_001.wav;0;0.01825999841094017;0
522;ARM3_20220709_143000_002.wav;0;0.013410262763500214;0
523;ARM3_20220709_143000_003.wav;0;0.02536524087190628;0
524;ARM3_20220709_143000_004.wav;0;0.011884661391377449;0
525;ARM3_20220709_143000_005.wav;0;0.04380778968334198;0
526;ARM3_20220709_143000_006.wav;0;0.019177071750164032;0
527;ARM3_20220709_143000_007.wav;0;0.16614054143428802;0
528;ARM3_20220709_143000_008.wav;0;0.014085913076996803;0
529;ARM3_20220709_143000_009.wav;0;0.010477373376488686;0
530;ARM3_20220709_143000_010.wav;0;0.008061449974775314;0
531;ARM3_20220709_143000_011.wav;0;0.03434879705309868;0
532;ARM3_20220709_143000_012.wav;0;0.012022877112030983;0
533;ARM3_20220709_143000_013.wav;0;0.009725484997034073;0
534;ARM3_20220709_143000_014.wav;0;0.06784108281135559;0
535;ARM3_20220709_143000_015.wav;0;0.009371588006615639;0
536;ARM3_20220709_143000_016.wav;0;0.037235453724861145;0
537;ARM3_20220709_143000_017.wav;0;0.013152483850717545;0
538;ARM3_20220709_143000_018.wav;0;0.01613042689859867;0
539;ARM3_20220709_143000_019.wav;0;0.029726199805736542;0
540;ARM3_20220711_044500_000.wav;0;0.00786906760185957;0
541;ARM3_20220711_044500_001.wav;0;0.05342382565140724;0
542;ARM3_20220711_044500_002.wav;0;0.011054865084588528;0
543;ARM3_20220711_044500_003.wav;0;0.0062210774049162865;0
544;ARM3_20220711_044500_004.wav;0;0.022388627752661705;0
545;ARM3_20220711_044500_005.wav;0;0.036554332822561264;0
546;ARM3_20220711_044500_006.wav;0;0.030307486653327942;0
547;ARM3_20220711_044500_007.wav;0;0.1253344565629959;0
548;ARM3_20220711_044500_008.wav;0;0.02934277430176735;0
549;ARM3_20220711_044500_009.wav;0;0.10280177742242813;0
550;ARM3_20220711_044500_010.wav;0;0.013913639821112156;0
551;ARM3_20220711_044500_011.wav;0;0.05700968950986862;0
552;ARM3_20220711_044500_012.wav;0;0.027129193767905235;0
553;ARM3_20220711_044500_013.wav;0;0.02338845282793045;0
554;ARM3_20220711_044500_014.wav;0;0.06744742393493652;0
555;ARM3_20220711_044500_015.wav;0;0.05904092267155647;0
556;ARM3_20220711_044500_016.wav;0;0.02910352125763893;0
557;ARM3_20220711_044500_017.wav;0;0.044939927756786346;0
558;ARM3_20220711_044500_018.wav;0;0.008751499466598034;0
559;ARM3_20220711_044500_019.wav;0;0.04027979448437691;0
560;ARM3_20220713_044500_000.wav;0;0.03310796618461609;0
561;ARM3_20220713_044500_001.wav;0;0.018131310120224953;0
562;ARM3_20220713_044500_002.wav;0;0.037444185465574265;0
563;ARM3_20220713_044500_003.wav;0;0.04235943406820297;0
564;ARM3_20220713_044500_004.wav;0;0.4065829813480377;0
565;ARM3_20220713_044500_005.wav;0;0.10347843170166016;0
566;ARM3_20220713_044500_006.wav;0;0.03765260800719261;0
567;ARM3_20220713_044500_007.wav;0;0.09434323012828827;0
568;ARM3_20220713_044500_008.wav;0;0.5526328682899475;0
569;ARM3_20220713_044500_009.wav;0;0.008121838793158531;0
570;ARM3_20220713_044500_010.wav;0;0.009903691709041595;0
571;ARM3_20220713_044500_011.wav;0;0.008860738016664982;0
572;ARM3_20220713_044500_012.wav;0;0.013344263657927513;0
573;ARM3_20220713_044500_013.wav;0;0.014509462751448154;0
574;ARM3_20220713_044500_014.wav;0;0.010266673751175404;0
575;ARM3_20220713_044500_015.wav;0;0.19555531442165375;0
576;ARM3_20220713_044500_016.wav;0;0.07475779205560684;0
577;ARM3_20220713_044500_017.wav;0;0.03417148068547249;0
578;ARM3_20220713_044500_018.wav;0;0.03898456320166588;0
579;ARM3_20220713_044500_019.wav;0;0.0432191900908947;0
580;ARM3_20220715_154500_000.wav;0;0.005409677978605032;0
581;ARM3_20220715_154500_001.wav;0;0.006781322415918112;0
582;ARM3_20220715_154500_002.wav;0;0.005909303668886423;0
583;ARM3_20220715_154500_003.wav;0;0.006210467778146267;0
584;ARM3_20220715_154500_004.wav;0;0.008392869494855404;0
585;ARM3_20220715_154500_005.wav;0;0.0032412675209343433;0
586;ARM3_20220715_154500_006.wav;0;0.00525228027254343;0
587;ARM3_20220715_154500_007.wav;0;0.011686816811561584;0
588;ARM3_20220715_154500_008.wav;0;0.025950415059924126;0
589;ARM3_20220715_154500_009.wav;0;0.009511984884738922;0
590;ARM3_20220715_154500_010.wav;0;0.001830563647672534;0
591;ARM3_20220715_154500_011.wav;0;0.022074870765209198;0
592;ARM3_20220715_154500_012.wav;0;0.00992770679295063;0
593;ARM3_20220715_154500_013.wav;0;0.015216320753097534;0
594;ARM3_20220715_154500_014.wav;0;0.008517957292497158;0
595;ARM3_20220715_154500_015.wav;0;0.01936626061797142;0
596;ARM3_20220715_154500_016.wav;0;0.020027775317430496;0
597;ARM3_20220715_154500_017.wav;0;0.03348350524902344;0
598;ARM3_20220715_154500_018.wav;0;0.009688508696854115;0
599;ARM3_20220715_154500_019.wav;0;0.009357994422316551;0
600;ARM3_20220721_070000_000.wav;0;0.9710232615470886;0
601;ARM3_20220721_070000_001.wav;0;0.8719098567962646;0
602;ARM3_20220721_070000_002.wav;0;0.6866973042488098;0
603;ARM3_20220721_070000_003.wav;0;0.9789403080940247;0
604;ARM3_20220721_070000_004.wav;0;0.9839444756507874;0
605;ARM3_20220721_070000_005.wav;0;0.8994479775428772;0
606;ARM3_20220721_070000_006.wav;0;0.967951238155365;0
607;ARM3_20220721_070000_007.wav;0;0.6402226686477661;0
608;ARM3_20220721_070000_008.wav;0;0.06032993271946907;0
609;ARM3_20220721_070000_009.wav;0;0.2308228462934494;0
610;ARM3_20220721_070000_010.wav;0;0.018248291686177254;0
611;ARM3_20220721_070000_011.wav;0;0.16350142657756805;0
612;ARM3_20220721_070000_012.wav;0;0.08578912913799286;0
613;ARM3_20220721_070000_013.wav;0;0.015863128006458282;0
614;ARM3_20220721_070000_014.wav;0;0.7752121686935425;0
615;ARM3_20220721_070000_015.wav;0;0.3111758232116699;0
616;ARM3_20220721_070000_016.wav;0;0.03160187974572182;0
617;ARM3_20220721_070000_017.wav;0;0.3059694468975067;0
618;ARM3_20220721_070000_018.wav;0;0.024634886533021927;0
619;ARM3_20220721_070000_019.wav;0;0.021182820200920105;0
620;ARM3_20220722_031500_000.wav;0;0.05370813235640526;0
621;ARM3_20220722_031500_001.wav;0;0.011555877514183521;0
622;ARM3_20220722_031500_002.wav;0;0.012833627872169018;0
623;ARM3_20220722_031500_003.wav;0;0.021494116634130478;0
624;ARM3_20220722_031500_004.wav;0;0.008981234394013882;0
625;ARM3_20220722_031500_005.wav;0;0.013055974617600441;0
626;ARM3_20220722_031500_006.wav;0;0.47028347849845886;0
627;ARM3_20220722_031500_007.wav;0;0.008200318552553654;0
628;ARM3_20220722_031500_008.wav;0;0.36205801367759705;0
629;ARM3_20220722_031500_009.wav;0;0.011008035391569138;0
630;ARM3_20220722_031500_010.wav;0;0.018465731292963028;0
631;ARM3_20220722_031500_011.wav;0;0.018223943188786507;0
632;ARM3_20220722_031500_012.wav;0;0.028069980442523956;0
633;ARM3_20220722_031500_013.wav;0;0.009039104916155338;0
634;ARM3_20220722_031500_014.wav;0;0.04728066548705101;0
635;ARM3_20220722_031500_015.wav;0;0.11361120641231537;0
636;ARM3_20220722_031500_016.wav;0;0.00873555988073349;0
637;ARM3_20220722_031500_017.wav;0;0.015337794087827206;0
638;ARM3_20220722_031500_018.wav;0;0.060731254518032074;0
639;ARM3_20220722_031500_019.wav;0;0.1597055345773697;0
640;ARM3_20220723_081500_000.wav;0;0.9915086030960083;0
641;ARM3_20220723_081500_001.wav;0;0.9936116337776184;0
642;ARM3_20220723_081500_002.wav;0;0.9934219717979431;0
643;ARM3_20220723_081500_003.wav;0;0.9977464079856873;0
644;ARM3_20220723_081500_004.wav;0;0.9971253275871277;0
645;ARM3_20220723_081500_005.wav;0;0.9692301154136658;0
646;ARM3_20220723_081500_006.wav;0;0.5452529788017273;0
647;ARM3_20220723_081500_007.wav;0;0.333659827709198;0
648;ARM3_20220723_081500_008.wav;0;0.971184492111206;0
649;ARM3_20220723_081500_009.wav;0;0.9928898811340332;0
650;ARM3_20220723_081500_010.wav;0;0.97207111120224;0
651;ARM3_20220723_081500_011.wav;0;0.9942678213119507;0
652;ARM3_20220723_081500_012.wav;0;0.989247739315033;0
653;ARM3_20220723_081500_013.wav;0;0.973912239074707;0
654;ARM3_20220723_081500_014.wav;0;0.9826471209526062;0
655;ARM3_20220723_081500_015.wav;0;0.9855319857597351;0
656;ARM3_20220723_081500_016.wav;0;0.9738551378250122;0
657;ARM3_20220723_081500_017.wav;0;0.5895200967788696;0
658;ARM3_20220723_081500_018.wav;0;0.7941473722457886;0
659;ARM3_20220723_081500_019.wav;0;0.9865981340408325;0
660;ARM3_20220723_180000_000.wav;0;0.5706802010536194;0
661;ARM3_20220723_180000_001.wav;0;0.05144108831882477;0
662;ARM3_20220723_180000_002.wav;0;0.04032941907644272;0
663;ARM3_20220723_180000_003.wav;0;0.027216514572501183;0
664;ARM3_20220723_180000_004.wav;0;0.09777607768774033;0
665;ARM3_20220723_180000_005.wav;0;0.03858908638358116;0
666;ARM3_20220723_180000_006.wav;0;0.12140624225139618;0
667;ARM3_20220723_180000_007.wav;0;0.7110583782196045;0
668;ARM3_20220723_180000_008.wav;0;0.01902848295867443;0
669;ARM3_20220723_180000_009.wav;0;0.1763661801815033;0
670;ARM3_20220723_180000_010.wav;0;0.27311769127845764;0
671;ARM3_20220723_180000_011.wav;0;0.11298852413892746;0
672;ARM3_20220723_180000_012.wav;0;0.020563354715704918;0
673;ARM3_20220723_180000_013.wav;0;0.20383328199386597;0
674;ARM3_20220723_180000_014.wav;0;0.15895690023899078;0
675;ARM3_20220723_180000_015.wav;0;0.0476626493036747;0
676;ARM3_20220723_180000_016.wav;0;0.004977300763130188;0
677;ARM3_20220723_180000_017.wav;0;0.010960306040942669;0
678;ARM3_20220723_180000_018.wav;0;0.10886406898498535;0
679;ARM3_20220723_180000_019.wav;0;0.3092884123325348;0
680;ARM3_20220726_153000_000.wav;0;0.008905144408345222;0
681;ARM3_20220726_153000_001.wav;0;0.04552963748574257;0
682;ARM3_20220726_153000_002.wav;0;0.014901469461619854;0
683;ARM3_20220726_153000_003.wav;0;0.05048644542694092;0
684;ARM3_20220726_153000_004.wav;0;0.037143606692552567;0
685;ARM3_20220726_153000_005.wav;0;0.03341587632894516;0
686;ARM3_20220726_153000_006.wav;0;0.4608934223651886;0
687;ARM3_20220726_153000_007.wav;0;0.02294367365539074;0
688;ARM3_20220726_153000_008.wav;0;0.056548986583948135;0
689;ARM3_20220726_153000_009.wav;0;0.3965558707714081;0
690;ARM3_20220726_153000_010.wav;0;0.009925475344061852;0
691;ARM3_20220726_153000_011.wav;0;0.11667720228433609;0
692;ARM3_20220726_153000_012.wav;0;0.010141740553081036;0
693;ARM3_20220726_153000_013.wav;0;0.0758957788348198;0
694;ARM3_20220726_153000_014.wav;0;0.019732234999537468;0
695;ARM3_20220726_153000_015.wav;0;0.02481735683977604;0
696;ARM3_20220726_153000_016.wav;0;0.005806007422506809;0
697;ARM3_20220726_153000_017.wav;0;0.011202380992472172;0
698;ARM3_20220726_153000_018.wav;0;0.018167780712246895;0
699;ARM3_20220726_153000_019.wav;0;0.007503191940486431;0
700;ARM3_20220728_110000_000.wav;0;0.00827599223703146;0
701;ARM3_20220728_110000_001.wav;0;0.007122359704226255;0
702;ARM3_20220728_110000_002.wav;0;0.014599026180803776;0
703;ARM3_20220728_110000_003.wav;0;0.025028767064213753;0
704;ARM3_20220728_110000_004.wav;0;0.04209019988775253;0
705;ARM3_20220728_110000_005.wav;0;0.006256891414523125;0
706;ARM3_20220728_110000_006.wav;0;0.007919970899820328;0
707;ARM3_20220728_110000_007.wav;0;0.01046658679842949;0
708;ARM3_20220728_110000_008.wav;0;0.005957278423011303;0
709;ARM3_20220728_110000_009.wav;0;0.017111193388700485;0
710;ARM3_20220728_110000_010.wav;0;0.019076954573392868;0
711;ARM3_20220728_110000_011.wav;0;0.010405309498310089;0
712;ARM3_20220728_110000_012.wav;0;0.008098260499536991;0
713;ARM3_20220728_110000_013.wav;0;0.013270696625113487;0
714;ARM3_20220728_110000_014.wav;0;0.030414417386054993;0
715;ARM3_20220728_110000_015.wav;0;0.012861101888120174;0
716;ARM3_20220728_110000_016.wav;0;0.006522234063595533;0
717;ARM3_20220728_110000_017.wav;0;0.03397165238857269;0
718;ARM3_20220728_110000_018.wav;0;0.03173045068979263;0
719;ARM3_20220728_110000_019.wav;0;0.06952594965696335;0
720;ARM3_20220804_013000_000.wav;0;0.009940862655639648;0
721;ARM3_20220804_013000_001.wav;0;0.02677648700773716;0
722;ARM3_20220804_013000_002.wav;0;0.025028958916664124;0
723;ARM3_20220804_013000_003.wav;0;0.009602184407413006;0
724;ARM3_20220804_013000_004.wav;0;0.02868272364139557;0
725;ARM3_20220804_013000_005.wav;0;0.0167513620108366;0
726;ARM3_20220804_013000_006.wav;0;0.11783424019813538;0
727;ARM3_20220804_013000_007.wav;0;0.037076983600854874;0
728;ARM3_20220804_013000_008.wav;0;0.038049645721912384;0
729;ARM3_20220804_013000_009.wav;0;0.10469745844602585;0
730;ARM3_20220804_013000_010.wav;0;0.00975852832198143;0
731;ARM3_20220804_013000_011.wav;0;0.019294606521725655;0
732;ARM3_20220804_013000_012.wav;0;0.01546490378677845;0
733;ARM3_20220804_013000_013.wav;0;0.04108475521206856;0
734;ARM3_20220804_013000_014.wav;0;0.062053877860307693;0
735;ARM3_20220804_013000_015.wav;0;0.02167568914592266;0
736;ARM3_20220804_013000_016.wav;0;0.020266782492399216;0
737;ARM3_20220804_013000_017.wav;0;0.050044991075992584;0
738;ARM3_20220804_013000_018.wav;0;0.0050885300152003765;0
739;ARM3_20220804_013000_019.wav;0;0.09881535917520523;0
740;ARM3_20220805_100000_000.wav;0;0.09777223318815231;0
741;ARM3_20220805_100000_001.wav;0;0.08946307003498077;0
742;ARM3_20220805_100000_002.wav;0;0.2623964846134186;0
743;ARM3_20220805_100000_003.wav;0;0.7656013369560242;0
744;ARM3_20220805_100000_004.wav;0;0.24867288768291473;0
745;ARM3_20220805_100000_005.wav;0;0.5740281939506531;0
746;ARM3_20220805_100000_006.wav;0;0.06067100539803505;0
747;ARM3_20220805_100000_007.wav;0;0.03112703002989292;0
748;ARM3_20220805_100000_008.wav;0;0.6303005218505859;0
749;ARM3_20220805_100000_009.wav;0;0.2962597906589508;0
750;ARM3_20220805_100000_010.wav;0;0.9621145129203796;0
751;ARM3_20220805_100000_011.wav;0;0.43868306279182434;0
752;ARM3_20220805_100000_012.wav;0;0.03595168516039848;0
753;ARM3_20220805_100000_013.wav;0;0.012948806397616863;0
754;ARM3_20220805_100000_014.wav;0;0.05229692906141281;0
755;ARM3_20220805_100000_015.wav;0;0.47565311193466187;0
756;ARM3_20220805_100000_016.wav;0;0.18574193120002747;0
757;ARM3_20220805_100000_017.wav;0;0.04035274311900139;0
758;ARM3_20220805_100000_018.wav;0;0.018487704917788506;0
759;ARM3_20220805_100000_019.wav;0;0.31922993063926697;0
760;ARM3_20220806_124500_000.wav;0;0.9685060977935791;0
761;ARM3_20220806_124500_001.wav;0;0.9922158122062683;0
762;ARM3_20220806_124500_002.wav;0;0.11348028481006622;0
763;ARM3_20220806_124500_003.wav;0;0.2185807079076767;0
764;ARM3_20220806_124500_004.wav;0;0.9514522552490234;0
765;ARM3_20220806_124500_005.wav;0;0.9858091473579407;0
766;ARM3_20220806_124500_006.wav;0;0.7806185483932495;0
767;ARM3_20220806_124500_007.wav;0;0.9878489971160889;0
768;ARM3_20220806_124500_008.wav;0;0.9543096423149109;0
769;ARM3_20220806_124500_009.wav;0;0.922482430934906;0
770;ARM3_20220806_124500_010.wav;0;0.7081277966499329;0
771;ARM3_20220806_124500_011.wav;0;0.6129593253135681;0
772;ARM3_20220806_124500_012.wav;0;0.6316150426864624;0
773;ARM3_20220806_124500_013.wav;0;0.7075951099395752;0
774;ARM3_20220806_124500_014.wav;0;0.6263661980628967;0
775;ARM3_20220806_124500_015.wav;0;0.6835846900939941;0
776;ARM3_20220806_124500_016.wav;0;0.958257257938385;0
777;ARM3_20220806_124500_017.wav;0;0.8470521569252014;0
778;ARM3_20220806_124500_018.wav;0;0.6555024981498718;0
779;ARM3_20220806_124500_019.wav;0;0.9753252863883972;0
780;ARM3_20220806_141500_000.wav;0;0.019668225198984146;0
781;ARM3_20220806_141500_001.wav;0;0.011415760964155197;0
782;ARM3_20220806_141500_002.wav;0;0.019846206530928612;0
783;ARM3_20220806_141500_003.wav;0;0.05800873413681984;0
784;ARM3_20220806_141500_004.wav;0;0.038003213703632355;0
785;ARM3_20220806_141500_005.wav;0;0.015798404812812805;0
786;ARM3_20220806_141500_006.wav;0;0.014988881535828114;0
787;ARM3_20220806_141500_007.wav;0;0.039982400834560394;0
788;ARM3_20220806_141500_008.wav;0;0.01748676784336567;0
789;ARM3_20220806_141500_009.wav;0;0.0161321759223938;0
790;ARM3_20220806_141500_010.wav;0;0.011317300610244274;0
791;ARM3_20220806_141500_011.wav;0;0.008893826976418495;0
792;ARM3_20220806_141500_012.wav;0;0.017882514744997025;0
793;ARM3_20220806_141500_013.wav;0;0.2816372513771057;0
794;ARM3_20220806_141500_014.wav;0;0.01440519466996193;0
795;ARM3_20220806_141500_015.wav;0;0.012596610002219677;0
796;ARM3_20220806_141500_016.wav;0;0.03505386784672737;0
797;ARM3_20220806_141500_017.wav;0;0.02093089371919632;0
798;ARM3_20220806_141500_018.wav;0;0.024457238614559174;0
799;ARM3_20220806_141500_019.wav;0;0.016857601702213287;0
800;ARM3_20220806_200000_000.wav;0;0.012846073135733604;0
801;ARM3_20220806_200000_001.wav;0;0.013630089350044727;0
802;ARM3_20220806_200000_002.wav;0;0.030602455139160156;0
803;ARM3_20220806_200000_003.wav;0;0.010597758926451206;0
804;ARM3_20220806_200000_004.wav;0;0.03140629827976227;0
805;ARM3_20220806_200000_005.wav;0;0.011615298688411713;0
806;ARM3_20220806_200000_006.wav;0;0.0200935211032629;0
807;ARM3_20220806_200000_007.wav;0;0.008359379135072231;0
808;ARM3_20220806_200000_008.wav;0;0.01567251794040203;0
809;ARM3_20220806_200000_009.wav;0;0.01644362509250641;0
810;ARM3_20220806_200000_010.wav;0;0.013924092054367065;0
811;ARM3_20220806_200000_011.wav;0;0.05855260044336319;0
812;ARM3_20220806_200000_012.wav;0;0.127491757273674;0
813;ARM3_20220806_200000_013.wav;0;0.8179894089698792;0
814;ARM3_20220806_200000_014.wav;0;0.02185254730284214;0
815;ARM3_20220806_200000_015.wav;0;0.06568749248981476;0
816;ARM3_20220806_200000_016.wav;0;0.2924844026565552;0
817;ARM3_20220806_200000_017.wav;0;0.03732394054532051;0
818;ARM3_20220806_200000_018.wav;0;0.013437410816550255;0
819;ARM3_20220806_200000_019.wav;0;0.026464110240340233;0
820;ARM3_20220808_001500_000.wav;0;0.007667855359613895;0
821;ARM3_20220808_001500_001.wav;0;0.0293473768979311;0
822;ARM3_20220808_001500_002.wav;0;0.013501870445907116;0
823;ARM3_20220808_001500_003.wav;0;0.02614334225654602;0
824;ARM3_20220808_001500_004.wav;0;0.026670703664422035;0
825;ARM3_20220808_001500_005.wav;0;0.06108799949288368;0
826;ARM3_20220808_001500_006.wav;0;0.03053346276283264;0
827;ARM3_20220808_001500_007.wav;0;0.03355823829770088;0
828;ARM3_20220808_001500_008.wav;0;0.036405015736818314;0
829;ARM3_20220808_001500_009.wav;0;0.014743838459253311;0
830;ARM3_20220808_001500_010.wav;0;0.05689362436532974;0
831;ARM3_20220808_001500_011.wav;0;0.019521918147802353;0
832;ARM3_20220808_001500_012.wav;0;0.010416259057819843;0
833;ARM3_20220808_001500_013.wav;0;0.012264168821275234;0
834;ARM3_20220808_001500_014.wav;0;0.011855092830955982;0
835;ARM3_20220808_001500_015.wav;0;0.025492366403341293;0
836;ARM3_20220808_001500_016.wav;0;0.2084805816411972;0
837;ARM3_20220808_001500_017.wav;0;0.0867060124874115;0
838;ARM3_20220808_001500_018.wav;0;0.017367655411362648;0
839;ARM3_20220808_001500_019.wav;0;0.007908440195024014;0
840;ARM3_20220810_230000_000.wav;0;0.014043832197785378;0
841;ARM3_20220810_230000_001.wav;0;0.038671523332595825;0
842;ARM3_20220810_230000_002.wav;0;0.1707475632429123;0
843;ARM3_20220810_230000_003.wav;0;0.02477698028087616;0
844;ARM3_20220810_230000_004.wav;0;0.01746724732220173;0
845;ARM3_20220810_230000_005.wav;0;0.034844234585762024;0
846;ARM3_20220810_230000_006.wav;0;0.02316414937376976;0
847;ARM3_20220810_230000_007.wav;0;0.08620166033506393;0
848;ARM3_20220810_230000_008.wav;0;0.012049300596117973;0
849;ARM3_20220810_230000_009.wav;0;0.02545059286057949;0
850;ARM3_20220810_230000_010.wav;0;0.011116120032966137;0
851;ARM3_20220810_230000_011.wav;0;0.008856236934661865;0
852;ARM3_20220810_230000_012.wav;0;0.021525204181671143;0
853;ARM3_20220810_230000_013.wav;0;0.07472439855337143;0
854;ARM3_20220810_230000_014.wav;0;0.0171585101634264;0
855;ARM3_20220810_230000_015.wav;0;0.012832348234951496;0
856;ARM3_20220810_230000_016.wav;0;0.011768189258873463;0
857;ARM3_20220810_230000_017.wav;0;0.016985127702355385;0
858;ARM3_20220810_230000_018.wav;0;0.10118567943572998;0
859;ARM3_20220810_230000_019.wav;0;0.022626809775829315;0
860;ARM3_20220812_023000_000.wav;0;0.14634141325950623;0
861;ARM3_20220812_023000_001.wav;0;0.8663206696510315;0
862;ARM3_20220812_023000_002.wav;0;0.007083742879331112;0
863;ARM3_20220812_023000_003.wav;0;0.005607954226434231;0
864;ARM3_20220812_023000_004.wav;0;0.46732890605926514;0
865;ARM3_20220812_023000_005.wav;0;0.010520724579691887;0
866;ARM3_20220812_023000_006.wav;0;0.08880233019590378;0
867;ARM3_20220812_023000_007.wav;0;0.059070758521556854;0
868;ARM3_20220812_023000_008.wav;0;0.020596638321876526;0
869;ARM3_20220812_023000_009.wav;0;0.05948350951075554;0
870;ARM3_20220812_023000_010.wav;0;0.24732211232185364;0
871;ARM3_20220812_023000_011.wav;0;0.039953455328941345;0
872;ARM3_20220812_023000_012.wav;0;0.0164031945168972;0
873;ARM3_20220812_023000_013.wav;0;0.012471199035644531;0
874;ARM3_20220812_023000_014.wav;0;0.010916229337453842;0
875;ARM3_20220812_023000_015.wav;0;0.02526201494038105;0
876;ARM3_20220812_023000_016.wav;0;0.009423457086086273;0
877;ARM3_20220812_023000_017.wav;0;0.01987832598388195;0
878;ARM3_20220812_023000_018.wav;0;0.0051486133597791195;0
879;ARM3_20220812_023000_019.wav;0;0.07020212709903717;0
880;ARM3_20220812_103000_000.wav;0;0.07365957647562027;0
881;ARM3_20220812_103000_001.wav;0;0.654635488986969;0
882;ARM3_20220812_103000_002.wav;0;0.04743264988064766;0
883;ARM3_20220812_103000_003.wav;0;0.030903222039341927;0
884;ARM3_20220812_103000_004.wav;0;0.05049148574471474;0
885;ARM3_20220812_103000_005.wav;0;0.2814747393131256;0
886;ARM3_20220812_103000_006.wav;0;0.06081293150782585;0
887;ARM3_20220812_103000_007.wav;0;0.13487029075622559;0
888;ARM3_20220812_103000_008.wav;0;0.5809577703475952;0
889;ARM3_20220812_103000_009.wav;0;0.24786941707134247;0
890;ARM3_20220812_103000_010.wav;0;0.17890851199626923;0
891;ARM3_20220812_103000_011.wav;0;0.294691264629364;0
892;ARM3_20220812_103000_012.wav;0;0.23503325879573822;0
893;ARM3_20220812_103000_013.wav;0;0.04038040339946747;0
894;ARM3_20220812_103000_014.wav;0;0.12376824766397476;0
895;ARM3_20220812_103000_015.wav;0;0.03133247420191765;0
896;ARM3_20220812_103000_016.wav;0;0.2570872902870178;0
897;ARM3_20220812_103000_017.wav;0;0.8509404063224792;0
898;ARM3_20220812_103000_018.wav;0;0.6508724093437195;0
899;ARM3_20220812_103000_019.wav;0;0.7234990000724792;0
900;ARM3_20220814_200000_000.wav;0;0.30848872661590576;0
901;ARM3_20220814_200000_001.wav;0;0.10112901031970978;0
902;ARM3_20220814_200000_002.wav;0;0.024594509974122047;0
903;ARM3_20220814_200000_003.wav;0;0.033684223890304565;0
904;ARM3_20220814_200000_004.wav;0;0.1771165281534195;0
905;ARM3_20220814_200000_005.wav;0;0.04249700903892517;0
906;ARM3_20220814_200000_006.wav;0;0.07348845154047012;0
907;ARM3_20220814_200000_007.wav;0;0.20374320447444916;0
908;ARM3_20220814_200000_008.wav;0;0.09215212613344193;0
909;ARM3_20220814_200000_009.wav;0;0.33226311206817627;0
910;ARM3_20220814_200000_010.wav;0;0.4323842525482178;0
911;ARM3_20220814_200000_011.wav;0;0.08240044116973877;0
912;ARM3_20220814_200000_012.wav;0;0.19925595819950104;0
913;ARM3_20220814_200000_013.wav;0;0.057207733392715454;0
914;ARM3_20220814_200000_014.wav;0;0.12188975512981415;0
915;ARM3_20220814_200000_015.wav;0;0.03536509722471237;0
916;ARM3_20220814_200000_016.wav;0;0.026484455913305283;0
917;ARM3_20220814_200000_017.wav;0;0.07332044839859009;0
918;ARM3_20220814_200000_018.wav;0;0.1992506980895996;0
919;ARM3_20220814_200000_019.wav;0;0.06394807994365692;0
920;ARM3_20220815_150000_000.wav;0;0.26030299067497253;0
921;ARM3_20220815_150000_001.wav;0;0.035282522439956665;0
922;ARM3_20220815_150000_002.wav;0;0.10550697147846222;0
923;ARM3_20220815_150000_003.wav;0;0.04215487465262413;0
924;ARM3_20220815_150000_004.wav;0;0.027652502059936523;0
925;ARM3_20220815_150000_005.wav;0;0.1361027956008911;0
926;ARM3_20220815_150000_006.wav;0;0.1859533041715622;0
927;ARM3_20220815_150000_007.wav;0;0.9875794053077698;0
928;ARM3_20220815_150000_008.wav;0;0.8883486390113831;0
929;ARM3_20220815_150000_009.wav;0;0.7495409250259399;0
930;ARM3_20220815_150000_010.wav;0;0.7722628712654114;0
931;ARM3_20220815_150000_011.wav;0;0.6464041471481323;0
932;ARM3_20220815_150000_012.wav;0;0.9685947895050049;0
933;ARM3_20220815_150000_013.wav;0;0.9155800938606262;0
934;ARM3_20220815_150000_014.wav;0;0.9036160707473755;0
935;ARM3_20220815_150000_015.wav;0;0.9565704464912415;0
936;ARM3_20220815_150000_016.wav;0;0.9538198113441467;0
937;ARM3_20220815_150000_017.wav;0;0.9765039086341858;0
938;ARM3_20220815_150000_018.wav;0;0.9902521371841431;0
939;ARM3_20220815_150000_019.wav;0;0.9862343072891235;0
940;ARM3_20220817_060000_000.wav;0;0.05359935015439987;0
941;ARM3_20220817_060000_001.wav;0;0.19542767107486725;0
942;ARM3_20220817_060000_002.wav;0;0.5347363948822021;0
943;ARM3_20220817_060000_003.wav;0;0.6163098216056824;0
944;ARM3_20220817_060000_004.wav;0;0.07711445540189743;0
945;ARM3_20220817_060000_005.wav;0;0.048835791647434235;0
946;ARM3_20220817_060000_006.wav;0;0.14436832070350647;0
947;ARM3_20220817_060000_007.wav;0;0.6262998580932617;0
948;ARM3_20220817_060000_008.wav;0;0.4528207778930664;0
949;ARM3_20220817_060000_009.wav;0;0.8247345685958862;0
950;ARM3_20220817_060000_010.wav;0;0.21078430116176605;0
951;ARM3_20220817_060000_011.wav;0;0.4540853798389435;0
952;ARM3_20220817_060000_012.wav;0;0.23322735726833344;0
953;ARM3_20220817_060000_013.wav;0;0.30047672986984253;0
954;ARM3_20220817_060000_014.wav;0;0.3576012849807739;0
955;ARM3_20220817_060000_015.wav;0;0.3389667868614197;0
956;ARM3_20220817_060000_016.wav;0;0.4076298475265503;0
957;ARM3_20220817_060000_017.wav;0;0.780535101890564;0
958;ARM3_20220817_060000_018.wav;0;0.21697267889976501;0
959;ARM3_20220817_060000_019.wav;0;0.13185645639896393;0
960;MER1_20220617_161500_000.wav;0;0.27972933650016785;0
961;MER1_20220617_161500_001.wav;0;0.03792354837059975;0
962;MER1_20220617_161500_002.wav;0;0.05735171586275101;0
963;MER1_20220617_161500_003.wav;0;0.10381293296813965;0
964;MER1_20220617_161500_004.wav;0;0.1407018005847931;0
965;MER1_20220617_161500_005.wav;0;0.03022327832877636;0
966;MER1_20220617_161500_006.wav;0;0.37772831320762634;0
967;MER1_20220617_161500_007.wav;0;0.4130389392375946;0
968;MER1_20220617_161500_008.wav;0;0.08483996987342834;0
969;MER1_20220617_161500_009.wav;0;0.8320757150650024;0
970;MER1_20220617_161500_010.wav;0;0.10357244312763214;0
971;MER1_20220617_161500_011.wav;0;0.320112943649292;0
972;MER1_20220617_161500_012.wav;0;0.6127365827560425;0
973;MER1_20220617_161500_013.wav;0;0.5476709604263306;0
974;MER1_20220617_161500_014.wav;0;0.4317654073238373;0
975;MER1_20220617_161500_015.wav;0;0.2782411277294159;0
976;MER1_20220617_161500_016.wav;0;0.051214613020420074;0
977;MER1_20220617_161500_017.wav;0;0.1386735588312149;0
978;MER1_20220617_161500_018.wav;0;0.04442165419459343;0
979;MER1_20220617_161500_019.wav;0;0.23570741713047028;0
980;MER1_20220617_171500_000.wav;0;0.26913002133369446;0
981;MER1_20220617_171500_001.wav;0;0.11904678493738174;0
982;MER1_20220617_171500_002.wav;0;0.6712937355041504;0
983;MER1_20220617_171500_003.wav;0;0.5456560850143433;0
984;MER1_20220617_171500_004.wav;0;0.21188518404960632;0
985;MER1_20220617_171500_005.wav;0;0.6826262474060059;0
986;MER1_20220617_171500_006.wav;0;0.07881137728691101;0
987;MER1_20220617_171500_007.wav;0;0.2616978585720062;0
988;MER1_20220617_171500_008.wav;0;0.10065696388483047;0
989;MER1_20220617_171500_009.wav;0;0.0641460046172142;0
990;MER1_20220617_171500_010.wav;0;0.18157483637332916;0
991;MER1_20220617_171500_011.wav;0;0.08217500895261765;0
992;MER1_20220617_171500_012.wav;0;0.9327513575553894;0
993;MER1_20220617_171500_013.wav;0;0.12713798880577087;0
994;MER1_20220617_171500_014.wav;0;0.1345844566822052;0
995;MER1_20220617_171500_015.wav;0;0.17958936095237732;0
996;MER1_20220617_171500_016.wav;0;0.3045637905597687;0
997;MER1_20220617_171500_017.wav;0;0.3165976405143738;0
998;MER1_20220617_171500_018.wav;0;0.2810646891593933;0
999;MER1_20220617_171500_019.wav;0;0.07819869369268417;0
1000;MER1_20220619_083000_000.wav;0;0.3128803074359894;0
1001;MER1_20220619_083000_001.wav;0;0.15647368133068085;0
1002;MER1_20220619_083000_002.wav;0;0.0606042817234993;0
1003;MER1_20220619_083000_003.wav;0;0.5530518293380737;0
1004;MER1_20220619_083000_004.wav;0;0.8513363003730774;0
1005;MER1_20220619_083000_005.wav;0;0.1337582916021347;0
1006;MER1_20220619_083000_006.wav;0;0.08863263577222824;0
1007;MER1_20220619_083000_007.wav;0;0.27283328771591187;0
1008;MER1_20220619_083000_008.wav;0;0.27887022495269775;0
1009;MER1_20220619_083000_009.wav;0;0.8954806327819824;0
1010;MER1_20220619_083000_010.wav;0;0.45186537504196167;0
1011;MER1_20220619_083000_011.wav;0;0.33586058020591736;0
1012;MER1_20220619_083000_012.wav;0;0.44027209281921387;0
1013;MER1_20220619_083000_013.wav;0;0.09640999883413315;0
1014;MER1_20220619_083000_014.wav;0;0.9857217073440552;0
1015;MER1_20220619_083000_015.wav;0;0.9635308980941772;0
1016;MER1_20220619_083000_016.wav;0;0.34318622946739197;0
1017;MER1_20220619_083000_017.wav;0;0.7069161534309387;0
1018;MER1_20220619_083000_018.wav;0;0.6180198192596436;0
1019;MER1_20220619_083000_019.wav;0;0.9744088649749756;0
1020;MER1_20220619_214500_000.wav;0;0.10032039135694504;0
1021;MER1_20220619_214500_001.wav;0;0.030845239758491516;0
1022;MER1_20220619_214500_002.wav;0;0.17808924615383148;0
1023;MER1_20220619_214500_003.wav;0;0.05407169088721275;0
1024;MER1_20220619_214500_004.wav;0;0.03343961760401726;0
1025;MER1_20220619_214500_005.wav;0;0.3396453261375427;0
1026;MER1_20220619_214500_006.wav;0;0.019525989890098572;0
1027;MER1_20220619_214500_007.wav;0;0.19858041405677795;0
1028;MER1_20220619_214500_008.wav;0;0.06551134586334229;0
1029;MER1_20220619_214500_009.wav;0;0.31891170144081116;0
1030;MER1_20220619_214500_010.wav;0;0.09939683973789215;0
1031;MER1_20220619_214500_011.wav;0;0.17184770107269287;0
1032;MER1_20220619_214500_012.wav;0;0.1416170299053192;0
1033;MER1_20220619_214500_013.wav;0;0.09034685045480728;0
1034;MER1_20220619_214500_014.wav;0;0.062284424901008606;0
1035;MER1_20220619_214500_015.wav;0;0.1151476576924324;0
1036;MER1_20220619_214500_016.wav;0;0.26155880093574524;0
1037;MER1_20220619_214500_017.wav;0;0.1898001730442047;0
1038;MER1_20220619_214500_018.wav;0;0.05172159522771835;0
1039;MER1_20220619_214500_019.wav;0;0.10552707314491272;0
1040;MER1_20220619_220000_000.wav;0;0.11640714108943939;0
1041;MER1_20220619_220000_001.wav;0;0.6991613507270813;0
1042;MER1_20220619_220000_002.wav;0;0.12928447127342224;0
1043;MER1_20220619_220000_003.wav;0;0.14332269132137299;0
1044;MER1_20220619_220000_004.wav;0;0.15143489837646484;0
1045;MER1_20220619_220000_005.wav;0;0.14479708671569824;0
1046;MER1_20220619_220000_006.wav;0;0.07265617698431015;0
1047;MER1_20220619_220000_007.wav;0;0.07747337967157364;0
1048;MER1_20220619_220000_008.wav;0;0.02409401163458824;0
1049;MER1_20220619_220000_009.wav;0;0.08406858146190643;0
1050;MER1_20220619_220000_010.wav;0;0.017356866970658302;0
1051;MER1_20220619_220000_011.wav;0;0.4733808636665344;0
1052;MER1_20220619_220000_012.wav;0;0.031551260501146317;0
1053;MER1_20220619_220000_013.wav;0;0.08525627106428146;0
1054;MER1_20220619_220000_014.wav;0;0.11093885451555252;0
1055;MER1_20220619_220000_015.wav;0;0.09937796741724014;0
1056;MER1_20220619_220000_016.wav;0;0.13863249123096466;0
1057;MER1_20220619_220000_017.wav;0;0.1779833734035492;0
1058;MER1_20220619_220000_018.wav;0;0.054428305476903915;0
1059;MER1_20220619_220000_019.wav;0;0.020737815648317337;0
1060;MER1_20220621_014500_000.wav;0;0.36506223678588867;0
1061;MER1_20220621_014500_001.wav;0;0.334295392036438;0
1062;MER1_20220621_014500_002.wav;0;0.02308693528175354;0
1063;MER1_20220621_014500_003.wav;0;0.6849847435951233;0
1064;MER1_20220621_014500_004.wav;0;0.1124577447772026;0
1065;MER1_20220621_014500_005.wav;0;0.060586780309677124;0
1066;MER1_20220621_014500_006.wav;0;0.6209949851036072;0
1067;MER1_20220621_014500_007.wav;0;0.1639089286327362;0
1068;MER1_20220621_014500_008.wav;0;0.4953261613845825;0
1069;MER1_20220621_014500_009.wav;0;0.29370343685150146;0
1070;MER1_20220621_014500_010.wav;0;0.4186834990978241;0
1071;MER1_20220621_014500_011.wav;0;0.20226368308067322;0
1072;MER1_20220621_014500_012.wav;0;0.12250497937202454;0
1073;MER1_20220621_014500_013.wav;0;0.21306626498699188;0
1074;MER1_20220621_014500_014.wav;0;0.767539918422699;0
1075;MER1_20220621_014500_015.wav;0;0.21431908011436462;0
1076;MER1_20220621_014500_016.wav;0;0.26795846223831177;0
1077;MER1_20220621_014500_017.wav;0;0.3412315249443054;0
1078;MER1_20220621_014500_018.wav;0;0.30700093507766724;0
1079;MER1_20220621_014500_019.wav;0;0.47797539830207825;0
1080;MER1_20220621_054500_000.wav;0;0.3417329788208008;0
1081;MER1_20220621_054500_001.wav;0;0.4314201772212982;0
1082;MER1_20220621_054500_002.wav;0;0.26818475127220154;0
1083;MER1_20220621_054500_003.wav;0;0.17739509046077728;0
1084;MER1_20220621_054500_004.wav;0;0.13893729448318481;0
1085;MER1_20220621_054500_005.wav;0;0.043574877083301544;0
1086;MER1_20220621_054500_006.wav;0;0.09519629925489426;0
1087;MER1_20220621_054500_007.wav;0;0.0770687609910965;0
1088;MER1_20220621_054500_008.wav;0;0.0686497688293457;0
1089;MER1_20220621_054500_009.wav;0;0.0990426167845726;0
1090;MER1_20220621_054500_010.wav;0;0.1269073635339737;0
1091;MER1_20220621_054500_011.wav;0;0.3067118227481842;0
1092;MER1_20220621_054500_012.wav;0;0.08999629318714142;0
1093;MER1_20220621_054500_013.wav;0;0.3383258581161499;0
1094;MER1_20220621_054500_014.wav;0;0.03606230393052101;0
1095;MER1_20220621_054500_015.wav;0;0.4025800824165344;0
1096;MER1_20220621_054500_016.wav;0;0.07773168385028839;0
1097;MER1_20220621_054500_017.wav;0;0.05743751674890518;0
1098;MER1_20220621_054500_018.wav;0;0.2092614620923996;0
1099;MER1_20220621_054500_019.wav;0;0.37916144728660583;0
1100;MER1_20220621_114500_000.wav;0;0.5105644464492798;0
1101;MER1_20220621_114500_001.wav;0;0.5676524043083191;0
1102;MER1_20220621_114500_002.wav;0;0.30238860845565796;0
1103;MER1_20220621_114500_003.wav;0;0.08775844424962997;0
1104;MER1_20220621_114500_004.wav;0;0.14663855731487274;0
1105;MER1_20220621_114500_005.wav;0;0.3661057651042938;0
1106;MER1_20220621_114500_006.wav;0;0.13324135541915894;0
1107;MER1_20220621_114500_007.wav;0;0.27483704686164856;0
1108;MER1_20220621_114500_008.wav;0;0.3882281184196472;0
1109;MER1_20220621_114500_009.wav;0;0.6935667395591736;0
1110;MER1_20220621_114500_010.wav;0;0.1946159452199936;0
1111;MER1_20220621_114500_011.wav;0;0.4848668575286865;0
1112;MER1_20220621_114500_012.wav;0;0.09971435368061066;0
1113;MER1_20220621_114500_013.wav;0;0.334746390581131;0
1114;MER1_20220621_114500_014.wav;0;0.14822518825531006;0
1115;MER1_20220621_114500_015.wav;0;0.6100990176200867;0
1116;MER1_20220621_114500_016.wav;0;0.27336734533309937;0
1117;MER1_20220621_114500_017.wav;0;0.19619403779506683;0
1118;MER1_20220621_114500_018.wav;0;0.0842912420630455;0
1119;MER1_20220621_114500_019.wav;0;0.16542939841747284;0
1120;MER1_20220623_040000_000.wav;0;0.4220782220363617;0
1121;MER1_20220623_040000_001.wav;0;0.21363312005996704;0
1122;MER1_20220623_040000_002.wav;0;0.09805133938789368;0
1123;MER1_20220623_040000_003.wav;0;0.2643248736858368;0
1124;MER1_20220623_040000_004.wav;0;0.398298978805542;0
1125;MER1_20220623_040000_005.wav;0;0.07345075160264969;0
1126;MER1_20220623_040000_006.wav;0;0.14707313477993011;0
1127;MER1_20220623_040000_007.wav;0;0.2327265441417694;0
1128;MER1_20220623_040000_008.wav;0;0.3846534788608551;0
1129;MER1_20220623_040000_009.wav;0;0.10220451653003693;0
1130;MER1_20220623_040000_010.wav;0;0.572168231010437;0
1131;MER1_20220623_040000_011.wav;0;0.20658797025680542;0
1132;MER1_20220623_040000_012.wav;0;0.36601725220680237;0
1133;MER1_20220623_040000_013.wav;0;0.16511249542236328;0
1134;MER1_20220623_040000_014.wav;0;0.10439381003379822;0
1135;MER1_20220623_040000_015.wav;0;0.4083144962787628;0
1136;MER1_20220623_040000_016.wav;0;0.3773374557495117;0
1137;MER1_20220623_040000_017.wav;0;0.13792359828948975;0
1138;MER1_20220623_040000_018.wav;0;0.09362929314374924;0
1139;MER1_20220623_040000_019.wav;0;0.49676886200904846;0
1140;MER1_20220625_103000_000.wav;0;0.2801964282989502;0
1141;MER1_20220625_103000_001.wav;0;0.023417560383677483;0
1142;MER1_20220625_103000_002.wav;0;0.07561848312616348;0
1143;MER1_20220625_103000_003.wav;0;0.0904088094830513;0
1144;MER1_20220625_103000_004.wav;0;0.05580770969390869;0
1145;MER1_20220625_103000_005.wav;0;0.07802863419055939;0
1146;MER1_20220625_103000_006.wav;0;0.1367388367652893;0
1147;MER1_20220625_103000_007.wav;0;0.11511175334453583;0
1148;MER1_20220625_103000_008.wav;0;0.13997584581375122;0
1149;MER1_20220625_103000_009.wav;0;0.010224035941064358;0
1150;MER1_20220625_103000_010.wav;0;0.13308267295360565;0
1151;MER1_20220625_103000_011.wav;0;0.3482787609100342;0
1152;MER1_20220625_103000_012.wav;0;0.2919568419456482;0
1153;MER1_20220625_103000_013.wav;0;0.3185877203941345;0
1154;MER1_20220625_103000_014.wav;0;0.06004796177148819;0
1155;MER1_20220625_103000_015.wav;0;0.06497231870889664;0
1156;MER1_20220625_103000_016.wav;0;0.20016451179981232;0
1157;MER1_20220625_103000_017.wav;0;0.04891417175531387;0
1158;MER1_20220625_103000_018.wav;0;0.19637423753738403;0
1159;MER1_20220625_103000_019.wav;0;0.15710753202438354;0
1160;MER1_20220625_160000_000.wav;0;0.02733681909739971;0
1161;MER1_20220625_160000_001.wav;0;0.04733646661043167;0
1162;MER1_20220625_160000_002.wav;0;0.16664795577526093;0
1163;MER1_20220625_160000_003.wav;0;0.040354155004024506;0
1164;MER1_20220625_160000_004.wav;0;0.0378086119890213;0
1165;MER1_20220625_160000_005.wav;0;0.18282392621040344;0
1166;MER1_20220625_160000_006.wav;0;0.2135871946811676;0
1167;MER1_20220625_160000_007.wav;0;0.03488590195775032;0
1168;MER1_20220625_160000_008.wav;0;0.04089171811938286;0
1169;MER1_20220625_160000_009.wav;0;0.09757110476493835;0
1170;MER1_20220625_160000_010.wav;0;0.08586494624614716;0
1171;MER1_20220625_160000_011.wav;0;0.019395943731069565;0
1172;MER1_20220625_160000_012.wav;0;0.1564013957977295;0
1173;MER1_20220625_160000_013.wav;0;0.0497182235121727;0
1174;MER1_20220625_160000_014.wav;0;0.08990007638931274;0
1175;MER1_20220625_160000_015.wav;0;0.03027619980275631;0
1176;MER1_20220625_160000_016.wav;0;0.18598175048828125;0
1177;MER1_20220625_160000_017.wav;0;0.4794813096523285;0
1178;MER1_20220625_160000_018.wav;0;0.018673118203878403;0
1179;MER1_20220625_160000_019.wav;0;0.12225908041000366;0
1180;MER1_20220625_234500_000.wav;0;0.3293987810611725;0
1181;MER1_20220625_234500_001.wav;0;0.4586126208305359;0
1182;MER1_20220625_234500_002.wav;0;0.5995974540710449;0
1183;MER1_20220625_234500_003.wav;0;0.4136841297149658;0
1184;MER1_20220625_234500_004.wav;0;0.16705599427223206;0
1185;MER1_20220625_234500_005.wav;0;0.491366446018219;0
1186;MER1_20220625_234500_006.wav;0;0.530918300151825;0
1187;MER1_20220625_234500_007.wav;0;0.16109779477119446;0
1188;MER1_20220625_234500_008.wav;0;0.558006227016449;0
1189;MER1_20220625_234500_009.wav;0;0.23988330364227295;0
1190;MER1_20220625_234500_010.wav;0;0.8137223124504089;0
1191;MER1_20220625_234500_011.wav;0;0.18637150526046753;0
1192;MER1_20220625_234500_012.wav;0;0.41375410556793213;0
1193;MER1_20220625_234500_013.wav;0;0.17872408032417297;0
1194;MER1_20220625_234500_014.wav;0;0.5195586085319519;0
1195;MER1_20220625_234500_015.wav;0;0.39641815423965454;0
1196;MER1_20220625_234500_016.wav;0;0.3954464793205261;0
1197;MER1_20220625_234500_017.wav;0;0.11888156086206436;0
1198;MER1_20220625_234500_018.wav;0;0.11533525586128235;0
1199;MER1_20220625_234500_019.wav;0;0.46433955430984497;0
1200;MER1_20220701_134500_000.wav;0;0.18499711155891418;0
1201;MER1_20220701_134500_001.wav;0;0.40251457691192627;0
1202;MER1_20220701_134500_002.wav;0;0.38769397139549255;0
1203;MER1_20220701_134500_003.wav;0;0.38983458280563354;0
1204;MER1_20220701_134500_004.wav;0;0.051588743925094604;0
1205;MER1_20220701_134500_005.wav;0;0.49016642570495605;0
1206;MER1_20220701_134500_006.wav;0;0.2741726338863373;0
1207;MER1_20220701_134500_007.wav;0;0.8704185485839844;0
1208;MER1_20220701_134500_008.wav;0;0.6073908805847168;0
1209;MER1_20220701_134500_009.wav;0;0.8426183462142944;0
1210;MER1_20220701_134500_010.wav;0;0.6155757308006287;0
1211;MER1_20220701_134500_011.wav;0;0.07229509204626083;0
1212;MER1_20220701_134500_012.wav;0;0.39542368054389954;0
1213;MER1_20220701_134500_013.wav;0;0.3201753795146942;0
1214;MER1_20220701_134500_014.wav;0;0.29836249351501465;0
1215;MER1_20220701_134500_015.wav;0;0.09038404375314713;0
1216;MER1_20220701_134500_016.wav;0;0.6972275376319885;0
1217;MER1_20220701_134500_017.wav;0;0.027203161269426346;0
1218;MER1_20220701_134500_018.wav;0;0.21996504068374634;0
1219;MER1_20220701_134500_019.wav;0;0.24216113984584808;0
1220;MER1_20220703_064500_000.wav;0;0.19174373149871826;0
1221;MER1_20220703_064500_001.wav;0;0.0787678062915802;0
1222;MER1_20220703_064500_002.wav;0;0.04518824443221092;0
1223;MER1_20220703_064500_003.wav;0;0.014938817359507084;0
1224;MER1_20220703_064500_004.wav;0;0.06153746321797371;0
1225;MER1_20220703_064500_005.wav;0;0.0820835754275322;0
1226;MER1_20220703_064500_006.wav;0;0.07371822744607925;0
1227;MER1_20220703_064500_007.wav;0;0.029932331293821335;0
1228;MER1_20220703_064500_008.wav;0;0.1455700546503067;0
1229;MER1_20220703_064500_009.wav;0;0.1637406200170517;0
1230;MER1_20220703_064500_010.wav;0;0.22315266728401184;0
1231;MER1_20220703_064500_011.wav;0;0.07220438867807388;0
1232;MER1_20220703_064500_012.wav;0;0.0613509900867939;0
1233;MER1_20220703_064500_013.wav;0;0.09942009299993515;0
1234;MER1_20220703_064500_014.wav;0;0.09503702819347382;0
1235;MER1_20220703_064500_015.wav;0;0.41211673617362976;0
1236;MER1_20220703_064500_016.wav;0;0.08566915988922119;0
1237;MER1_20220703_064500_017.wav;0;0.05168256536126137;0
1238;MER1_20220703_064500_018.wav;0;0.1382858157157898;0
1239;MER1_20220703_064500_019.wav;0;0.11567816138267517;0
1240;MER1_20220703_080000_000.wav;0;0.785933792591095;0
1241;MER1_20220703_080000_001.wav;0;0.7891815900802612;0
1242;MER1_20220703_080000_002.wav;0;0.8155972957611084;0
1243;MER1_20220703_080000_003.wav;0;0.7398250102996826;0
1244;MER1_20220703_080000_004.wav;0;0.7058876752853394;0
1245;MER1_20220703_080000_005.wav;0;0.9165868163108826;0
1246;MER1_20220703_080000_006.wav;0;0.5684689283370972;0
1247;MER1_20220703_080000_007.wav;0;0.7590230107307434;0
1248;MER1_20220703_080000_008.wav;0;0.775526762008667;0
1249;MER1_20220703_080000_009.wav;0;0.8527292609214783;0
1250;MER1_20220703_080000_010.wav;0;0.8984151482582092;0
1251;MER1_20220703_080000_011.wav;0;0.9421086311340332;0
1252;MER1_20220703_080000_012.wav;0;0.9542549252510071;0
1253;MER1_20220703_080000_013.wav;0;0.913093090057373;0
1254;MER1_20220703_080000_014.wav;0;0.8654925227165222;0
1255;MER1_20220703_080000_015.wav;0;0.9337264895439148;0
1256;MER1_20220703_080000_016.wav;0;0.9328932762145996;0
1257;MER1_20220703_080000_017.wav;0;0.9067488312721252;0
1258;MER1_20220703_080000_018.wav;0;0.7545920610427856;0
1259;MER1_20220703_080000_019.wav;0;0.8779699802398682;0
1260;MER1_20220705_114500_000.wav;0;0.055137161165475845;0
1261;MER1_20220705_114500_001.wav;0;0.10794200748205185;0
1262;MER1_20220705_114500_002.wav;0;0.06508569419384003;0
1263;MER1_20220705_114500_003.wav;0;0.06870148330926895;0
1264;MER1_20220705_114500_004.wav;0;0.00903802365064621;0
1265;MER1_20220705_114500_005.wav;0;0.1899401992559433;0
1266;MER1_20220705_114500_006.wav;0;0.10507403314113617;0
1267;MER1_20220705_114500_007.wav;0;0.07204349339008331;0
1268;MER1_20220705_114500_008.wav;0;0.7972160577774048;0
1269;MER1_20220705_114500_009.wav;0;0.48304229974746704;0
1270;MER1_20220705_114500_010.wav;0;0.16558486223220825;0
1271;MER1_20220705_114500_011.wav;0;0.030902311205863953;0
1272;MER1_20220705_114500_012.wav;0;0.092294842004776;0
1273;MER1_20220705_114500_013.wav;0;0.32433825731277466;0
1274;MER1_20220705_114500_014.wav;0;0.04257282614707947;0
1275;MER1_20220705_114500_015.wav;0;0.08753370493650436;0
1276;MER1_20220705_114500_016.wav;0;0.09404829889535904;0
1277;MER1_20220705_114500_017.wav;0;0.5468916296958923;0
1278;MER1_20220705_114500_018.wav;0;0.13784199953079224;0
1279;MER1_20220705_114500_019.wav;0;0.5777881145477295;0
1280;MER1_20220717_131500_000.wav;0;0.4136752784252167;0
1281;MER1_20220717_131500_001.wav;0;0.12147438526153564;0
1282;MER1_20220717_131500_002.wav;0;0.48854222893714905;0
1283;MER1_20220717_131500_003.wav;0;0.6013516783714294;0
1284;MER1_20220717_131500_004.wav;0;0.5940731167793274;0
1285;MER1_20220717_131500_005.wav;0;0.6656182408332825;0
1286;MER1_20220717_131500_006.wav;0;0.7514947056770325;0
1287;MER1_20220717_131500_007.wav;0;0.5413886904716492;0
1288;MER1_20220717_131500_008.wav;0;0.5596640706062317;0
1289;MER1_20220717_131500_009.wav;0;0.16617459058761597;0
1290;MER1_20220717_131500_010.wav;0;0.7058406472206116;0
1291;MER1_20220717_131500_011.wav;0;0.4882102310657501;0
1292;MER1_20220717_131500_012.wav;0;0.3285304009914398;0
1293;MER1_20220717_131500_013.wav;0;0.14552129805088043;0
1294;MER1_20220717_131500_014.wav;0;0.018942389637231827;0
1295;MER1_20220717_131500_015.wav;0;0.10775591433048248;0
1296;MER1_20220717_131500_016.wav;0;0.7446085214614868;0
1297;MER1_20220717_131500_017.wav;0;0.29628828167915344;0
1298;MER1_20220717_131500_018.wav;0;0.3907127380371094;0
1299;MER1_20220717_131500_019.wav;0;0.35678327083587646;0
1300;MER1_20220717_233000_000.wav;0;0.1769922524690628;0
1301;MER1_20220717_233000_001.wav;0;0.1823597550392151;0
1302;MER1_20220717_233000_002.wav;0;0.4966866374015808;0
1303;MER1_20220717_233000_003.wav;0;0.6285465955734253;0
1304;MER1_20220717_233000_004.wav;0;0.29659250378608704;0
1305;MER1_20220717_233000_005.wav;0;0.2689429223537445;0
1306;MER1_20220717_233000_006.wav;0;0.14419350028038025;0
1307;MER1_20220717_233000_007.wav;0;0.7180095314979553;0
1308;MER1_20220717_233000_008.wav;0;0.3820015490055084;0
1309;MER1_20220717_233000_009.wav;0;0.20293070375919342;0
1310;MER1_20220717_233000_010.wav;0;0.2895447909832001;0
1311;MER1_20220717_233000_011.wav;0;0.2517326772212982;0
1312;MER1_20220717_233000_012.wav;0;0.25959157943725586;0
1313;MER1_20220717_233000_013.wav;0;0.5400246381759644;0
1314;MER1_20220717_233000_014.wav;0;0.8375457525253296;0
1315;MER1_20220717_233000_015.wav;0;0.8690917491912842;0
1316;MER1_20220717_233000_016.wav;0;0.8053457140922546;0
1317;MER1_20220717_233000_017.wav;0;0.906401515007019;0
1318;MER1_20220717_233000_018.wav;0;0.6678467392921448;0
1319;MER1_20220717_233000_019.wav;0;0.5116434693336487;0
1320;MER1_20220719_040000_000.wav;0;0.8853704333305359;0
1321;MER1_20220719_040000_001.wav;0;0.8772108554840088;0
1322;MER1_20220719_040000_002.wav;0;0.8041756749153137;0
1323;MER1_20220719_040000_003.wav;0;0.87163907289505;0
1324;MER1_20220719_040000_004.wav;0;0.9142661094665527;0
1325;MER1_20220719_040000_005.wav;0;0.19259604811668396;0
1326;MER1_20220719_040000_006.wav;0;0.7395204305648804;0
1327;MER1_20220719_040000_007.wav;0;0.5492487549781799;0
1328;MER1_20220719_040000_008.wav;0;0.7856444716453552;0
1329;MER1_20220719_040000_009.wav;0;0.5020421147346497;0
1330;MER1_20220719_040000_010.wav;0;0.746135950088501;0
1331;MER1_20220719_040000_011.wav;0;0.3762221038341522;0
1332;MER1_20220719_040000_012.wav;0;0.5506380200386047;0
1333;MER1_20220719_040000_013.wav;0;0.25358110666275024;0
1334;MER1_20220719_040000_014.wav;0;0.8549822568893433;0
1335;MER1_20220719_040000_015.wav;0;0.47232580184936523;0
1336;MER1_20220719_040000_016.wav;0;0.46637558937072754;0
1337;MER1_20220719_040000_017.wav;0;0.5249315500259399;0
1338;MER1_20220719_040000_018.wav;0;0.4130505919456482;0
1339;MER1_20220719_040000_019.wav;0;0.04355284199118614;0
1340;MER1_20220719_184500_000.wav;0;0.93486487865448;1
1341;MER1_20220719_184500_001.wav;0;0.9765967726707458;1
1342;MER1_20220719_184500_002.wav;0;0.9367998242378235;1
1343;MER1_20220719_184500_003.wav;0;0.8878225088119507;1
1344;MER1_20220719_184500_004.wav;0;0.9132156372070312;1
1345;MER1_20220719_184500_005.wav;0;0.9102425575256348;1
1346;MER1_20220719_184500_006.wav;0;0.5343406200408936;1
1347;MER1_20220719_184500_007.wav;0;0.9139971137046814;1
1348;MER1_20220719_184500_008.wav;0;0.8842333555221558;1
1349;MER1_20220719_184500_009.wav;0;0.9104849100112915;1
1350;MER1_20220719_184500_010.wav;0;0.9787980914115906;1
1351;MER1_20220719_184500_011.wav;0;0.9115620851516724;1
1352;MER1_20220719_184500_012.wav;0;0.8769217729568481;1
1353;MER1_20220719_184500_013.wav;0;0.881268322467804;1
1354;MER1_20220719_184500_014.wav;0;0.9093825817108154;1
1355;MER1_20220719_184500_015.wav;0;0.9095225930213928;1
1356;MER1_20220719_184500_016.wav;0;0.9589899182319641;1
1357;MER1_20220719_184500_017.wav;0;0.9105361104011536;1
1358;MER1_20220719_184500_018.wav;0;0.927389919757843;1
1359;MER1_20220719_184500_019.wav;0;0.8279141187667847;1
1360;MER1_20220719_220000_000.wav;0;0.8521607518196106;0
1361;MER1_20220719_220000_001.wav;0;0.11273753643035889;0
1362;MER1_20220719_220000_002.wav;0;0.3428334593772888;0
1363;MER1_20220719_220000_003.wav;0;0.5343174338340759;0
1364;MER1_20220719_220000_004.wav;0;0.46938303112983704;0
1365;MER1_20220719_220000_005.wav;0;0.35077401995658875;0
1366;MER1_20220719_220000_006.wav;0;0.563662588596344;0
1367;MER1_20220719_220000_007.wav;0;0.2557641863822937;0
1368;MER1_20220719_220000_008.wav;0;0.2905730605125427;0
1369;MER1_20220719_220000_009.wav;0;0.5625728964805603;0
1370;MER1_20220719_220000_010.wav;0;0.03184540942311287;0
1371;MER1_20220719_220000_011.wav;0;0.13776233792304993;0
1372;MER1_20220719_220000_012.wav;0;0.4763863980770111;0
1373;MER1_20220719_220000_013.wav;0;0.022104954347014427;0
1374;MER1_20220719_220000_014.wav;0;0.5713109374046326;0
1375;MER1_20220719_220000_015.wav;0;0.06225135549902916;0
1376;MER1_20220719_220000_016.wav;0;0.09359338134527206;0
1377;MER1_20220719_220000_017.wav;0;0.03322993963956833;0
1378;MER1_20220719_220000_018.wav;0;0.06899586319923401;0
1379;MER1_20220719_220000_019.wav;0;0.03428736329078674;0
1380;MER1_20220723_053000_000.wav;0;0.7692012190818787;0
1381;MER1_20220723_053000_001.wav;0;0.7059996724128723;0
1382;MER1_20220723_053000_002.wav;0;0.8863434791564941;0
1383;MER1_20220723_053000_003.wav;0;0.8754456043243408;0
1384;MER1_20220723_053000_004.wav;0;0.9390028119087219;0
1385;MER1_20220723_053000_005.wav;0;0.990250289440155;0
1386;MER1_20220723_053000_006.wav;0;0.9843615293502808;0
1387;MER1_20220723_053000_007.wav;0;0.9646230340003967;0
1388;MER1_20220723_053000_008.wav;0;0.9575345516204834;0
1389;MER1_20220723_053000_009.wav;0;0.99309241771698;0
1390;MER1_20220723_053000_010.wav;0;0.899097740650177;0
1391;MER1_20220723_053000_011.wav;0;0.9765815734863281;0
1392;MER1_20220723_053000_012.wav;0;0.9921154379844666;0
1393;MER1_20220723_053000_013.wav;0;0.9757005572319031;0
1394;MER1_20220723_053000_014.wav;0;0.987138032913208;0
1395;MER1_20220723_053000_015.wav;0;0.9875081181526184;0
1396;MER1_20220723_053000_016.wav;0;0.9029682278633118;0
1397;MER1_20220723_053000_017.wav;0;0.8911628127098083;0
1398;MER1_20220723_053000_018.wav;0;0.9236963987350464;0
1399;MER1_20220723_053000_019.wav;0;0.8724840879440308;0
1400;MER1_20220725_023000_000.wav;0;0.4261470437049866;0
1401;MER1_20220725_023000_001.wav;0;0.16687917709350586;0
1402;MER1_20220725_023000_002.wav;0;0.1633148342370987;0
1403;MER1_20220725_023000_003.wav;0;0.6911571621894836;0
1404;MER1_20220725_023000_004.wav;0;0.2517052888870239;0
1405;MER1_20220725_023000_005.wav;0;0.3486670255661011;0
1406;MER1_20220725_023000_006.wav;0;0.35834312438964844;0
1407;MER1_20220725_023000_007.wav;0;0.688221275806427;0
1408;MER1_20220725_023000_008.wav;0;0.17545802891254425;0
1409;MER1_20220725_023000_009.wav;0;0.24224594235420227;0
1410;MER1_20220725_023000_010.wav;0;0.06063442677259445;0
1411;MER1_20220725_023000_011.wav;0;0.1501607745885849;0
1412;MER1_20220725_023000_012.wav;0;0.20350097119808197;0
1413;MER1_20220725_023000_013.wav;0;0.09558562934398651;0
1414;MER1_20220725_023000_014.wav;0;0.27698415517807007;0
1415;MER1_20220725_023000_015.wav;0;0.11562858521938324;0
1416;MER1_20220725_023000_016.wav;0;0.5222753882408142;0
1417;MER1_20220725_023000_017.wav;0;0.3386579155921936;0
1418;MER1_20220725_023000_018.wav;0;0.7903637886047363;0
1419;MER1_20220725_023000_019.wav;0;0.5980993509292603;0
1420;MER1_20220725_130000_000.wav;0;0.2581828832626343;0
1421;MER1_20220725_130000_001.wav;0;0.19464465975761414;0
1422;MER1_20220725_130000_002.wav;0;0.3232836127281189;0
1423;MER1_20220725_130000_003.wav;0;0.6434165239334106;0
1424;MER1_20220725_130000_004.wav;0;0.08527939021587372;0
1425;MER1_20220725_130000_005.wav;0;0.11650746315717697;0
1426;MER1_20220725_130000_006.wav;0;0.10718370974063873;0
1427;MER1_20220725_130000_007.wav;0;0.790753960609436;0
1428;MER1_20220725_130000_008.wav;0;0.6194625496864319;0
1429;MER1_20220725_130000_009.wav;0;0.46064281463623047;0
1430;MER1_20220725_130000_010.wav;0;0.8424301743507385;0
1431;MER1_20220725_130000_011.wav;0;0.7865159511566162;0
1432;MER1_20220725_130000_012.wav;0;0.7545279860496521;0
1433;MER1_20220725_130000_013.wav;0;0.778678834438324;0
1434;MER1_20220725_130000_014.wav;0;0.07612954080104828;0
1435;MER1_20220725_130000_015.wav;0;0.8926347494125366;1
1436;MER1_20220725_130000_016.wav;0;0.9538015127182007;1
1437;MER1_20220725_130000_017.wav;0;0.9627843499183655;1
1438;MER1_20220725_130000_018.wav;0;0.5886712074279785;0
1439;MER1_20220725_130000_019.wav;0;0.7694541811943054;0
1440;MER1_20220802_074500_000.wav;0;0.7428185343742371;0
1441;MER1_20220802_074500_001.wav;0;0.9828749895095825;1
1442;MER1_20220802_074500_002.wav;0;0.9825191497802734;1
1443;MER1_20220802_074500_003.wav;0;0.06548544764518738;1
1444;MER1_20220802_074500_004.wav;0;0.9671682119369507;1
1445;MER1_20220802_074500_005.wav;0;0.19771088659763336;1
1446;MER1_20220802_074500_006.wav;0;0.9587791562080383;1
1447;MER1_20220802_074500_007.wav;0;0.9216552972793579;1
1448;MER1_20220802_074500_008.wav;0;0.9416955709457397;1
1449;MER1_20220802_074500_009.wav;0;0.9171791076660156;1
1450;MER1_20220802_074500_010.wav;0;0.7944687604904175;0
1451;MER1_20220802_074500_011.wav;0;0.2474706619977951;0
1452;MER1_20220802_074500_012.wav;0;0.17803829908370972;0
1453;MER1_20220802_074500_013.wav;0;0.9194929003715515;0
1454;MER1_20220802_074500_014.wav;0;0.7212480306625366;0
1455;MER1_20220802_074500_015.wav;0;0.11995106935501099;0
1456;MER1_20220802_074500_016.wav;0;0.04451514035463333;0
1457;MER1_20220802_074500_017.wav;0;0.0766313374042511;0
1458;MER1_20220802_074500_018.wav;0;0.28333619236946106;0
1459;MER1_20220802_074500_019.wav;0;0.20556455850601196;0
1460;MER1_20220802_223000_000.wav;0;0.8652334809303284;0
1461;MER1_20220802_223000_001.wav;0;0.7762701511383057;0
1462;MER1_20220802_223000_002.wav;0;0.6850880980491638;0
1463;MER1_20220802_223000_003.wav;0;0.1875627487897873;0
1464;MER1_20220802_223000_004.wav;0;0.31439125537872314;0
1465;MER1_20220802_223000_005.wav;0;0.31965404748916626;0
1466;MER1_20220802_223000_006.wav;0;0.7209309339523315;0
1467;MER1_20220802_223000_007.wav;0;0.5255880951881409;0
1468;MER1_20220802_223000_008.wav;0;0.1742066890001297;0
1469;MER1_20220802_223000_009.wav;0;0.8435436487197876;0
1470;MER1_20220802_223000_010.wav;0;0.6338980197906494;0
1471;MER1_20220802_223000_011.wav;0;0.4392486810684204;0
1472;MER1_20220802_223000_012.wav;0;0.26363953948020935;0
1473;MER1_20220802_223000_013.wav;0;0.6474950909614563;0
1474;MER1_20220802_223000_014.wav;0;0.9021824598312378;0
1475;MER1_20220802_223000_015.wav;0;0.8321115374565125;0
1476;MER1_20220802_223000_016.wav;0;0.8677783012390137;0
1477;MER1_20220802_223000_017.wav;0;0.5531094074249268;0
1478;MER1_20220802_223000_018.wav;0;0.06992361694574356;0
1479;MER1_20220802_223000_019.wav;0;0.2784091532230377;0
1480;MER1_20220804_010000_000.wav;0;0.17827753722667694;0
1481;MER1_20220804_010000_001.wav;0;0.14475847780704498;0
1482;MER1_20220804_010000_002.wav;0;0.132350891828537;0
1483;MER1_20220804_010000_003.wav;0;0.27000656723976135;0
1484;MER1_20220804_010000_004.wav;0;0.7228497862815857;0
1485;MER1_20220804_010000_005.wav;0;0.7150436639785767;0
1486;MER1_20220804_010000_006.wav;0;0.16652968525886536;0
1487;MER1_20220804_010000_007.wav;0;0.3317395746707916;0
1488;MER1_20220804_010000_008.wav;0;0.6051008105278015;0
1489;MER1_20220804_010000_009.wav;0;0.8253215551376343;0
1490;MER1_20220804_010000_010.wav;0;0.49092039465904236;0
1491;MER1_20220804_010000_011.wav;0;0.6495925784111023;0
1492;MER1_20220804_010000_012.wav;0;0.48750364780426025;0
1493;MER1_20220804_010000_013.wav;0;0.2734520733356476;0
1494;MER1_20220804_010000_014.wav;0;0.7238318920135498;0
1495;MER1_20220804_010000_015.wav;0;0.18004949390888214;0
1496;MER1_20220804_010000_016.wav;0;0.196161150932312;0
1497;MER1_20220804_010000_017.wav;0;0.5403839945793152;0
1498;MER1_20220804_010000_018.wav;0;0.30181992053985596;0
1499;MER1_20220804_010000_019.wav;0;0.16125309467315674;0
1500;MER1_20220808_231500_000.wav;0;0.2087291181087494;0
1501;MER1_20220808_231500_001.wav;0;0.2847984731197357;0
1502;MER1_20220808_231500_002.wav;0;0.5166371464729309;0
1503;MER1_20220808_231500_003.wav;0;0.7006700038909912;0
1504;MER1_20220808_231500_004.wav;0;0.8714797496795654;0
1505;MER1_20220808_231500_005.wav;0;0.8674795627593994;0
1506;MER1_20220808_231500_006.wav;0;0.8667511940002441;0
1507;MER1_20220808_231500_007.wav;0;0.7979898452758789;0
1508;MER1_20220808_231500_008.wav;0;0.8772968649864197;0
1509;MER1_20220808_231500_009.wav;0;0.1793103814125061;0
1510;MER1_20220808_231500_010.wav;0;0.847968339920044;0
1511;MER1_20220808_231500_011.wav;0;0.9192061424255371;0
1512;MER1_20220808_231500_012.wav;0;0.9000155329704285;0
1513;MER1_20220808_231500_013.wav;0;0.928841769695282;0
1514;MER1_20220808_231500_014.wav;0;0.947637677192688;0
1515;MER1_20220808_231500_015.wav;0;0.673500120639801;0
1516;MER1_20220808_231500_016.wav;0;0.8527418375015259;0
1517;MER1_20220808_231500_017.wav;0;0.8359977602958679;0
1518;MER1_20220808_231500_018.wav;0;0.3562784790992737;0
1519;MER1_20220808_231500_019.wav;0;0.39244747161865234;0
1520;MER1_20220810_170000_000.wav;0;0.41506892442703247;0
1521;MER1_20220810_170000_001.wav;0;0.5394385457038879;0
1522;MER1_20220810_170000_002.wav;0;0.38940197229385376;0
1523;MER1_20220810_170000_003.wav;0;0.21677139401435852;0
1524;MER1_20220810_170000_004.wav;0;0.15471893548965454;0
1525;MER1_20220810_170000_005.wav;0;0.13495062291622162;0
1526;MER1_20220810_170000_006.wav;0;0.5252541303634644;0
1527;MER1_20220810_170000_007.wav;0;0.7558538913726807;0
1528;MER1_20220810_170000_008.wav;0;0.6157742738723755;0
1529;MER1_20220810_170000_009.wav;0;0.794471025466919;0
1530;MER1_20220810_170000_010.wav;0;0.09778846800327301;0
1531;MER1_20220810_170000_011.wav;0;0.12325773388147354;0
1532;MER1_20220810_170000_012.wav;0;0.5642039179801941;0
1533;MER1_20220810_170000_013.wav;0;0.3062593936920166;0
1534;MER1_20220810_170000_014.wav;0;0.17709079384803772;0
1535;MER1_20220810_170000_015.wav;0;0.8275306820869446;0
1536;MER1_20220810_170000_016.wav;0;0.5743486881256104;0
1537;MER1_20220810_170000_017.wav;0;0.24334098398685455;0
1538;MER1_20220810_170000_018.wav;0;0.08471129834651947;0
1539;MER1_20220810_170000_019.wav;0;0.9040971994400024;0
1540;MER1_20220812_101500_000.wav;0;0.08336256444454193;0
1541;MER1_20220812_101500_001.wav;0;0.01510465145111084;0
1542;MER1_20220812_101500_002.wav;0;0.18621008098125458;0
1543;MER1_20220812_101500_003.wav;0;0.0337919257581234;0
1544;MER1_20220812_101500_004.wav;0;0.04749762639403343;0
1545;MER1_20220812_101500_005.wav;0;0.20951823890209198;0
1546;MER1_20220812_101500_006.wav;0;0.03324098885059357;0
1547;MER1_20220812_101500_007.wav;0;0.12395890057086945;0
1548;MER1_20220812_101500_008.wav;0;0.037670981138944626;0
1549;MER1_20220812_101500_009.wav;0;0.04455334693193436;0
1550;MER1_20220812_101500_010.wav;0;0.04001207649707794;0
1551;MER1_20220812_101500_011.wav;0;0.024841705337166786;0
1552;MER1_20220812_101500_012.wav;0;0.10856861621141434;0
1553;MER1_20220812_101500_013.wav;0;0.05009479820728302;0
1554;MER1_20220812_101500_014.wav;0;0.05902104452252388;0
1555;MER1_20220812_101500_015.wav;0;0.253974586725235;0
1556;MER1_20220812_101500_016.wav;0;0.06804979592561722;0
1557;MER1_20220812_101500_017.wav;0;0.4346105754375458;0
1558;MER1_20220812_101500_018.wav;0;0.020531926304101944;0
1559;MER1_20220812_101500_019.wav;0;0.0604923740029335;0
1560;MER1_20220816_231500_000.wav;0;0.007479037158191204;0
1561;MER1_20220816_231500_001.wav;0;0.08580945432186127;0
1562;MER1_20220816_231500_002.wav;0;0.08375397324562073;0
1563;MER1_20220816_231500_003.wav;0;0.01856379769742489;0
1564;MER1_20220816_231500_004.wav;0;0.03719574585556984;0
1565;MER1_20220816_231500_005.wav;0;0.0068655917420983315;0
1566;MER1_20220816_231500_006.wav;0;0.11551155149936676;0
1567;MER1_20220816_231500_007.wav;0;0.03843327611684799;0
1568;MER1_20220816_231500_008.wav;0;0.01315962802618742;0
1569;MER1_20220816_231500_009.wav;0;0.040097735822200775;0
1570;MER1_20220816_231500_010.wav;0;0.06562317162752151;0
1571;MER1_20220816_231500_011.wav;0;0.06545054167509079;0
1572;MER1_20220816_231500_012.wav;0;0.027294384315609932;0
1573;MER1_20220816_231500_013.wav;0;0.07424226403236389;0
1574;MER1_20220816_231500_014.wav;0;0.0956316888332367;0
1575;MER1_20220816_231500_015.wav;0;0.0639592856168747;0
1576;MER1_20220816_231500_016.wav;0;0.3720399737358093;0
1577;MER1_20220816_231500_017.wav;0;0.09369751065969467;0
1578;MER1_20220816_231500_018.wav;0;0.08062566816806793;0
1579;MER1_20220816_231500_019.wav;0;0.19567063450813293;0
1580;MER1_20220820_151500_000.wav;0;0.05549228936433792;0
1581;MER1_20220820_151500_001.wav;0;0.14537471532821655;0
1582;MER1_20220820_151500_002.wav;0;0.10554419457912445;0
1583;MER1_20220820_151500_003.wav;0;0.21871213614940643;0
1584;MER1_20220820_151500_004.wav;0;0.15045234560966492;0
1585;MER1_20220820_151500_005.wav;0;0.1308182030916214;0
1586;MER1_20220820_151500_006.wav;0;0.10100771486759186;0
1587;MER1_20220820_151500_007.wav;0;0.14617197215557098;0
1588;MER1_20220820_151500_008.wav;0;0.020134219899773598;0
1589;MER1_20220820_151500_009.wav;0;0.01920570805668831;0
1590;MER1_20220820_151500_010.wav;0;0.14848317205905914;0
1591;MER1_20220820_151500_011.wav;0;0.38728970289230347;0
1592;MER1_20220820_151500_012.wav;0;0.33843204379081726;0
1593;MER1_20220820_151500_013.wav;0;0.15617381036281586;0
1594;MER1_20220820_151500_014.wav;0;0.03063182905316353;0
1595;MER1_20220820_151500_015.wav;0;0.01852751336991787;0
1596;MER1_20220820_151500_016.wav;0;0.061853665858507156;0
1597;MER1_20220820_151500_017.wav;0;0.024883827194571495;0
1598;MER1_20220820_151500_018.wav;0;0.049278467893600464;0
1599;MER1_20220820_151500_019.wav;0;0.022270897403359413;0
1600;MER1_20220822_163000_000.wav;0;0.20805376768112183;0
1601;MER1_20220822_163000_001.wav;0;0.029325297102332115;0
1602;MER1_20220822_163000_002.wav;0;0.0930086001753807;0
1603;MER1_20220822_163000_003.wav;0;0.025183798745274544;0
1604;MER1_20220822_163000_004.wav;0;0.058198507875204086;0
1605;MER1_20220822_163000_005.wav;0;0.04536214843392372;0
1606;MER1_20220822_163000_006.wav;0;0.08296907693147659;0
1607;MER1_20220822_163000_007.wav;0;0.006081098224967718;0
1608;MER1_20220822_163000_008.wav;0;0.009509249590337276;0
1609;MER1_20220822_163000_009.wav;0;0.40797385573387146;0
1610;MER1_20220822_163000_010.wav;0;0.197402685880661;0
1611;MER1_20220822_163000_011.wav;0;0.04124262183904648;0
1612;MER1_20220822_163000_012.wav;0;0.041579779237508774;0
1613;MER1_20220822_163000_013.wav;0;0.016792306676506996;0
1614;MER1_20220822_163000_014.wav;0;0.12406094372272491;0
1615;MER1_20220822_163000_015.wav;0;0.12078005820512772;0
1616;MER1_20220822_163000_016.wav;0;0.1335894614458084;0
1617;MER1_20220822_163000_017.wav;0;0.18727734684944153;0
1618;MER1_20220822_163000_018.wav;0;0.012114615179598331;0
1619;MER1_20220822_163000_019.wav;0;0.30304446816444397;0
1620;MER1_20220824_073000_000.wav;0;0.0890454575419426;0
1621;MER1_20220824_073000_001.wav;0;0.07975853979587555;0
1622;MER1_20220824_073000_002.wav;0;0.07119462639093399;0
1623;MER1_20220824_073000_003.wav;0;0.022874824702739716;0
1624;MER1_20220824_073000_004.wav;0;0.041184596717357635;0
1625;MER1_20220824_073000_005.wav;0;0.18713560700416565;0
1626;MER1_20220824_073000_006.wav;0;0.05531606078147888;0
1627;MER1_20220824_073000_007.wav;0;0.09697382897138596;0
1628;MER1_20220824_073000_008.wav;0;0.03672409802675247;0
1629;MER1_20220824_073000_009.wav;0;0.08530116826295853;0
1630;MER1_20220824_073000_010.wav;0;0.11479724198579788;0
1631;MER1_20220824_073000_011.wav;0;0.03587718307971954;0
1632;MER1_20220824_073000_012.wav;0;0.06067293509840965;0
1633;MER1_20220824_073000_013.wav;0;0.013514954596757889;0
1634;MER1_20220824_073000_014.wav;0;0.2977991998195648;0
1635;MER1_20220824_073000_015.wav;0;0.0356651172041893;0
1636;MER1_20220824_073000_016.wav;0;0.16709615290164948;0
1637;MER1_20220824_073000_017.wav;0;0.2494925707578659;0
1638;MER1_20220824_073000_018.wav;0;0.04115735739469528;0
1639;MER1_20220824_073000_019.wav;0;0.05526679381728172;0
1640;MER1_20220830_014500_000.wav;0;0.662136435508728;0
1641;MER1_20220830_014500_001.wav;0;0.9184236526489258;0
1642;MER1_20220830_014500_002.wav;0;0.877519965171814;0
1643;MER1_20220830_014500_003.wav;0;0.7824564576148987;0
1644;MER1_20220830_014500_004.wav;0;0.5087622404098511;0
1645;MER1_20220830_014500_005.wav;0;0.5145384073257446;0
1646;MER1_20220830_014500_006.wav;0;0.8105503916740417;0
1647;MER1_20220830_014500_007.wav;0;0.8403626084327698;0
1648;MER1_20220830_014500_008.wav;0;0.8318620324134827;0
1649;MER1_20220830_014500_009.wav;0;0.25805947184562683;0
1650;MER1_20220830_014500_010.wav;0;0.895138144493103;0
1651;MER1_20220830_014500_011.wav;0;0.8928481340408325;0
1652;MER1_20220830_014500_012.wav;0;0.8908732533454895;0
1653;MER1_20220830_014500_013.wav;0;0.43924832344055176;0
1654;MER1_20220830_014500_014.wav;0;0.5534945130348206;0
1655;MER1_20220830_014500_015.wav;0;0.704296350479126;0
1656;MER1_20220830_014500_016.wav;0;0.5868551135063171;0
1657;MER1_20220830_014500_017.wav;0;0.2923193871974945;0
1658;MER1_20220830_014500_018.wav;0;0.23390305042266846;0
1659;MER1_20220830_014500_019.wav;0;0.3558850586414337;0
1660;MER1_20220830_021500_000.wav;0;0.06801428645849228;0
1661;MER1_20220830_021500_001.wav;0;0.011267650872468948;0
1662;MER1_20220830_021500_002.wav;0;0.15504322946071625;0
1663;MER1_20220830_021500_003.wav;0;0.1817200481891632;0
1664;MER1_20220830_021500_004.wav;0;0.7968420386314392;0
1665;MER1_20220830_021500_005.wav;0;0.7370367646217346;0
1666;MER1_20220830_021500_006.wav;0;0.2615164816379547;0
1667;MER1_20220830_021500_007.wav;0;0.2372279018163681;0
1668;MER1_20220830_021500_008.wav;0;0.016669737175107002;0
1669;MER1_20220830_021500_009.wav;0;0.03182658180594444;0
1670;MER1_20220830_021500_010.wav;0;0.02315896563231945;0
1671;MER1_20220830_021500_011.wav;0;0.06153808534145355;0
1672;MER1_20220830_021500_012.wav;0;0.16933771967887878;0
1673;MER1_20220830_021500_013.wav;0;0.19088555872440338;0
1674;MER1_20220830_021500_014.wav;0;0.22770394384860992;0
1675;MER1_20220830_021500_015.wav;0;0.025864655151963234;0
1676;MER1_20220830_021500_016.wav;0;0.034693360328674316;0
1677;MER1_20220830_021500_017.wav;0;0.7035850882530212;0
1678;MER1_20220830_021500_018.wav;0;0.26187658309936523;0
1679;MER1_20220830_021500_019.wav;0;0.07610850036144257;0
1680;MER1_20220901_001500_000.wav;0;0.012810814194381237;0
1681;MER1_20220901_001500_001.wav;0;0.03806385397911072;0
1682;MER1_20220901_001500_002.wav;0;0.11843830347061157;0
1683;MER1_20220901_001500_003.wav;0;0.09856483340263367;0
1684;MER1_20220901_001500_004.wav;0;0.078712597489357;0
1685;MER1_20220901_001500_005.wav;0;0.03037230856716633;0
1686;MER1_20220901_001500_006.wav;0;0.08899890631437302;0
1687;MER1_20220901_001500_007.wav;0;0.04211730509996414;0
1688;MER1_20220901_001500_008.wav;0;0.4072079062461853;0
1689;MER1_20220901_001500_009.wav;0;0.13863514363765717;0
1690;MER1_20220901_001500_010.wav;0;0.06343536078929901;0
1691;MER1_20220901_001500_011.wav;0;0.16542086005210876;0
1692;MER1_20220901_001500_012.wav;0;0.032714370638132095;0
1693;MER1_20220901_001500_013.wav;0;0.19509027898311615;0
1694;MER1_20220901_001500_014.wav;0;0.1201281026005745;0
1695;MER1_20220901_001500_015.wav;0;0.46578919887542725;0
1696;MER1_20220901_001500_016.wav;0;0.056927744299173355;0
1697;MER1_20220901_001500_017.wav;0;0.1038888692855835;0
1698;MER1_20220901_001500_018.wav;0;0.22031499445438385;0
1699;MER1_20220901_001500_019.wav;0;0.20249305665493011;0
1700;MER1_20220901_130000_000.wav;0;0.43862396478652954;0
1701;MER1_20220901_130000_001.wav;0;0.01243543904274702;0
1702;MER1_20220901_130000_002.wav;0;0.0622011236846447;0
1703;MER1_20220901_130000_003.wav;0;0.04644963517785072;0
1704;MER1_20220901_130000_004.wav;0;0.3557020425796509;0
1705;MER1_20220901_130000_005.wav;0;0.07131810486316681;0
1706;MER1_20220901_130000_006.wav;0;0.1404097080230713;0
1707;MER1_20220901_130000_007.wav;0;0.07773306965827942;0
1708;MER1_20220901_130000_008.wav;0;0.11686914414167404;0
1709;MER1_20220901_130000_009.wav;0;0.006396655924618244;0
1710;MER1_20220901_130000_010.wav;0;0.21528172492980957;0
1711;MER1_20220901_130000_011.wav;0;0.0911717563867569;0
1712;MER1_20220901_130000_012.wav;0;0.13828115165233612;0
1713;MER1_20220901_130000_013.wav;0;0.25139519572257996;0
1714;MER1_20220901_130000_014.wav;0;0.26499563455581665;0
1715;MER1_20220901_130000_015.wav;0;0.4901884198188782;0
1716;MER1_20220901_130000_016.wav;0;0.6186191439628601;0
1717;MER1_20220901_130000_017.wav;0;0.025883454829454422;0
1718;MER1_20220901_130000_018.wav;0;0.009948594495654106;0
1719;MER1_20220901_130000_019.wav;0;0.32248958945274353;0
1720;MER1_20220901_140000_000.wav;0;0.318512499332428;0
1721;MER1_20220901_140000_001.wav;0;0.18375740945339203;0
1722;MER1_20220901_140000_002.wav;0;0.1812344789505005;0
1723;MER1_20220901_140000_003.wav;0;0.19513878226280212;0
1724;MER1_20220901_140000_004.wav;0;0.6080819368362427;0
1725;MER1_20220901_140000_005.wav;0;0.011152771301567554;0
1726;MER1_20220901_140000_006.wav;0;0.17203502357006073;0
1727;MER1_20220901_140000_007.wav;0;0.06184105947613716;0
1728;MER1_20220901_140000_008.wav;0;0.2284442037343979;0
1729;MER1_20220901_140000_009.wav;0;0.10946663469076157;0
1730;MER1_20220901_140000_010.wav;0;0.12312255799770355;0
1731;MER1_20220901_140000_011.wav;0;0.26557716727256775;0
1732;MER1_20220901_140000_012.wav;0;0.779739499092102;0
1733;MER1_20220901_140000_013.wav;0;0.6817993521690369;0
1734;MER1_20220901_140000_014.wav;0;0.4967462122440338;0
1735;MER1_20220901_140000_015.wav;0;0.2419155389070511;0
1736;MER1_20220901_140000_016.wav;0;0.4299953877925873;0
1737;MER1_20220901_140000_017.wav;0;0.10736753046512604;0
1738;MER1_20220901_140000_018.wav;0;0.22382642328739166;0
1739;MER1_20220901_140000_019.wav;0;0.1418936848640442;0
1740;MER1_20220901_150000_000.wav;0;0.20475810766220093;0
1741;MER1_20220901_150000_001.wav;0;0.1678989827632904;0
1742;MER1_20220901_150000_002.wav;0;0.08195149153470993;0
1743;MER1_20220901_150000_003.wav;0;0.08623863011598587;0
1744;MER1_20220901_150000_004.wav;0;0.020929433405399323;0
1745;MER1_20220901_150000_005.wav;0;0.03519884869456291;0
1746;MER1_20220901_150000_006.wav;0;0.01729905791580677;0
1747;MER1_20220901_150000_007.wav;0;0.02710263431072235;0
1748;MER1_20220901_150000_008.wav;0;0.060054343193769455;0
1749;MER1_20220901_150000_009.wav;0;0.031142493709921837;0
1750;MER1_20220901_150000_010.wav;0;0.259379506111145;0
1751;MER1_20220901_150000_011.wav;0;0.048256587237119675;0
1752;MER1_20220901_150000_012.wav;0;0.07785136252641678;0
1753;MER1_20220901_150000_013.wav;0;0.013008405454456806;0
1754;MER1_20220901_150000_014.wav;0;0.057147249579429626;0
1755;MER1_20220901_150000_015.wav;0;0.12692075967788696;0
1756;MER1_20220901_150000_016.wav;0;0.17125914990901947;0
1757;MER1_20220901_150000_017.wav;0;0.03452812507748604;0
1758;MER1_20220901_150000_018.wav;0;0.878119945526123;0
1759;MER1_20220901_150000_019.wav;0;0.5590315461158752;0
1760;MER1_20220901_230000_000.wav;0;0.9508885741233826;0
1761;MER1_20220901_230000_001.wav;0;0.37228184938430786;0
1762;MER1_20220901_230000_002.wav;0;0.1388205885887146;0
1763;MER1_20220901_230000_003.wav;0;0.41463589668273926;0
1764;MER1_20220901_230000_004.wav;0;0.4623330533504486;0
1765;MER1_20220901_230000_005.wav;0;0.5456568002700806;0
1766;MER1_20220901_230000_006.wav;0;0.47348740696907043;0
1767;MER1_20220901_230000_007.wav;0;0.37768933176994324;0
1768;MER1_20220901_230000_008.wav;0;0.12561804056167603;0
1769;MER1_20220901_230000_009.wav;0;0.8513727188110352;0
1770;MER1_20220901_230000_010.wav;0;0.832253634929657;0
1771;MER1_20220901_230000_011.wav;0;0.8252722024917603;0
1772;MER1_20220901_230000_012.wav;0;0.45486995577812195;0
1773;MER1_20220901_230000_013.wav;0;0.09848890453577042;0
1774;MER1_20220901_230000_014.wav;0;0.13120298087596893;0
1775;MER1_20220901_230000_015.wav;0;0.25894638895988464;0
1776;MER1_20220901_230000_016.wav;0;0.5062715411186218;0
1777;MER1_20220901_230000_017.wav;0;0.5944973230361938;0
1778;MER1_20220901_230000_018.wav;0;0.25502800941467285;0
1779;MER1_20220901_230000_019.wav;0;0.14653745293617249;0
1780;MER1_20220903_050000_000.wav;0;0.2627864480018616;0
1781;MER1_20220903_050000_001.wav;0;0.06418698281049728;0
1782;MER1_20220903_050000_002.wav;0;0.4769305884838104;0
1783;MER1_20220903_050000_003.wav;0;0.22640544176101685;0
1784;MER1_20220903_050000_004.wav;0;0.17658992111682892;0
1785;MER1_20220903_050000_005.wav;0;0.03629621863365173;0
1786;MER1_20220903_050000_006.wav;0;0.05979272723197937;0
1787;MER1_20220903_050000_007.wav;0;0.0181562602519989;0
1788;MER1_20220903_050000_008.wav;0;0.13418585062026978;0
1789;MER1_20220903_050000_009.wav;0;0.028927071020007133;0
1790;MER1_20220903_050000_010.wav;0;0.09656085073947906;0
1791;MER1_20220903_050000_011.wav;0;0.36674872040748596;0
1792;MER1_20220903_050000_012.wav;0;0.20690955221652985;0
1793;MER1_20220903_050000_013.wav;0;0.1355656534433365;0
1794;MER1_20220903_050000_014.wav;0;0.5757473111152649;0
1795;MER1_20220903_050000_015.wav;0;0.5953836441040039;0
1796;MER1_20220903_050000_016.wav;0;0.05270843952894211;0
1797;MER1_20220903_050000_017.wav;0;0.038266561925411224;0
1798;MER1_20220903_050000_018.wav;0;0.11367855221033096;0
1799;MER1_20220903_050000_019.wav;0;0.12199385464191437;0
1800;MER1_20220903_074500_000.wav;0;0.30218446254730225;0
1801;MER1_20220903_074500_001.wav;0;0.07560669630765915;0
1802;MER1_20220903_074500_002.wav;0;0.044542934745550156;0
1803;MER1_20220903_074500_003.wav;0;0.06079038232564926;0
1804;MER1_20220903_074500_004.wav;0;0.1429375559091568;0
1805;MER1_20220903_074500_005.wav;0;0.12613677978515625;0
1806;MER1_20220903_074500_006.wav;0;0.09770753979682922;0
1807;MER1_20220903_074500_007.wav;0;0.3129809498786926;0
1808;MER1_20220903_074500_008.wav;0;0.06302765011787415;0
1809;MER1_20220903_074500_009.wav;0;0.06032990664243698;0
1810;MER1_20220903_074500_010.wav;0;0.08513054996728897;0
1811;MER1_20220903_074500_011.wav;0;0.026510942727327347;0
1812;MER1_20220903_074500_012.wav;0;0.03364052250981331;0
1813;MER1_20220903_074500_013.wav;0;0.12559713423252106;0
1814;MER1_20220903_074500_014.wav;0;0.2191104292869568;0
1815;MER1_20220903_074500_015.wav;0;0.07076819241046906;0
1816;MER1_20220903_074500_016.wav;0;0.08445941656827927;0
1817;MER1_20220903_074500_017.wav;0;0.5112362504005432;0
1818;MER1_20220903_074500_018.wav;0;0.03906623274087906;0
1819;MER1_20220903_074500_019.wav;0;0.03586144000291824;0
1820;MER1_20220903_080000_000.wav;0;0.3074757754802704;0
1821;MER1_20220903_080000_001.wav;0;0.10376596450805664;0
1822;MER1_20220903_080000_002.wav;0;0.8364858627319336;0
1823;MER1_20220903_080000_003.wav;0;0.7013422846794128;0
1824;MER1_20220903_080000_004.wav;0;0.6746767163276672;0
1825;MER1_20220903_080000_005.wav;0;0.8323515057563782;0
1826;MER1_20220903_080000_006.wav;0;0.8375403881072998;0
1827;MER1_20220903_080000_007.wav;0;0.4313124418258667;0
1828;MER1_20220903_080000_008.wav;0;0.04620809108018875;0
1829;MER1_20220903_080000_009.wav;0;0.4585907459259033;0
1830;MER1_20220903_080000_010.wav;0;0.40493834018707275;0
1831;MER1_20220903_080000_011.wav;0;0.5471862554550171;0
1832;MER1_20220903_080000_012.wav;0;0.3143842816352844;0
1833;MER1_20220903_080000_013.wav;0;0.15127664804458618;0
1834;MER1_20220903_080000_014.wav;0;0.6696680188179016;0
1835;MER1_20220903_080000_015.wav;0;0.32554954290390015;0
1836;MER1_20220903_080000_016.wav;0;0.7879298329353333;0
1837;MER1_20220903_080000_017.wav;0;0.07977145910263062;0
1838;MER1_20220903_080000_018.wav;0;0.5593981146812439;0
1839;MER1_20220903_080000_019.wav;0;0.6599255800247192;0
1840;MER1_20220903_113000_000.wav;0;0.20729491114616394;0
1841;MER1_20220903_113000_001.wav;0;0.09678708761930466;0
1842;MER1_20220903_113000_002.wav;0;0.13107596337795258;0
1843;MER1_20220903_113000_003.wav;0;0.48760369420051575;0
1844;MER1_20220903_113000_004.wav;0;0.3014988899230957;0
1845;MER1_20220903_113000_005.wav;0;0.42033612728118896;0
1846;MER1_20220903_113000_006.wav;0;0.6513807773590088;0
1847;MER1_20220903_113000_007.wav;0;0.567884624004364;0
1848;MER1_20220903_113000_008.wav;0;0.1808616816997528;0
1849;MER1_20220903_113000_009.wav;0;0.3069823384284973;0
1850;MER1_20220903_113000_010.wav;0;0.03997378796339035;0
1851;MER1_20220903_113000_011.wav;0;0.0679485872387886;0
1852;MER1_20220903_113000_012.wav;0;0.09268228709697723;0
1853;MER1_20220903_113000_013.wav;0;0.06451738625764847;0
1854;MER1_20220903_113000_014.wav;0;0.15769828855991364;0
1855;MER1_20220903_113000_015.wav;0;0.5709421038627625;0
1856;MER1_20220903_113000_016.wav;0;0.14542131125926971;0
1857;MER1_20220903_113000_017.wav;0;0.2507299780845642;0
1858;MER1_20220903_113000_018.wav;0;0.14489717781543732;0
1859;MER1_20220903_113000_019.wav;0;0.156083345413208;0
1860;MER1_20220903_184500_000.wav;0;0.9150382876396179;1
1861;MER1_20220903_184500_001.wav;0;0.8678989410400391;1
1862;MER1_20220903_184500_002.wav;0;0.9267118573188782;1
1863;MER1_20220903_184500_003.wav;0;0.962617039680481;1
1864;MER1_20220903_184500_004.wav;0;0.9456679224967957;1
1865;MER1_20220903_184500_005.wav;0;0.9586575031280518;1
1866;MER1_20220903_184500_006.wav;0;0.9541930556297302;1
1867;MER1_20220903_184500_007.wav;0;0.9674000144004822;1
1868;MER1_20220903_184500_008.wav;0;0.8521868586540222;1
1869;MER1_20220903_184500_009.wav;0;0.765108048915863;1
1870;MER1_20220903_184500_010.wav;0;0.4747132360935211;1
1871;MER1_20220903_184500_011.wav;0;0.7647567391395569;1
1872;MER1_20220903_184500_012.wav;0;0.568040668964386;1
1873;MER1_20220903_184500_013.wav;0;0.8402418494224548;1
1874;MER1_20220903_184500_014.wav;0;0.967455267906189;1
1875;MER1_20220903_184500_015.wav;0;0.8212332129478455;1
1876;MER1_20220903_184500_016.wav;0;0.3447417914867401;1
1877;MER1_20220903_184500_017.wav;0;0.8389131426811218;1
1878;MER1_20220903_184500_018.wav;0;0.9056617617607117;1
1879;MER1_20220903_184500_019.wav;0;0.9157606959342957;1
1880;MER1_20220903_230000_000.wav;0;0.1441573053598404;0
1881;MER1_20220903_230000_001.wav;0;0.03821622580289841;0
1882;MER1_20220903_230000_002.wav;0;0.08780329674482346;0
1883;MER1_20220903_230000_003.wav;0;0.0438968725502491;0
1884;MER1_20220903_230000_004.wav;0;0.06605641543865204;0
1885;MER1_20220903_230000_005.wav;0;0.04823855683207512;0
1886;MER1_20220903_230000_006.wav;0;0.0849096029996872;0
1887;MER1_20220903_230000_007.wav;0;0.1362295001745224;0
1888;MER1_20220903_230000_008.wav;0;0.02238750085234642;0
1889;MER1_20220903_230000_009.wav;0;0.17611460387706757;0
1890;MER1_20220903_230000_010.wav;0;0.015174441039562225;0
1891;MER1_20220903_230000_011.wav;0;0.21118436753749847;0
1892;MER1_20220903_230000_012.wav;0;0.048626624047756195;0
1893;MER1_20220903_230000_013.wav;0;0.08909763395786285;0
1894;MER1_20220903_230000_014.wav;0;0.09342029690742493;0
1895;MER1_20220903_230000_015.wav;0;0.5528034567832947;0
1896;MER1_20220903_230000_016.wav;0;0.1723586916923523;0
1897;MER1_20220903_230000_017.wav;0;0.005801806226372719;0
1898;MER1_20220903_230000_018.wav;0;0.0824495181441307;0
1899;MER1_20220903_230000_019.wav;0;0.0214224923402071;0
1900;MER1_20220905_051500_000.wav;0;0.7734857797622681;0
1901;MER1_20220905_051500_001.wav;0;0.10568714141845703;0
1902;MER1_20220905_051500_002.wav;0;0.8805059790611267;0
1903;MER1_20220905_051500_003.wav;0;0.7951992154121399;0
1904;MER1_20220905_051500_004.wav;0;0.8379198908805847;0
1905;MER1_20220905_051500_005.wav;0;0.4032384753227234;0
1906;MER1_20220905_051500_006.wav;0;0.37736278772354126;0
1907;MER1_20220905_051500_007.wav;0;0.21043001115322113;0
1908;MER1_20220905_051500_008.wav;0;0.23175926506519318;0
1909;MER1_20220905_051500_009.wav;0;0.2086467444896698;0
1910;MER1_20220905_051500_010.wav;0;0.8588752746582031;0
1911;MER1_20220905_051500_011.wav;0;0.8337515592575073;0
1912;MER1_20220905_051500_012.wav;0;0.7761702537536621;0
1913;MER1_20220905_051500_013.wav;0;0.4290255606174469;0
1914;MER1_20220905_051500_014.wav;0;0.3619827330112457;0
1915;MER1_20220905_051500_015.wav;0;0.23162193596363068;0
1916;MER1_20220905_051500_016.wav;0;0.9469320774078369;0
1917;MER1_20220905_051500_017.wav;0;0.35795652866363525;0
1918;MER1_20220905_051500_018.wav;0;0.5262543559074402;0
1919;MER1_20220905_051500_019.wav;0;0.3474465310573578;0
1920;MER4_20220617_000000_000.wav;0;0.7914285659790039;0
1921;MER4_20220617_000000_001.wav;0;0.6078780889511108;0
1922;MER4_20220617_000000_002.wav;0;0.8109684586524963;0
1923;MER4_20220617_000000_003.wav;0;0.6736356019973755;0
1924;MER4_20220617_000000_004.wav;0;0.358430951833725;0
1925;MER4_20220617_000000_005.wav;0;0.3565189838409424;0
1926;MER4_20220617_000000_006.wav;0;0.8037084937095642;0
1927;MER4_20220617_000000_007.wav;0;0.7450075745582581;0
1928;MER4_20220617_000000_008.wav;0;0.3706585764884949;0
1929;MER4_20220617_000000_009.wav;0;0.3910716772079468;0
1930;MER4_20220617_000000_010.wav;0;0.45858222246170044;0
1931;MER4_20220617_000000_011.wav;0;0.5483353734016418;0
1932;MER4_20220617_000000_012.wav;0;0.30814531445503235;0
1933;MER4_20220617_000000_013.wav;0;0.7202843427658081;0
1934;MER4_20220617_000000_014.wav;0;0.4908026158809662;0
1935;MER4_20220617_000000_015.wav;0;0.3288782835006714;0
1936;MER4_20220617_000000_016.wav;0;0.48946529626846313;0
1937;MER4_20220617_000000_017.wav;0;0.8740614652633667;0
1938;MER4_20220617_000000_018.wav;0;0.7822147011756897;0
1939;MER4_20220617_000000_019.wav;0;0.3675139546394348;0
1940;MER4_20220617_093000_000.wav;0;0.10410080850124359;0
1941;MER4_20220617_093000_001.wav;0;0.51976078748703;0
1942;MER4_20220617_093000_002.wav;0;0.40052470564842224;0
1943;MER4_20220617_093000_003.wav;0;0.24844993650913239;0
1944;MER4_20220617_093000_004.wav;0;0.6149327158927917;0
1945;MER4_20220617_093000_005.wav;0;0.5358166098594666;0
1946;MER4_20220617_093000_006.wav;0;0.23425208032131195;0
1947;MER4_20220617_093000_007.wav;0;0.2919534146785736;0
1948;MER4_20220617_093000_008.wav;0;0.8349505662918091;0
1949;MER4_20220617_093000_009.wav;0;0.5417228937149048;0
1950;MER4_20220617_093000_010.wav;0;0.3222944140434265;0
1951;MER4_20220617_093000_011.wav;0;0.1799868494272232;0
1952;MER4_20220617_093000_012.wav;0;0.30545729398727417;0
1953;MER4_20220617_093000_013.wav;0;0.05388432368636131;0
1954;MER4_20220617_093000_014.wav;0;0.17584234476089478;0
1955;MER4_20220617_093000_015.wav;0;0.31368115544319153;0
1956;MER4_20220617_093000_016.wav;0;0.09280560165643692;0
1957;MER4_20220617_093000_017.wav;0;0.2145388275384903;0
1958;MER4_20220617_093000_018.wav;0;0.3443107008934021;0
1959;MER4_20220617_093000_019.wav;0;0.1475156992673874;0
1960;MER4_20220619_181500_000.wav;0;0.6947402954101562;0
1961;MER4_20220619_181500_001.wav;0;0.925212562084198;0
1962;MER4_20220619_181500_002.wav;0;0.6830230951309204;0
1963;MER4_20220619_181500_003.wav;0;0.7744946479797363;0
1964;MER4_20220619_181500_004.wav;0;0.10809102654457092;0
1965;MER4_20220619_181500_005.wav;0;0.6740535497665405;0
1966;MER4_20220619_181500_006.wav;0;0.9287225008010864;0
1967;MER4_20220619_181500_007.wav;0;0.5050476789474487;0
1968;MER4_20220619_181500_008.wav;0;0.29291290044784546;0
1969;MER4_20220619_181500_009.wav;0;0.6439757943153381;0
1970;MER4_20220619_181500_010.wav;0;0.6799147725105286;0
1971;MER4_20220619_181500_011.wav;0;0.7234223484992981;0
1972;MER4_20220619_181500_012.wav;0;0.34141072630882263;0
1973;MER4_20220619_181500_013.wav;0;0.6043972969055176;0
1974;MER4_20220619_181500_014.wav;0;0.2121829241514206;0
1975;MER4_20220619_181500_015.wav;0;0.8360961675643921;0
1976;MER4_20220619_181500_016.wav;0;0.9603162407875061;0
1977;MER4_20220619_181500_017.wav;0;0.8267835378646851;0
1978;MER4_20220619_181500_018.wav;0;0.6451944708824158;0
1979;MER4_20220619_181500_019.wav;0;0.34018251299858093;0
1980;MER4_20220621_013000_000.wav;0;0.4184212386608124;0
1981;MER4_20220621_013000_001.wav;0;0.833345890045166;0
1982;MER4_20220621_013000_002.wav;0;0.5631446838378906;0
1983;MER4_20220621_013000_003.wav;0;0.09745507687330246;0
1984;MER4_20220621_013000_004.wav;0;0.3260105550289154;0
1985;MER4_20220621_013000_005.wav;0;0.5217883586883545;0
1986;MER4_20220621_013000_006.wav;0;0.277260959148407;0
1987;MER4_20220621_013000_007.wav;0;0.26335108280181885;0
1988;MER4_20220621_013000_008.wav;0;0.23411165177822113;0
1989;MER4_20220621_013000_009.wav;0;0.7713609337806702;0
1990;MER4_20220621_013000_010.wav;0;0.9512911438941956;0
1991;MER4_20220621_013000_011.wav;0;0.2755015790462494;0
1992;MER4_20220621_013000_012.wav;0;0.23496608436107635;0
1993;MER4_20220621_013000_013.wav;0;0.20528699457645416;0
1994;MER4_20220621_013000_014.wav;0;0.5232276916503906;0
1995;MER4_20220621_013000_015.wav;0;0.43440350890159607;0
1996;MER4_20220621_013000_016.wav;0;0.22898821532726288;0
1997;MER4_20220621_013000_017.wav;0;0.5516062378883362;0
1998;MER4_20220621_013000_018.wav;0;0.16772279143333435;0
1999;MER4_20220621_013000_019.wav;0;0.6630290746688843;0
2000;MER4_20220621_040000_000.wav;0;0.6469915509223938;0
2001;MER4_20220621_040000_001.wav;0;0.571733832359314;0
2002;MER4_20220621_040000_002.wav;0;0.3680770695209503;0
2003;MER4_20220621_040000_003.wav;0;0.8746353983879089;0
2004;MER4_20220621_040000_004.wav;0;0.8149914145469666;0
2005;MER4_20220621_040000_005.wav;0;0.11642970889806747;0
2006;MER4_20220621_040000_006.wav;0;0.8672184944152832;0
2007;MER4_20220621_040000_007.wav;0;0.46859344840049744;0
2008;MER4_20220621_040000_008.wav;0;0.5475600957870483;0
2009;MER4_20220621_040000_009.wav;0;0.5107241868972778;0
2010;MER4_20220621_040000_010.wav;0;0.3053354024887085;0
2011;MER4_20220621_040000_011.wav;0;0.2623891234397888;0
2012;MER4_20220621_040000_012.wav;0;0.7306573390960693;0
2013;MER4_20220621_040000_013.wav;0;0.30916279554367065;0
2014;MER4_20220621_040000_014.wav;0;0.5187344551086426;0
2015;MER4_20220621_040000_015.wav;0;0.48907509446144104;0
2016;MER4_20220621_040000_016.wav;0;0.3923521041870117;0
2017;MER4_20220621_040000_017.wav;0;0.7937839031219482;0
2018;MER4_20220621_040000_018.wav;0;0.8055192232131958;0
2019;MER4_20220621_040000_019.wav;0;0.7072437405586243;0
2020;MER4_20220621_131500_000.wav;0;0.3741193115711212;0
2021;MER4_20220621_131500_001.wav;0;0.8133532404899597;0
2022;MER4_20220621_131500_002.wav;0;0.47256311774253845;0
2023;MER4_20220621_131500_003.wav;0;0.45895665884017944;0
2024;MER4_20220621_131500_004.wav;0;0.33248570561408997;0
2025;MER4_20220621_131500_005.wav;0;0.6997818350791931;0
2026;MER4_20220621_131500_006.wav;0;0.8995027542114258;0
2027;MER4_20220621_131500_007.wav;0;0.6054566502571106;0
2028;MER4_20220621_131500_008.wav;0;0.5484980344772339;0
2029;MER4_20220621_131500_009.wav;0;0.39930102229118347;0
2030;MER4_20220621_131500_010.wav;0;0.7467154860496521;0
2031;MER4_20220621_131500_011.wav;0;0.594904899597168;0
2032;MER4_20220621_131500_012.wav;0;0.8795522451400757;0
2033;MER4_20220621_131500_013.wav;0;0.5046170353889465;0
2034;MER4_20220621_131500_014.wav;0;0.6060240268707275;0
2035;MER4_20220621_131500_015.wav;0;0.8791446089744568;0
2036;MER4_20220621_131500_016.wav;0;0.5598009824752808;0
2037;MER4_20220621_131500_017.wav;0;0.5014823079109192;0
2038;MER4_20220621_131500_018.wav;0;0.8361887335777283;0
2039;MER4_20220621_131500_019.wav;0;0.3934474587440491;0
2040;MER4_20220621_234500_000.wav;0;0.9118843078613281;0
2041;MER4_20220621_234500_001.wav;0;0.6984833478927612;0
2042;MER4_20220621_234500_002.wav;0;0.9458655118942261;0
2043;MER4_20220621_234500_003.wav;0;0.6702510118484497;0
2044;MER4_20220621_234500_004.wav;0;0.8236575126647949;0
2045;MER4_20220621_234500_005.wav;0;0.9430806636810303;0
2046;MER4_20220621_234500_006.wav;0;0.7590914964675903;0
2047;MER4_20220621_234500_007.wav;0;0.1748785525560379;0
2048;MER4_20220621_234500_008.wav;0;0.07450295984745026;0
2049;MER4_20220621_234500_009.wav;0;0.38653793931007385;0
2050;MER4_20220621_234500_010.wav;0;0.8416284322738647;0
2051;MER4_20220621_234500_011.wav;0;0.19643545150756836;0
2052;MER4_20220621_234500_012.wav;0;0.5454089045524597;0
2053;MER4_20220621_234500_013.wav;0;0.14242154359817505;0
2054;MER4_20220621_234500_014.wav;0;0.5386783480644226;0
2055;MER4_20220621_234500_015.wav;0;0.410087913274765;0
2056;MER4_20220621_234500_016.wav;0;0.3136405944824219;0
2057;MER4_20220621_234500_017.wav;0;0.10814277082681656;0
2058;MER4_20220621_234500_018.wav;0;0.23129063844680786;0
2059;MER4_20220621_234500_019.wav;0;0.060469307005405426;0
2060;MER4_20220623_084500_000.wav;0;0.08225651830434799;0
2061;MER4_20220623_084500_001.wav;0;0.06814037263393402;0
2062;MER4_20220623_084500_002.wav;0;0.09954703599214554;0
2063;MER4_20220623_084500_003.wav;0;0.19666975736618042;0
2064;MER4_20220623_084500_004.wav;0;0.10751576721668243;0
2065;MER4_20220623_084500_005.wav;0;0.1933506280183792;0
2066;MER4_20220623_084500_006.wav;0;0.2790689468383789;0
2067;MER4_20220623_084500_007.wav;0;0.14437928795814514;0
2068;MER4_20220623_084500_008.wav;0;0.15409652888774872;0
2069;MER4_20220623_084500_009.wav;0;0.488197386264801;0
2070;MER4_20220623_084500_010.wav;0;0.8259949088096619;0
2071;MER4_20220623_084500_011.wav;0;0.270700603723526;0
2072;MER4_20220623_084500_012.wav;0;0.2408786118030548;0
2073;MER4_20220623_084500_013.wav;0;0.04985056817531586;0
2074;MER4_20220623_084500_014.wav;0;0.12075597047805786;0
2075;MER4_20220623_084500_015.wav;0;0.06042616814374924;0
2076;MER4_20220623_084500_016.wav;0;0.07680515944957733;0
2077;MER4_20220623_084500_017.wav;0;0.4293619692325592;0
2078;MER4_20220623_084500_018.wav;0;0.21274365484714508;0
2079;MER4_20220623_084500_019.wav;0;0.04196890816092491;0
2080;MER4_20220623_171500_000.wav;0;0.36703774333000183;0
2081;MER4_20220623_171500_001.wav;0;0.5625719428062439;0
2082;MER4_20220623_171500_002.wav;0;0.7700624465942383;0
2083;MER4_20220623_171500_003.wav;0;0.07089444249868393;0
2084;MER4_20220623_171500_004.wav;0;0.9110305309295654;0
2085;MER4_20220623_171500_005.wav;0;0.608032763004303;0
2086;MER4_20220623_171500_006.wav;0;0.11164800822734833;0
2087;MER4_20220623_171500_007.wav;0;0.8031485080718994;0
2088;MER4_20220623_171500_008.wav;0;0.4377073049545288;0
2089;MER4_20220623_171500_009.wav;0;0.32210099697113037;0
2090;MER4_20220623_171500_010.wav;0;0.8477614521980286;0
2091;MER4_20220623_171500_011.wav;0;0.3812296390533447;0
2092;MER4_20220623_171500_012.wav;0;0.5952796936035156;0
2093;MER4_20220623_171500_013.wav;0;0.5897018313407898;0
2094;MER4_20220623_171500_014.wav;0;0.7452238202095032;0
2095;MER4_20220623_171500_015.wav;0;0.1298561990261078;0
2096;MER4_20220623_171500_016.wav;0;0.4657300114631653;0
2097;MER4_20220623_171500_017.wav;0;0.445228636264801;0
2098;MER4_20220623_171500_018.wav;0;0.5122504234313965;0
2099;MER4_20220623_171500_019.wav;0;0.1666499376296997;0
2100;MER4_20220625_131500_000.wav;0;0.4269029498100281;0
2101;MER4_20220625_131500_001.wav;0;0.6500737071037292;0
2102;MER4_20220625_131500_002.wav;0;0.4857061803340912;0
2103;MER4_20220625_131500_003.wav;0;0.06779548525810242;0
2104;MER4_20220625_131500_004.wav;0;0.5943636298179626;0
2105;MER4_20220625_131500_005.wav;0;0.4270954728126526;0
2106;MER4_20220625_131500_006.wav;0;0.3912803530693054;0
2107;MER4_20220625_131500_007.wav;0;0.6219777464866638;0
2108;MER4_20220625_131500_008.wav;0;0.1567481905221939;0
2109;MER4_20220625_131500_009.wav;0;0.12466772645711899;0
2110;MER4_20220625_131500_010.wav;0;0.09606214612722397;0
2111;MER4_20220625_131500_011.wav;0;0.6251345276832581;0
2112;MER4_20220625_131500_012.wav;0;0.6755850315093994;0
2113;MER4_20220625_131500_013.wav;0;0.21760906279087067;0
2114;MER4_20220625_131500_014.wav;0;0.3075929582118988;0
2115;MER4_20220625_131500_015.wav;0;0.247548446059227;0
2116;MER4_20220625_131500_016.wav;0;0.6110149025917053;0
2117;MER4_20220625_131500_017.wav;0;0.6188117861747742;0
2118;MER4_20220625_131500_018.wav;0;0.18250276148319244;0
2119;MER4_20220625_131500_019.wav;0;0.4834020435810089;0
2120;MER4_20220625_231500_000.wav;0;0.08867824822664261;0
2121;MER4_20220625_231500_001.wav;0;0.13687358796596527;0
2122;MER4_20220625_231500_002.wav;0;0.10287734121084213;0
2123;MER4_20220625_231500_003.wav;0;0.2712767422199249;0
2124;MER4_20220625_231500_004.wav;0;0.19844073057174683;0
2125;MER4_20220625_231500_005.wav;0;0.17773419618606567;0
2126;MER4_20220625_231500_006.wav;0;0.29720452427864075;0
2127;MER4_20220625_231500_007.wav;0;0.06311109662055969;0
2128;MER4_20220625_231500_008.wav;0;0.09646737575531006;0
2129;MER4_20220625_231500_009.wav;0;0.027979500591754913;0
2130;MER4_20220625_231500_010.wav;0;0.05333854630589485;0
2131;MER4_20220625_231500_011.wav;0;0.058346495032310486;0
2132;MER4_20220625_231500_012.wav;0;0.26193392276763916;0
2133;MER4_20220625_231500_013.wav;0;0.2643089294433594;0
2134;MER4_20220625_231500_014.wav;0;0.5208355784416199;0
2135;MER4_20220625_231500_015.wav;0;0.1515578329563141;0
2136;MER4_20220625_231500_016.wav;0;0.05741691216826439;0
2137;MER4_20220625_231500_017.wav;0;0.24922949075698853;0
2138;MER4_20220625_231500_018.wav;0;0.1597074419260025;0
2139;MER4_20220625_231500_019.wav;0;0.3573727011680603;0
2140;MER4_20220629_103000_000.wav;0;0.0649186372756958;0
2141;MER4_20220629_103000_001.wav;0;0.20322102308273315;0
2142;MER4_20220629_103000_002.wav;0;0.11946003884077072;0
2143;MER4_20220629_103000_003.wav;0;0.2859598398208618;0
2144;MER4_20220629_103000_004.wav;0;0.43465906381607056;0
2145;MER4_20220629_103000_005.wav;0;0.882264256477356;0
2146;MER4_20220629_103000_006.wav;0;0.7266534566879272;0
2147;MER4_20220629_103000_007.wav;0;0.04855652526021004;0
2148;MER4_20220629_103000_008.wav;0;0.3168521523475647;0
2149;MER4_20220629_103000_009.wav;0;0.5522220730781555;0
2150;MER4_20220629_103000_010.wav;0;0.14373955130577087;0
2151;MER4_20220629_103000_011.wav;0;0.1652301400899887;0
2152;MER4_20220629_103000_012.wav;0;0.7458906769752502;0
2153;MER4_20220629_103000_013.wav;0;0.5315665602684021;0
2154;MER4_20220629_103000_014.wav;0;0.17851784825325012;0
2155;MER4_20220629_103000_015.wav;0;0.2595337927341461;0
2156;MER4_20220629_103000_016.wav;0;0.14645148813724518;0
2157;MER4_20220629_103000_017.wav;0;0.21036455035209656;0
2158;MER4_20220629_103000_018.wav;0;0.261907160282135;0
2159;MER4_20220629_103000_019.wav;0;0.04731273278594017;0
2160;MER4_20220703_234500_000.wav;0;0.6729128360748291;0
2161;MER4_20220703_234500_001.wav;0;0.12455355376005173;0
2162;MER4_20220703_234500_002.wav;0;0.03389819711446762;0
2163;MER4_20220703_234500_003.wav;0;0.22554707527160645;0
2164;MER4_20220703_234500_004.wav;0;0.39401212334632874;0
2165;MER4_20220703_234500_005.wav;0;0.7823648452758789;0
2166;MER4_20220703_234500_006.wav;0;0.21095362305641174;0
2167;MER4_20220703_234500_007.wav;0;0.3068826198577881;0
2168;MER4_20220703_234500_008.wav;0;0.1737135946750641;0
2169;MER4_20220703_234500_009.wav;0;0.9121444225311279;0
2170;MER4_20220703_234500_010.wav;0;0.8261176943778992;0
2171;MER4_20220703_234500_011.wav;0;0.20476694405078888;0
2172;MER4_20220703_234500_012.wav;0;0.7123969793319702;0
2173;MER4_20220703_234500_013.wav;0;0.09760420769453049;0
2174;MER4_20220703_234500_014.wav;0;0.3906812369823456;0
2175;MER4_20220703_234500_015.wav;0;0.5654307007789612;0
2176;MER4_20220703_234500_016.wav;0;0.21787995100021362;0
2177;MER4_20220703_234500_017.wav;0;0.5928781032562256;0
2178;MER4_20220703_234500_018.wav;0;0.9214687943458557;0
2179;MER4_20220703_234500_019.wav;0;0.28840532898902893;0
2180;MER4_20220705_051500_000.wav;0;0.26018431782722473;0
2181;MER4_20220705_051500_001.wav;0;0.0909331664443016;0
2182;MER4_20220705_051500_002.wav;0;0.09540873020887375;0
2183;MER4_20220705_051500_003.wav;0;0.20276086032390594;0
2184;MER4_20220705_051500_004.wav;0;0.4868085980415344;0
2185;MER4_20220705_051500_005.wav;0;0.019882794469594955;0
2186;MER4_20220705_051500_006.wav;0;0.31374579668045044;0
2187;MER4_20220705_051500_007.wav;0;0.14813002943992615;0
2188;MER4_20220705_051500_008.wav;0;0.19776096940040588;0
2189;MER4_20220705_051500_009.wav;0;0.08900527656078339;0
2190;MER4_20220705_051500_010.wav;0;0.30816757678985596;0
2191;MER4_20220705_051500_011.wav;0;0.09889804571866989;0
2192;MER4_20220705_051500_012.wav;0;0.3431602716445923;0
2193;MER4_20220705_051500_013.wav;0;0.010844457894563675;0
2194;MER4_20220705_051500_014.wav;0;0.11591167747974396;0
2195;MER4_20220705_051500_015.wav;0;0.0651974081993103;0
2196;MER4_20220705_051500_016.wav;0;0.09302613884210587;0
2197;MER4_20220705_051500_017.wav;0;0.05556141212582588;0
2198;MER4_20220705_051500_018.wav;0;0.06260022521018982;0
2199;MER4_20220705_051500_019.wav;0;0.1744111180305481;0
2200;MER4_20220705_104500_000.wav;0;0.7252479791641235;0
2201;MER4_20220705_104500_001.wav;0;0.6903356313705444;0
2202;MER4_20220705_104500_002.wav;0;0.043131664395332336;0
2203;MER4_20220705_104500_003.wav;0;0.022448021918535233;0
2204;MER4_20220705_104500_004.wav;0;0.40105700492858887;0
2205;MER4_20220705_104500_005.wav;0;0.6057749390602112;0
2206;MER4_20220705_104500_006.wav;0;0.15549224615097046;0
2207;MER4_20220705_104500_007.wav;0;0.8558927178382874;0
2208;MER4_20220705_104500_008.wav;0;0.6775291562080383;0
2209;MER4_20220705_104500_009.wav;0;0.13601142168045044;0
2210;MER4_20220705_104500_010.wav;0;0.8483216166496277;0
2211;MER4_20220705_104500_011.wav;0;0.25707441568374634;0
2212;MER4_20220705_104500_012.wav;0;0.01507357694208622;0
2213;MER4_20220705_104500_013.wav;0;0.08000561594963074;0
2214;MER4_20220705_104500_014.wav;0;0.35668841004371643;0
2215;MER4_20220705_104500_015.wav;0;0.3218643367290497;0
2216;MER4_20220705_104500_016.wav;0;0.24543353915214539;0
2217;MER4_20220705_104500_017.wav;0;0.8772123456001282;0
2218;MER4_20220705_104500_018.wav;0;0.47904375195503235;0
2219;MER4_20220705_104500_019.wav;0;0.14616169035434723;0
2220;MER4_20220705_131500_000.wav;0;0.276867151260376;0
2221;MER4_20220705_131500_001.wav;0;0.917957603931427;0
2222;MER4_20220705_131500_002.wav;0;0.054157547652721405;0
2223;MER4_20220705_131500_003.wav;0;0.7642265558242798;0
2224;MER4_20220705_131500_004.wav;0;0.19668473303318024;0
2225;MER4_20220705_131500_005.wav;0;0.6129505634307861;0
2226;MER4_20220705_131500_006.wav;0;0.12260515987873077;0
2227;MER4_20220705_131500_007.wav;0;0.3627117872238159;0
2228;MER4_20220705_131500_008.wav;0;0.1957278996706009;0
2229;MER4_20220705_131500_009.wav;0;0.5341787934303284;0
2230;MER4_20220705_131500_010.wav;0;0.7874369621276855;0
2231;MER4_20220705_131500_011.wav;0;0.5242971181869507;0
2232;MER4_20220705_131500_012.wav;0;0.18114204704761505;0
2233;MER4_20220705_131500_013.wav;0;0.1992432326078415;0
2234;MER4_20220705_131500_014.wav;0;0.532748818397522;0
2235;MER4_20220705_131500_015.wav;0;0.17589932680130005;0
2236;MER4_20220705_131500_016.wav;0;0.08048205077648163;0
2237;MER4_20220705_131500_017.wav;0;0.4149661064147949;0
2238;MER4_20220705_131500_018.wav;0;0.6547844409942627;0
2239;MER4_20220705_131500_019.wav;0;0.13878171145915985;0
2240;MER4_20220707_090000_000.wav;0;0.2772296369075775;0
2241;MER4_20220707_090000_001.wav;0;0.5283832550048828;0
2242;MER4_20220707_090000_002.wav;0;0.6833016276359558;0
2243;MER4_20220707_090000_003.wav;0;0.2866586148738861;0
2244;MER4_20220707_090000_004.wav;0;0.670191764831543;0
2245;MER4_20220707_090000_005.wav;0;0.16450992226600647;0
2246;MER4_20220707_090000_006.wav;0;0.8796949982643127;0
2247;MER4_20220707_090000_007.wav;0;0.3739490807056427;0
2248;MER4_20220707_090000_008.wav;0;0.4188014566898346;0
2249;MER4_20220707_090000_009.wav;0;0.9347912073135376;0
2250;MER4_20220707_090000_010.wav;0;0.9432209134101868;0
2251;MER4_20220707_090000_011.wav;0;0.884767472743988;0
2252;MER4_20220707_090000_012.wav;0;0.7694002389907837;0
2253;MER4_20220707_090000_013.wav;0;0.8314648270606995;0
2254;MER4_20220707_090000_014.wav;0;0.599243700504303;0
2255;MER4_20220707_090000_015.wav;0;0.24080806970596313;0
2256;MER4_20220707_090000_016.wav;0;0.15474727749824524;0
2257;MER4_20220707_090000_017.wav;0;0.12052269279956818;0
2258;MER4_20220707_090000_018.wav;0;0.6071560978889465;0
2259;MER4_20220707_090000_019.wav;0;0.7612758278846741;0
2260;MER4_20220713_040000_000.wav;0;0.3081018328666687;0
2261;MER4_20220713_040000_001.wav;0;0.024367481470108032;0
2262;MER4_20220713_040000_002.wav;0;0.1908351182937622;0
2263;MER4_20220713_040000_003.wav;0;0.059060145169496536;0
2264;MER4_20220713_040000_004.wav;0;0.025952542200684547;0
2265;MER4_20220713_040000_005.wav;0;0.13266846537590027;0
2266;MER4_20220713_040000_006.wav;0;0.4541836082935333;0
2267;MER4_20220713_040000_007.wav;0;0.08019852638244629;0
2268;MER4_20220713_040000_008.wav;0;0.4808833599090576;0
2269;MER4_20220713_040000_009.wav;0;0.6034693121910095;0
2270;MER4_20220713_040000_010.wav;0;0.1445382535457611;0
2271;MER4_20220713_040000_011.wav;0;0.042286235839128494;0
2272;MER4_20220713_040000_012.wav;0;0.4764184355735779;0
2273;MER4_20220713_040000_013.wav;0;0.46088907122612;0
2274;MER4_20220713_040000_014.wav;0;0.023328546434640884;0
2275;MER4_20220713_040000_015.wav;0;0.27118629217147827;0
2276;MER4_20220713_040000_016.wav;0;0.7409908771514893;0
2277;MER4_20220713_040000_017.wav;0;0.020424198359251022;0
2278;MER4_20220713_040000_018.wav;0;0.29695597290992737;0
2279;MER4_20220713_040000_019.wav;0;0.02158723957836628;0
2280;MER4_20220713_170000_000.wav;0;0.258228600025177;0
2281;MER4_20220713_170000_001.wav;0;0.10125847160816193;0
2282;MER4_20220713_170000_002.wav;0;0.3378080129623413;0
2283;MER4_20220713_170000_003.wav;0;0.16227224469184875;0
2284;MER4_20220713_170000_004.wav;0;0.4113987386226654;0
2285;MER4_20220713_170000_005.wav;0;0.19545412063598633;0
2286;MER4_20220713_170000_006.wav;0;0.09041090309619904;0
2287;MER4_20220713_170000_007.wav;0;0.4766663610935211;0
2288;MER4_20220713_170000_008.wav;0;0.09905000030994415;0
2289;MER4_20220713_170000_009.wav;0;0.26797306537628174;0
2290;MER4_20220713_170000_010.wav;0;0.6830025315284729;0
2291;MER4_20220713_170000_011.wav;0;0.10029030591249466;0
2292;MER4_20220713_170000_012.wav;0;0.9377931952476501;0
2293;MER4_20220713_170000_013.wav;0;0.672900378704071;0
2294;MER4_20220713_170000_014.wav;0;0.23704834282398224;0
2295;MER4_20220713_170000_015.wav;0;0.19045621156692505;0
2296;MER4_20220713_170000_016.wav;0;0.12105100601911545;0
2297;MER4_20220713_170000_017.wav;0;0.07268474251031876;0
2298;MER4_20220713_170000_018.wav;0;0.425995409488678;0
2299;MER4_20220713_170000_019.wav;0;0.09860672056674957;0
2300;MER4_20220717_104500_000.wav;0;0.7448321580886841;0
2301;MER4_20220717_104500_001.wav;0;0.9425162076950073;0
2302;MER4_20220717_104500_002.wav;0;0.9165370464324951;0
2303;MER4_20220717_104500_003.wav;0;0.06037513539195061;0
2304;MER4_20220717_104500_004.wav;0;0.16620463132858276;0
2305;MER4_20220717_104500_005.wav;0;0.34718674421310425;0
2306;MER4_20220717_104500_006.wav;0;0.25190412998199463;0
2307;MER4_20220717_104500_007.wav;0;0.2376759648323059;0
2308;MER4_20220717_104500_008.wav;0;0.07098282128572464;0
2309;MER4_20220717_104500_009.wav;0;0.16826902329921722;0
2310;MER4_20220717_104500_010.wav;0;0.31378260254859924;0
2311;MER4_20220717_104500_011.wav;0;0.08912418782711029;0
2312;MER4_20220717_104500_012.wav;0;0.32070937752723694;0
2313;MER4_20220717_104500_013.wav;0;0.06565121561288834;0
2314;MER4_20220717_104500_014.wav;0;0.14512044191360474;0
2315;MER4_20220717_104500_015.wav;0;0.3370763063430786;0
2316;MER4_20220717_104500_016.wav;0;0.11461861431598663;0
2317;MER4_20220717_104500_017.wav;0;0.5590499639511108;0
2318;MER4_20220717_104500_018.wav;0;0.6217254996299744;0
2319;MER4_20220717_104500_019.wav;0;0.6002699732780457;0
2320;MER4_20220725_140000_000.wav;0;0.03035448119044304;0
2321;MER4_20220725_140000_001.wav;0;0.18309348821640015;0
2322;MER4_20220725_140000_002.wav;0;0.03753947839140892;0
2323;MER4_20220725_140000_003.wav;0;0.3443264663219452;0
2324;MER4_20220725_140000_004.wav;0;0.03934847190976143;0
2325;MER4_20220725_140000_005.wav;0;0.397691011428833;0
2326;MER4_20220725_140000_006.wav;0;0.07247737795114517;0
2327;MER4_20220725_140000_007.wav;0;0.05089792236685753;0
2328;MER4_20220725_140000_008.wav;0;0.21274371445178986;0
2329;MER4_20220725_140000_009.wav;0;0.1100909411907196;0
2330;MER4_20220725_140000_010.wav;0;0.13398578763008118;0
2331;MER4_20220725_140000_011.wav;0;0.04214077070355415;0
2332;MER4_20220725_140000_012.wav;0;0.054187219589948654;0
2333;MER4_20220725_140000_013.wav;0;0.2803609371185303;0
2334;MER4_20220725_140000_014.wav;0;0.3080185651779175;0
2335;MER4_20220725_140000_015.wav;0;0.06172550097107887;0
2336;MER4_20220725_140000_016.wav;0;0.19656848907470703;0
2337;MER4_20220725_140000_017.wav;0;0.23146922886371613;0
2338;MER4_20220725_140000_018.wav;0;0.03924466297030449;0
2339;MER4_20220725_140000_019.wav;0;0.3101169764995575;0
2340;MER4_20220729_000000_000.wav;0;0.03384514898061752;0
2341;MER4_20220729_000000_001.wav;0;0.20419646799564362;0
2342;MER4_20220729_000000_002.wav;0;0.12228020280599594;0
2343;MER4_20220729_000000_003.wav;0;0.20786680281162262;0
2344;MER4_20220729_000000_004.wav;0;0.30845674872398376;0
2345;MER4_20220729_000000_005.wav;0;0.06518951803445816;0
2346;MER4_20220729_000000_006.wav;0;0.1316063404083252;0
2347;MER4_20220729_000000_007.wav;0;0.16654552519321442;0
2348;MER4_20220729_000000_008.wav;0;0.11399361491203308;0
2349;MER4_20220729_000000_009.wav;0;0.012485130690038204;0
2350;MER4_20220729_000000_010.wav;0;0.11794746667146683;0
2351;MER4_20220729_000000_011.wav;0;0.07936590909957886;0
2352;MER4_20220729_000000_012.wav;0;0.06506901234388351;0
2353;MER4_20220729_000000_013.wav;0;0.0290669072419405;0
2354;MER4_20220729_000000_014.wav;0;0.7113955020904541;0
2355;MER4_20220729_000000_015.wav;0;0.16609728336334229;0
2356;MER4_20220729_000000_016.wav;0;0.1708691120147705;0
2357;MER4_20220729_000000_017.wav;0;0.1196846067905426;0
2358;MER4_20220729_000000_018.wav;0;0.12139446288347244;0
2359;MER4_20220729_000000_019.wav;0;0.050044313073158264;0
2360;MER4_20220729_223000_000.wav;0;0.004246171563863754;0
2361;MER4_20220729_223000_001.wav;0;0.06686477363109589;0
2362;MER4_20220729_223000_002.wav;0;0.09540695697069168;0
2363;MER4_20220729_223000_003.wav;0;0.023940948769450188;0
2364;MER4_20220729_223000_004.wav;0;0.02360743097960949;0
2365;MER4_20220729_223000_005.wav;0;0.0046416036784648895;0
2366;MER4_20220729_223000_006.wav;0;0.018290935084223747;0
2367;MER4_20220729_223000_007.wav;0;0.007641714531928301;0
2368;MER4_20220729_223000_008.wav;0;0.010576410219073296;0
2369;MER4_20220729_223000_009.wav;0;0.0059267133474349976;0
2370;MER4_20220729_223000_010.wav;0;0.024095216765999794;0
2371;MER4_20220729_223000_011.wav;0;0.005504688248038292;0
2372;MER4_20220729_223000_012.wav;0;0.005281824618577957;0
2373;MER4_20220729_223000_013.wav;0;0.00892295129597187;0
2374;MER4_20220729_223000_014.wav;0;0.00705413892865181;0
2375;MER4_20220729_223000_015.wav;0;0.00518038822337985;0
2376;MER4_20220729_223000_016.wav;0;0.061889298260211945;0
2377;MER4_20220729_223000_017.wav;0;0.025330722332000732;0
2378;MER4_20220729_223000_018.wav;0;0.04525282606482506;0
2379;MER4_20220729_223000_019.wav;0;0.07117581367492676;0
2380;MER4_20220731_220000_000.wav;0;0.06825684010982513;0
2381;MER4_20220731_220000_001.wav;0;0.35392993688583374;0
2382;MER4_20220731_220000_002.wav;0;0.08729970455169678;0
2383;MER4_20220731_220000_003.wav;0;0.1190766915678978;0
2384;MER4_20220731_220000_004.wav;0;0.16646254062652588;0
2385;MER4_20220731_220000_005.wav;0;0.03880174085497856;0
2386;MER4_20220731_220000_006.wav;0;0.060103319585323334;0
2387;MER4_20220731_220000_007.wav;0;0.07874244451522827;0
2388;MER4_20220731_220000_008.wav;0;0.14832699298858643;0
2389;MER4_20220731_220000_009.wav;0;0.07782304286956787;0
2390;MER4_20220731_220000_010.wav;0;0.044243935495615005;0
2391;MER4_20220731_220000_011.wav;0;0.6914457082748413;0
2392;MER4_20220731_220000_012.wav;0;0.21283134818077087;0
2393;MER4_20220731_220000_013.wav;0;0.02676064893603325;0
2394;MER4_20220731_220000_014.wav;0;0.16668562591075897;0
2395;MER4_20220731_220000_015.wav;0;0.15570814907550812;0
2396;MER4_20220731_220000_016.wav;0;0.4667370915412903;0
2397;MER4_20220731_220000_017.wav;0;0.0807437002658844;0
2398;MER4_20220731_220000_018.wav;0;0.05637222155928612;0
2399;MER4_20220731_220000_019.wav;0;0.06023364141583443;0
2400;MER4_20220802_021500_000.wav;0;0.21379360556602478;0
2401;MER4_20220802_021500_001.wav;0;0.08913188427686691;0
2402;MER4_20220802_021500_002.wav;0;0.04857279360294342;0
2403;MER4_20220802_021500_003.wav;0;0.2045079618692398;0
2404;MER4_20220802_021500_004.wav;0;0.22796835005283356;0
2405;MER4_20220802_021500_005.wav;0;0.2479424774646759;0
2406;MER4_20220802_021500_006.wav;0;0.2210194319486618;0
2407;MER4_20220802_021500_007.wav;0;0.041482262313365936;0
2408;MER4_20220802_021500_008.wav;0;0.04565154388546944;0
2409;MER4_20220802_021500_009.wav;0;0.03066401183605194;0
2410;MER4_20220802_021500_010.wav;0;0.0197487510740757;0
2411;MER4_20220802_021500_011.wav;0;0.7217131853103638;0
2412;MER4_20220802_021500_012.wav;0;0.0548139251768589;0
2413;MER4_20220802_021500_013.wav;0;0.07910073548555374;0
2414;MER4_20220802_021500_014.wav;0;0.021914280951023102;0
2415;MER4_20220802_021500_015.wav;0;0.022794105112552643;0
2416;MER4_20220802_021500_016.wav;0;0.032092396169900894;0
2417;MER4_20220802_021500_017.wav;0;0.33676832914352417;0
2418;MER4_20220802_021500_018.wav;0;0.1593528538942337;0
2419;MER4_20220802_021500_019.wav;0;0.1679430454969406;0
2420;MER4_20220804_113000_000.wav;0;0.42823171615600586;0
2421;MER4_20220804_113000_001.wav;0;0.22650736570358276;0
2422;MER4_20220804_113000_002.wav;0;0.15795551240444183;0
2423;MER4_20220804_113000_003.wav;0;0.6138905882835388;0
2424;MER4_20220804_113000_004.wav;0;0.8649340867996216;0
2425;MER4_20220804_113000_005.wav;0;0.05039376765489578;0
2426;MER4_20220804_113000_006.wav;0;0.3827017545700073;0
2427;MER4_20220804_113000_007.wav;0;0.11082243919372559;0
2428;MER4_20220804_113000_008.wav;0;0.05030205100774765;0
2429;MER4_20220804_113000_009.wav;0;0.48859867453575134;0
2430;MER4_20220804_113000_010.wav;0;0.8947951793670654;0
2431;MER4_20220804_113000_011.wav;0;0.9630304574966431;0
2432;MER4_20220804_113000_012.wav;0;0.9437930583953857;0
2433;MER4_20220804_113000_013.wav;0;0.49203890562057495;0
2434;MER4_20220804_113000_014.wav;0;0.3994225263595581;0
2435;MER4_20220804_113000_015.wav;0;0.027421560138463974;0
2436;MER4_20220804_113000_016.wav;0;0.05995941534638405;0
2437;MER4_20220804_113000_017.wav;0;0.052359793335199356;0
2438;MER4_20220804_113000_018.wav;0;0.03795734792947769;0
2439;MER4_20220804_113000_019.wav;0;0.10096292197704315;0
2440;MER4_20220806_114500_000.wav;0;0.9666802883148193;0
2441;MER4_20220806_114500_001.wav;0;0.1142716258764267;0
2442;MER4_20220806_114500_002.wav;0;0.09256216138601303;0
2443;MER4_20220806_114500_003.wav;0;0.10893268138170242;0
2444;MER4_20220806_114500_004.wav;0;0.23791943490505219;0
2445;MER4_20220806_114500_005.wav;0;0.06979207694530487;0
2446;MER4_20220806_114500_006.wav;0;0.03597503527998924;0
2447;MER4_20220806_114500_007.wav;0;0.3812797963619232;0
2448;MER4_20220806_114500_008.wav;0;0.1669159233570099;0
2449;MER4_20220806_114500_009.wav;0;0.11285784095525742;0
2450;MER4_20220806_114500_010.wav;0;0.8017184734344482;0
2451;MER4_20220806_114500_011.wav;0;0.31807389855384827;0
2452;MER4_20220806_114500_012.wav;0;0.5860181450843811;0
2453;MER4_20220806_114500_013.wav;0;0.026677330955863;0
2454;MER4_20220806_114500_014.wav;0;0.29622405767440796;0
2455;MER4_20220806_114500_015.wav;0;0.09399614483118057;0
2456;MER4_20220806_114500_016.wav;0;0.06668902188539505;0
2457;MER4_20220806_114500_017.wav;0;0.027462271973490715;0
2458;MER4_20220806_114500_018.wav;0;0.20235806703567505;0
2459;MER4_20220806_114500_019.wav;0;0.057266272604465485;0
2460;MER4_20220814_173000_000.wav;0;0.04622892290353775;0
2461;MER4_20220814_173000_001.wav;0;0.009408789686858654;0
2462;MER4_20220814_173000_002.wav;0;0.01134525053203106;0
2463;MER4_20220814_173000_003.wav;0;0.016809571534395218;0
2464;MER4_20220814_173000_004.wav;0;0.02643844485282898;0
2465;MER4_20220814_173000_005.wav;0;0.018567290157079697;0
2466;MER4_20220814_173000_006.wav;0;0.02558719366788864;0
2467;MER4_20220814_173000_007.wav;0;0.0014053775230422616;0
2468;MER4_20220814_173000_008.wav;0;0.0003553704882506281;0
2469;MER4_20220814_173000_009.wav;0;0.0004035142483189702;0
2470;MER4_20220814_173000_010.wav;0;0.004291587043553591;0
2471;MER4_20220814_173000_011.wav;0;0.1617306023836136;0
2472;MER4_20220814_173000_012.wav;0;0.5159056782722473;0
2473;MER4_20220814_173000_013.wav;0;0.042653102427721024;0
2474;MER4_20220814_173000_014.wav;0;0.02082410641014576;0
2475;MER4_20220814_173000_015.wav;0;0.001202367595396936;0
2476;MER4_20220814_173000_016.wav;0;0.08473377674818039;0
2477;MER4_20220814_173000_017.wav;0;0.24477271735668182;0
2478;MER4_20220814_173000_018.wav;0;0.48714661598205566;0
2479;MER4_20220814_173000_019.wav;0;0.08276998996734619;0
2480;MER4_20220816_053000_000.wav;0;0.3707695007324219;0
2481;MER4_20220816_053000_001.wav;0;0.02638288587331772;0
2482;MER4_20220816_053000_002.wav;0;0.02724580653011799;0
2483;MER4_20220816_053000_003.wav;0;0.020287765190005302;0
2484;MER4_20220816_053000_004.wav;0;0.37472644448280334;0
2485;MER4_20220816_053000_005.wav;0;0.1183716431260109;0
2486;MER4_20220816_053000_006.wav;0;0.19650639593601227;0
2487;MER4_20220816_053000_007.wav;0;0.12970060110092163;0
2488;MER4_20220816_053000_008.wav;0;0.04401746764779091;0
2489;MER4_20220816_053000_009.wav;0;0.0487385131418705;0
2490;MER4_20220816_053000_010.wav;0;0.6983644366264343;0
2491;MER4_20220816_053000_011.wav;0;0.10625346004962921;0
2492;MER4_20220816_053000_012.wav;0;0.04517625644803047;0
2493;MER4_20220816_053000_013.wav;0;0.02731124684214592;0
2494;MER4_20220816_053000_014.wav;0;0.028266243636608124;0
2495;MER4_20220816_053000_015.wav;0;0.014952008612453938;0
2496;MER4_20220816_053000_016.wav;0;0.17680667340755463;0
2497;MER4_20220816_053000_017.wav;0;0.14452074468135834;0
2498;MER4_20220816_053000_018.wav;0;0.14582504332065582;0
2499;MER4_20220816_053000_019.wav;0;0.26938164234161377;0
2500;MER4_20220816_104500_000.wav;0;0.3948999047279358;0
2501;MER4_20220816_104500_001.wav;0;0.10884670168161392;0
2502;MER4_20220816_104500_002.wav;0;0.4808741509914398;0
2503;MER4_20220816_104500_003.wav;0;0.054148849099874496;0
2504;MER4_20220816_104500_004.wav;0;0.12663501501083374;0
2505;MER4_20220816_104500_005.wav;0;0.2492036074399948;0
2506;MER4_20220816_104500_006.wav;0;0.07743299752473831;0
2507;MER4_20220816_104500_007.wav;0;0.3270041346549988;0
2508;MER4_20220816_104500_008.wav;0;0.31849566102027893;0
2509;MER4_20220816_104500_009.wav;0;0.021255692467093468;0
2510;MER4_20220816_104500_010.wav;0;0.06698358058929443;0
2511;MER4_20220816_104500_011.wav;0;0.3445775508880615;0
2512;MER4_20220816_104500_012.wav;0;0.39714789390563965;0
2513;MER4_20220816_104500_013.wav;0;0.019442997872829437;0
2514;MER4_20220816_104500_014.wav;0;0.6224839687347412;0
2515;MER4_20220816_104500_015.wav;0;0.9925016164779663;0
2516;MER4_20220816_104500_016.wav;0;0.8768889307975769;0
2517;MER4_20220816_104500_017.wav;0;0.7460629343986511;0
2518;MER4_20220816_104500_018.wav;0;0.9817391037940979;0
2519;MER4_20220816_104500_019.wav;0;0.9894037246704102;0
2520;MER4_20220820_190000_000.wav;0;0.6586107015609741;0
2521;MER4_20220820_190000_001.wav;0;0.5670347213745117;0
2522;MER4_20220820_190000_002.wav;0;0.5169704556465149;0
2523;MER4_20220820_190000_003.wav;0;0.27558061480522156;0
2524;MER4_20220820_190000_004.wav;0;0.6953582763671875;0
2525;MER4_20220820_190000_005.wav;0;0.09155993163585663;0
2526;MER4_20220820_190000_006.wav;0;0.6670184135437012;0
2527;MER4_20220820_190000_007.wav;0;0.557698667049408;0
2528;MER4_20220820_190000_008.wav;0;0.8159095644950867;0
2529;MER4_20220820_190000_009.wav;0;0.20245550572872162;0
2530;MER4_20220820_190000_010.wav;0;0.09367713332176208;0
2531;MER4_20220820_190000_011.wav;0;0.11518649756908417;0
2532;MER4_20220820_190000_012.wav;0;0.4287354052066803;0
2533;MER4_20220820_190000_013.wav;0;0.04555381089448929;0
2534;MER4_20220820_190000_014.wav;0;0.02148120291531086;0
2535;MER4_20220820_190000_015.wav;0;0.023897582665085793;0
2536;MER4_20220820_190000_016.wav;0;0.09684644639492035;0
2537;MER4_20220820_190000_017.wav;0;0.01862398535013199;0
2538;MER4_20220820_190000_018.wav;0;0.3019008934497833;0
2539;MER4_20220820_190000_019.wav;0;0.8421130180358887;0
2540;MER4_20220822_150000_000.wav;0;0.06703361868858337;0
2541;MER4_20220822_150000_001.wav;0;0.06020793691277504;0
2542;MER4_20220822_150000_002.wav;0;0.06755778938531876;0
2543;MER4_20220822_150000_003.wav;0;0.014067125506699085;0
2544;MER4_20220822_150000_004.wav;0;0.8048146963119507;0
2545;MER4_20220822_150000_005.wav;0;0.12986378371715546;0
2546;MER4_20220822_150000_006.wav;0;0.045020829886198044;0
2547;MER4_20220822_150000_007.wav;0;0.5728271007537842;0
2548;MER4_20220822_150000_008.wav;0;0.17067041993141174;0
2549;MER4_20220822_150000_009.wav;0;0.3880862891674042;0
2550;MER4_20220822_150000_010.wav;0;0.19407226145267487;0
2551;MER4_20220822_150000_011.wav;0;0.6804468035697937;0
2552;MER4_20220822_150000_012.wav;0;0.060191407799720764;0
2553;MER4_20220822_150000_013.wav;0;0.10315815359354019;0
2554;MER4_20220822_150000_014.wav;0;0.2675170302391052;0
2555;MER4_20220822_150000_015.wav;0;0.5833537578582764;0
2556;MER4_20220822_150000_016.wav;0;0.315021276473999;0
2557;MER4_20220822_150000_017.wav;0;0.3709601163864136;0
2558;MER4_20220822_150000_018.wav;0;0.762018084526062;0
2559;MER4_20220822_150000_019.wav;0;0.045955147594213486;0
2560;MER4_20220826_200000_000.wav;0;0.0090887900441885;0
2561;MER4_20220826_200000_001.wav;0;0.010927902534604073;0
2562;MER4_20220826_200000_002.wav;0;0.025060517713427544;0
2563;MER4_20220826_200000_003.wav;0;0.0041193668730556965;0
2564;MER4_20220826_200000_004.wav;0;0.040958110243082047;0
2565;MER4_20220826_200000_005.wav;0;0.02436162158846855;0
2566;MER4_20220826_200000_006.wav;0;0.005369638558477163;0
2567;MER4_20220826_200000_007.wav;0;0.006175997667014599;0
2568;MER4_20220826_200000_008.wav;0;0.007388333324342966;0
2569;MER4_20220826_200000_009.wav;0;0.017545431852340698;0
2570;MER4_20220826_200000_010.wav;0;0.008333465084433556;0
2571;MER4_20220826_200000_011.wav;0;0.005511910654604435;0
2572;MER4_20220826_200000_012.wav;0;0.037461426109075546;0
2573;MER4_20220826_200000_013.wav;0;0.8866076469421387;0
2574;MER4_20220826_200000_014.wav;0;0.2968062162399292;0
2575;MER4_20220826_200000_015.wav;0;0.20158042013645172;0
2576;MER4_20220826_200000_016.wav;0;0.1524839699268341;0
2577;MER4_20220826_200000_017.wav;0;0.4027494490146637;0
2578;MER4_20220826_200000_018.wav;0;0.23818892240524292;0
2579;MER4_20220826_200000_019.wav;0;0.5700010657310486;0
2580;MER4_20220828_014500_000.wav;0;0.09103753417730331;0
2581;MER4_20220828_014500_001.wav;0;0.07815878093242645;0
2582;MER4_20220828_014500_002.wav;0;0.07660175114870071;0
2583;MER4_20220828_014500_003.wav;0;0.035302188247442245;0
2584;MER4_20220828_014500_004.wav;0;0.012514624744653702;0
2585;MER4_20220828_014500_005.wav;0;0.009237153455615044;0
2586;MER4_20220828_014500_006.wav;0;0.03587837889790535;0
2587;MER4_20220828_014500_007.wav;0;0.059211649000644684;0
2588;MER4_20220828_014500_008.wav;0;0.03747229650616646;0
2589;MER4_20220828_014500_009.wav;0;0.03440330922603607;0
2590;MER4_20220828_014500_010.wav;0;0.03285931423306465;0
2591;MER4_20220828_014500_011.wav;0;0.02141164429485798;0
2592;MER4_20220828_014500_012.wav;0;0.0048973169177770615;0
2593;MER4_20220828_014500_013.wav;0;0.004895367659628391;0
2594;MER4_20220828_014500_014.wav;0;0.005436100997030735;0
2595;MER4_20220828_014500_015.wav;0;0.01871158741414547;0
2596;MER4_20220828_014500_016.wav;0;0.019887780770659447;0
2597;MER4_20220828_014500_017.wav;0;0.02159905806183815;0
2598;MER4_20220828_014500_018.wav;0;0.0029908146243542433;0
2599;MER4_20220828_014500_019.wav;0;0.004009502939879894;0
2600;MER4_20220828_234500_000.wav;0;0.010097814723849297;0
2601;MER4_20220828_234500_001.wav;0;0.24695217609405518;0
2602;MER4_20220828_234500_002.wav;0;0.0326017364859581;0
2603;MER4_20220828_234500_003.wav;0;0.03124459646642208;0
2604;MER4_20220828_234500_004.wav;0;0.04470056667923927;0
2605;MER4_20220828_234500_005.wav;0;0.08441057056188583;0
2606;MER4_20220828_234500_006.wav;0;0.01049123890697956;0
2607;MER4_20220828_234500_007.wav;0;0.20239269733428955;0
2608;MER4_20220828_234500_008.wav;0;0.01830730400979519;0
2609;MER4_20220828_234500_009.wav;0;0.24218177795410156;0
2610;MER4_20220828_234500_010.wav;0;0.08518753945827484;0
2611;MER4_20220828_234500_011.wav;0;0.15011262893676758;0
2612;MER4_20220828_234500_012.wav;0;0.03826297074556351;0
2613;MER4_20220828_234500_013.wav;0;0.09276604652404785;0
2614;MER4_20220828_234500_014.wav;0;0.051987167447805405;0
2615;MER4_20220828_234500_015.wav;0;0.03846285864710808;0
2616;MER4_20220828_234500_016.wav;0;0.07048473507165909;0
2617;MER4_20220828_234500_017.wav;0;0.01923000067472458;0
2618;MER4_20220828_234500_018.wav;0;0.005576864816248417;0
2619;MER4_20220828_234500_019.wav;0;0.1952918916940689;0
2620;MER4_20220830_171500_000.wav;0;0.0016970387659966946;0
2621;MER4_20220830_171500_001.wav;0;0.002875958103686571;0
2622;MER4_20220830_171500_002.wav;0;0.0038949153386056423;0
2623;MER4_20220830_171500_003.wav;0;0.001359616406261921;0
2624;MER4_20220830_171500_004.wav;0;0.0012487812200561166;0
2625;MER4_20220830_171500_005.wav;0;0.0009998397435992956;0
2626;MER4_20220830_171500_006.wav;0;0.0019575078040361404;0
2627;MER4_20220830_171500_007.wav;0;0.0008795148460194468;0
2628;MER4_20220830_171500_008.wav;0;0.0014247836079448462;0
2629;MER4_20220830_171500_009.wav;0;0.006305539049208164;0
2630;MER4_20220830_171500_010.wav;0;0.000842937792185694;0
2631;MER4_20220830_171500_011.wav;0;0.0008166260668076575;0
2632;MER4_20220830_171500_012.wav;0;0.0023303406778723;0
2633;MER4_20220830_171500_013.wav;0;0.0024092316161841154;0
2634;MER4_20220830_171500_014.wav;0;0.0021752361208200455;0
2635;MER4_20220830_171500_015.wav;0;0.018960807472467422;0
2636;MER4_20220830_171500_016.wav;0;0.042143333703279495;0
2637;MER4_20220830_171500_017.wav;0;0.00867858249694109;0
2638;MER4_20220830_171500_018.wav;0;0.003710856195539236;0
2639;MER4_20220830_171500_019.wav;0;0.004135242197662592;0
2640;MER4_20220901_111500_000.wav;0;0.009762602858245373;0
2641;MER4_20220901_111500_001.wav;0;0.06464828550815582;0
2642;MER4_20220901_111500_002.wav;0;0.024412712082266808;0
2643;MER4_20220901_111500_003.wav;0;0.04880266264081001;0
2644;MER4_20220901_111500_004.wav;0;0.0987781509757042;0
2645;MER4_20220901_111500_005.wav;0;0.09008148312568665;0
2646;MER4_20220901_111500_006.wav;0;0.01958840899169445;0
2647;MER4_20220901_111500_007.wav;0;0.009020088240504265;0
2648;MER4_20220901_111500_008.wav;0;0.028345558792352676;0
2649;MER4_20220901_111500_009.wav;0;0.016061458736658096;0
2650;MER4_20220901_111500_010.wav;0;0.04240870848298073;0
2651;MER4_20220901_111500_011.wav;0;0.017321372404694557;0
2652;MER4_20220901_111500_012.wav;0;0.013837048783898354;0
2653;MER4_20220901_111500_013.wav;0;0.19248121976852417;0
2654;MER4_20220901_111500_014.wav;0;0.09365915507078171;0
2655;MER4_20220901_111500_015.wav;0;0.014128727838397026;0
2656;MER4_20220901_111500_016.wav;0;0.012206303887069225;0
2657;MER4_20220901_111500_017.wav;0;0.018636127933859825;0
2658;MER4_20220901_111500_018.wav;0;0.37911343574523926;0
2659;MER4_20220901_111500_019.wav;0;0.010516361333429813;0
2660;MER4_20220901_120000_000.wav;0;0.011691995896399021;0
2661;MER4_20220901_120000_001.wav;0;0.018516525626182556;0
2662;MER4_20220901_120000_002.wav;0;0.021546674892306328;0
2663;MER4_20220901_120000_003.wav;0;0.017092349007725716;0
2664;MER4_20220901_120000_004.wav;0;0.08733046799898148;0
2665;MER4_20220901_120000_005.wav;0;0.009587951935827732;0
2666;MER4_20220901_120000_006.wav;0;0.04205961152911186;0
2667;MER4_20220901_120000_007.wav;0;0.14416955411434174;0
2668;MER4_20220901_120000_008.wav;0;0.3638155460357666;0
2669;MER4_20220901_120000_009.wav;0;0.05764191597700119;0
2670;MER4_20220901_120000_010.wav;0;0.03737599402666092;0
2671;MER4_20220901_120000_011.wav;0;0.02847379259765148;0
2672;MER4_20220901_120000_012.wav;0;0.03417772054672241;0
2673;MER4_20220901_120000_013.wav;0;0.04219803214073181;0
2674;MER4_20220901_120000_014.wav;0;0.04383252188563347;0
2675;MER4_20220901_120000_015.wav;0;0.010996506549417973;0
2676;MER4_20220901_120000_016.wav;0;0.1621304601430893;0
2677;MER4_20220901_120000_017.wav;0;0.015119299292564392;0
2678;MER4_20220901_120000_018.wav;0;0.00901542603969574;0
2679;MER4_20220901_120000_019.wav;0;0.024369707331061363;0
2680;MER4_20220901_184500_000.wav;0;0.4448506236076355;0
2681;MER4_20220901_184500_001.wav;0;0.294270783662796;0
2682;MER4_20220901_184500_002.wav;0;0.12540340423583984;0
2683;MER4_20220901_184500_003.wav;0;0.0189968254417181;0
2684;MER4_20220901_184500_004.wav;0;0.010196428745985031;0
2685;MER4_20220901_184500_005.wav;0;0.0032639321871101856;0
2686;MER4_20220901_184500_006.wav;0;0.019009297713637352;0
2687;MER4_20220901_184500_007.wav;0;0.006325552240014076;0
2688;MER4_20220901_184500_008.wav;0;0.011296150274574757;0
2689;MER4_20220901_184500_009.wav;0;0.00424208864569664;0
2690;MER4_20220901_184500_010.wav;0;0.00923924334347248;0
2691;MER4_20220901_184500_011.wav;0;0.012112242169678211;0
2692;MER4_20220901_184500_012.wav;0;0.00816604495048523;0
2693;MER4_20220901_184500_013.wav;0;0.05836528539657593;0
2694;MER4_20220901_184500_014.wav;0;0.05124210938811302;0
2695;MER4_20220901_184500_015.wav;0;0.01834608055651188;0
2696;MER4_20220901_184500_016.wav;0;0.016104476526379585;0
2697;MER4_20220901_184500_017.wav;0;0.003867834573611617;0
2698;MER4_20220901_184500_018.wav;0;0.008895079605281353;0
2699;MER4_20220901_184500_019.wav;0;0.007114388979971409;0
2700;MER4_20220903_014500_000.wav;0;0.0022678517270833254;0
2701;MER4_20220903_014500_001.wav;0;0.0029006300028413534;0
2702;MER4_20220903_014500_002.wav;0;0.009866863489151001;0
2703;MER4_20220903_014500_003.wav;0;0.00192823086399585;0
2704;MER4_20220903_014500_004.wav;0;0.0026113742496818304;0
2705;MER4_20220903_014500_005.wav;0;0.0026662959717214108;0
2706;MER4_20220903_014500_006.wav;0;0.002072227420285344;0
2707;MER4_20220903_014500_007.wav;0;0.003164477413520217;0
2708;MER4_20220903_014500_008.wav;0;0.010116186924278736;0
2709;MER4_20220903_014500_009.wav;0;0.01594429463148117;0
2710;MER4_20220903_014500_010.wav;0;0.010880008339881897;0
2711;MER4_20220903_014500_011.wav;0;0.002881682477891445;0
2712;MER4_20220903_014500_012.wav;0;0.0039037165697664022;0
2713;MER4_20220903_014500_013.wav;0;0.002395864576101303;0
2714;MER4_20220903_014500_014.wav;0;0.00601993128657341;0
2715;MER4_20220903_014500_015.wav;0;0.003290921915322542;0
2716;MER4_20220903_014500_016.wav;0;0.03708407282829285;0
2717;MER4_20220903_014500_017.wav;0;0.02762772887945175;0
2718;MER4_20220903_014500_018.wav;0;0.006783027667552233;0
2719;MER4_20220903_014500_019.wav;0;0.011524851433932781;0
2720;MER4_20220903_124500_000.wav;0;0.012415993958711624;0
2721;MER4_20220903_124500_001.wav;0;0.009165321476757526;0
2722;MER4_20220903_124500_002.wav;0;0.014287506230175495;0
2723;MER4_20220903_124500_003.wav;0;0.005615537520498037;0
2724;MER4_20220903_124500_004.wav;0;0.05319669470191002;0
2725;MER4_20220903_124500_005.wav;0;0.024762626737356186;0
2726;MER4_20220903_124500_006.wav;0;0.036640480160713196;0
2727;MER4_20220903_124500_007.wav;0;0.026757704094052315;0
2728;MER4_20220903_124500_008.wav;0;0.017879534512758255;0
2729;MER4_20220903_124500_009.wav;0;0.22439992427825928;0
2730;MER4_20220903_124500_010.wav;0;0.014659321866929531;0
2731;MER4_20220903_124500_011.wav;0;0.020169580355286598;0
2732;MER4_20220903_124500_012.wav;0;0.025391416624188423;0
2733;MER4_20220903_124500_013.wav;0;0.01738453283905983;0
2734;MER4_20220903_124500_014.wav;0;0.011734017170965672;0
2735;MER4_20220903_124500_015.wav;0;0.04852355644106865;0
2736;MER4_20220903_124500_016.wav;0;0.016362860798835754;0
2737;MER4_20220903_124500_017.wav;0;0.29781097173690796;0
2738;MER4_20220903_124500_018.wav;0;0.026385094970464706;0
2739;MER4_20220903_124500_019.wav;0;0.010892398655414581;0
2740;MER4_20220903_144500_000.wav;0;0.0265817791223526;0
2741;MER4_20220903_144500_001.wav;0;0.049347709864377975;0
2742;MER4_20220903_144500_002.wav;0;0.02223576232790947;0
2743;MER4_20220903_144500_003.wav;0;0.01895613968372345;0
2744;MER4_20220903_144500_004.wav;0;0.09895828366279602;0
2745;MER4_20220903_144500_005.wav;0;0.019923551008105278;0
2746;MER4_20220903_144500_006.wav;0;0.057464905083179474;0
2747;MER4_20220903_144500_007.wav;0;0.03923910856246948;0
2748;MER4_20220903_144500_008.wav;0;0.04899698123335838;0
2749;MER4_20220903_144500_009.wav;0;0.02951354905962944;0
2750;MER4_20220903_144500_010.wav;0;0.177115797996521;0
2751;MER4_20220903_144500_011.wav;0;0.12649942934513092;0
2752;MER4_20220903_144500_012.wav;0;0.12997587025165558;0
2753;MER4_20220903_144500_013.wav;0;0.07168779522180557;0
2754;MER4_20220903_144500_014.wav;0;0.010317415930330753;0
2755;MER4_20220903_144500_015.wav;0;0.1275399923324585;0
2756;MER4_20220903_144500_016.wav;0;0.7143699526786804;0
2757;MER4_20220903_144500_017.wav;0;0.035195231437683105;0
2758;MER4_20220903_144500_018.wav;0;0.42197319865226746;0
2759;MER4_20220903_144500_019.wav;0;0.103298619389534;0
2760;MER4_20220903_200000_000.wav;0;0.03322398290038109;0
2761;MER4_20220903_200000_001.wav;0;0.13184842467308044;0
2762;MER4_20220903_200000_002.wav;0;0.43660449981689453;0
2763;MER4_20220903_200000_003.wav;0;0.27428576350212097;0
2764;MER4_20220903_200000_004.wav;0;0.1674530953168869;0
2765;MER4_20220903_200000_005.wav;0;0.02766561321914196;0
2766;MER4_20220903_200000_006.wav;0;0.5808144211769104;0
2767;MER4_20220903_200000_007.wav;0;0.058444686233997345;0
2768;MER4_20220903_200000_008.wav;0;0.24400366842746735;0
2769;MER4_20220903_200000_009.wav;0;0.010282131843268871;0
2770;MER4_20220903_200000_010.wav;0;0.04157406836748123;0
2771;MER4_20220903_200000_011.wav;0;0.10472411662340164;0
2772;MER4_20220903_200000_012.wav;0;0.04963906109333038;0
2773;MER4_20220903_200000_013.wav;0;0.24497853219509125;0
2774;MER4_20220903_200000_014.wav;0;0.24658387899398804;0
2775;MER4_20220903_200000_015.wav;0;0.2505687177181244;0
2776;MER4_20220903_200000_016.wav;0;0.13926638662815094;0
2777;MER4_20220903_200000_017.wav;0;0.13894790410995483;0
2778;MER4_20220903_200000_018.wav;0;0.236354798078537;0
2779;MER4_20220903_200000_019.wav;0;0.03917396813631058;0
2780;MER4_20220905_010000_000.wav;0;0.12029288709163666;0
2781;MER4_20220905_010000_001.wav;0;0.01494690403342247;0
2782;MER4_20220905_010000_002.wav;0;0.025348877534270287;0
2783;MER4_20220905_010000_003.wav;0;0.009133504703640938;0
2784;MER4_20220905_010000_004.wav;0;0.008346633054316044;0
2785;MER4_20220905_010000_005.wav;0;0.07179582864046097;0
2786;MER4_20220905_010000_006.wav;0;0.00639524357393384;0
2787;MER4_20220905_010000_007.wav;0;0.041382450610399246;0
2788;MER4_20220905_010000_008.wav;0;0.005192532204091549;0
2789;MER4_20220905_010000_009.wav;0;0.00992768257856369;0
2790;MER4_20220905_010000_010.wav;0;0.014874670654535294;0
2791;MER4_20220905_010000_011.wav;0;0.009901022538542747;0
2792;MER4_20220905_010000_012.wav;0;0.013220003806054592;0
2793;MER4_20220905_010000_013.wav;0;0.017678845673799515;0
2794;MER4_20220905_010000_014.wav;0;0.005858371965587139;0
2795;MER4_20220905_010000_015.wav;0;0.015515434555709362;0
2796;MER4_20220905_010000_016.wav;0;0.027161855250597;0
2797;MER4_20220905_010000_017.wav;0;0.017226874828338623;0
2798;MER4_20220905_010000_018.wav;0;0.01312987506389618;0
2799;MER4_20220905_010000_019.wav;0;0.01220713835209608;0
2800;MER4_20220905_034500_000.wav;0;0.010158268734812737;0
2801;MER4_20220905_034500_001.wav;0;0.013474326580762863;0
2802;MER4_20220905_034500_002.wav;0;0.03761240839958191;0
2803;MER4_20220905_034500_003.wav;0;0.0068589202128350735;0
2804;MER4_20220905_034500_004.wav;0;0.015609916299581528;0
2805;MER4_20220905_034500_005.wav;0;0.01302352361381054;0
2806;MER4_20220905_034500_006.wav;0;0.007996599189937115;0
2807;MER4_20220905_034500_007.wav;0;0.008135094307363033;0
2808;MER4_20220905_034500_008.wav;0;0.021056154742836952;0
2809;MER4_20220905_034500_009.wav;0;0.022069673985242844;0
2810;MER4_20220905_034500_010.wav;0;0.01645921915769577;0
2811;MER4_20220905_034500_011.wav;0;0.013044330291450024;0
2812;MER4_20220905_034500_012.wav;0;0.011327790096402168;0
2813;MER4_20220905_034500_013.wav;0;0.045081522315740585;0
2814;MER4_20220905_034500_014.wav;0;0.007369734812527895;0
2815;MER4_20220905_034500_015.wav;0;0.03505091741681099;0
2816;MER4_20220905_034500_016.wav;0;0.07296744734048843;0
2817;MER4_20220905_034500_017.wav;0;0.20288924872875214;0
2818;MER4_20220905_034500_018.wav;0;0.21987849473953247;0
2819;MER4_20220905_034500_019.wav;0;0.05676976218819618;0
2820;MER4_20220905_080000_000.wav;0;0.07296377420425415;0
2821;MER4_20220905_080000_001.wav;0;0.2443217635154724;0
2822;MER4_20220905_080000_002.wav;0;0.3357757031917572;0
2823;MER4_20220905_080000_003.wav;0;0.04475817456841469;0
2824;MER4_20220905_080000_004.wav;0;0.03175297752022743;0
2825;MER4_20220905_080000_005.wav;0;0.28614866733551025;0
2826;MER4_20220905_080000_006.wav;0;0.04583437740802765;0
2827;MER4_20220905_080000_007.wav;0;0.03467489778995514;0
2828;MER4_20220905_080000_008.wav;0;0.1591784656047821;0
2829;MER4_20220905_080000_009.wav;0;0.07548533380031586;0
2830;MER4_20220905_080000_010.wav;0;0.029525568708777428;0
2831;MER4_20220905_080000_011.wav;0;0.1345255970954895;0
2832;MER4_20220905_080000_012.wav;0;0.14266975224018097;0
2833;MER4_20220905_080000_013.wav;0;0.04994944855570793;0
2834;MER4_20220905_080000_014.wav;0;0.390421062707901;0
2835;MER4_20220905_080000_015.wav;0;0.17562496662139893;0
2836;MER4_20220905_080000_016.wav;0;0.04741308093070984;0
2837;MER4_20220905_080000_017.wav;0;0.08965164422988892;0
2838;MER4_20220905_080000_018.wav;0;0.017221257090568542;0
2839;MER4_20220905_080000_019.wav;0;0.03210718184709549;0
2840;MER4_20220905_103000_000.wav;0;0.15304574370384216;0
2841;MER4_20220905_103000_001.wav;0;0.03853290528059006;0
2842;MER4_20220905_103000_002.wav;0;0.33204400539398193;0
2843;MER4_20220905_103000_003.wav;0;0.055895429104566574;0
2844;MER4_20220905_103000_004.wav;0;0.5933511257171631;0
2845;MER4_20220905_103000_005.wav;0;0.3611694276332855;0
2846;MER4_20220905_103000_006.wav;0;0.9150015711784363;0
2847;MER4_20220905_103000_007.wav;0;0.11527124047279358;0
2848;MER4_20220905_103000_008.wav;0;0.3571433424949646;0
2849;MER4_20220905_103000_009.wav;0;0.3606633245944977;0
2850;MER4_20220905_103000_010.wav;0;0.7380116581916809;0
2851;MER4_20220905_103000_011.wav;0;0.36528560519218445;0
2852;MER4_20220905_103000_012.wav;0;0.34679508209228516;0
2853;MER4_20220905_103000_013.wav;0;0.6172584295272827;0
2854;MER4_20220905_103000_014.wav;0;0.4828050434589386;0
2855;MER4_20220905_103000_015.wav;0;0.8148578405380249;0
2856;MER4_20220905_103000_016.wav;0;0.9546008110046387;0
2857;MER4_20220905_103000_017.wav;0;0.641587495803833;0
2858;MER4_20220905_103000_018.wav;0;0.40556392073631287;0
2859;MER4_20220905_103000_019.wav;0;0.6562126874923706;0
2860;MER5_20220619_060000_000.wav;0;0.05867508053779602;0
2861;MER5_20220619_060000_001.wav;0;0.04827394708991051;0
2862;MER5_20220619_060000_002.wav;0;0.015460512600839138;0
2863;MER5_20220619_060000_003.wav;0;0.063290536403656;0
2864;MER5_20220619_060000_004.wav;0;0.09828933328390121;0
2865;MER5_20220619_060000_005.wav;0;0.09213166683912277;0
2866;MER5_20220619_060000_006.wav;0;0.05723230913281441;0
2867;MER5_20220619_060000_007.wav;0;0.013069948181509972;0
2868;MER5_20220619_060000_008.wav;0;0.23293057084083557;0
2869;MER5_20220619_060000_009.wav;0;0.06880969554185867;0
2870;MER5_20220619_060000_010.wav;0;0.4360330104827881;0
2871;MER5_20220619_060000_011.wav;0;0.25663769245147705;0
2872;MER5_20220619_060000_012.wav;0;0.05299032852053642;0
2873;MER5_20220619_060000_013.wav;0;0.16466230154037476;0
2874;MER5_20220619_060000_014.wav;0;0.029392050579190254;0
2875;MER5_20220619_060000_015.wav;0;0.04926189407706261;0
2876;MER5_20220619_060000_016.wav;0;0.3121650815010071;0
2877;MER5_20220619_060000_017.wav;0;0.0685887411236763;0
2878;MER5_20220619_060000_018.wav;0;0.047472964972257614;0
2879;MER5_20220619_060000_019.wav;0;0.05509892851114273;0
2880;MER5_20220619_070000_000.wav;0;0.30808907747268677;0
2881;MER5_20220619_070000_001.wav;0;0.03906241059303284;0
2882;MER5_20220619_070000_002.wav;0;0.6399057507514954;0
2883;MER5_20220619_070000_003.wav;0;0.048933450132608414;0
2884;MER5_20220619_070000_004.wav;0;0.029053116217255592;0
2885;MER5_20220619_070000_005.wav;0;0.1158786192536354;0
2886;MER5_20220619_070000_006.wav;0;0.14896059036254883;0
2887;MER5_20220619_070000_007.wav;0;0.012574542313814163;0
2888;MER5_20220619_070000_008.wav;0;0.05509353056550026;0
2889;MER5_20220619_070000_009.wav;0;0.04674061760306358;0
2890;MER5_20220619_070000_010.wav;0;0.26209327578544617;0
2891;MER5_20220619_070000_011.wav;0;0.0581018403172493;0
2892;MER5_20220619_070000_012.wav;0;0.02548937499523163;0
2893;MER5_20220619_070000_013.wav;0;0.1396551877260208;0
2894;MER5_20220619_070000_014.wav;0;0.12929747998714447;0
2895;MER5_20220619_070000_015.wav;0;0.03408648073673248;0
2896;MER5_20220619_070000_016.wav;0;0.24874447286128998;0
2897;MER5_20220619_070000_017.wav;0;0.6208605170249939;0
2898;MER5_20220619_070000_018.wav;0;0.04706629365682602;0
2899;MER5_20220619_070000_019.wav;0;0.009462212212383747;0
2900;MER5_20220621_044500_000.wav;0;0.0733640268445015;0
2901;MER5_20220621_044500_001.wav;0;0.07500346750020981;0
2902;MER5_20220621_044500_002.wav;0;0.02019634284079075;0
2903;MER5_20220621_044500_003.wav;0;0.2093992829322815;0
2904;MER5_20220621_044500_004.wav;0;0.3295334577560425;0
2905;MER5_20220621_044500_005.wav;0;0.0705302506685257;0
2906;MER5_20220621_044500_006.wav;0;0.029420217499136925;0
2907;MER5_20220621_044500_007.wav;0;0.06983211636543274;0
2908;MER5_20220621_044500_008.wav;0;0.01668575219810009;0
2909;MER5_20220621_044500_009.wav;0;0.1128525584936142;0
2910;MER5_20220621_044500_010.wav;0;0.5986398458480835;0
2911;MER5_20220621_044500_011.wav;0;0.3353187143802643;0
2912;MER5_20220621_044500_012.wav;0;0.2405761182308197;0
2913;MER5_20220621_044500_013.wav;0;0.3217101991176605;0
2914;MER5_20220621_044500_014.wav;0;0.016114549711346626;0
2915;MER5_20220621_044500_015.wav;0;0.11203601956367493;0
2916;MER5_20220621_044500_016.wav;0;0.08592889457941055;0
2917;MER5_20220621_044500_017.wav;0;0.891861081123352;0
2918;MER5_20220621_044500_018.wav;0;0.05093739554286003;0
2919;MER5_20220621_044500_019.wav;0;0.1067328229546547;0
2920;MER5_20220623_000000_000.wav;0;0.026224590837955475;0
2921;MER5_20220623_000000_001.wav;0;0.08386783301830292;0
2922;MER5_20220623_000000_002.wav;0;0.3178611099720001;0
2923;MER5_20220623_000000_003.wav;0;0.1786864846944809;0
2924;MER5_20220623_000000_004.wav;0;0.222378209233284;0
2925;MER5_20220623_000000_005.wav;0;0.12150464951992035;0
2926;MER5_20220623_000000_006.wav;0;0.042512305080890656;0
2927;MER5_20220623_000000_007.wav;0;0.00795837678015232;0
2928;MER5_20220623_000000_008.wav;0;0.07584764808416367;0
2929;MER5_20220623_000000_009.wav;0;0.04995344206690788;0
2930;MER5_20220623_000000_010.wav;0;0.2914339601993561;0
2931;MER5_20220623_000000_011.wav;0;0.020979078486561775;0
2932;MER5_20220623_000000_012.wav;0;0.13795745372772217;0
2933;MER5_20220623_000000_013.wav;0;0.05077885463833809;0
2934;MER5_20220623_000000_014.wav;0;0.08057040721178055;0
2935;MER5_20220623_000000_015.wav;0;0.03163682669401169;0
2936;MER5_20220623_000000_016.wav;0;0.08319325000047684;0
2937;MER5_20220623_000000_017.wav;0;0.1450791358947754;0
2938;MER5_20220623_000000_018.wav;0;0.3280999958515167;0
2939;MER5_20220623_000000_019.wav;0;0.09419100731611252;0
2940;MER5_20220625_011500_000.wav;0;0.009139008820056915;0
2941;MER5_20220625_011500_001.wav;0;0.0033869105391204357;0
2942;MER5_20220625_011500_002.wav;0;0.03129618614912033;0
2943;MER5_20220625_011500_003.wav;0;0.0030792332254350185;0
2944;MER5_20220625_011500_004.wav;0;0.05872426554560661;0
2945;MER5_20220625_011500_005.wav;0;0.01594926230609417;0
2946;MER5_20220625_011500_006.wav;0;0.11340510100126266;0
2947;MER5_20220625_011500_007.wav;0;0.034117814153432846;0
2948;MER5_20220625_011500_008.wav;0;0.031070318073034286;0
2949;MER5_20220625_011500_009.wav;0;0.01889880560338497;0
2950;MER5_20220625_011500_010.wav;0;0.03281809389591217;0
2951;MER5_20220625_011500_011.wav;0;0.22887548804283142;0
2952;MER5_20220625_011500_012.wav;0;0.04394884407520294;0
2953;MER5_20220625_011500_013.wav;0;0.4212583303451538;0
2954;MER5_20220625_011500_014.wav;0;0.05739833042025566;0
2955;MER5_20220625_011500_015.wav;0;0.16530485451221466;0
2956;MER5_20220625_011500_016.wav;0;0.005724337883293629;0
2957;MER5_20220625_011500_017.wav;0;0.09435805678367615;0
2958;MER5_20220625_011500_018.wav;0;0.1431589275598526;0
2959;MER5_20220625_011500_019.wav;0;0.11244503408670425;0
2960;MER5_20220625_131500_000.wav;0;0.9355965256690979;0
2961;MER5_20220625_131500_001.wav;0;0.8054488301277161;0
2962;MER5_20220625_131500_002.wav;0;0.8489875197410583;0
2963;MER5_20220625_131500_003.wav;0;0.09320167452096939;0
2964;MER5_20220625_131500_004.wav;0;0.6280959248542786;0
2965;MER5_20220625_131500_005.wav;0;0.905367374420166;0
2966;MER5_20220625_131500_006.wav;0;0.8123393654823303;0
2967;MER5_20220625_131500_007.wav;0;0.3298487365245819;0
2968;MER5_20220625_131500_008.wav;0;0.9533257484436035;0
2969;MER5_20220625_131500_009.wav;0;0.4496290683746338;0
2970;MER5_20220625_131500_010.wav;0;0.21855983138084412;0
2971;MER5_20220625_131500_011.wav;0;0.5510590672492981;0
2972;MER5_20220625_131500_012.wav;0;0.12715597450733185;0
2973;MER5_20220625_131500_013.wav;0;0.22766941785812378;0
2974;MER5_20220625_131500_014.wav;0;0.1261889785528183;0
2975;MER5_20220625_131500_015.wav;0;0.12032667547464371;0
2976;MER5_20220625_131500_016.wav;0;0.34461453557014465;0
2977;MER5_20220625_131500_017.wav;0;0.5595986843109131;0
2978;MER5_20220625_131500_018.wav;0;0.5309818387031555;0
2979;MER5_20220625_131500_019.wav;0;0.26134130358695984;0
2980;MER5_20220627_221500_000.wav;0;0.4437544345855713;0
2981;MER5_20220627_221500_001.wav;0;0.6927855610847473;0
2982;MER5_20220627_221500_002.wav;0;0.6701299548149109;0
2983;MER5_20220627_221500_003.wav;0;0.6104837656021118;0
2984;MER5_20220627_221500_004.wav;0;0.9567543864250183;0
2985;MER5_20220627_221500_005.wav;0;0.4087114632129669;0
2986;MER5_20220627_221500_006.wav;0;0.24047589302062988;0
2987;MER5_20220627_221500_007.wav;0;0.5318583250045776;0
2988;MER5_20220627_221500_008.wav;0;0.7005337476730347;0
2989;MER5_20220627_221500_009.wav;0;0.4968383014202118;0
2990;MER5_20220627_221500_010.wav;0;0.580893874168396;0
2991;MER5_20220627_221500_011.wav;0;0.45087137818336487;0
2992;MER5_20220627_221500_012.wav;0;0.2737094461917877;0
2993;MER5_20220627_221500_013.wav;0;0.5301445126533508;0
2994;MER5_20220627_221500_014.wav;0;0.07127587497234344;0
2995;MER5_20220627_221500_015.wav;0;0.33776524662971497;0
2996;MER5_20220627_221500_016.wav;0;0.45574072003364563;0
2997;MER5_20220627_221500_017.wav;0;0.648994505405426;0
2998;MER5_20220627_221500_018.wav;0;0.1895214319229126;0
2999;MER5_20220627_221500_019.wav;0;0.06920880079269409;0
3000;MER5_20220629_071500_000.wav;0;0.9207921624183655;0
3001;MER5_20220629_071500_001.wav;0;0.9455970525741577;0
3002;MER5_20220629_071500_002.wav;0;0.981784462928772;0
3003;MER5_20220629_071500_003.wav;0;0.7820817232131958;0
3004;MER5_20220629_071500_004.wav;0;0.7132021188735962;0
3005;MER5_20220629_071500_005.wav;0;0.9662282466888428;0
3006;MER5_20220629_071500_006.wav;0;0.908259928226471;0
3007;MER5_20220629_071500_007.wav;0;0.9754434823989868;0
3008;MER5_20220629_071500_008.wav;0;0.977676272392273;0
3009;MER5_20220629_071500_009.wav;0;0.1113884225487709;0
3010;MER5_20220629_071500_010.wav;0;0.14895714819431305;0
3011;MER5_20220629_071500_011.wav;0;0.8632802367210388;0
3012;MER5_20220629_071500_012.wav;0;0.6417273283004761;0
3013;MER5_20220629_071500_013.wav;0;0.1595408171415329;0
3014;MER5_20220629_071500_014.wav;0;0.5140783190727234;0
3015;MER5_20220629_071500_015.wav;0;0.29060134291648865;0
3016;MER5_20220629_071500_016.wav;0;0.5160602927207947;0
3017;MER5_20220629_071500_017.wav;0;0.9519383311271667;0
3018;MER5_20220629_071500_018.wav;0;0.9631760120391846;0
3019;MER5_20220629_071500_019.wav;0;0.9430443048477173;0
3020;MER5_20220629_121500_000.wav;0;0.5117581486701965;0
3021;MER5_20220629_121500_001.wav;0;0.16369451582431793;0
3022;MER5_20220629_121500_002.wav;0;0.46831661462783813;0
3023;MER5_20220629_121500_003.wav;0;0.44561898708343506;0
3024;MER5_20220629_121500_004.wav;0;0.7106951475143433;0
3025;MER5_20220629_121500_005.wav;0;0.17839443683624268;0
3026;MER5_20220629_121500_006.wav;0;0.8228698968887329;0
3027;MER5_20220629_121500_007.wav;0;0.5788447856903076;0
3028;MER5_20220629_121500_008.wav;0;0.07091335952281952;0
3029;MER5_20220629_121500_009.wav;0;0.7447883486747742;0
3030;MER5_20220629_121500_010.wav;0;0.49203944206237793;0
3031;MER5_20220629_121500_011.wav;0;0.8381816148757935;0
3032;MER5_20220629_121500_012.wav;0;0.45647430419921875;0
3033;MER5_20220629_121500_013.wav;0;0.2522169053554535;0
3034;MER5_20220629_121500_014.wav;0;0.4242561459541321;0
3035;MER5_20220629_121500_015.wav;0;0.9223823547363281;0
3036;MER5_20220629_121500_016.wav;0;0.7913846373558044;0
3037;MER5_20220629_121500_017.wav;0;0.2980678975582123;0
3038;MER5_20220629_121500_018.wav;0;0.7197651267051697;0
3039;MER5_20220629_121500_019.wav;0;0.36419931054115295;0
3040;MER5_20220629_134500_000.wav;0;0.22678130865097046;0
3041;MER5_20220629_134500_001.wav;0;0.12379563599824905;0
3042;MER5_20220629_134500_002.wav;0;0.6236384510993958;0
3043;MER5_20220629_134500_003.wav;0;0.2400117963552475;0
3044;MER5_20220629_134500_004.wav;0;0.5601764917373657;0
3045;MER5_20220629_134500_005.wav;0;0.3184191584587097;0
3046;MER5_20220629_134500_006.wav;0;0.6672834753990173;0
3047;MER5_20220629_134500_007.wav;0;0.9787243008613586;0
3048;MER5_20220629_134500_008.wav;0;0.3220706284046173;0
3049;MER5_20220629_134500_009.wav;0;0.2735562324523926;0
3050;MER5_20220629_134500_010.wav;0;0.18595349788665771;0
3051;MER5_20220629_134500_011.wav;0;0.6875496506690979;0
3052;MER5_20220629_134500_012.wav;0;0.5367818474769592;0
3053;MER5_20220629_134500_013.wav;0;0.8305061459541321;0
3054;MER5_20220629_134500_014.wav;0;0.7778098583221436;0
3055;MER5_20220629_134500_015.wav;0;0.5484486818313599;0
3056;MER5_20220629_134500_016.wav;0;0.05106883868575096;0
3057;MER5_20220629_134500_017.wav;0;0.052313100546598434;0
3058;MER5_20220629_134500_018.wav;0;0.27582067251205444;0
3059;MER5_20220629_134500_019.wav;0;0.2557942569255829;0
3060;MER5_20220629_193000_000.wav;0;0.1805310845375061;0
3061;MER5_20220629_193000_001.wav;0;0.09737519919872284;0
3062;MER5_20220629_193000_002.wav;0;0.03311501070857048;0
3063;MER5_20220629_193000_003.wav;0;0.054465606808662415;0
3064;MER5_20220629_193000_004.wav;0;0.06314968317747116;0
3065;MER5_20220629_193000_005.wav;0;0.07003472000360489;0
3066;MER5_20220629_193000_006.wav;0;0.17293691635131836;0
3067;MER5_20220629_193000_007.wav;0;0.12014367431402206;0
3068;MER5_20220629_193000_008.wav;0;0.04427416995167732;0
3069;MER5_20220629_193000_009.wav;0;0.10394363105297089;0
3070;MER5_20220629_193000_010.wav;0;0.25924092531204224;0
3071;MER5_20220629_193000_011.wav;0;0.03925997391343117;0
3072;MER5_20220629_193000_012.wav;0;0.22221650183200836;0
3073;MER5_20220629_193000_013.wav;0;0.31864774227142334;0
3074;MER5_20220629_193000_014.wav;0;0.20858442783355713;0
3075;MER5_20220629_193000_015.wav;0;0.8265544772148132;0
3076;MER5_20220629_193000_016.wav;0;0.22515937685966492;0
3077;MER5_20220629_193000_017.wav;0;0.22584232687950134;0
3078;MER5_20220629_193000_018.wav;0;0.10634993761777878;0
3079;MER5_20220629_193000_019.wav;0;0.20949597656726837;0
3080;MER5_20220629_230000_000.wav;0;0.17405973374843597;0
3081;MER5_20220629_230000_001.wav;0;0.17164145410060883;0
3082;MER5_20220629_230000_002.wav;0;0.135817289352417;0
3083;MER5_20220629_230000_003.wav;0;0.1932581514120102;0
3084;MER5_20220629_230000_004.wav;0;0.21479657292366028;0
3085;MER5_20220629_230000_005.wav;0;0.12946026027202606;0
3086;MER5_20220629_230000_006.wav;0;0.11184142529964447;0
3087;MER5_20220629_230000_007.wav;0;0.32671284675598145;0
3088;MER5_20220629_230000_008.wav;0;0.1267138421535492;0
3089;MER5_20220629_230000_009.wav;0;0.5240705013275146;0
3090;MER5_20220629_230000_010.wav;0;0.26984816789627075;0
3091;MER5_20220629_230000_011.wav;0;0.6938443183898926;0
3092;MER5_20220629_230000_012.wav;0;0.37756869196891785;0
3093;MER5_20220629_230000_013.wav;0;0.23219743371009827;0
3094;MER5_20220629_230000_014.wav;0;0.5690883994102478;0
3095;MER5_20220629_230000_015.wav;0;0.36213886737823486;0
3096;MER5_20220629_230000_016.wav;0;0.15422308444976807;0
3097;MER5_20220629_230000_017.wav;0;0.4843989610671997;0
3098;MER5_20220629_230000_018.wav;0;0.40514421463012695;0
3099;MER5_20220629_230000_019.wav;0;0.10139824450016022;0
3100;MER5_20220701_201500_000.wav;0;0.05828780308365822;0
3101;MER5_20220701_201500_001.wav;0;0.0851365327835083;0
3102;MER5_20220701_201500_002.wav;0;0.2797565758228302;0
3103;MER5_20220701_201500_003.wav;0;0.14713069796562195;0
3104;MER5_20220701_201500_004.wav;0;0.14765837788581848;0
3105;MER5_20220701_201500_005.wav;0;0.2163514792919159;0
3106;MER5_20220701_201500_006.wav;0;0.06419233977794647;0
3107;MER5_20220701_201500_007.wav;0;0.27889928221702576;0
3108;MER5_20220701_201500_008.wav;0;0.2526414692401886;0
3109;MER5_20220701_201500_009.wav;0;0.6530335545539856;0
3110;MER5_20220701_201500_010.wav;0;0.1378873735666275;0
3111;MER5_20220701_201500_011.wav;0;0.18520985543727875;0
3112;MER5_20220701_201500_012.wav;0;0.08518771827220917;0
3113;MER5_20220701_201500_013.wav;0;0.16724255681037903;0
3114;MER5_20220701_201500_014.wav;0;0.06449618935585022;0
3115;MER5_20220701_201500_015.wav;0;0.7639274597167969;0
3116;MER5_20220701_201500_016.wav;0;0.661039412021637;0
3117;MER5_20220701_201500_017.wav;0;0.17368029057979584;0
3118;MER5_20220701_201500_018.wav;0;0.2926878333091736;0
3119;MER5_20220701_201500_019.wav;0;0.14013934135437012;0
3120;MER5_20220703_044500_000.wav;0;0.25463053584098816;0
3121;MER5_20220703_044500_001.wav;0;0.4066348969936371;0
3122;MER5_20220703_044500_002.wav;0;0.4033816456794739;0
3123;MER5_20220703_044500_003.wav;0;0.5592696666717529;0
3124;MER5_20220703_044500_004.wav;0;0.2508753538131714;0
3125;MER5_20220703_044500_005.wav;0;0.5931488871574402;0
3126;MER5_20220703_044500_006.wav;0;0.051611099392175674;0
3127;MER5_20220703_044500_007.wav;0;0.737686812877655;0
3128;MER5_20220703_044500_008.wav;0;0.300086110830307;0
3129;MER5_20220703_044500_009.wav;0;0.522899329662323;0
3130;MER5_20220703_044500_010.wav;0;0.8585185408592224;0
3131;MER5_20220703_044500_011.wav;0;0.7594914436340332;0
3132;MER5_20220703_044500_012.wav;0;0.8759454488754272;0
3133;MER5_20220703_044500_013.wav;0;0.8502413630485535;0
3134;MER5_20220703_044500_014.wav;0;0.8874372243881226;0
3135;MER5_20220703_044500_015.wav;0;0.7523368000984192;0
3136;MER5_20220703_044500_016.wav;0;0.4463281035423279;0
3137;MER5_20220703_044500_017.wav;0;0.6000002026557922;0
3138;MER5_20220703_044500_018.wav;0;0.4614078998565674;0
3139;MER5_20220703_044500_019.wav;0;0.44508373737335205;0
3140;MER5_20220705_091500_000.wav;0;0.825471818447113;0
3141;MER5_20220705_091500_001.wav;0;0.9041200280189514;0
3142;MER5_20220705_091500_002.wav;0;0.9784272909164429;0
3143;MER5_20220705_091500_003.wav;0;0.9648480415344238;0
3144;MER5_20220705_091500_004.wav;0;0.9701799750328064;0
3145;MER5_20220705_091500_005.wav;0;0.6668872833251953;0
3146;MER5_20220705_091500_006.wav;0;0.9325123429298401;0
3147;MER5_20220705_091500_007.wav;0;0.8364852070808411;0
3148;MER5_20220705_091500_008.wav;0;0.9399668574333191;0
3149;MER5_20220705_091500_009.wav;0;0.9819808602333069;0
3150;MER5_20220705_091500_010.wav;0;0.9703080654144287;0
3151;MER5_20220705_091500_011.wav;0;0.9944846034049988;0
3152;MER5_20220705_091500_012.wav;0;0.9344013929367065;0
3153;MER5_20220705_091500_013.wav;0;0.9880623817443848;0
3154;MER5_20220705_091500_014.wav;0;0.9899746775627136;0
3155;MER5_20220705_091500_015.wav;0;0.28635334968566895;0
3156;MER5_20220705_091500_016.wav;0;0.2903069257736206;0
3157;MER5_20220705_091500_017.wav;0;0.4195270240306854;0
3158;MER5_20220705_091500_018.wav;0;0.6693896055221558;0
3159;MER5_20220705_091500_019.wav;0;0.5821045637130737;0
3160;MER5_20220711_164500_000.wav;0;0.8433061838150024;0
3161;MER5_20220711_164500_001.wav;0;0.9364080429077148;0
3162;MER5_20220711_164500_002.wav;0;0.9572048187255859;0
3163;MER5_20220711_164500_003.wav;0;0.9809800982475281;0
3164;MER5_20220711_164500_004.wav;0;0.8929750919342041;0
3165;MER5_20220711_164500_005.wav;0;0.9817044734954834;0
3166;MER5_20220711_164500_006.wav;0;0.88333660364151;0
3167;MER5_20220711_164500_007.wav;0;0.8894839882850647;0
3168;MER5_20220711_164500_008.wav;0;0.9339938759803772;0
3169;MER5_20220711_164500_009.wav;0;0.9816240668296814;0
3170;MER5_20220711_164500_010.wav;0;0.977336049079895;0
3171;MER5_20220711_164500_011.wav;0;0.99132239818573;0
3172;MER5_20220711_164500_012.wav;0;0.9686744213104248;0
3173;MER5_20220711_164500_013.wav;0;0.9575747847557068;0
3174;MER5_20220711_164500_014.wav;0;0.962471604347229;0
3175;MER5_20220711_164500_015.wav;0;0.9627922773361206;0
3176;MER5_20220711_164500_016.wav;0;0.781284511089325;0
3177;MER5_20220711_164500_017.wav;0;0.9965466856956482;0
3178;MER5_20220711_164500_018.wav;0;0.9014779329299927;0
3179;MER5_20220711_164500_019.wav;0;0.8779311180114746;0
3180;MER5_20220711_191500_000.wav;0;0.7623434662818909;0
3181;MER5_20220711_191500_001.wav;0;0.8348437547683716;0
3182;MER5_20220711_191500_002.wav;0;0.9186280369758606;0
3183;MER5_20220711_191500_003.wav;0;0.8744505047798157;0
3184;MER5_20220711_191500_004.wav;0;0.9859538674354553;0
3185;MER5_20220711_191500_005.wav;0;0.9774923920631409;0
3186;MER5_20220711_191500_006.wav;0;0.9190383553504944;0
3187;MER5_20220711_191500_007.wav;0;0.9117847084999084;0
3188;MER5_20220711_191500_008.wav;0;0.902474045753479;0
3189;MER5_20220711_191500_009.wav;0;0.5256706476211548;0
3190;MER5_20220711_191500_010.wav;0;0.7343716025352478;0
3191;MER5_20220711_191500_011.wav;0;0.8654539585113525;0
3192;MER5_20220711_191500_012.wav;0;0.9836288094520569;0
3193;MER5_20220711_191500_013.wav;0;0.7213591933250427;0
3194;MER5_20220711_191500_014.wav;0;0.8743888139724731;0
3195;MER5_20220711_191500_015.wav;0;0.9262441396713257;0
3196;MER5_20220711_191500_016.wav;0;0.8507035374641418;0
3197;MER5_20220711_191500_017.wav;0;0.9594374299049377;0
3198;MER5_20220711_191500_018.wav;0;0.9275376796722412;0
3199;MER5_20220711_191500_019.wav;0;0.8051018118858337;0
3200;MER5_20220717_150000_000.wav;0;0.48441147804260254;0
3201;MER5_20220717_150000_001.wav;0;0.6971016526222229;0
3202;MER5_20220717_150000_002.wav;0;0.9448224306106567;0
3203;MER5_20220717_150000_003.wav;0;0.4242359697818756;0
3204;MER5_20220717_150000_004.wav;0;0.47676050662994385;0
3205;MER5_20220717_150000_005.wav;0;0.6352109313011169;0
3206;MER5_20220717_150000_006.wav;0;0.6530645489692688;0
3207;MER5_20220717_150000_007.wav;0;0.09365462511777878;0
3208;MER5_20220717_150000_008.wav;0;0.4735550880432129;0
3209;MER5_20220717_150000_009.wav;0;0.6482193470001221;0
3210;MER5_20220717_150000_010.wav;0;0.45275068283081055;0
3211;MER5_20220717_150000_011.wav;0;0.5289167761802673;0
3212;MER5_20220717_150000_012.wav;0;0.6532232761383057;0
3213;MER5_20220717_150000_013.wav;0;0.876484215259552;0
3214;MER5_20220717_150000_014.wav;0;0.22524745762348175;0
3215;MER5_20220717_150000_015.wav;0;0.19999198615550995;0
3216;MER5_20220717_150000_016.wav;0;0.5459944605827332;0
3217;MER5_20220717_150000_017.wav;0;0.3517732322216034;0
3218;MER5_20220717_150000_018.wav;0;0.4961383640766144;0
3219;MER5_20220717_150000_019.wav;0;0.920216977596283;0
3220;MER5_20220719_081500_000.wav;0;0.9386125206947327;0
3221;MER5_20220719_081500_001.wav;0;0.6179988384246826;0
3222;MER5_20220719_081500_002.wav;0;0.36832013726234436;0
3223;MER5_20220719_081500_003.wav;0;0.919005811214447;0
3224;MER5_20220719_081500_004.wav;0;0.9288548827171326;0
3225;MER5_20220719_081500_005.wav;0;0.7757354378700256;0
3226;MER5_20220719_081500_006.wav;0;0.8568767309188843;0
3227;MER5_20220719_081500_007.wav;0;0.9464817643165588;0
3228;MER5_20220719_081500_008.wav;0;0.9877867102622986;0
3229;MER5_20220719_081500_009.wav;0;0.6051774621009827;0
3230;MER5_20220719_081500_010.wav;0;0.8242802619934082;0
3231;MER5_20220719_081500_011.wav;0;0.39509472250938416;0
3232;MER5_20220719_081500_012.wav;0;0.62476646900177;0
3233;MER5_20220719_081500_013.wav;0;0.7761560678482056;0
3234;MER5_20220719_081500_014.wav;0;0.9256044626235962;0
3235;MER5_20220719_081500_015.wav;0;0.5299643278121948;0
3236;MER5_20220719_081500_016.wav;0;0.9539949297904968;0
3237;MER5_20220719_081500_017.wav;0;0.9158989787101746;0
3238;MER5_20220719_081500_018.wav;0;0.9356641173362732;0
3239;MER5_20220719_081500_019.wav;0;0.9068277478218079;0
3240;MER5_20220721_211500_000.wav;0;0.04672353342175484;0
3241;MER5_20220721_211500_001.wav;0;0.21173886954784393;0
3242;MER5_20220721_211500_002.wav;0;0.16927719116210938;0
3243;MER5_20220721_211500_003.wav;0;0.06643664091825485;0
3244;MER5_20220721_211500_004.wav;0;0.026606770232319832;0
3245;MER5_20220721_211500_005.wav;0;0.14326635003089905;0
3246;MER5_20220721_211500_006.wav;0;0.0752028301358223;0
3247;MER5_20220721_211500_007.wav;0;0.05576960742473602;0
3248;MER5_20220721_211500_008.wav;0;0.05872602015733719;0
3249;MER5_20220721_211500_009.wav;0;0.08287394046783447;0
3250;MER5_20220721_211500_010.wav;0;0.02040361985564232;0
3251;MER5_20220721_211500_011.wav;0;0.08378194272518158;0
3252;MER5_20220721_211500_012.wav;0;0.31060922145843506;0
3253;MER5_20220721_211500_013.wav;0;0.2782025933265686;0
3254;MER5_20220721_211500_014.wav;0;0.09049232304096222;0
3255;MER5_20220721_211500_015.wav;0;0.22292771935462952;0
3256;MER5_20220721_211500_016.wav;0;0.1468483805656433;0
3257;MER5_20220721_211500_017.wav;0;0.15586887300014496;0
3258;MER5_20220721_211500_018.wav;0;0.16108012199401855;0
3259;MER5_20220721_211500_019.wav;0;0.08156963437795639;0
3260;MER5_20220723_001500_000.wav;0;0.3615400791168213;0
3261;MER5_20220723_001500_001.wav;0;0.3970041871070862;0
3262;MER5_20220723_001500_002.wav;0;0.07800445705652237;0
3263;MER5_20220723_001500_003.wav;0;0.2596040666103363;0
3264;MER5_20220723_001500_004.wav;0;0.13006198406219482;0
3265;MER5_20220723_001500_005.wav;0;0.8932617902755737;0
3266;MER5_20220723_001500_006.wav;0;0.436164915561676;0
3267;MER5_20220723_001500_007.wav;0;0.36218923330307007;0
3268;MER5_20220723_001500_008.wav;0;0.7242911458015442;0
3269;MER5_20220723_001500_009.wav;0;0.04159419983625412;0
3270;MER5_20220723_001500_010.wav;0;0.5620331764221191;0
3271;MER5_20220723_001500_011.wav;0;0.5820016264915466;0
3272;MER5_20220723_001500_012.wav;0;0.2941519618034363;0
3273;MER5_20220723_001500_013.wav;0;0.279923677444458;0
3274;MER5_20220723_001500_014.wav;0;0.4559999406337738;0
3275;MER5_20220723_001500_015.wav;0;0.7162536382675171;0
3276;MER5_20220723_001500_016.wav;0;0.7466874122619629;0
3277;MER5_20220723_001500_017.wav;0;0.30845269560813904;0
3278;MER5_20220723_001500_018.wav;0;0.48969748616218567;0
3279;MER5_20220723_001500_019.wav;0;0.07999496161937714;0
3280;MER5_20220725_144500_000.wav;0;0.6952210664749146;0
3281;MER5_20220725_144500_001.wav;0;0.36885660886764526;0
3282;MER5_20220725_144500_002.wav;0;0.33048367500305176;0
3283;MER5_20220725_144500_003.wav;0;0.4295770227909088;0
3284;MER5_20220725_144500_004.wav;0;0.6945781111717224;0
3285;MER5_20220725_144500_005.wav;0;0.6648246645927429;0
3286;MER5_20220725_144500_006.wav;0;0.4167417585849762;0
3287;MER5_20220725_144500_007.wav;0;0.12713046371936798;0
3288;MER5_20220725_144500_008.wav;0;0.8394237160682678;0
3289;MER5_20220725_144500_009.wav;0;0.49288609623908997;0
3290;MER5_20220725_144500_010.wav;0;0.6719027757644653;0
3291;MER5_20220725_144500_011.wav;0;0.6254485845565796;0
3292;MER5_20220725_144500_012.wav;0;0.46873870491981506;0
3293;MER5_20220725_144500_013.wav;0;0.7073514461517334;0
3294;MER5_20220725_144500_014.wav;0;0.7441310286521912;0
3295;MER5_20220725_144500_015.wav;0;0.9248764514923096;0
3296;MER5_20220725_144500_016.wav;0;0.5851849913597107;0
3297;MER5_20220725_144500_017.wav;0;0.7745736837387085;0
3298;MER5_20220725_144500_018.wav;0;0.2958315908908844;0
3299;MER5_20220725_144500_019.wav;0;0.08219374716281891;0
3300;MER5_20220729_100000_000.wav;0;0.7006251215934753;0
3301;MER5_20220729_100000_001.wav;0;0.4449619650840759;0
3302;MER5_20220729_100000_002.wav;0;0.18486198782920837;0
3303;MER5_20220729_100000_003.wav;0;0.5710147023200989;0
3304;MER5_20220729_100000_004.wav;0;0.10831380635499954;0
3305;MER5_20220729_100000_005.wav;0;0.5384790897369385;0
3306;MER5_20220729_100000_006.wav;0;0.3505196273326874;0
3307;MER5_20220729_100000_007.wav;0;0.26292577385902405;0
3308;MER5_20220729_100000_008.wav;0;0.7580862641334534;0
3309;MER5_20220729_100000_009.wav;0;0.6249832510948181;0
3310;MER5_20220729_100000_010.wav;0;0.7256553769111633;0
3311;MER5_20220729_100000_011.wav;0;0.2925192415714264;0
3312;MER5_20220729_100000_012.wav;0;0.42787086963653564;0
3313;MER5_20220729_100000_013.wav;0;0.21291136741638184;0
3314;MER5_20220729_100000_014.wav;0;0.8388938307762146;0
3315;MER5_20220729_100000_015.wav;0;0.21326154470443726;0
3316;MER5_20220729_100000_016.wav;0;0.6778976917266846;0
3317;MER5_20220729_100000_017.wav;0;0.5313191413879395;0
3318;MER5_20220729_100000_018.wav;0;0.19090919196605682;0
3319;MER5_20220729_100000_019.wav;0;0.8420765399932861;0
3320;MER5_20220731_043000_000.wav;0;0.8510162830352783;0
3321;MER5_20220731_043000_001.wav;0;0.8230558037757874;0
3322;MER5_20220731_043000_002.wav;0;0.8691492676734924;0
3323;MER5_20220731_043000_003.wav;0;0.8221979141235352;0
3324;MER5_20220731_043000_004.wav;0;0.9532451629638672;0
3325;MER5_20220731_043000_005.wav;0;0.967217743396759;0
3326;MER5_20220731_043000_006.wav;0;0.9577037692070007;0
3327;MER5_20220731_043000_007.wav;0;0.9444093108177185;0
3328;MER5_20220731_043000_008.wav;0;0.9318950772285461;0
3329;MER5_20220731_043000_009.wav;0;0.9115091562271118;0
3330;MER5_20220731_043000_010.wav;0;0.9146629571914673;0
3331;MER5_20220731_043000_011.wav;0;0.9648735523223877;0
3332;MER5_20220731_043000_012.wav;0;0.9536992311477661;0
3333;MER5_20220731_043000_013.wav;0;0.9719604849815369;0
3334;MER5_20220731_043000_014.wav;0;0.9515359997749329;0
3335;MER5_20220731_043000_015.wav;0;0.9704059362411499;0
3336;MER5_20220731_043000_016.wav;0;0.9518136978149414;0
3337;MER5_20220731_043000_017.wav;0;0.9656710624694824;0
3338;MER5_20220731_043000_018.wav;0;0.9216527938842773;0
3339;MER5_20220731_043000_019.wav;0;0.9557464718818665;0
3340;MER5_20220802_051500_000.wav;0;0.14604276418685913;0
3341;MER5_20220802_051500_001.wav;0;0.12749619781970978;0
3342;MER5_20220802_051500_002.wav;0;0.37695997953414917;0
3343;MER5_20220802_051500_003.wav;0;0.16015350818634033;0
3344;MER5_20220802_051500_004.wav;0;0.1375022679567337;0
3345;MER5_20220802_051500_005.wav;0;0.3300686180591583;0
3346;MER5_20220802_051500_006.wav;0;0.46199917793273926;0
3347;MER5_20220802_051500_007.wav;0;0.10433372855186462;0
3348;MER5_20220802_051500_008.wav;0;0.6928849220275879;0
3349;MER5_20220802_051500_009.wav;0;0.24694247543811798;0
3350;MER5_20220802_051500_010.wav;0;0.30345770716667175;0
3351;MER5_20220802_051500_011.wav;0;0.3113541603088379;0
3352;MER5_20220802_051500_012.wav;0;0.28292298316955566;0
3353;MER5_20220802_051500_013.wav;0;0.4796307682991028;0
3354;MER5_20220802_051500_014.wav;0;0.31030216813087463;0
3355;MER5_20220802_051500_015.wav;0;0.39472272992134094;0
3356;MER5_20220802_051500_016.wav;0;0.19513876736164093;0
3357;MER5_20220802_051500_017.wav;0;0.07151621580123901;0
3358;MER5_20220802_051500_018.wav;0;0.18680733442306519;0
3359;MER5_20220802_051500_019.wav;0;0.42962414026260376;0
3360;MER5_20220802_101500_000.wav;0;0.8906380534172058;0
3361;MER5_20220802_101500_001.wav;0;0.4805675148963928;0
3362;MER5_20220802_101500_002.wav;0;0.3735518455505371;0
3363;MER5_20220802_101500_003.wav;0;0.9338311553001404;0
3364;MER5_20220802_101500_004.wav;0;0.25505906343460083;0
3365;MER5_20220802_101500_005.wav;0;0.15536066889762878;0
3366;MER5_20220802_101500_006.wav;0;0.02675444632768631;0
3367;MER5_20220802_101500_007.wav;0;0.0009534850250929594;0
3368;MER5_20220802_101500_008.wav;0;0.4665188491344452;0
3369;MER5_20220802_101500_009.wav;0;0.3914136290550232;0
3370;MER5_20220802_101500_010.wav;0;0.8799439668655396;1
3371;MER5_20220802_101500_011.wav;0;0.3133215010166168;1
3372;MER5_20220802_101500_012.wav;0;0.5505151152610779;1
3373;MER5_20220802_101500_013.wav;0;0.44103094935417175;1
3374;MER5_20220802_101500_014.wav;0;0.5518569946289062;1
3375;MER5_20220802_101500_015.wav;0;0.281980961561203;1
3376;MER5_20220802_101500_016.wav;0;0.9853407740592957;1
3377;MER5_20220802_101500_017.wav;0;0.8671622276306152;1
3378;MER5_20220802_101500_018.wav;0;0.8633543252944946;1
3379;MER5_20220802_101500_019.wav;0;0.9858924746513367;1
3380;MER5_20220802_124500_000.wav;0;0.47039517760276794;0
3381;MER5_20220802_124500_001.wav;0;0.412092924118042;0
3382;MER5_20220802_124500_002.wav;0;0.13550589978694916;0
3383;MER5_20220802_124500_003.wav;0;0.7320303320884705;0
3384;MER5_20220802_124500_004.wav;0;0.32254043221473694;0
3385;MER5_20220802_124500_005.wav;0;0.6450250744819641;0
3386;MER5_20220802_124500_006.wav;0;0.9246300458908081;0
3387;MER5_20220802_124500_007.wav;0;0.5230591297149658;0
3388;MER5_20220802_124500_008.wav;0;0.9168424606323242;0
3389;MER5_20220802_124500_009.wav;0;0.6352922320365906;0
3390;MER5_20220802_124500_010.wav;0;0.6054791808128357;0
3391;MER5_20220802_124500_011.wav;0;0.6802080273628235;0
3392;MER5_20220802_124500_012.wav;0;0.5476656556129456;0
3393;MER5_20220802_124500_013.wav;0;0.5419208407402039;0
3394;MER5_20220802_124500_014.wav;0;0.7695086598396301;0
3395;MER5_20220802_124500_015.wav;0;0.5970245599746704;0
3396;MER5_20220802_124500_016.wav;0;0.8912562131881714;0
3397;MER5_20220802_124500_017.wav;0;0.8505136966705322;0
3398;MER5_20220802_124500_018.wav;0;0.8598138689994812;0
3399;MER5_20220802_124500_019.wav;0;0.8317378163337708;0
3400;MER5_20220804_201500_000.wav;0;0.2357766479253769;0
3401;MER5_20220804_201500_001.wav;0;0.3079010248184204;0
3402;MER5_20220804_201500_002.wav;0;0.7845796346664429;0
3403;MER5_20220804_201500_003.wav;0;0.5972822308540344;0
3404;MER5_20220804_201500_004.wav;0;0.7585063576698303;0
3405;MER5_20220804_201500_005.wav;0;0.8566561341285706;0
3406;MER5_20220804_201500_006.wav;0;0.6211550831794739;0
3407;MER5_20220804_201500_007.wav;0;0.6196175813674927;0
3408;MER5_20220804_201500_008.wav;0;0.4876280128955841;0
3409;MER5_20220804_201500_009.wav;0;0.37231478095054626;0
3410;MER5_20220804_201500_010.wav;0;0.6353521943092346;0
3411;MER5_20220804_201500_011.wav;0;0.3739425241947174;0
3412;MER5_20220804_201500_012.wav;0;0.24613437056541443;0
3413;MER5_20220804_201500_013.wav;0;0.5994374752044678;0
3414;MER5_20220804_201500_014.wav;0;0.5404869318008423;0
3415;MER5_20220804_201500_015.wav;0;0.611960768699646;0
3416;MER5_20220804_201500_016.wav;0;0.6797473430633545;0
3417;MER5_20220804_201500_017.wav;0;0.8798103332519531;0
3418;MER5_20220804_201500_018.wav;0;0.059754859656095505;0
3419;MER5_20220804_201500_019.wav;0;0.43454405665397644;0
3420;MER5_20220804_211500_000.wav;0;0.28459808230400085;0
3421;MER5_20220804_211500_001.wav;0;0.24801017343997955;0
3422;MER5_20220804_211500_002.wav;0;0.34046483039855957;0
3423;MER5_20220804_211500_003.wav;0;0.08515187352895737;0
3424;MER5_20220804_211500_004.wav;0;0.10373905301094055;0
3425;MER5_20220804_211500_005.wav;0;0.053040217608213425;0
3426;MER5_20220804_211500_006.wav;0;0.09239468723535538;0
3427;MER5_20220804_211500_007.wav;0;0.18505683541297913;0
3428;MER5_20220804_211500_008.wav;0;0.1949826031923294;0
3429;MER5_20220804_211500_009.wav;0;0.02276398055255413;0
3430;MER5_20220804_211500_010.wav;0;0.21960009634494781;0
3431;MER5_20220804_211500_011.wav;0;0.10637907683849335;0
3432;MER5_20220804_211500_012.wav;0;0.12536722421646118;0
3433;MER5_20220804_211500_013.wav;0;0.2479017972946167;0
3434;MER5_20220804_211500_014.wav;0;0.16485370695590973;0
3435;MER5_20220804_211500_015.wav;0;0.2652062773704529;0
3436;MER5_20220804_211500_016.wav;0;0.25806185603141785;0
3437;MER5_20220804_211500_017.wav;0;0.15766653418540955;0
3438;MER5_20220804_211500_018.wav;0;0.2106805145740509;0
3439;MER5_20220804_211500_019.wav;0;0.2444658726453781;0
3440;MER5_20220810_101500_000.wav;0;0.853123128414154;0
3441;MER5_20220810_101500_001.wav;0;0.800809383392334;0
3442;MER5_20220810_101500_002.wav;0;0.34521618485450745;0
3443;MER5_20220810_101500_003.wav;0;0.6124614477157593;0
3444;MER5_20220810_101500_004.wav;0;0.6211406588554382;0
3445;MER5_20220810_101500_005.wav;0;0.49610447883605957;0
3446;MER5_20220810_101500_006.wav;0;0.7090741395950317;0
3447;MER5_20220810_101500_007.wav;0;0.6805529594421387;0
3448;MER5_20220810_101500_008.wav;0;0.6818974018096924;0
3449;MER5_20220810_101500_009.wav;0;0.8664593696594238;0
3450;MER5_20220810_101500_010.wav;0;0.6532153487205505;0
3451;MER5_20220810_101500_011.wav;0;0.3188067376613617;0
3452;MER5_20220810_101500_012.wav;0;0.829916775226593;0
3453;MER5_20220810_101500_013.wav;0;0.48166051506996155;0
3454;MER5_20220810_101500_014.wav;0;0.5173678398132324;0
3455;MER5_20220810_101500_015.wav;0;0.4865706264972687;0
3456;MER5_20220810_101500_016.wav;0;0.8868790864944458;0
3457;MER5_20220810_101500_017.wav;0;0.9568184018135071;0
3458;MER5_20220810_101500_018.wav;0;0.8334401249885559;0
3459;MER5_20220810_101500_019.wav;0;0.6472905278205872;0
3460;MER5_20220812_223000_000.wav;0;0.9039473533630371;0
3461;MER5_20220812_223000_001.wav;0;0.16225893795490265;0
3462;MER5_20220812_223000_002.wav;0;0.3752240538597107;0
3463;MER5_20220812_223000_003.wav;0;0.6577497720718384;0
3464;MER5_20220812_223000_004.wav;0;0.7815617918968201;0
3465;MER5_20220812_223000_005.wav;0;0.6396574974060059;0
3466;MER5_20220812_223000_006.wav;0;0.12603618204593658;0
3467;MER5_20220812_223000_007.wav;0;0.1554328352212906;0
3468;MER5_20220812_223000_008.wav;0;0.28782400488853455;0
3469;MER5_20220812_223000_009.wav;0;0.7058994770050049;0
3470;MER5_20220812_223000_010.wav;0;0.32359734177589417;0
3471;MER5_20220812_223000_011.wav;0;0.8901504874229431;0
3472;MER5_20220812_223000_012.wav;0;0.8908898234367371;0
3473;MER5_20220812_223000_013.wav;0;0.6871550679206848;0
3474;MER5_20220812_223000_014.wav;0;0.22554264962673187;0
3475;MER5_20220812_223000_015.wav;0;0.15754759311676025;0
3476;MER5_20220812_223000_016.wav;0;0.14943675696849823;0
3477;MER5_20220812_223000_017.wav;0;0.09884090721607208;0
3478;MER5_20220812_223000_018.wav;0;0.12132544070482254;0
3479;MER5_20220812_223000_019.wav;0;0.09786849468946457;0
3480;MER5_20220814_004500_000.wav;0;0.42548108100891113;0
3481;MER5_20220814_004500_001.wav;0;0.03266672044992447;0
3482;MER5_20220814_004500_002.wav;0;0.16467712819576263;0
3483;MER5_20220814_004500_003.wav;0;0.32391369342803955;0
3484;MER5_20220814_004500_004.wav;0;0.25173166394233704;0
3485;MER5_20220814_004500_005.wav;0;0.29679936170578003;0
3486;MER5_20220814_004500_006.wav;0;0.110292449593544;0
3487;MER5_20220814_004500_007.wav;0;0.08445071429014206;0
3488;MER5_20220814_004500_008.wav;0;0.1448482722043991;0
3489;MER5_20220814_004500_009.wav;0;0.19852909445762634;0
3490;MER5_20220814_004500_010.wav;0;0.22047443687915802;0
3491;MER5_20220814_004500_011.wav;0;0.15419821441173553;0
3492;MER5_20220814_004500_012.wav;0;0.4458809494972229;0
3493;MER5_20220814_004500_013.wav;0;0.16660961508750916;0
3494;MER5_20220814_004500_014.wav;0;0.21414776146411896;0
3495;MER5_20220814_004500_015.wav;0;0.08973740041255951;0
3496;MER5_20220814_004500_016.wav;0;0.058303624391555786;0
3497;MER5_20220814_004500_017.wav;0;0.07426141202449799;0
3498;MER5_20220814_004500_018.wav;0;0.0639956146478653;0
3499;MER5_20220814_004500_019.wav;0;0.22949737310409546;0
3500;MER5_20220814_113000_000.wav;0;0.6756734848022461;0
3501;MER5_20220814_113000_001.wav;0;0.9069455862045288;0
3502;MER5_20220814_113000_002.wav;0;0.6080514192581177;0
3503;MER5_20220814_113000_003.wav;0;0.8668023347854614;0
3504;MER5_20220814_113000_004.wav;0;0.7244003415107727;0
3505;MER5_20220814_113000_005.wav;0;0.5211446285247803;0
3506;MER5_20220814_113000_006.wav;0;0.38718122243881226;0
3507;MER5_20220814_113000_007.wav;0;0.8607233166694641;0
3508;MER5_20220814_113000_008.wav;0;0.6790889501571655;0
3509;MER5_20220814_113000_009.wav;0;0.8898018598556519;0
3510;MER5_20220814_113000_010.wav;0;0.4656505584716797;0
3511;MER5_20220814_113000_011.wav;0;0.47340789437294006;0
3512;MER5_20220814_113000_012.wav;0;0.3009737432003021;0
3513;MER5_20220814_113000_013.wav;0;0.3719649910926819;0
3514;MER5_20220814_113000_014.wav;0;0.44994857907295227;0
3515;MER5_20220814_113000_015.wav;0;0.7346161007881165;0
3516;MER5_20220814_113000_016.wav;0;0.3840193748474121;0
3517;MER5_20220814_113000_017.wav;0;0.7388874888420105;0
3518;MER5_20220814_113000_018.wav;0;0.5714689493179321;0
3519;MER5_20220814_113000_019.wav;0;0.7215744853019714;0
3520;MER5_20220820_123000_000.wav;0;0.8565605282783508;0
3521;MER5_20220820_123000_001.wav;0;0.43532273173332214;0
3522;MER5_20220820_123000_002.wav;0;0.8887895345687866;0
3523;MER5_20220820_123000_003.wav;0;0.9452306032180786;0
3524;MER5_20220820_123000_004.wav;0;0.8930701613426208;0
3525;MER5_20220820_123000_005.wav;0;0.9747347235679626;0
3526;MER5_20220820_123000_006.wav;0;0.8643123507499695;0
3527;MER5_20220820_123000_007.wav;0;0.5740119218826294;0
3528;MER5_20220820_123000_008.wav;0;0.4055735766887665;0
3529;MER5_20220820_123000_009.wav;0;0.733218252658844;0
3530;MER5_20220820_123000_010.wav;0;0.1914578229188919;0
3531;MER5_20220820_123000_011.wav;0;0.4966396987438202;0
3532;MER5_20220820_123000_012.wav;0;0.5066020488739014;0
3533;MER5_20220820_123000_013.wav;0;0.6633425951004028;0
3534;MER5_20220820_123000_014.wav;0;0.26328739523887634;0
3535;MER5_20220820_123000_015.wav;0;0.33526167273521423;0
3536;MER5_20220820_123000_016.wav;0;0.47519803047180176;0
3537;MER5_20220820_123000_017.wav;0;0.9330874085426331;0
3538;MER5_20220820_123000_018.wav;0;0.9133419990539551;0
3539;MER5_20220820_123000_019.wav;0;0.8189986348152161;0
3540;MER5_20220828_041500_000.wav;0;0.7964961528778076;0
3541;MER5_20220828_041500_001.wav;0;0.7598448991775513;0
3542;MER5_20220828_041500_002.wav;0;0.5221911668777466;0
3543;MER5_20220828_041500_003.wav;0;0.905974268913269;0
3544;MER5_20220828_041500_004.wav;0;0.7648112177848816;0
3545;MER5_20220828_041500_005.wav;0;0.7718876600265503;0
3546;MER5_20220828_041500_006.wav;0;0.9028594493865967;0
3547;MER5_20220828_041500_007.wav;0;0.9590885043144226;0
3548;MER5_20220828_041500_008.wav;0;0.7446050643920898;0
3549;MER5_20220828_041500_009.wav;0;0.3672657012939453;0
3550;MER5_20220828_041500_010.wav;0;0.7376621961593628;0
3551;MER5_20220828_041500_011.wav;0;0.8498931527137756;0
3552;MER5_20220828_041500_012.wav;0;0.5788068175315857;0
3553;MER5_20220828_041500_013.wav;0;0.5711715221405029;0
3554;MER5_20220828_041500_014.wav;0;0.31109705567359924;0
3555;MER5_20220828_041500_015.wav;0;0.9937260746955872;0
3556;MER5_20220828_041500_016.wav;0;0.727405846118927;0
3557;MER5_20220828_041500_017.wav;0;0.6953030824661255;0
3558;MER5_20220828_041500_018.wav;0;0.9509033560752869;0
3559;MER5_20220828_041500_019.wav;0;0.20881131291389465;0
3560;MER5_20220830_174500_000.wav;0;0.5108223557472229;0
3561;MER5_20220830_174500_001.wav;0;0.7635564208030701;0
3562;MER5_20220830_174500_002.wav;0;0.8160394430160522;0
3563;MER5_20220830_174500_003.wav;0;0.7540683746337891;0
3564;MER5_20220830_174500_004.wav;0;0.6464363932609558;0
3565;MER5_20220830_174500_005.wav;0;0.2413344830274582;0
3566;MER5_20220830_174500_006.wav;0;0.3876626789569855;0
3567;MER5_20220830_174500_007.wav;0;0.8336306810379028;0
3568;MER5_20220830_174500_008.wav;0;0.8695092797279358;0
3569;MER5_20220830_174500_009.wav;0;0.6996448040008545;0
3570;MER5_20220830_174500_010.wav;0;0.6475726366043091;0
3571;MER5_20220830_174500_011.wav;0;0.48327308893203735;0
3572;MER5_20220830_174500_012.wav;0;0.9573141932487488;0
3573;MER5_20220830_174500_013.wav;0;0.8306694030761719;0
3574;MER5_20220830_174500_014.wav;0;0.5499364733695984;0
3575;MER5_20220830_174500_015.wav;0;0.771308958530426;0
3576;MER5_20220830_174500_016.wav;0;0.6435772180557251;0
3577;MER5_20220830_174500_017.wav;0;0.4384191334247589;0
3578;MER5_20220830_174500_018.wav;0;0.3609022796154022;0
3579;MER5_20220830_174500_019.wav;0;0.6126701235771179;0
3580;MER5_20220901_041500_000.wav;0;0.09895974397659302;0
3581;MER5_20220901_041500_001.wav;0;0.22201773524284363;0
3582;MER5_20220901_041500_002.wav;0;0.0404014065861702;0
3583;MER5_20220901_041500_003.wav;0;0.13698941469192505;0
3584;MER5_20220901_041500_004.wav;0;0.051645711064338684;0
3585;MER5_20220901_041500_005.wav;0;0.1461632251739502;0
3586;MER5_20220901_041500_006.wav;0;0.4916784167289734;0
3587;MER5_20220901_041500_007.wav;0;0.14002959430217743;0
3588;MER5_20220901_041500_008.wav;0;0.12561774253845215;0
3589;MER5_20220901_041500_009.wav;0;0.18688024580478668;0
3590;MER5_20220901_041500_010.wav;0;0.7162969708442688;0
3591;MER5_20220901_041500_011.wav;0;0.06623328477144241;0
3592;MER5_20220901_041500_012.wav;0;0.2698117792606354;0
3593;MER5_20220901_041500_013.wav;0;0.15755771100521088;0
3594;MER5_20220901_041500_014.wav;0;0.05569414794445038;0
3595;MER5_20220901_041500_015.wav;0;0.1731521338224411;0
3596;MER5_20220901_041500_016.wav;0;0.1766883283853531;0
3597;MER5_20220901_041500_017.wav;0;0.35952144861221313;0
3598;MER5_20220901_041500_018.wav;0;0.14149554073810577;0
3599;MER5_20220901_041500_019.wav;0;0.15227755904197693;0
3600;MER5_20220901_071500_000.wav;0;0.8237721920013428;0
3601;MER5_20220901_071500_001.wav;0;0.9730923771858215;0
3602;MER5_20220901_071500_002.wav;0;0.9168989658355713;0
3603;MER5_20220901_071500_003.wav;0;0.9651069045066833;0
3604;MER5_20220901_071500_004.wav;0;0.8663341403007507;0
3605;MER5_20220901_071500_005.wav;0;0.9408876299858093;0
3606;MER5_20220901_071500_006.wav;0;0.9222776889801025;0
3607;MER5_20220901_071500_007.wav;0;0.9794571995735168;0
3608;MER5_20220901_071500_008.wav;0;0.8971584439277649;0
3609;MER5_20220901_071500_009.wav;0;0.9411154389381409;0
3610;MER5_20220901_071500_010.wav;0;0.9888677000999451;0
3611;MER5_20220901_071500_011.wav;0;0.9932680726051331;0
3612;MER5_20220901_071500_012.wav;0;0.9823546409606934;0
3613;MER5_20220901_071500_013.wav;0;0.9810367822647095;0
3614;MER5_20220901_071500_014.wav;0;0.971820056438446;0
3615;MER5_20220901_071500_015.wav;0;0.9957797527313232;0
3616;MER5_20220901_071500_016.wav;0;0.9451056122779846;0
3617;MER5_20220901_071500_017.wav;0;0.8919551372528076;0
3618;MER5_20220901_071500_018.wav;0;0.964140772819519;0
3619;MER5_20220901_071500_019.wav;0;0.9499903917312622;0
3620;MER5_20220901_083000_000.wav;0;0.8480334877967834;0
3621;MER5_20220901_083000_001.wav;0;0.734324038028717;0
3622;MER5_20220901_083000_002.wav;0;0.7896276712417603;0
3623;MER5_20220901_083000_003.wav;0;0.8858644366264343;0
3624;MER5_20220901_083000_004.wav;0;0.882320761680603;0
3625;MER5_20220901_083000_005.wav;0;0.8883968591690063;0
3626;MER5_20220901_083000_006.wav;0;0.328584223985672;0
3627;MER5_20220901_083000_007.wav;0;0.2302244007587433;0
3628;MER5_20220901_083000_008.wav;0;0.7219861745834351;0
3629;MER5_20220901_083000_009.wav;0;0.6549745798110962;0
3630;MER5_20220901_083000_010.wav;0;0.2506524622440338;0
3631;MER5_20220901_083000_011.wav;0;0.7396899461746216;0
3632;MER5_20220901_083000_012.wav;0;0.882218599319458;0
3633;MER5_20220901_083000_013.wav;0;0.8813803791999817;0
3634;MER5_20220901_083000_014.wav;0;0.6172558069229126;0
3635;MER5_20220901_083000_015.wav;0;0.3123466372489929;0
3636;MER5_20220901_083000_016.wav;0;0.5681431293487549;0
3637;MER5_20220901_083000_017.wav;0;0.7688387632369995;0
3638;MER5_20220901_083000_018.wav;0;0.9601078033447266;0
3639;MER5_20220901_083000_019.wav;0;0.26388412714004517;0
3640;MER5_20220901_131500_000.wav;0;0.7141993045806885;0
3641;MER5_20220901_131500_001.wav;0;0.8661004304885864;0
3642;MER5_20220901_131500_002.wav;0;0.8645375370979309;0
3643;MER5_20220901_131500_003.wav;0;0.48610687255859375;0
3644;MER5_20220901_131500_004.wav;0;0.7703365087509155;0
3645;MER5_20220901_131500_005.wav;0;0.6885573267936707;0
3646;MER5_20220901_131500_006.wav;0;0.7516082525253296;0
3647;MER5_20220901_131500_007.wav;0;0.8464222550392151;0
3648;MER5_20220901_131500_008.wav;0;0.8200076818466187;0
3649;MER5_20220901_131500_009.wav;0;0.8970267176628113;0
3650;MER5_20220901_131500_010.wav;0;0.8443284034729004;0
3651;MER5_20220901_131500_011.wav;0;0.9093721508979797;0
3652;MER5_20220901_131500_012.wav;0;0.3425824046134949;0
3653;MER5_20220901_131500_013.wav;0;0.7871356010437012;0
3654;MER5_20220901_131500_014.wav;0;0.9401940703392029;0
3655;MER5_20220901_131500_015.wav;0;0.7545769810676575;0
3656;MER5_20220901_131500_016.wav;0;0.9348065257072449;0
3657;MER5_20220901_131500_017.wav;0;0.7694674730300903;0
3658;MER5_20220901_131500_018.wav;0;0.5545631051063538;0
3659;MER5_20220901_131500_019.wav;0;0.6849114298820496;0
3660;MER5_20220901_170000_000.wav;0;0.3225504755973816;0
3661;MER5_20220901_170000_001.wav;0;0.43649473786354065;0
3662;MER5_20220901_170000_002.wav;0;0.7596794366836548;0
3663;MER5_20220901_170000_003.wav;0;0.9616812467575073;0
3664;MER5_20220901_170000_004.wav;0;0.1275893896818161;0
3665;MER5_20220901_170000_005.wav;0;0.43943580985069275;0
3666;MER5_20220901_170000_006.wav;0;0.9730527400970459;0
3667;MER5_20220901_170000_007.wav;0;0.8327372074127197;0
3668;MER5_20220901_170000_008.wav;0;0.25541433691978455;0
3669;MER5_20220901_170000_009.wav;0;0.8456700444221497;0
3670;MER5_20220901_170000_010.wav;0;0.8556488156318665;0
3671;MER5_20220901_170000_011.wav;0;0.9503722786903381;0
3672;MER5_20220901_170000_012.wav;0;0.1987791806459427;0
3673;MER5_20220901_170000_013.wav;0;0.7911468744277954;0
3674;MER5_20220901_170000_014.wav;0;0.8474210500717163;0
3675;MER5_20220901_170000_015.wav;0;0.6899524331092834;0
3676;MER5_20220901_170000_016.wav;0;0.5180680751800537;0
3677;MER5_20220901_170000_017.wav;0;0.88841712474823;0
3678;MER5_20220901_170000_018.wav;0;0.3850927948951721;0
3679;MER5_20220901_170000_019.wav;0;0.9581255912780762;0
3680;MER5_20220901_174500_000.wav;0;0.9839088320732117;0
3681;MER5_20220901_174500_001.wav;0;0.9191333055496216;0
3682;MER5_20220901_174500_002.wav;0;0.9453607201576233;0
3683;MER5_20220901_174500_003.wav;0;0.6790076494216919;0
3684;MER5_20220901_174500_004.wav;0;0.7887866497039795;0
3685;MER5_20220901_174500_005.wav;0;0.9291239976882935;0
3686;MER5_20220901_174500_006.wav;0;0.337378591299057;0
3687;MER5_20220901_174500_007.wav;0;0.9823461174964905;0
3688;MER5_20220901_174500_008.wav;0;0.7180911898612976;0
3689;MER5_20220901_174500_009.wav;0;0.6960734724998474;0
3690;MER5_20220901_174500_010.wav;0;0.9139257073402405;0
3691;MER5_20220901_174500_011.wav;0;0.9462328553199768;0
3692;MER5_20220901_174500_012.wav;0;0.8414663076400757;0
3693;MER5_20220901_174500_013.wav;0;0.6653304696083069;0
3694;MER5_20220901_174500_014.wav;0;0.7812877893447876;0
3695;MER5_20220901_174500_015.wav;0;0.8891525268554688;0
3696;MER5_20220901_174500_016.wav;0;0.8967252373695374;0
3697;MER5_20220901_174500_017.wav;0;0.27798962593078613;0
3698;MER5_20220901_174500_018.wav;0;0.8347175121307373;0
3699;MER5_20220901_174500_019.wav;0;0.5097091197967529;0
3700;MER5_20220901_204500_000.wav;0;0.3633361756801605;0
3701;MER5_20220901_204500_001.wav;0;0.20515015721321106;0
3702;MER5_20220901_204500_002.wav;0;0.08615192770957947;0
3703;MER5_20220901_204500_003.wav;0;0.022193310782313347;0
3704;MER5_20220901_204500_004.wav;0;0.10650014132261276;0
3705;MER5_20220901_204500_005.wav;0;0.09817934036254883;0
3706;MER5_20220901_204500_006.wav;0;0.30913040041923523;0
3707;MER5_20220901_204500_007.wav;0;0.20913180708885193;0
3708;MER5_20220901_204500_008.wav;0;0.19201959669589996;0
3709;MER5_20220901_204500_009.wav;0;0.061151448637247086;0
3710;MER5_20220901_204500_010.wav;0;0.1062907800078392;0
3711;MER5_20220901_204500_011.wav;0;0.06584040820598602;0
3712;MER5_20220901_204500_012.wav;0;0.15136472880840302;0
3713;MER5_20220901_204500_013.wav;0;0.24422524869441986;0
3714;MER5_20220901_204500_014.wav;0;0.10816571861505508;0
3715;MER5_20220901_204500_015.wav;0;0.1754741072654724;0
3716;MER5_20220901_204500_016.wav;0;0.24318481981754303;0
3717;MER5_20220901_204500_017.wav;0;0.13662201166152954;0
3718;MER5_20220901_204500_018.wav;0;0.07553509622812271;0
3719;MER5_20220901_204500_019.wav;0;0.1992533802986145;0
3720;MER5_20220903_041500_000.wav;0;0.9905891418457031;0
3721;MER5_20220903_041500_001.wav;0;0.9728685617446899;0
3722;MER5_20220903_041500_002.wav;0;0.983642578125;0
3723;MER5_20220903_041500_003.wav;0;0.977730393409729;0
3724;MER5_20220903_041500_004.wav;0;0.9841771125793457;0
3725;MER5_20220903_041500_005.wav;0;0.9861997365951538;0
3726;MER5_20220903_041500_006.wav;0;0.9762844443321228;0
3727;MER5_20220903_041500_007.wav;0;0.9770520925521851;0
3728;MER5_20220903_041500_008.wav;0;0.9841482639312744;0
3729;MER5_20220903_041500_009.wav;0;0.9713131189346313;0
3730;MER5_20220903_041500_010.wav;0;0.9676055312156677;0
3731;MER5_20220903_041500_011.wav;0;0.9835372567176819;0
3732;MER5_20220903_041500_012.wav;0;0.978966474533081;0
3733;MER5_20220903_041500_013.wav;0;0.9722899198532104;0
3734;MER5_20220903_041500_014.wav;0;0.971649169921875;0
3735;MER5_20220903_041500_015.wav;0;0.9711998105049133;0
3736;MER5_20220903_041500_016.wav;0;0.9623213410377502;0
3737;MER5_20220903_041500_017.wav;0;0.9722238779067993;0
3738;MER5_20220903_041500_018.wav;0;0.9817351698875427;0
3739;MER5_20220903_041500_019.wav;0;0.9756220579147339;0
3740;MER5_20220903_094500_000.wav;0;0.5312556028366089;0
3741;MER5_20220903_094500_001.wav;0;0.8358156681060791;0
3742;MER5_20220903_094500_002.wav;0;0.6875225305557251;0
3743;MER5_20220903_094500_003.wav;0;0.9205378293991089;0
3744;MER5_20220903_094500_004.wav;0;0.5561007261276245;0
3745;MER5_20220903_094500_005.wav;0;0.6681278944015503;0
3746;MER5_20220903_094500_006.wav;0;0.8551385402679443;0
3747;MER5_20220903_094500_007.wav;0;0.7079986929893494;0
3748;MER5_20220903_094500_008.wav;0;0.17093639075756073;0
3749;MER5_20220903_094500_009.wav;0;0.40486252307891846;0
3750;MER5_20220903_094500_010.wav;0;0.7550913691520691;0
3751;MER5_20220903_094500_011.wav;0;0.6198314428329468;0
3752;MER5_20220903_094500_012.wav;0;0.6853750348091125;0
3753;MER5_20220903_094500_013.wav;0;0.536797046661377;0
3754;MER5_20220903_094500_014.wav;0;0.47395312786102295;0
3755;MER5_20220903_094500_015.wav;0;0.4902539551258087;0
3756;MER5_20220903_094500_016.wav;0;0.8757845759391785;0
3757;MER5_20220903_094500_017.wav;0;0.8874590396881104;0
3758;MER5_20220903_094500_018.wav;0;0.8759110569953918;0
3759;MER5_20220903_094500_019.wav;0;0.45417556166648865;0
3760;MER5_20220903_200000_000.wav;0;0.8552606701850891;0
3761;MER5_20220903_200000_001.wav;0;0.3145580589771271;0
3762;MER5_20220903_200000_002.wav;0;0.2496011108160019;0
3763;MER5_20220903_200000_003.wav;0;0.09701655805110931;0
3764;MER5_20220903_200000_004.wav;0;0.12421151995658875;0
3765;MER5_20220903_200000_005.wav;0;0.826003909111023;0
3766;MER5_20220903_200000_006.wav;0;0.26416680216789246;0
3767;MER5_20220903_200000_007.wav;0;0.2202347069978714;0
3768;MER5_20220903_200000_008.wav;0;0.3397568166255951;0
3769;MER5_20220903_200000_009.wav;0;0.39677029848098755;0
3770;MER5_20220903_200000_010.wav;0;0.3957381248474121;0
3771;MER5_20220903_200000_011.wav;0;0.7855364680290222;0
3772;MER5_20220903_200000_012.wav;0;0.4607750177383423;0
3773;MER5_20220903_200000_013.wav;0;0.25027596950531006;0
3774;MER5_20220903_200000_014.wav;0;0.5258903503417969;0
3775;MER5_20220903_200000_015.wav;0;0.17884564399719238;0
3776;MER5_20220903_200000_016.wav;0;0.27488040924072266;0
3777;MER5_20220903_200000_017.wav;0;0.2707476019859314;0
3778;MER5_20220903_200000_018.wav;0;0.7290570735931396;0
3779;MER5_20220903_200000_019.wav;0;0.7989286780357361;0
3780;MER5_20220903_203000_000.wav;0;0.04197431728243828;0
3781;MER5_20220903_203000_001.wav;0;0.13093073666095734;0
3782;MER5_20220903_203000_002.wav;0;0.055355705320835114;0
3783;MER5_20220903_203000_003.wav;0;0.0740925520658493;0
3784;MER5_20220903_203000_004.wav;0;0.0196653064340353;0
3785;MER5_20220903_203000_005.wav;0;0.10322093218564987;0
3786;MER5_20220903_203000_006.wav;0;0.23168416321277618;0
3787;MER5_20220903_203000_007.wav;0;0.12620560824871063;0
3788;MER5_20220903_203000_008.wav;0;0.027619434520602226;0
3789;MER5_20220903_203000_009.wav;0;0.11884863674640656;0
3790;MER5_20220903_203000_010.wav;0;0.07715053856372833;0
3791;MER5_20220903_203000_011.wav;0;0.3214837312698364;0
3792;MER5_20220903_203000_012.wav;0;0.05142132192850113;0
3793;MER5_20220903_203000_013.wav;0;0.09040315449237823;0
3794;MER5_20220903_203000_014.wav;0;0.07915256172418594;0
3795;MER5_20220903_203000_015.wav;0;0.16339217126369476;0
3796;MER5_20220903_203000_016.wav;0;0.039841413497924805;0
3797;MER5_20220903_203000_017.wav;0;0.033945489674806595;0
3798;MER5_20220903_203000_018.wav;0;0.3695467412471771;0
3799;MER5_20220903_203000_019.wav;0;0.1726243942975998;0
3800;MER5_20220905_033000_000.wav;0;0.8017994165420532;0
3801;MER5_20220905_033000_001.wav;0;0.1588272601366043;0
3802;MER5_20220905_033000_002.wav;0;0.5231777429580688;0
3803;MER5_20220905_033000_003.wav;0;0.7618374824523926;0
3804;MER5_20220905_033000_004.wav;0;0.6232216954231262;0
3805;MER5_20220905_033000_005.wav;0;0.6964250802993774;0
3806;MER5_20220905_033000_006.wav;0;0.5235744118690491;0
3807;MER5_20220905_033000_007.wav;0;0.33744052052497864;0
3808;MER5_20220905_033000_008.wav;0;0.7378363013267517;0
3809;MER5_20220905_033000_009.wav;0;0.11361754685640335;0
3810;MER5_20220905_033000_010.wav;0;0.7015458941459656;0
3811;MER5_20220905_033000_011.wav;0;0.8744182586669922;0
3812;MER5_20220905_033000_012.wav;0;0.8747639060020447;0
3813;MER5_20220905_033000_013.wav;0;0.5447016954421997;0
3814;MER5_20220905_033000_014.wav;0;0.36241212487220764;0
3815;MER5_20220905_033000_015.wav;0;0.4477866291999817;0
3816;MER5_20220905_033000_016.wav;0;0.9058721661567688;0
3817;MER5_20220905_033000_017.wav;0;0.9071063995361328;0
3818;MER5_20220905_033000_018.wav;0;0.7389498949050903;0
3819;MER5_20220905_033000_019.wav;0;0.827735185623169;0
3820;MER7_20220617_110000_000.wav;0;0.4284878671169281;0
3821;MER7_20220617_110000_001.wav;0;0.7352429032325745;0
3822;MER7_20220617_110000_002.wav;0;0.5583710670471191;0
3823;MER7_20220617_110000_003.wav;0;0.8062371611595154;0
3824;MER7_20220617_110000_004.wav;0;0.3156048059463501;0
3825;MER7_20220617_110000_005.wav;0;0.2953720986843109;0
3826;MER7_20220617_110000_006.wav;0;0.5192410349845886;0
3827;MER7_20220617_110000_007.wav;0;0.954934298992157;0
3828;MER7_20220617_110000_008.wav;0;0.8553881645202637;0
3829;MER7_20220617_110000_009.wav;0;0.8648092150688171;0
3830;MER7_20220617_110000_010.wav;0;0.875317394733429;0
3831;MER7_20220617_110000_011.wav;0;0.9364636540412903;0
3832;MER7_20220617_110000_012.wav;0;0.8587605357170105;0
3833;MER7_20220617_110000_013.wav;0;0.9737600684165955;0
3834;MER7_20220617_110000_014.wav;0;0.9032564163208008;0
3835;MER7_20220617_110000_015.wav;0;0.8412379026412964;0
3836;MER7_20220617_110000_016.wav;0;0.7293197512626648;0
3837;MER7_20220617_110000_017.wav;0;0.7354040145874023;0
3838;MER7_20220617_110000_018.wav;0;0.9837158918380737;0
3839;MER7_20220617_110000_019.wav;0;0.970861554145813;0
3840;MER7_20220619_071500_000.wav;0;0.11469750851392746;0
3841;MER7_20220619_071500_001.wav;0;0.12441428005695343;0
3842;MER7_20220619_071500_002.wav;0;0.6146706342697144;0
3843;MER7_20220619_071500_003.wav;0;0.25536659359931946;0
3844;MER7_20220619_071500_004.wav;0;0.12164494395256042;0
3845;MER7_20220619_071500_005.wav;0;0.9372649192810059;0
3846;MER7_20220619_071500_006.wav;0;0.09759728610515594;0
3847;MER7_20220619_071500_007.wav;0;0.619931161403656;0
3848;MER7_20220619_071500_008.wav;0;0.5399805903434753;0
3849;MER7_20220619_071500_009.wav;0;0.5779002904891968;0
3850;MER7_20220619_071500_010.wav;0;0.04831315204501152;0
3851;MER7_20220619_071500_011.wav;0;0.6896039247512817;0
3852;MER7_20220619_071500_012.wav;0;0.8369205594062805;0
3853;MER7_20220619_071500_013.wav;0;0.9881718754768372;0
3854;MER7_20220619_071500_014.wav;0;0.9830133318901062;0
3855;MER7_20220619_071500_015.wav;0;0.9727286696434021;0
3856;MER7_20220619_071500_016.wav;0;0.9662531614303589;0
3857;MER7_20220619_071500_017.wav;0;0.9573981761932373;0
3858;MER7_20220619_071500_018.wav;0;0.9257479906082153;0
3859;MER7_20220619_071500_019.wav;0;0.33127734065055847;0
3860;MER7_20220621_010000_000.wav;0;0.022504914551973343;0
3861;MER7_20220621_010000_001.wav;0;0.012184332124888897;0
3862;MER7_20220621_010000_002.wav;0;0.010259456932544708;0
3863;MER7_20220621_010000_003.wav;0;0.011969762854278088;0
3864;MER7_20220621_010000_004.wav;0;0.019593002274632454;0
3865;MER7_20220621_010000_005.wav;0;0.1828581988811493;0
3866;MER7_20220621_010000_006.wav;0;0.04229026660323143;0
3867;MER7_20220621_010000_007.wav;0;0.008727417327463627;0
3868;MER7_20220621_010000_008.wav;0;0.038074247539043427;0
3869;MER7_20220621_010000_009.wav;0;0.04199317470192909;0
3870;MER7_20220621_010000_010.wav;0;0.007627567742019892;0
3871;MER7_20220621_010000_011.wav;0;0.02641337737441063;0
3872;MER7_20220621_010000_012.wav;0;0.1685386598110199;0
3873;MER7_20220621_010000_013.wav;0;0.1244264766573906;0
3874;MER7_20220621_010000_014.wav;0;0.08048751205205917;0
3875;MER7_20220621_010000_015.wav;0;0.03969046100974083;0
3876;MER7_20220621_010000_016.wav;0;0.04383789375424385;0
3877;MER7_20220621_010000_017.wav;0;0.009003939107060432;0
3878;MER7_20220621_010000_018.wav;0;0.04801302030682564;0
3879;MER7_20220621_010000_019.wav;0;0.5099351406097412;0
3880;MER7_20220621_091500_000.wav;0;0.011814138852059841;0
3881;MER7_20220621_091500_001.wav;0;0.02256784401834011;0
3882;MER7_20220621_091500_002.wav;0;0.049590595066547394;0
3883;MER7_20220621_091500_003.wav;0;0.029969055205583572;0
3884;MER7_20220621_091500_004.wav;0;0.01152584608644247;0
3885;MER7_20220621_091500_005.wav;0;0.056635644286870956;0
3886;MER7_20220621_091500_006.wav;0;0.16711553931236267;0
3887;MER7_20220621_091500_007.wav;0;0.021805422380566597;0
3888;MER7_20220621_091500_008.wav;0;0.028627462685108185;0
3889;MER7_20220621_091500_009.wav;0;0.02680189162492752;0
3890;MER7_20220621_091500_010.wav;0;0.004198400769382715;0
3891;MER7_20220621_091500_011.wav;0;0.019962050020694733;0
3892;MER7_20220621_091500_012.wav;0;0.007565263193100691;0
3893;MER7_20220621_091500_013.wav;0;0.09226270765066147;0
3894;MER7_20220621_091500_014.wav;0;0.014590323902666569;0
3895;MER7_20220621_091500_015.wav;0;0.0067788404412567616;0
3896;MER7_20220621_091500_016.wav;0;0.22854220867156982;0
3897;MER7_20220621_091500_017.wav;0;0.041553087532520294;0
3898;MER7_20220621_091500_018.wav;0;0.013915524818003178;0
3899;MER7_20220621_091500_019.wav;0;0.03075895644724369;0
3900;MER7_20220623_143000_000.wav;0;0.06654734164476395;0
3901;MER7_20220623_143000_001.wav;0;0.08817797154188156;0
3902;MER7_20220623_143000_002.wav;0;0.11334060877561569;0
3903;MER7_20220623_143000_003.wav;0;0.048877913504838943;0
3904;MER7_20220623_143000_004.wav;0;0.43461665511131287;0
3905;MER7_20220623_143000_005.wav;0;0.04530450329184532;0
3906;MER7_20220623_143000_006.wav;0;0.01816694065928459;0
3907;MER7_20220623_143000_007.wav;0;0.04154625162482262;0
3908;MER7_20220623_143000_008.wav;0;0.023798387497663498;0
3909;MER7_20220623_143000_009.wav;0;0.20283213257789612;0
3910;MER7_20220623_143000_010.wav;0;0.14375928044319153;0
3911;MER7_20220623_143000_011.wav;0;0.08190178871154785;0
3912;MER7_20220623_143000_012.wav;0;0.10326696932315826;0
3913;MER7_20220623_143000_013.wav;0;0.04044231027364731;0
3914;MER7_20220623_143000_014.wav;0;0.05007827281951904;0
3915;MER7_20220623_143000_015.wav;0;0.11471188813447952;0
3916;MER7_20220623_143000_016.wav;0;0.12222067266702652;0
3917;MER7_20220623_143000_017.wav;0;0.13714399933815002;0
3918;MER7_20220623_143000_018.wav;0;0.03293118253350258;0
3919;MER7_20220623_143000_019.wav;0;0.2833193838596344;0
3920;MER7_20220623_174500_000.wav;0;0.019995050504803658;0
3921;MER7_20220623_174500_001.wav;0;0.02464980259537697;0
3922;MER7_20220623_174500_002.wav;0;0.022242356091737747;0
3923;MER7_20220623_174500_003.wav;0;0.08506640046834946;0
3924;MER7_20220623_174500_004.wav;0;0.10335900634527206;0
3925;MER7_20220623_174500_005.wav;0;0.17665883898735046;0
3926;MER7_20220623_174500_006.wav;0;0.07109963148832321;0
3927;MER7_20220623_174500_007.wav;0;0.6392280459403992;0
3928;MER7_20220623_174500_008.wav;0;0.07667972147464752;0
3929;MER7_20220623_174500_009.wav;0;0.16073308885097504;0
3930;MER7_20220623_174500_010.wav;0;0.00799507461488247;0
3931;MER7_20220623_174500_011.wav;0;0.1442497968673706;0
3932;MER7_20220623_174500_012.wav;0;0.08647636324167252;0
3933;MER7_20220623_174500_013.wav;0;0.17049360275268555;0
3934;MER7_20220623_174500_014.wav;0;0.2262369990348816;0
3935;MER7_20220623_174500_015.wav;0;0.1069871261715889;0
3936;MER7_20220623_174500_016.wav;0;0.038719527423381805;0
3937;MER7_20220623_174500_017.wav;0;0.09317522495985031;0
3938;MER7_20220623_174500_018.wav;0;0.0643804594874382;0
3939;MER7_20220623_174500_019.wav;0;0.1590540111064911;0
3940;MER7_20220625_003000_000.wav;0;0.023653902113437653;0
3941;MER7_20220625_003000_001.wav;0;0.08115328848361969;0
3942;MER7_20220625_003000_002.wav;0;0.056157294660806656;0
3943;MER7_20220625_003000_003.wav;0;0.030748089775443077;0
3944;MER7_20220625_003000_004.wav;0;0.34905073046684265;0
3945;MER7_20220625_003000_005.wav;0;0.012792614288628101;0
3946;MER7_20220625_003000_006.wav;0;0.04028407856822014;0
3947;MER7_20220625_003000_007.wav;0;0.301575630903244;0
3948;MER7_20220625_003000_008.wav;0;0.13574150204658508;0
3949;MER7_20220625_003000_009.wav;0;0.1970529854297638;0
3950;MER7_20220625_003000_010.wav;0;0.029488064348697662;0
3951;MER7_20220625_003000_011.wav;0;0.0823497623205185;0
3952;MER7_20220625_003000_012.wav;0;0.008137422613799572;0
3953;MER7_20220625_003000_013.wav;0;0.11708379536867142;0
3954;MER7_20220625_003000_014.wav;0;0.010218353010714054;0
3955;MER7_20220625_003000_015.wav;0;0.09454546123743057;0
3956;MER7_20220625_003000_016.wav;0;0.08394124358892441;0
3957;MER7_20220625_003000_017.wav;0;0.03445158898830414;0
3958;MER7_20220625_003000_018.wav;0;0.01607551798224449;0
3959;MER7_20220625_003000_019.wav;0;0.020132584497332573;0
3960;MER7_20220625_030000_000.wav;0;0.012246297672390938;0
3961;MER7_20220625_030000_001.wav;0;0.08184176683425903;0
3962;MER7_20220625_030000_002.wav;0;0.08041825890541077;0
3963;MER7_20220625_030000_003.wav;0;0.722410261631012;0
3964;MER7_20220625_030000_004.wav;0;0.02370300702750683;0
3965;MER7_20220625_030000_005.wav;0;0.12458723783493042;0
3966;MER7_20220625_030000_006.wav;0;0.019318263977766037;0
3967;MER7_20220625_030000_007.wav;0;0.047065962105989456;0
3968;MER7_20220625_030000_008.wav;0;0.7608922719955444;0
3969;MER7_20220625_030000_009.wav;0;0.35257652401924133;0
3970;MER7_20220625_030000_010.wav;0;0.059555768966674805;0
3971;MER7_20220625_030000_011.wav;0;0.39709100127220154;0
3972;MER7_20220625_030000_012.wav;0;0.8848990201950073;0
3973;MER7_20220625_030000_013.wav;0;0.8562282919883728;0
3974;MER7_20220625_030000_014.wav;0;0.5733398199081421;0
3975;MER7_20220625_030000_015.wav;0;0.9203205108642578;0
3976;MER7_20220625_030000_016.wav;0;0.4877709150314331;0
3977;MER7_20220625_030000_017.wav;0;0.12739796936511993;0
3978;MER7_20220625_030000_018.wav;0;0.0481191948056221;0
3979;MER7_20220625_030000_019.wav;0;0.05578910559415817;0
3980;MER7_20220625_171500_000.wav;0;0.9649693369865417;0
3981;MER7_20220625_171500_001.wav;0;0.7985022068023682;0
3982;MER7_20220625_171500_002.wav;0;0.9517120718955994;0
3983;MER7_20220625_171500_003.wav;0;0.6466909646987915;0
3984;MER7_20220625_171500_004.wav;0;0.79421067237854;0
3985;MER7_20220625_171500_005.wav;0;0.13781768083572388;0
3986;MER7_20220625_171500_006.wav;0;0.020302584394812584;0
3987;MER7_20220625_171500_007.wav;0;0.24445702135562897;0
3988;MER7_20220625_171500_008.wav;0;0.5764203071594238;0
3989;MER7_20220625_171500_009.wav;0;0.22294721007347107;0
3990;MER7_20220625_171500_010.wav;0;0.014057776890695095;0
3991;MER7_20220625_171500_011.wav;0;0.22171355783939362;0
3992;MER7_20220625_171500_012.wav;0;0.01967223361134529;0
3993;MER7_20220625_171500_013.wav;0;0.03664267063140869;0
3994;MER7_20220625_171500_014.wav;0;0.3467501103878021;0
3995;MER7_20220625_171500_015.wav;0;0.2811805307865143;0
3996;MER7_20220625_171500_016.wav;0;0.5973803400993347;0
3997;MER7_20220625_171500_017.wav;0;0.274442195892334;0
3998;MER7_20220625_171500_018.wav;0;0.41326063871383667;0
3999;MER7_20220625_171500_019.wav;0;0.3490408658981323;0
4000;MER7_20220627_184500_000.wav;0;0.01683381386101246;0
4001;MER7_20220627_184500_001.wav;0;0.022207079455256462;0
4002;MER7_20220627_184500_002.wav;0;0.03331999480724335;0
4003;MER7_20220627_184500_003.wav;0;0.24916599690914154;0
4004;MER7_20220627_184500_004.wav;0;0.027792125940322876;0
4005;MER7_20220627_184500_005.wav;0;0.031055646017193794;0
4006;MER7_20220627_184500_006.wav;0;0.06361543387174606;0
4007;MER7_20220627_184500_007.wav;0;0.026461860164999962;0
4008;MER7_20220627_184500_008.wav;0;0.024899307638406754;0
4009;MER7_20220627_184500_009.wav;0;0.014359020628035069;0
4010;MER7_20220627_184500_010.wav;0;0.014256567694246769;0
4011;MER7_20220627_184500_011.wav;0;0.10207988321781158;0
4012;MER7_20220627_184500_012.wav;0;0.03443976491689682;0
4013;MER7_20220627_184500_013.wav;0;0.05570678785443306;0
4014;MER7_20220627_184500_014.wav;0;0.450906366109848;0
4015;MER7_20220627_184500_015.wav;0;0.020633166655898094;0
4016;MER7_20220627_184500_016.wav;0;0.0668746829032898;0
4017;MER7_20220627_184500_017.wav;0;0.04389112815260887;0
4018;MER7_20220627_184500_018.wav;0;0.027785910293459892;0
4019;MER7_20220627_184500_019.wav;0;0.07506915926933289;0
4020;MER7_20220627_224500_000.wav;0;0.8270961046218872;0
4021;MER7_20220627_224500_001.wav;0;0.6173665523529053;0
4022;MER7_20220627_224500_002.wav;0;0.04481946676969528;0
4023;MER7_20220627_224500_003.wav;0;0.14747931063175201;0
4024;MER7_20220627_224500_004.wav;0;0.10582996904850006;0
4025;MER7_20220627_224500_005.wav;0;0.07449294626712799;0
4026;MER7_20220627_224500_006.wav;0;0.43132567405700684;0
4027;MER7_20220627_224500_007.wav;0;0.35208919644355774;0
4028;MER7_20220627_224500_008.wav;0;0.13462260365486145;0
4029;MER7_20220627_224500_009.wav;0;0.051532384008169174;0
4030;MER7_20220627_224500_010.wav;0;0.0688445046544075;0
4031;MER7_20220627_224500_011.wav;0;0.15205462276935577;0
4032;MER7_20220627_224500_012.wav;0;0.09244857728481293;0
4033;MER7_20220627_224500_013.wav;0;0.11016533523797989;0
4034;MER7_20220627_224500_014.wav;0;0.3699572682380676;0
4035;MER7_20220627_224500_015.wav;0;0.07234972715377808;0
4036;MER7_20220627_224500_016.wav;0;0.1662743240594864;0
4037;MER7_20220627_224500_017.wav;0;0.38577646017074585;0
4038;MER7_20220627_224500_018.wav;0;0.19236381351947784;0
4039;MER7_20220627_224500_019.wav;0;0.14007864892482758;0
4040;MER7_20220627_234500_000.wav;0;0.03142455592751503;0
4041;MER7_20220627_234500_001.wav;0;0.08671116083860397;0
4042;MER7_20220627_234500_002.wav;0;0.3857382833957672;0
4043;MER7_20220627_234500_003.wav;0;0.07010338455438614;0
4044;MER7_20220627_234500_004.wav;0;0.0973871648311615;0
4045;MER7_20220627_234500_005.wav;0;0.11758800595998764;0
4046;MER7_20220627_234500_006.wav;0;0.06820408999919891;0
4047;MER7_20220627_234500_007.wav;0;0.04430091008543968;0
4048;MER7_20220627_234500_008.wav;0;0.2801438271999359;0
4049;MER7_20220627_234500_009.wav;0;0.10457908362150192;0
4050;MER7_20220627_234500_010.wav;0;0.19949279725551605;0
4051;MER7_20220627_234500_011.wav;0;0.07471197843551636;0
4052;MER7_20220627_234500_012.wav;0;0.10281930863857269;0
4053;MER7_20220627_234500_013.wav;0;0.07653986662626266;0
4054;MER7_20220627_234500_014.wav;0;0.04990040138363838;0
4055;MER7_20220627_234500_015.wav;0;0.0519116185605526;0
4056;MER7_20220627_234500_016.wav;0;0.5380889773368835;0
4057;MER7_20220627_234500_017.wav;0;0.059886038303375244;0
4058;MER7_20220627_234500_018.wav;0;0.12642525136470795;0
4059;MER7_20220627_234500_019.wav;0;0.0178392194211483;0
4060;MER7_20220707_151500_000.wav;0;0.03970177471637726;0
4061;MER7_20220707_151500_001.wav;0;0.1270650327205658;0
4062;MER7_20220707_151500_002.wav;0;0.02338448166847229;0
4063;MER7_20220707_151500_003.wav;0;0.019103944301605225;0
4064;MER7_20220707_151500_004.wav;0;0.06415406614542007;0
4065;MER7_20220707_151500_005.wav;0;0.019633740186691284;0
4066;MER7_20220707_151500_006.wav;0;0.021028762683272362;0
4067;MER7_20220707_151500_007.wav;0;0.1078696921467781;0
4068;MER7_20220707_151500_008.wav;0;0.12462007254362106;0
4069;MER7_20220707_151500_009.wav;0;0.04486321657896042;0
4070;MER7_20220707_151500_010.wav;0;0.0590592660009861;0
4071;MER7_20220707_151500_011.wav;0;0.04280300810933113;0
4072;MER7_20220707_151500_012.wav;0;0.046129707247018814;0
4073;MER7_20220707_151500_013.wav;0;0.09658092260360718;0
4074;MER7_20220707_151500_014.wav;0;0.4762141704559326;0
4075;MER7_20220707_151500_015.wav;0;0.025841934606432915;0
4076;MER7_20220707_151500_016.wav;0;0.14570529758930206;0
4077;MER7_20220707_151500_017.wav;0;0.06916393339633942;0
4078;MER7_20220707_151500_018.wav;0;0.09796349704265594;0
4079;MER7_20220707_151500_019.wav;0;0.168947234749794;0
4080;MER7_20220709_080000_000.wav;0;0.07784265279769897;0
4081;MER7_20220709_080000_001.wav;0;0.7015058994293213;0
4082;MER7_20220709_080000_002.wav;0;0.6818163394927979;0
4083;MER7_20220709_080000_003.wav;0;0.7703800797462463;0
4084;MER7_20220709_080000_004.wav;0;0.22000069916248322;0
4085;MER7_20220709_080000_005.wav;0;0.042688023298978806;0
4086;MER7_20220709_080000_006.wav;0;0.2890477180480957;0
4087;MER7_20220709_080000_007.wav;0;0.050451088696718216;0
4088;MER7_20220709_080000_008.wav;0;0.12277825176715851;0
4089;MER7_20220709_080000_009.wav;0;0.2009231597185135;0
4090;MER7_20220709_080000_010.wav;0;0.15232837200164795;0
4091;MER7_20220709_080000_011.wav;0;0.029719866812229156;0
4092;MER7_20220709_080000_012.wav;0;0.11178774386644363;0
4093;MER7_20220709_080000_013.wav;0;0.3111436069011688;0
4094;MER7_20220709_080000_014.wav;0;0.07752268016338348;0
4095;MER7_20220709_080000_015.wav;0;0.7530338168144226;0
4096;MER7_20220709_080000_016.wav;0;0.02287563867866993;0
4097;MER7_20220709_080000_017.wav;0;0.04422493278980255;0
4098;MER7_20220709_080000_018.wav;0;0.025508778169751167;0
4099;MER7_20220709_080000_019.wav;0;0.07012734562158585;0
4100;MER7_20220709_193000_000.wav;0;0.02480626292526722;0
4101;MER7_20220709_193000_001.wav;0;0.041397906839847565;0
4102;MER7_20220709_193000_002.wav;0;0.09113876521587372;0
4103;MER7_20220709_193000_003.wav;0;0.04931732267141342;0
4104;MER7_20220709_193000_004.wav;0;0.09716442972421646;0
4105;MER7_20220709_193000_005.wav;0;0.008655888959765434;0
4106;MER7_20220709_193000_006.wav;0;0.011177915148437023;0
4107;MER7_20220709_193000_007.wav;0;0.25113385915756226;0
4108;MER7_20220709_193000_008.wav;0;0.022655406966805458;0
4109;MER7_20220709_193000_009.wav;0;0.03189149871468544;0
4110;MER7_20220709_193000_010.wav;0;0.0382450595498085;0
4111;MER7_20220709_193000_011.wav;0;0.07955297827720642;0
4112;MER7_20220709_193000_012.wav;0;0.02566377818584442;0
4113;MER7_20220709_193000_013.wav;0;0.017095139250159264;0
4114;MER7_20220709_193000_014.wav;0;0.013525141403079033;0
4115;MER7_20220709_193000_015.wav;0;0.017362618818879128;0
4116;MER7_20220709_193000_016.wav;0;0.015966476872563362;0
4117;MER7_20220709_193000_017.wav;0;0.11092166602611542;0
4118;MER7_20220709_193000_018.wav;0;0.5939586162567139;0
4119;MER7_20220709_193000_019.wav;0;0.15001274645328522;0
4120;MER7_20220711_064500_000.wav;0;0.0014962507411837578;0
4121;MER7_20220711_064500_001.wav;0;0.008257872425019741;0
4122;MER7_20220711_064500_002.wav;0;0.01140580978244543;0
4123;MER7_20220711_064500_003.wav;0;0.018446005880832672;0
4124;MER7_20220711_064500_004.wav;0;0.0036062749568372965;0
4125;MER7_20220711_064500_005.wav;0;0.006707480177283287;0
4126;MER7_20220711_064500_006.wav;0;0.027172721922397614;0
4127;MER7_20220711_064500_007.wav;0;0.0066155181266367435;0
4128;MER7_20220711_064500_008.wav;0;0.004397554788738489;0
4129;MER7_20220711_064500_009.wav;0;0.026462720707058907;0
4130;MER7_20220711_064500_010.wav;0;0.0019323591841384768;0
4131;MER7_20220711_064500_011.wav;0;0.006279258988797665;0
4132;MER7_20220711_064500_012.wav;0;0.013376590795814991;0
4133;MER7_20220711_064500_013.wav;0;0.002385595114901662;0
4134;MER7_20220711_064500_014.wav;0;0.006212047766894102;0
4135;MER7_20220711_064500_015.wav;0;0.012823428958654404;0
4136;MER7_20220711_064500_016.wav;0;0.0037961360067129135;0
4137;MER7_20220711_064500_017.wav;0;0.0044521973468363285;0
4138;MER7_20220711_064500_018.wav;0;0.01891774870455265;0
4139;MER7_20220711_064500_019.wav;0;0.00862288661301136;0
4140;MER7_20220711_154500_000.wav;0;0.08135335892438889;0
4141;MER7_20220711_154500_001.wav;0;0.01276878360658884;0
4142;MER7_20220711_154500_002.wav;0;0.03555894270539284;0
4143;MER7_20220711_154500_003.wav;0;0.08303669095039368;0
4144;MER7_20220711_154500_004.wav;0;0.1370626986026764;0
4145;MER7_20220711_154500_005.wav;0;0.028780175372958183;0
4146;MER7_20220711_154500_006.wav;0;0.015552888624370098;0
4147;MER7_20220711_154500_007.wav;0;0.037802185863256454;0
4148;MER7_20220711_154500_008.wav;0;0.023212753236293793;0
4149;MER7_20220711_154500_009.wav;0;0.14719930291175842;0
4150;MER7_20220711_154500_010.wav;0;0.014829350635409355;0
4151;MER7_20220711_154500_011.wav;0;0.03205990046262741;0
4152;MER7_20220711_154500_012.wav;0;0.09079606831073761;0
4153;MER7_20220711_154500_013.wav;0;0.04647141695022583;0
4154;MER7_20220711_154500_014.wav;0;0.021593516692519188;0
4155;MER7_20220711_154500_015.wav;0;0.05373278632760048;0
4156;MER7_20220711_154500_016.wav;0;0.030769433826208115;0
4157;MER7_20220711_154500_017.wav;0;0.062245648354291916;0
4158;MER7_20220711_154500_018.wav;0;0.12295670062303543;0
4159;MER7_20220711_154500_019.wav;0;0.013675487600266933;0
4160;MER7_20220713_050000_000.wav;0;0.04614679887890816;0
4161;MER7_20220713_050000_001.wav;0;0.19200515747070312;0
4162;MER7_20220713_050000_002.wav;0;0.1581549197435379;0
4163;MER7_20220713_050000_003.wav;0;0.22311845421791077;0
4164;MER7_20220713_050000_004.wav;0;0.011069606989622116;0
4165;MER7_20220713_050000_005.wav;0;0.014688106253743172;0
4166;MER7_20220713_050000_006.wav;0;0.03296039626002312;0
4167;MER7_20220713_050000_007.wav;0;0.04598931968212128;0
4168;MER7_20220713_050000_008.wav;0;0.09874086081981659;0
4169;MER7_20220713_050000_009.wav;0;0.019289609044790268;0
4170;MER7_20220713_050000_010.wav;0;0.06437816470861435;0
4171;MER7_20220713_050000_011.wav;0;0.046942148357629776;0
4172;MER7_20220713_050000_012.wav;0;0.015195625834167004;0
4173;MER7_20220713_050000_013.wav;0;0.030370064079761505;0
4174;MER7_20220713_050000_014.wav;0;0.03993045911192894;0
4175;MER7_20220713_050000_015.wav;0;0.028162075206637383;0
4176;MER7_20220713_050000_016.wav;0;0.1031782329082489;0
4177;MER7_20220713_050000_017.wav;0;0.033073410391807556;0
4178;MER7_20220713_050000_018.wav;0;0.09394284337759018;0
4179;MER7_20220713_050000_019.wav;0;0.02220270410180092;0
4180;MER7_20220717_064500_000.wav;0;0.028358811512589455;0
4181;MER7_20220717_064500_001.wav;0;0.4928892254829407;0
4182;MER7_20220717_064500_002.wav;0;0.20278318226337433;0
4183;MER7_20220717_064500_003.wav;0;0.1683606654405594;0
4184;MER7_20220717_064500_004.wav;0;0.10698011517524719;0
4185;MER7_20220717_064500_005.wav;0;0.09516847878694534;0
4186;MER7_20220717_064500_006.wav;0;0.2294798344373703;0
4187;MER7_20220717_064500_007.wav;0;0.41055828332901;0
4188;MER7_20220717_064500_008.wav;0;0.1151573434472084;0
4189;MER7_20220717_064500_009.wav;0;0.03564666584134102;0
4190;MER7_20220717_064500_010.wav;0;0.42708873748779297;0
4191;MER7_20220717_064500_011.wav;0;0.7998077273368835;0
4192;MER7_20220717_064500_012.wav;0;0.1790374368429184;0
4193;MER7_20220717_064500_013.wav;0;0.06454423815011978;0
4194;MER7_20220717_064500_014.wav;0;0.01945415884256363;0
4195;MER7_20220717_064500_015.wav;0;0.06448552012443542;0
4196;MER7_20220717_064500_016.wav;0;0.0284621212631464;0
4197;MER7_20220717_064500_017.wav;0;0.14553289115428925;0
4198;MER7_20220717_064500_018.wav;0;0.09109366685152054;0
4199;MER7_20220717_064500_019.wav;0;0.07919786125421524;0
4200;MER7_20220723_020000_000.wav;0;0.1475229114294052;0
4201;MER7_20220723_020000_001.wav;0;0.08057812601327896;0
4202;MER7_20220723_020000_002.wav;0;0.10367128252983093;0
4203;MER7_20220723_020000_003.wav;0;0.3934897184371948;0
4204;MER7_20220723_020000_004.wav;0;0.05646535009145737;0
4205;MER7_20220723_020000_005.wav;0;0.042720891535282135;0
4206;MER7_20220723_020000_006.wav;0;0.14359240233898163;0
4207;MER7_20220723_020000_007.wav;0;0.024201026186347008;0
4208;MER7_20220723_020000_008.wav;0;0.04828141629695892;0
4209;MER7_20220723_020000_009.wav;0;0.01661655306816101;0
4210;MER7_20220723_020000_010.wav;0;0.2101309597492218;0
4211;MER7_20220723_020000_011.wav;0;0.29600974917411804;0
4212;MER7_20220723_020000_012.wav;0;0.025530628859996796;0
4213;MER7_20220723_020000_013.wav;0;0.015348064713180065;0
4214;MER7_20220723_020000_014.wav;0;0.06276599317789078;0
4215;MER7_20220723_020000_015.wav;0;0.02482893317937851;0
4216;MER7_20220723_020000_016.wav;0;0.025113044306635857;0
4217;MER7_20220723_020000_017.wav;0;0.01873355731368065;0
4218;MER7_20220723_020000_018.wav;0;0.10470647364854813;0
4219;MER7_20220723_020000_019.wav;0;0.3376281261444092;0
4220;MER7_20220723_213000_000.wav;0;0.03729230910539627;0
4221;MER7_20220723_213000_001.wav;0;0.079783134162426;0
4222;MER7_20220723_213000_002.wav;0;0.057063452899456024;0
4223;MER7_20220723_213000_003.wav;0;0.14779263734817505;0
4224;MER7_20220723_213000_004.wav;0;0.11450975388288498;0
4225;MER7_20220723_213000_005.wav;0;0.48320573568344116;0
4226;MER7_20220723_213000_006.wav;0;0.4002443552017212;0
4227;MER7_20220723_213000_007.wav;0;0.6272712349891663;0
4228;MER7_20220723_213000_008.wav;0;0.037678368389606476;0
4229;MER7_20220723_213000_009.wav;0;0.053221967071294785;0
4230;MER7_20220723_213000_010.wav;0;0.04020373150706291;0
4231;MER7_20220723_213000_011.wav;0;0.11112064868211746;0
4232;MER7_20220723_213000_012.wav;0;0.335973858833313;0
4233;MER7_20220723_213000_013.wav;0;0.7530966401100159;0
4234;MER7_20220723_213000_014.wav;0;0.10668671131134033;0
4235;MER7_20220723_213000_015.wav;0;0.1016160175204277;0
4236;MER7_20220723_213000_016.wav;0;0.09153334051370621;0
4237;MER7_20220723_213000_017.wav;0;0.25639840960502625;0
4238;MER7_20220723_213000_018.wav;0;0.3712702691555023;0
4239;MER7_20220723_213000_019.wav;0;0.37179914116859436;0
4240;MER7_20220725_020000_000.wav;0;0.028317702934145927;0
4241;MER7_20220725_020000_001.wav;0;0.20257848501205444;0
4242;MER7_20220725_020000_002.wav;0;0.1880715787410736;0
4243;MER7_20220725_020000_003.wav;0;0.5128182172775269;0
4244;MER7_20220725_020000_004.wav;0;0.37058737874031067;0
4245;MER7_20220725_020000_005.wav;0;0.02110028825700283;0
4246;MER7_20220725_020000_006.wav;0;0.1428888738155365;0
4247;MER7_20220725_020000_007.wav;0;0.10657066851854324;0
4248;MER7_20220725_020000_008.wav;0;0.4249562621116638;0
4249;MER7_20220725_020000_009.wav;0;0.09463325887918472;0
4250;MER7_20220725_020000_010.wav;0;0.07628172636032104;0
4251;MER7_20220725_020000_011.wav;0;0.09632468968629837;0
4252;MER7_20220725_020000_012.wav;0;0.04362562671303749;0
4253;MER7_20220725_020000_013.wav;0;0.16897395253181458;0
4254;MER7_20220725_020000_014.wav;0;0.17381638288497925;0
4255;MER7_20220725_020000_015.wav;0;0.0501985140144825;0
4256;MER7_20220725_020000_016.wav;0;0.02442166954278946;0
4257;MER7_20220725_020000_017.wav;0;0.036458421498537064;0
4258;MER7_20220725_020000_018.wav;0;0.12522241473197937;0
4259;MER7_20220725_020000_019.wav;0;0.07608050853013992;0
4260;MER7_20220727_214500_000.wav;0;0.009823341853916645;0
4261;MER7_20220727_214500_001.wav;0;0.013376439921557903;0
4262;MER7_20220727_214500_002.wav;0;0.048436231911182404;0
4263;MER7_20220727_214500_003.wav;0;0.04143865033984184;0
4264;MER7_20220727_214500_004.wav;0;0.0063831922598183155;0
4265;MER7_20220727_214500_005.wav;0;0.006085549481213093;0
4266;MER7_20220727_214500_006.wav;0;0.010517080314457417;0
4267;MER7_20220727_214500_007.wav;0;0.1103944480419159;0
4268;MER7_20220727_214500_008.wav;0;0.12938611209392548;0
4269;MER7_20220727_214500_009.wav;0;0.27638038992881775;0
4270;MER7_20220727_214500_010.wav;0;0.04028501734137535;0
4271;MER7_20220727_214500_011.wav;0;0.014903394505381584;0
4272;MER7_20220727_214500_012.wav;0;0.00900859571993351;0
4273;MER7_20220727_214500_013.wav;0;0.008856923319399357;0
4274;MER7_20220727_214500_014.wav;0;0.052314482629299164;0
4275;MER7_20220727_214500_015.wav;0;0.08581656217575073;0
4276;MER7_20220727_214500_016.wav;0;0.019811958074569702;0
4277;MER7_20220727_214500_017.wav;0;0.030575349926948547;0
4278;MER7_20220727_214500_018.wav;0;0.013133254833519459;0
4279;MER7_20220727_214500_019.wav;0;0.014792140573263168;0
4280;MER7_20220729_151500_000.wav;0;0.27527713775634766;0
4281;MER7_20220729_151500_001.wav;0;0.03430001810193062;0
4282;MER7_20220729_151500_002.wav;0;0.06103471294045448;0
4283;MER7_20220729_151500_003.wav;0;0.03462840989232063;0
4284;MER7_20220729_151500_004.wav;0;0.08450274914503098;0
4285;MER7_20220729_151500_005.wav;0;0.036022793501615524;0
4286;MER7_20220729_151500_006.wav;0;0.19379878044128418;0
4287;MER7_20220729_151500_007.wav;0;0.3699358105659485;0
4288;MER7_20220729_151500_008.wav;0;0.30296754837036133;0
4289;MER7_20220729_151500_009.wav;0;0.11917448043823242;0
4290;MER7_20220729_151500_010.wav;0;0.06580229848623276;0
4291;MER7_20220729_151500_011.wav;0;0.023409198969602585;0
4292;MER7_20220729_151500_012.wav;0;0.04085204750299454;0
4293;MER7_20220729_151500_013.wav;0;0.030236104503273964;0
4294;MER7_20220729_151500_014.wav;0;0.10845156759023666;0
4295;MER7_20220729_151500_015.wav;0;0.876550018787384;0
4296;MER7_20220729_151500_016.wav;0;0.4604148268699646;0
4297;MER7_20220729_151500_017.wav;0;0.04135077819228172;0
4298;MER7_20220729_151500_018.wav;0;0.31214287877082825;0
4299;MER7_20220729_151500_019.wav;0;0.07823576778173447;0
4300;MER7_20220802_064500_000.wav;0;0.09298040717840195;0
4301;MER7_20220802_064500_001.wav;0;0.07831398397684097;0
4302;MER7_20220802_064500_002.wav;0;0.06656001508235931;0
4303;MER7_20220802_064500_003.wav;0;0.18519990146160126;0
4304;MER7_20220802_064500_004.wav;0;0.18807312846183777;0
4305;MER7_20220802_064500_005.wav;0;0.034629810601472855;0
4306;MER7_20220802_064500_006.wav;0;0.048619575798511505;0
4307;MER7_20220802_064500_007.wav;0;0.005718408152461052;0
4308;MER7_20220802_064500_008.wav;0;0.009137649089097977;0
4309;MER7_20220802_064500_009.wav;0;0.013503395020961761;0
4310;MER7_20220802_064500_010.wav;0;0.006676361430436373;0
4311;MER7_20220802_064500_011.wav;0;0.04937892407178879;0
4312;MER7_20220802_064500_012.wav;0;0.016293006017804146;0
4313;MER7_20220802_064500_013.wav;0;0.028745261952280998;0
4314;MER7_20220802_064500_014.wav;0;0.03890825808048248;0
4315;MER7_20220802_064500_015.wav;0;0.007634536828845739;0
4316;MER7_20220802_064500_016.wav;0;0.011891809292137623;0
4317;MER7_20220802_064500_017.wav;0;0.025370175018906593;0
4318;MER7_20220802_064500_018.wav;0;0.036590926349163055;0
4319;MER7_20220802_064500_019.wav;0;0.008456275798380375;0
4320;MER7_20220806_040000_000.wav;0;0.8994465470314026;0
4321;MER7_20220806_040000_001.wav;0;0.8944856524467468;0
4322;MER7_20220806_040000_002.wav;0;0.9097489714622498;0
4323;MER7_20220806_040000_003.wav;0;0.8847624659538269;0
4324;MER7_20220806_040000_004.wav;0;0.8975658416748047;0
4325;MER7_20220806_040000_005.wav;0;0.9060184955596924;0
4326;MER7_20220806_040000_006.wav;0;0.8974241018295288;0
4327;MER7_20220806_040000_007.wav;0;0.9241994619369507;0
4328;MER7_20220806_040000_008.wav;0;0.9119080305099487;0
4329;MER7_20220806_040000_009.wav;0;0.9089624285697937;0
4330;MER7_20220806_040000_010.wav;0;0.9430451393127441;0
4331;MER7_20220806_040000_011.wav;0;0.9464613199234009;0
4332;MER7_20220806_040000_012.wav;0;0.9059507250785828;0
4333;MER7_20220806_040000_013.wav;0;0.9002856612205505;0
4334;MER7_20220806_040000_014.wav;0;0.9479498267173767;0
4335;MER7_20220806_040000_015.wav;0;0.9692084789276123;0
4336;MER7_20220806_040000_016.wav;0;0.9158720970153809;0
4337;MER7_20220806_040000_017.wav;0;0.8696532249450684;0
4338;MER7_20220806_040000_018.wav;0;0.9164263010025024;0
4339;MER7_20220806_040000_019.wav;0;0.852393388748169;0
4340;MER7_20220806_124500_000.wav;0;0.08751072734594345;0
4341;MER7_20220806_124500_001.wav;0;0.7812644243240356;0
4342;MER7_20220806_124500_002.wav;0;0.07942988723516464;0
4343;MER7_20220806_124500_003.wav;0;0.9055818319320679;0
4344;MER7_20220806_124500_004.wav;0;0.6131258606910706;0
4345;MER7_20220806_124500_005.wav;0;0.3265981078147888;0
4346;MER7_20220806_124500_006.wav;0;0.4035584330558777;0
4347;MER7_20220806_124500_007.wav;0;0.24044986069202423;0
4348;MER7_20220806_124500_008.wav;0;0.061562322080135345;0
4349;MER7_20220806_124500_009.wav;0;0.10887181013822556;0
4350;MER7_20220806_124500_010.wav;0;0.38920295238494873;0
4351;MER7_20220806_124500_011.wav;0;0.5518453121185303;0
4352;MER7_20220806_124500_012.wav;0;0.6620896458625793;0
4353;MER7_20220806_124500_013.wav;0;0.025658074766397476;0
4354;MER7_20220806_124500_014.wav;0;0.8068394660949707;0
4355;MER7_20220806_124500_015.wav;0;0.7797334790229797;0
4356;MER7_20220806_124500_016.wav;0;0.3010016083717346;0
4357;MER7_20220806_124500_017.wav;0;0.036391742527484894;0
4358;MER7_20220806_124500_018.wav;0;0.4950728714466095;0
4359;MER7_20220806_124500_019.wav;0;0.3875144124031067;0
4360;MER7_20220806_221500_000.wav;0;0.04975687712430954;0
4361;MER7_20220806_221500_001.wav;0;0.5197708010673523;0
4362;MER7_20220806_221500_002.wav;0;0.6450311541557312;0
4363;MER7_20220806_221500_003.wav;0;0.45621123909950256;0
4364;MER7_20220806_221500_004.wav;0;0.7928265929222107;0
4365;MER7_20220806_221500_005.wav;0;0.19605623185634613;0
4366;MER7_20220806_221500_006.wav;0;0.22798289358615875;0
4367;MER7_20220806_221500_007.wav;0;0.21881602704524994;0
4368;MER7_20220806_221500_008.wav;0;0.09901370853185654;0
4369;MER7_20220806_221500_009.wav;0;0.5305779576301575;0
4370;MER7_20220806_221500_010.wav;0;0.29357460141181946;0
4371;MER7_20220806_221500_011.wav;0;0.09186127036809921;0
4372;MER7_20220806_221500_012.wav;0;0.04469712823629379;0
4373;MER7_20220806_221500_013.wav;0;0.4688020646572113;0
4374;MER7_20220806_221500_014.wav;0;0.33194661140441895;0
4375;MER7_20220806_221500_015.wav;0;0.25135236978530884;0
4376;MER7_20220806_221500_016.wav;0;0.26139166951179504;0
4377;MER7_20220806_221500_017.wav;0;0.03813956305384636;0
4378;MER7_20220806_221500_018.wav;0;0.15525130927562714;0
4379;MER7_20220806_221500_019.wav;0;0.23130568861961365;0
4380;MER7_20220808_094500_000.wav;0;0.12000949680805206;0
4381;MER7_20220808_094500_001.wav;0;0.008463607169687748;0
4382;MER7_20220808_094500_002.wav;0;0.014482025057077408;0
4383;MER7_20220808_094500_003.wav;0;0.01290105190128088;0
4384;MER7_20220808_094500_004.wav;0;0.004850772209465504;0
4385;MER7_20220808_094500_005.wav;0;0.008609481155872345;0
4386;MER7_20220808_094500_006.wav;0;0.002745079342275858;0
4387;MER7_20220808_094500_007.wav;0;0.00635872408747673;0
4388;MER7_20220808_094500_008.wav;0;0.013413600623607635;0
4389;MER7_20220808_094500_009.wav;0;0.01211030874401331;0
4390;MER7_20220808_094500_010.wav;0;0.004898055922240019;0
4391;MER7_20220808_094500_011.wav;0;0.002886362373828888;0
4392;MER7_20220808_094500_012.wav;0;0.005719498265534639;0
4393;MER7_20220808_094500_013.wav;0;0.007193645462393761;0
4394;MER7_20220808_094500_014.wav;0;0.017366109415888786;0
4395;MER7_20220808_094500_015.wav;0;0.005102860275655985;0
4396;MER7_20220808_094500_016.wav;0;0.003011581487953663;0
4397;MER7_20220808_094500_017.wav;0;0.010994437150657177;0
4398;MER7_20220808_094500_018.wav;0;0.03290534019470215;0
4399;MER7_20220808_094500_019.wav;0;0.003663021372631192;0
4400;MER7_20220810_051500_000.wav;0;0.06298210471868515;0
4401;MER7_20220810_051500_001.wav;0;0.12339736521244049;0
4402;MER7_20220810_051500_002.wav;0;0.14748825132846832;0
4403;MER7_20220810_051500_003.wav;0;0.07038285583257675;0
4404;MER7_20220810_051500_004.wav;0;0.23043416440486908;0
4405;MER7_20220810_051500_005.wav;0;0.03749367967247963;0
4406;MER7_20220810_051500_006.wav;0;0.0438254289329052;0
4407;MER7_20220810_051500_007.wav;0;0.04584140703082085;0
4408;MER7_20220810_051500_008.wav;0;0.019510602578520775;0
4409;MER7_20220810_051500_009.wav;0;0.08664270490407944;0
4410;MER7_20220810_051500_010.wav;0;0.03223954886198044;0
4411;MER7_20220810_051500_011.wav;0;0.09189972281455994;0
4412;MER7_20220810_051500_012.wav;0;0.021280562505126;0
4413;MER7_20220810_051500_013.wav;0;0.014297126792371273;0
4414;MER7_20220810_051500_014.wav;0;0.5804296731948853;0
4415;MER7_20220810_051500_015.wav;0;0.018349429592490196;0
4416;MER7_20220810_051500_016.wav;0;0.014614193700253963;0
4417;MER7_20220810_051500_017.wav;0;0.010002628900110722;0
4418;MER7_20220810_051500_018.wav;0;0.015867341309785843;0
4419;MER7_20220810_051500_019.wav;0;0.017069213092327118;0
4420;MER7_20220810_063000_000.wav;0;0.08124111592769623;0
4421;MER7_20220810_063000_001.wav;0;0.19556446373462677;0
4422;MER7_20220810_063000_002.wav;0;0.08657776564359665;0
4423;MER7_20220810_063000_003.wav;0;0.05346560478210449;0
4424;MER7_20220810_063000_004.wav;0;0.04280208796262741;0
4425;MER7_20220810_063000_005.wav;0;0.18938767910003662;0
4426;MER7_20220810_063000_006.wav;0;0.03376799821853638;0
4427;MER7_20220810_063000_007.wav;0;0.08261078596115112;0
4428;MER7_20220810_063000_008.wav;0;0.1101706475019455;0
4429;MER7_20220810_063000_009.wav;0;0.029089592397212982;0
4430;MER7_20220810_063000_010.wav;0;0.05154960975050926;0
4431;MER7_20220810_063000_011.wav;0;0.06250035017728806;0
4432;MER7_20220810_063000_012.wav;0;0.602981448173523;0
4433;MER7_20220810_063000_013.wav;0;0.2637297213077545;0
4434;MER7_20220810_063000_014.wav;0;0.027926845476031303;0
4435;MER7_20220810_063000_015.wav;0;0.021894143894314766;0
4436;MER7_20220810_063000_016.wav;0;0.18590904772281647;0
4437;MER7_20220810_063000_017.wav;0;0.065335713326931;0
4438;MER7_20220810_063000_018.wav;0;0.07717572152614594;0
4439;MER7_20220810_063000_019.wav;0;0.03053080290555954;0
4440;MER7_20220814_041500_000.wav;0;0.05568921938538551;0
4441;MER7_20220814_041500_001.wav;0;0.09446714073419571;0
4442;MER7_20220814_041500_002.wav;0;0.11603756248950958;0
4443;MER7_20220814_041500_003.wav;0;0.14005665481090546;0
4444;MER7_20220814_041500_004.wav;0;0.02482765167951584;0
4445;MER7_20220814_041500_005.wav;0;0.03309281915426254;0
4446;MER7_20220814_041500_006.wav;0;0.1408109813928604;0
4447;MER7_20220814_041500_007.wav;0;0.08092756569385529;0
4448;MER7_20220814_041500_008.wav;0;0.024115413427352905;0
4449;MER7_20220814_041500_009.wav;0;0.19928380846977234;0
4450;MER7_20220814_041500_010.wav;0;0.11767394095659256;0
4451;MER7_20220814_041500_011.wav;0;0.018368756398558617;0
4452;MER7_20220814_041500_012.wav;0;0.016590991988778114;0
4453;MER7_20220814_041500_013.wav;0;0.018488425761461258;0
4454;MER7_20220814_041500_014.wav;0;0.0671122670173645;0
4455;MER7_20220814_041500_015.wav;0;0.0915888249874115;0
4456;MER7_20220814_041500_016.wav;0;0.03249131888151169;0
4457;MER7_20220814_041500_017.wav;0;0.032557692378759384;0
4458;MER7_20220814_041500_018.wav;0;0.046534378081560135;0
4459;MER7_20220814_041500_019.wav;0;0.05112304165959358;0
4460;MER7_20220818_203000_000.wav;0;0.007628415711224079;0
4461;MER7_20220818_203000_001.wav;0;0.025202255696058273;0
4462;MER7_20220818_203000_002.wav;0;0.024391774088144302;0
4463;MER7_20220818_203000_003.wav;0;0.00946957990527153;0
4464;MER7_20220818_203000_004.wav;0;0.016000932082533836;0
4465;MER7_20220818_203000_005.wav;0;0.008296293206512928;0
4466;MER7_20220818_203000_006.wav;0;0.006341033149510622;0
4467;MER7_20220818_203000_007.wav;0;0.01882329024374485;0
4468;MER7_20220818_203000_008.wav;0;0.017939794808626175;0
4469;MER7_20220818_203000_009.wav;0;0.012200849130749702;0
4470;MER7_20220818_203000_010.wav;0;0.010405382141470909;0
4471;MER7_20220818_203000_011.wav;0;0.0179462730884552;0
4472;MER7_20220818_203000_012.wav;0;0.0028268208261579275;0
4473;MER7_20220818_203000_013.wav;0;0.0052293227054178715;0
4474;MER7_20220818_203000_014.wav;0;0.012178870849311352;0
4475;MER7_20220818_203000_015.wav;0;0.00963644590228796;0
4476;MER7_20220818_203000_016.wav;0;0.009733700193464756;0
4477;MER7_20220818_203000_017.wav;0;0.0016397652216255665;0
4478;MER7_20220818_203000_018.wav;0;0.0036112251691520214;0
4479;MER7_20220818_203000_019.wav;0;0.0040806373581290245;0
4480;MER7_20220820_134500_000.wav;0;0.014578762464225292;0
4481;MER7_20220820_134500_001.wav;0;0.015896497294306755;0
4482;MER7_20220820_134500_002.wav;0;0.01663017086684704;0
4483;MER7_20220820_134500_003.wav;0;0.08178012073040009;0
4484;MER7_20220820_134500_004.wav;0;0.025475818663835526;0
4485;MER7_20220820_134500_005.wav;0;0.02917211316525936;0
4486;MER7_20220820_134500_006.wav;0;0.012840154580771923;0
4487;MER7_20220820_134500_007.wav;0;0.011527513153851032;0
4488;MER7_20220820_134500_008.wav;0;0.00923826638609171;0
4489;MER7_20220820_134500_009.wav;0;0.016955025494098663;0
4490;MER7_20220820_134500_010.wav;0;0.09925749152898788;0
4491;MER7_20220820_134500_011.wav;0;0.013318278826773167;0
4492;MER7_20220820_134500_012.wav;0;0.006446437444537878;0
4493;MER7_20220820_134500_013.wav;0;0.010030901059508324;0
4494;MER7_20220820_134500_014.wav;0;0.033895768225193024;0
4495;MER7_20220820_134500_015.wav;0;0.011577264405786991;0
4496;MER7_20220820_134500_016.wav;0;0.012436311691999435;0
4497;MER7_20220820_134500_017.wav;0;0.052534714341163635;0
4498;MER7_20220820_134500_018.wav;0;0.04311160743236542;0
4499;MER7_20220820_134500_019.wav;0;0.03349389508366585;0
4500;MER7_20220820_231500_000.wav;0;0.030622852966189384;0
4501;MER7_20220820_231500_001.wav;0;0.01751057431101799;0
4502;MER7_20220820_231500_002.wav;0;0.03595362603664398;0
4503;MER7_20220820_231500_003.wav;0;0.05714120715856552;0
4504;MER7_20220820_231500_004.wav;0;0.012512185610830784;0
4505;MER7_20220820_231500_005.wav;0;0.025376947596669197;0
4506;MER7_20220820_231500_006.wav;0;0.17357021570205688;0
4507;MER7_20220820_231500_007.wav;0;0.02116810902953148;0
4508;MER7_20220820_231500_008.wav;0;0.04615766927599907;0
4509;MER7_20220820_231500_009.wav;0;0.010248011909425259;0
4510;MER7_20220820_231500_010.wav;0;0.009238947182893753;0
4511;MER7_20220820_231500_011.wav;0;0.042801618576049805;0
4512;MER7_20220820_231500_012.wav;0;0.03569915518164635;0
4513;MER7_20220820_231500_013.wav;0;0.012219419702887535;0
4514;MER7_20220820_231500_014.wav;0;0.0117416400462389;0
4515;MER7_20220820_231500_015.wav;0;0.03527579456567764;0
4516;MER7_20220820_231500_016.wav;0;0.017276698723435402;0
4517;MER7_20220820_231500_017.wav;0;0.01739448867738247;0
4518;MER7_20220820_231500_018.wav;0;0.013799107633531094;0
4519;MER7_20220820_231500_019.wav;0;0.010857303626835346;0
4520;MER7_20220824_141500_000.wav;0;0.025563664734363556;0
4521;MER7_20220824_141500_001.wav;0;0.16799044609069824;0
4522;MER7_20220824_141500_002.wav;0;0.051717936992645264;0
4523;MER7_20220824_141500_003.wav;0;0.03484827280044556;0
4524;MER7_20220824_141500_004.wav;0;0.011242148466408253;0
4525;MER7_20220824_141500_005.wav;0;0.017767760902643204;0
4526;MER7_20220824_141500_006.wav;0;0.014446025714278221;0
4527;MER7_20220824_141500_007.wav;0;0.10656372457742691;0
4528;MER7_20220824_141500_008.wav;0;0.031093114987015724;0
4529;MER7_20220824_141500_009.wav;0;0.01613973081111908;0
4530;MER7_20220824_141500_010.wav;0;0.027367956936359406;0
4531;MER7_20220824_141500_011.wav;0;0.01781647652387619;0
4532;MER7_20220824_141500_012.wav;0;0.011649777181446552;0
4533;MER7_20220824_141500_013.wav;0;0.01348415482789278;0
4534;MER7_20220824_141500_014.wav;0;0.05870978534221649;0
4535;MER7_20220824_141500_015.wav;0;0.025959163904190063;0
4536;MER7_20220824_141500_016.wav;0;0.028046349063515663;0
4537;MER7_20220824_141500_017.wav;0;0.08369479328393936;0
4538;MER7_20220824_141500_018.wav;0;0.020163169130682945;0
4539;MER7_20220824_141500_019.wav;0;0.009744103066623211;0
4540;MER7_20220901_053000_000.wav;0;0.11416047811508179;0
4541;MER7_20220901_053000_001.wav;0;0.032838113605976105;0
4542;MER7_20220901_053000_002.wav;0;0.128673255443573;0
4543;MER7_20220901_053000_003.wav;0;0.02714398130774498;0
4544;MER7_20220901_053000_004.wav;0;0.14459750056266785;0
4545;MER7_20220901_053000_005.wav;0;0.07496260106563568;0
4546;MER7_20220901_053000_006.wav;0;0.013333325274288654;0
4547;MER7_20220901_053000_007.wav;0;0.022696930915117264;0
4548;MER7_20220901_053000_008.wav;0;0.01092489343136549;0
4549;MER7_20220901_053000_009.wav;0;0.014748286455869675;0
4550;MER7_20220901_053000_010.wav;0;0.060759287327528;0
4551;MER7_20220901_053000_011.wav;0;0.043163005262613297;0
4552;MER7_20220901_053000_012.wav;0;0.02521286904811859;0
4553;MER7_20220901_053000_013.wav;0;0.031965214759111404;0
4554;MER7_20220901_053000_014.wav;0;0.0146222785115242;0
4555;MER7_20220901_053000_015.wav;0;0.011757967993617058;0
4556;MER7_20220901_053000_016.wav;0;0.019712811335921288;0
4557;MER7_20220901_053000_017.wav;0;0.009373925626277924;0
4558;MER7_20220901_053000_018.wav;0;0.031173361465334892;0
4559;MER7_20220901_053000_019.wav;0;0.019351273775100708;0
4560;MER7_20220901_103000_000.wav;0;0.03542456030845642;0
4561;MER7_20220901_103000_001.wav;0;0.010515959933400154;0
4562;MER7_20220901_103000_002.wav;0;0.02427070029079914;0
4563;MER7_20220901_103000_003.wav;0;0.026822851970791817;0
4564;MER7_20220901_103000_004.wav;0;0.017057497054338455;0
4565;MER7_20220901_103000_005.wav;0;0.010972361080348492;0
4566;MER7_20220901_103000_006.wav;0;0.23336753249168396;0
4567;MER7_20220901_103000_007.wav;0;0.02620619162917137;0
4568;MER7_20220901_103000_008.wav;0;0.022715941071510315;0
4569;MER7_20220901_103000_009.wav;0;0.012858790345489979;0
4570;MER7_20220901_103000_010.wav;0;0.1046583503484726;0
4571;MER7_20220901_103000_011.wav;0;0.03971732407808304;0
4572;MER7_20220901_103000_012.wav;0;0.015576472505927086;0
4573;MER7_20220901_103000_013.wav;0;0.013520359061658382;0
4574;MER7_20220901_103000_014.wav;0;0.010043446905910969;0
4575;MER7_20220901_103000_015.wav;0;0.019491884857416153;0
4576;MER7_20220901_103000_016.wav;0;0.030197279527783394;0
4577;MER7_20220901_103000_017.wav;0;0.21881724894046783;0
4578;MER7_20220901_103000_018.wav;0;0.023322539404034615;0
4579;MER7_20220901_103000_019.wav;0;0.05720870941877365;0
4580;MER7_20220901_104500_000.wav;0;0.1374996155500412;0
4581;MER7_20220901_104500_001.wav;0;0.762126624584198;0
4582;MER7_20220901_104500_002.wav;0;0.05252809450030327;0
4583;MER7_20220901_104500_003.wav;0;0.2760498821735382;0
4584;MER7_20220901_104500_004.wav;0;0.37989819049835205;0
4585;MER7_20220901_104500_005.wav;0;0.6313410997390747;0
4586;MER7_20220901_104500_006.wav;0;0.16753967106342316;0
4587;MER7_20220901_104500_007.wav;0;0.8691438436508179;0
4588;MER7_20220901_104500_008.wav;0;0.3322449028491974;0
4589;MER7_20220901_104500_009.wav;0;0.08176986128091812;0
4590;MER7_20220901_104500_010.wav;0;0.15380920469760895;0
4591;MER7_20220901_104500_011.wav;0;0.02075551077723503;0
4592;MER7_20220901_104500_012.wav;0;0.02550448849797249;0
4593;MER7_20220901_104500_013.wav;0;0.007762158755213022;0
4594;MER7_20220901_104500_014.wav;0;0.013940482400357723;0
4595;MER7_20220901_104500_015.wav;0;0.08218910545110703;0
4596;MER7_20220901_104500_016.wav;0;0.011975888162851334;0
4597;MER7_20220901_104500_017.wav;0;0.03898819163441658;0
4598;MER7_20220901_104500_018.wav;0;0.011574826203286648;0
4599;MER7_20220901_104500_019.wav;0;0.029721366241574287;0
4600;MER7_20220901_121500_000.wav;0;0.021771548315882683;0
4601;MER7_20220901_121500_001.wav;0;0.2891400158405304;0
4602;MER7_20220901_121500_002.wav;0;0.36088985204696655;0
4603;MER7_20220901_121500_003.wav;0;0.03599017858505249;0
4604;MER7_20220901_121500_004.wav;0;0.18530218303203583;0
4605;MER7_20220901_121500_005.wav;0;0.010790694504976273;0
4606;MER7_20220901_121500_006.wav;0;0.020407728850841522;0
4607;MER7_20220901_121500_007.wav;0;0.017766738310456276;0
4608;MER7_20220901_121500_008.wav;0;0.4550226330757141;0
4609;MER7_20220901_121500_009.wav;0;0.05970044434070587;0
4610;MER7_20220901_121500_010.wav;0;0.12004514783620834;0
4611;MER7_20220901_121500_011.wav;0;0.08091073483228683;0
4612;MER7_20220901_121500_012.wav;0;0.13855475187301636;0
4613;MER7_20220901_121500_013.wav;0;0.09986148774623871;0
4614;MER7_20220901_121500_014.wav;0;0.014737258665263653;0
4615;MER7_20220901_121500_015.wav;0;0.007484780624508858;0
4616;MER7_20220901_121500_016.wav;0;0.015769129619002342;0
4617;MER7_20220901_121500_017.wav;0;0.019991101697087288;0
4618;MER7_20220901_121500_018.wav;0;0.09865997731685638;0
4619;MER7_20220901_121500_019.wav;0;0.037766385823488235;0
4620;MER7_20220901_153000_000.wav;0;0.020443029701709747;0
4621;MER7_20220901_153000_001.wav;0;0.07572198659181595;0
4622;MER7_20220901_153000_002.wav;0;0.0413426011800766;0
4623;MER7_20220901_153000_003.wav;0;0.075232595205307;0
4624;MER7_20220901_153000_004.wav;0;0.028867483139038086;0
4625;MER7_20220901_153000_005.wav;0;0.028335683047771454;0
4626;MER7_20220901_153000_006.wav;0;0.12476824223995209;0
4627;MER7_20220901_153000_007.wav;0;0.04601771757006645;0
4628;MER7_20220901_153000_008.wav;0;0.03496483340859413;0
4629;MER7_20220901_153000_009.wav;0;0.018192891031503677;0
4630;MER7_20220901_153000_010.wav;0;0.031692393124103546;0
4631;MER7_20220901_153000_011.wav;0;0.0374324731528759;0
4632;MER7_20220901_153000_012.wav;0;0.060311540961265564;0
4633;MER7_20220901_153000_013.wav;0;0.07032813131809235;0
4634;MER7_20220901_153000_014.wav;0;0.014294392429292202;0
4635;MER7_20220901_153000_015.wav;0;0.032437462359666824;0
4636;MER7_20220901_153000_016.wav;0;0.09000888466835022;0
4637;MER7_20220901_153000_017.wav;0;0.1019475907087326;0
4638;MER7_20220901_153000_018.wav;0;0.049012135714292526;0
4639;MER7_20220901_153000_019.wav;0;0.009214653633534908;0
4640;MER7_20220903_040000_000.wav;0;0.24947723746299744;0
4641;MER7_20220903_040000_001.wav;0;0.019476890563964844;0
4642;MER7_20220903_040000_002.wav;0;0.12429878860712051;0
4643;MER7_20220903_040000_003.wav;0;0.09867436438798904;0
4644;MER7_20220903_040000_004.wav;0;0.03664374351501465;0
4645;MER7_20220903_040000_005.wav;0;0.24487413465976715;0
4646;MER7_20220903_040000_006.wav;0;0.2137816846370697;0
4647;MER7_20220903_040000_007.wav;0;0.44830530881881714;0
4648;MER7_20220903_040000_008.wav;0;0.2716844379901886;0
4649;MER7_20220903_040000_009.wav;0;0.027372831478714943;0
4650;MER7_20220903_040000_010.wav;0;0.028181254863739014;0
4651;MER7_20220903_040000_011.wav;0;0.029668759554624557;0
4652;MER7_20220903_040000_012.wav;0;0.05559900403022766;0
4653;MER7_20220903_040000_013.wav;0;0.06568864732980728;0
4654;MER7_20220903_040000_014.wav;0;0.2713281810283661;0
4655;MER7_20220903_040000_015.wav;0;0.3306872844696045;0
4656;MER7_20220903_040000_016.wav;0;0.07812226563692093;0
4657;MER7_20220903_040000_017.wav;0;0.2206120640039444;0
4658;MER7_20220903_040000_018.wav;0;0.022875787690281868;0
4659;MER7_20220903_040000_019.wav;0;0.028591837733983994;0
4660;MER7_20220903_041500_000.wav;0;0.03301664814352989;0
4661;MER7_20220903_041500_001.wav;0;0.013281989842653275;0
4662;MER7_20220903_041500_002.wav;0;0.02201179228723049;0
4663;MER7_20220903_041500_003.wav;0;0.02240200713276863;0
4664;MER7_20220903_041500_004.wav;0;0.2268887311220169;0
4665;MER7_20220903_041500_005.wav;0;0.03697895631194115;0
4666;MER7_20220903_041500_006.wav;0;0.5611890554428101;0
4667;MER7_20220903_041500_007.wav;0;0.08897232264280319;0
4668;MER7_20220903_041500_008.wav;0;0.053862329572439194;0
4669;MER7_20220903_041500_009.wav;0;0.06361719220876694;0
4670;MER7_20220903_041500_010.wav;0;0.11822663247585297;0
4671;MER7_20220903_041500_011.wav;0;0.04068601131439209;0
4672;MER7_20220903_041500_012.wav;0;0.04761847108602524;0
4673;MER7_20220903_041500_013.wav;0;0.024141406640410423;0
4674;MER7_20220903_041500_014.wav;0;0.9108523726463318;0
4675;MER7_20220903_041500_015.wav;0;0.04030388593673706;0
4676;MER7_20220903_041500_016.wav;0;0.01606922224164009;0
4677;MER7_20220903_041500_017.wav;0;0.3585534691810608;0
4678;MER7_20220903_041500_018.wav;0;0.12864260375499725;0
4679;MER7_20220903_041500_019.wav;0;0.03126633167266846;0
4680;MER7_20220903_173000_000.wav;0;0.03960777446627617;0
4681;MER7_20220903_173000_001.wav;0;0.04127467796206474;0
4682;MER7_20220903_173000_002.wav;0;0.10434132814407349;0
4683;MER7_20220903_173000_003.wav;0;0.05402541905641556;0
4684;MER7_20220903_173000_004.wav;0;0.041810084134340286;0
4685;MER7_20220903_173000_005.wav;0;0.10897687077522278;0
4686;MER7_20220903_173000_006.wav;0;0.038874998688697815;0
4687;MER7_20220903_173000_007.wav;0;0.10701321065425873;0
4688;MER7_20220903_173000_008.wav;0;0.2252430021762848;0
4689;MER7_20220903_173000_009.wav;0;0.01755174621939659;0
4690;MER7_20220903_173000_010.wav;0;0.022314220666885376;0
4691;MER7_20220903_173000_011.wav;0;0.10728053003549576;0
4692;MER7_20220903_173000_012.wav;0;0.12480563670396805;0
4693;MER7_20220903_173000_013.wav;0;0.04127946123480797;0
4694;MER7_20220903_173000_014.wav;0;0.15795978903770447;0
4695;MER7_20220903_173000_015.wav;0;0.017818737775087357;0
4696;MER7_20220903_173000_016.wav;0;0.15111209452152252;0
4697;MER7_20220903_173000_017.wav;0;0.023376867175102234;0
4698;MER7_20220903_173000_018.wav;0;0.013468478806316853;0
4699;MER7_20220903_173000_019.wav;0;0.036817554384469986;0
4700;MER7_20220903_193000_000.wav;0;0.059309281408786774;0
4701;MER7_20220903_193000_001.wav;0;0.07045156508684158;0
4702;MER7_20220903_193000_002.wav;0;0.060499295592308044;0
4703;MER7_20220903_193000_003.wav;0;0.49246641993522644;0
4704;MER7_20220903_193000_004.wav;0;0.049914002418518066;0
4705;MER7_20220903_193000_005.wav;0;0.029697101563215256;0
4706;MER7_20220903_193000_006.wav;0;0.04529358446598053;0
4707;MER7_20220903_193000_007.wav;0;0.04670947790145874;0
4708;MER7_20220903_193000_008.wav;0;0.07103732973337173;0
4709;MER7_20220903_193000_009.wav;0;0.020858895033597946;0
4710;MER7_20220903_193000_010.wav;0;0.07474888116121292;0
4711;MER7_20220903_193000_011.wav;0;0.14776693284511566;0
4712;MER7_20220903_193000_012.wav;0;0.0319625586271286;0
4713;MER7_20220903_193000_013.wav;0;0.3197728097438812;0
4714;MER7_20220903_193000_014.wav;0;0.08177921175956726;0
4715;MER7_20220903_193000_015.wav;0;0.24256697297096252;0
4716;MER7_20220903_193000_016.wav;0;0.2614908516407013;0
4717;MER7_20220903_193000_017.wav;0;0.4271966218948364;0
4718;MER7_20220903_193000_018.wav;0;0.14160192012786865;0
4719;MER7_20220903_193000_019.wav;0;0.1959386169910431;0
4720;MER7_20220903_204500_000.wav;0;0.0022293312940746546;0
4721;MER7_20220903_204500_001.wav;0;0.012037351727485657;0
4722;MER7_20220903_204500_002.wav;0;0.015093270689249039;0
4723;MER7_20220903_204500_003.wav;0;0.03655397146940231;0
4724;MER7_20220903_204500_004.wav;0;0.10549606382846832;0
4725;MER7_20220903_204500_005.wav;0;0.049775972962379456;0
4726;MER7_20220903_204500_006.wav;0;0.058008015155792236;0
4727;MER7_20220903_204500_007.wav;0;0.1886029839515686;0
4728;MER7_20220903_204500_008.wav;0;0.1676580160856247;0
4729;MER7_20220903_204500_009.wav;0;0.04309682548046112;0
4730;MER7_20220903_204500_010.wav;0;0.6040709614753723;0
4731;MER7_20220903_204500_011.wav;0;0.23600491881370544;0
4732;MER7_20220903_204500_012.wav;0;0.03219647705554962;0
4733;MER7_20220903_204500_013.wav;0;0.3316022753715515;0
4734;MER7_20220903_204500_014.wav;0;0.019509946927428246;0
4735;MER7_20220903_204500_015.wav;0;0.02191704884171486;0
4736;MER7_20220903_204500_016.wav;0;0.586036205291748;0
4737;MER7_20220903_204500_017.wav;0;0.12809684872627258;0
4738;MER7_20220903_204500_018.wav;0;0.7945769429206848;0
4739;MER7_20220903_204500_019.wav;0;0.5043293237686157;0
4740;MER7_20220903_211500_000.wav;0;0.10467525571584702;0
4741;MER7_20220903_211500_001.wav;0;0.32184234261512756;0
4742;MER7_20220903_211500_002.wav;0;0.23107264935970306;0
4743;MER7_20220903_211500_003.wav;0;0.07333286106586456;0
4744;MER7_20220903_211500_004.wav;0;0.06684142351150513;0
4745;MER7_20220903_211500_005.wav;0;0.8846158981323242;0
4746;MER7_20220903_211500_006.wav;0;0.6822481751441956;0
4747;MER7_20220903_211500_007.wav;0;0.1393270641565323;0
4748;MER7_20220903_211500_008.wav;0;0.10573035478591919;0
4749;MER7_20220903_211500_009.wav;0;0.110549695789814;0
4750;MER7_20220903_211500_010.wav;0;0.3068563938140869;0
4751;MER7_20220903_211500_011.wav;0;0.7234882116317749;0
4752;MER7_20220903_211500_012.wav;0;0.37518346309661865;0
4753;MER7_20220903_211500_013.wav;0;0.26813989877700806;0
4754;MER7_20220903_211500_014.wav;0;0.3202098608016968;0
4755;MER7_20220903_211500_015.wav;0;0.7165599465370178;0
4756;MER7_20220903_211500_016.wav;0;0.014776491560041904;0
4757;MER7_20220903_211500_017.wav;0;0.022251326590776443;0
4758;MER7_20220903_211500_018.wav;0;0.03394905477762222;0
4759;MER7_20220903_211500_019.wav;0;0.3545359969139099;0
4760;MER7_20220905_081500_000.wav;0;0.4143153429031372;0
4761;MER7_20220905_081500_001.wav;0;0.07344000041484833;0
4762;MER7_20220905_081500_002.wav;0;0.057029325515031815;0
4763;MER7_20220905_081500_003.wav;0;0.028032012283802032;0
4764;MER7_20220905_081500_004.wav;0;0.021341422572731972;0
4765;MER7_20220905_081500_005.wav;0;0.01993623562157154;0
4766;MER7_20220905_081500_006.wav;0;0.012370121665298939;0
4767;MER7_20220905_081500_007.wav;0;0.026820149272680283;0
4768;MER7_20220905_081500_008.wav;0;0.13158529996871948;0
4769;MER7_20220905_081500_009.wav;0;0.011764097958803177;0
4770;MER7_20220905_081500_010.wav;0;0.1463973969221115;0
4771;MER7_20220905_081500_011.wav;0;0.005738258361816406;0
4772;MER7_20220905_081500_012.wav;0;0.027367841452360153;0
4773;MER7_20220905_081500_013.wav;0;0.05368901416659355;0
4774;MER7_20220905_081500_014.wav;0;0.01650678925216198;0
4775;MER7_20220905_081500_015.wav;0;0.020543739199638367;0
4776;MER7_20220905_081500_016.wav;0;0.025344276800751686;0
4777;MER7_20220905_081500_017.wav;0;0.054301828145980835;0
4778;MER7_20220905_081500_018.wav;0;0.013960225507616997;0
4779;MER7_20220905_081500_019.wav;0;0.06850900501012802;0
4780;PEC2_20220428_034500_000.wav;0;0.15644919872283936;0
4781;PEC2_20220428_034500_001.wav;0;0.028639839962124825;0
4782;PEC2_20220428_034500_002.wav;0;0.11046716570854187;0
4783;PEC2_20220428_034500_003.wav;0;0.09557438641786575;0
4784;PEC2_20220428_034500_004.wav;0;0.027710750699043274;0
4785;PEC2_20220428_034500_005.wav;0;0.05752100795507431;0
4786;PEC2_20220428_034500_006.wav;0;0.010392804630100727;0
4787;PEC2_20220428_034500_007.wav;0;0.40392547845840454;0
4788;PEC2_20220428_034500_008.wav;0;0.018220923840999603;0
4789;PEC2_20220428_034500_009.wav;0;0.04927539452910423;0
4790;PEC2_20220428_034500_010.wav;0;0.04814367741346359;0
4791;PEC2_20220428_034500_011.wav;0;0.2633725702762604;0
4792;PEC2_20220428_034500_012.wav;0;0.18197853863239288;0
4793;PEC2_20220428_034500_013.wav;0;0.2123262584209442;0
4794;PEC2_20220428_034500_014.wav;0;0.023883560672402382;0
4795;PEC2_20220428_034500_015.wav;0;0.021627582609653473;0
4796;PEC2_20220428_034500_016.wav;0;0.05735645815730095;0
4797;PEC2_20220428_034500_017.wav;0;0.07221346348524094;0
4798;PEC2_20220428_034500_018.wav;0;0.11921762675046921;0
4799;PEC2_20220428_034500_019.wav;0;0.1749633550643921;0
4800;PEC2_20220428_153000_000.wav;0;0.9533166885375977;1
4801;PEC2_20220428_153000_001.wav;0;0.9338078498840332;1
4802;PEC2_20220428_153000_002.wav;0;0.8691247701644897;1
4803;PEC2_20220428_153000_003.wav;0;0.9796462655067444;1
4804;PEC2_20220428_153000_004.wav;0;0.9704830646514893;1
4805;PEC2_20220428_153000_005.wav;0;0.4019297659397125;1
4806;PEC2_20220428_153000_006.wav;0;0.3450428247451782;1
4807;PEC2_20220428_153000_007.wav;0;0.3854096233844757;0
4808;PEC2_20220428_153000_008.wav;0;0.4474024474620819;0
4809;PEC2_20220428_153000_009.wav;0;0.3576527535915375;0
4810;PEC2_20220428_153000_010.wav;0;0.3028332591056824;0
4811;PEC2_20220428_153000_011.wav;0;0.19404350221157074;0
4812;PEC2_20220428_153000_012.wav;0;0.26662200689315796;0
4813;PEC2_20220428_153000_013.wav;0;0.13644272089004517;0
4814;PEC2_20220428_153000_014.wav;0;0.07227885723114014;0
4815;PEC2_20220428_153000_015.wav;0;0.08402001857757568;0
4816;PEC2_20220428_153000_016.wav;0;0.061441678553819656;0
4817;PEC2_20220428_153000_017.wav;0;0.16129550337791443;0
4818;PEC2_20220428_153000_018.wav;0;0.14915916323661804;0
4819;PEC2_20220428_153000_019.wav;0;0.11708179116249084;0
4820;PEC2_20220428_201500_000.wav;0;0.3005370497703552;0
4821;PEC2_20220428_201500_001.wav;0;0.07977250963449478;0
4822;PEC2_20220428_201500_002.wav;0;0.38849934935569763;0
4823;PEC2_20220428_201500_003.wav;0;0.2886122465133667;0
4824;PEC2_20220428_201500_004.wav;0;0.20847028493881226;0
4825;PEC2_20220428_201500_005.wav;0;0.11401275545358658;0
4826;PEC2_20220428_201500_006.wav;0;0.2656201422214508;0
4827;PEC2_20220428_201500_007.wav;0;0.16854916512966156;0
4828;PEC2_20220428_201500_008.wav;0;0.3881821930408478;0
4829;PEC2_20220428_201500_009.wav;0;0.02702120691537857;0
4830;PEC2_20220428_201500_010.wav;0;0.12597320973873138;0
4831;PEC2_20220428_201500_011.wav;0;0.1487528383731842;0
4832;PEC2_20220428_201500_012.wav;0;0.419881135225296;0
4833;PEC2_20220428_201500_013.wav;0;0.7038981914520264;0
4834;PEC2_20220428_201500_014.wav;0;0.5885857939720154;0
4835;PEC2_20220428_201500_015.wav;0;0.2895917594432831;0
4836;PEC2_20220428_201500_016.wav;0;0.18968495726585388;0
4837;PEC2_20220428_201500_017.wav;0;0.06350024044513702;0
4838;PEC2_20220428_201500_018.wav;0;0.13714705407619476;0
4839;PEC2_20220428_201500_019.wav;0;0.09355784952640533;0
4840;PEC2_20220428_210000_000.wav;0;0.28359803557395935;0
4841;PEC2_20220428_210000_001.wav;0;0.5204089283943176;0
4842;PEC2_20220428_210000_002.wav;0;0.7383213639259338;0
4843;PEC2_20220428_210000_003.wav;0;0.12879444658756256;0
4844;PEC2_20220428_210000_004.wav;0;0.20788903534412384;0
4845;PEC2_20220428_210000_005.wav;0;0.2454579472541809;0
4846;PEC2_20220428_210000_006.wav;0;0.11205212026834488;0
4847;PEC2_20220428_210000_007.wav;0;0.5259009599685669;0
4848;PEC2_20220428_210000_008.wav;0;0.053191881626844406;0
4849;PEC2_20220428_210000_009.wav;0;0.1945263147354126;0
4850;PEC2_20220428_210000_010.wav;0;0.14510728418827057;0
4851;PEC2_20220428_210000_011.wav;0;0.20640453696250916;0
4852;PEC2_20220428_210000_012.wav;0;0.04681480675935745;0
4853;PEC2_20220428_210000_013.wav;0;0.370027631521225;0
4854;PEC2_20220428_210000_014.wav;0;0.27658435702323914;0
4855;PEC2_20220428_210000_015.wav;0;0.08855059742927551;0
4856;PEC2_20220428_210000_016.wav;0;0.17202769219875336;0
4857;PEC2_20220428_210000_017.wav;0;0.13579891622066498;0
4858;PEC2_20220428_210000_018.wav;0;0.250002920627594;0
4859;PEC2_20220428_210000_019.wav;0;0.022911453619599342;0
4860;PEC2_20220429_021500_000.wav;0;0.08189792931079865;0
4861;PEC2_20220429_021500_001.wav;0;0.274311900138855;0
4862;PEC2_20220429_021500_002.wav;0;0.44150251150131226;0
4863;PEC2_20220429_021500_003.wav;0;0.0694144070148468;0
4864;PEC2_20220429_021500_004.wav;0;0.10919737815856934;0
4865;PEC2_20220429_021500_005.wav;0;0.3069985508918762;0
4866;PEC2_20220429_021500_006.wav;0;0.5126439929008484;0
4867;PEC2_20220429_021500_007.wav;0;0.384702205657959;0
4868;PEC2_20220429_021500_008.wav;0;0.3603515625;0
4869;PEC2_20220429_021500_009.wav;0;0.7195632457733154;0
4870;PEC2_20220429_021500_010.wav;0;0.3934372663497925;0
4871;PEC2_20220429_021500_011.wav;0;0.11432673782110214;0
4872;PEC2_20220429_021500_012.wav;0;0.43614232540130615;0
4873;PEC2_20220429_021500_013.wav;0;0.1898616999387741;0
4874;PEC2_20220429_021500_014.wav;0;0.3641495108604431;0
4875;PEC2_20220429_021500_015.wav;0;0.30192098021507263;0
4876;PEC2_20220429_021500_016.wav;0;0.16088664531707764;0
4877;PEC2_20220429_021500_017.wav;0;0.22986775636672974;0
4878;PEC2_20220429_021500_018.wav;0;0.07986710220575333;0
4879;PEC2_20220429_021500_019.wav;0;0.32332706451416016;0
4880;PEC2_20220429_061500_000.wav;0;0.24531163275241852;0
4881;PEC2_20220429_061500_001.wav;0;0.2334825098514557;0
4882;PEC2_20220429_061500_002.wav;0;0.15047912299633026;0
4883;PEC2_20220429_061500_003.wav;0;0.08766081184148788;0
4884;PEC2_20220429_061500_004.wav;0;0.6668151617050171;0
4885;PEC2_20220429_061500_005.wav;0;0.1036040410399437;0
4886;PEC2_20220429_061500_006.wav;0;0.3153752088546753;0
4887;PEC2_20220429_061500_007.wav;0;0.37205612659454346;0
4888;PEC2_20220429_061500_008.wav;0;0.1463138312101364;0
4889;PEC2_20220429_061500_009.wav;0;0.09013944119215012;0
4890;PEC2_20220429_061500_010.wav;0;0.07566715776920319;0
4891;PEC2_20220429_061500_011.wav;0;0.3226005733013153;0
4892;PEC2_20220429_061500_012.wav;0;0.40163400769233704;0
4893;PEC2_20220429_061500_013.wav;0;0.05972128361463547;0
4894;PEC2_20220429_061500_014.wav;0;0.5119059085845947;0
4895;PEC2_20220429_061500_015.wav;0;0.11529562622308731;0
4896;PEC2_20220429_061500_016.wav;0;0.27404505014419556;0
4897;PEC2_20220429_061500_017.wav;0;0.04706744849681854;0
4898;PEC2_20220429_061500_018.wav;0;0.19210109114646912;0
4899;PEC2_20220429_061500_019.wav;0;0.09220941364765167;0
4900;PEC2_20220429_171500_000.wav;0;0.39605873823165894;0
4901;PEC2_20220429_171500_001.wav;0;0.33895012736320496;0
4902;PEC2_20220429_171500_002.wav;0;0.9174727201461792;0
4903;PEC2_20220429_171500_003.wav;0;0.6610609292984009;0
4904;PEC2_20220429_171500_004.wav;0;0.8847333192825317;0
4905;PEC2_20220429_171500_005.wav;0;0.8092892169952393;0
4906;PEC2_20220429_171500_006.wav;0;0.8481506109237671;0
4907;PEC2_20220429_171500_007.wav;0;0.7078549265861511;0
4908;PEC2_20220429_171500_008.wav;0;0.9134800434112549;0
4909;PEC2_20220429_171500_009.wav;0;0.3689766228199005;0
4910;PEC2_20220429_171500_010.wav;0;0.5346084237098694;0
4911;PEC2_20220429_171500_011.wav;0;0.09387090802192688;0
4912;PEC2_20220429_171500_012.wav;0;0.588430643081665;0
4913;PEC2_20220429_171500_013.wav;0;0.06502056866884232;0
4914;PEC2_20220429_171500_014.wav;0;0.6936287879943848;0
4915;PEC2_20220429_171500_015.wav;0;0.5069990158081055;0
4916;PEC2_20220429_171500_016.wav;0;0.17292273044586182;0
4917;PEC2_20220429_171500_017.wav;0;0.10871748626232147;0
4918;PEC2_20220429_171500_018.wav;0;0.07147188484668732;0
4919;PEC2_20220429_171500_019.wav;0;0.10020200163125992;0
4920;PEC2_20220430_033000_000.wav;0;0.2649975121021271;0
4921;PEC2_20220430_033000_001.wav;0;0.45064687728881836;0
4922;PEC2_20220430_033000_002.wav;0;0.07993090897798538;0
4923;PEC2_20220430_033000_003.wav;0;0.24635961651802063;0
4924;PEC2_20220430_033000_004.wav;0;0.4880022704601288;0
4925;PEC2_20220430_033000_005.wav;0;0.34621647000312805;0
4926;PEC2_20220430_033000_006.wav;0;0.2693057060241699;0
4927;PEC2_20220430_033000_007.wav;0;0.14646507799625397;0
4928;PEC2_20220430_033000_008.wav;0;0.6219381093978882;0
4929;PEC2_20220430_033000_009.wav;0;0.3386949896812439;0
4930;PEC2_20220430_033000_010.wav;0;0.3236618936061859;0
4931;PEC2_20220430_033000_011.wav;0;0.2259412407875061;0
4932;PEC2_20220430_033000_012.wav;0;0.18656285107135773;0
4933;PEC2_20220430_033000_013.wav;0;0.40977394580841064;0
4934;PEC2_20220430_033000_014.wav;0;0.2238379865884781;0
4935;PEC2_20220430_033000_015.wav;0;0.5860364437103271;0
4936;PEC2_20220430_033000_016.wav;0;0.5297217965126038;0
4937;PEC2_20220430_033000_017.wav;0;0.24046844244003296;0
4938;PEC2_20220430_033000_018.wav;0;0.19313623011112213;0
4939;PEC2_20220430_033000_019.wav;0;0.4151771664619446;0
4940;PEC2_20220430_060000_000.wav;0;0.3165430426597595;0
4941;PEC2_20220430_060000_001.wav;0;0.05442795902490616;0
4942;PEC2_20220430_060000_002.wav;0;0.39598962664604187;0
4943;PEC2_20220430_060000_003.wav;0;0.2097555547952652;0
4944;PEC2_20220430_060000_004.wav;0;0.02749757096171379;0
4945;PEC2_20220430_060000_005.wav;0;0.1121104508638382;0
4946;PEC2_20220430_060000_006.wav;0;0.4594753384590149;0
4947;PEC2_20220430_060000_007.wav;0;0.7076171040534973;0
4948;PEC2_20220430_060000_008.wav;0;0.1353609263896942;0
4949;PEC2_20220430_060000_009.wav;0;0.39958655834198;0
4950;PEC2_20220430_060000_010.wav;0;0.5950303673744202;0
4951;PEC2_20220430_060000_011.wav;0;0.17778725922107697;0
4952;PEC2_20220430_060000_012.wav;0;0.6309547424316406;0
4953;PEC2_20220430_060000_013.wav;0;0.2648255228996277;0
4954;PEC2_20220430_060000_014.wav;0;0.11841535568237305;0
4955;PEC2_20220430_060000_015.wav;0;0.1349969208240509;0
4956;PEC2_20220430_060000_016.wav;0;0.210809126496315;0
4957;PEC2_20220430_060000_017.wav;0;0.4044734835624695;0
4958;PEC2_20220430_060000_018.wav;0;0.3409660756587982;0
4959;PEC2_20220430_060000_019.wav;0;0.23800519108772278;0
4960;PEC2_20220430_083000_000.wav;0;0.8345470428466797;0
4961;PEC2_20220430_083000_001.wav;0;0.9374464154243469;0
4962;PEC2_20220430_083000_002.wav;0;0.9087436199188232;0
4963;PEC2_20220430_083000_003.wav;0;0.7123088836669922;0
4964;PEC2_20220430_083000_004.wav;0;0.7631394863128662;0
4965;PEC2_20220430_083000_005.wav;0;0.6208359599113464;0
4966;PEC2_20220430_083000_006.wav;0;0.6328773498535156;0
4967;PEC2_20220430_083000_007.wav;0;0.17049698531627655;0
4968;PEC2_20220430_083000_008.wav;0;0.2715863287448883;0
4969;PEC2_20220430_083000_009.wav;0;0.6795085668563843;0
4970;PEC2_20220430_083000_010.wav;0;0.7407495379447937;0
4971;PEC2_20220430_083000_011.wav;0;0.935919463634491;0
4972;PEC2_20220430_083000_012.wav;0;0.3479188084602356;0
4973;PEC2_20220430_083000_013.wav;0;0.3508780896663666;0
4974;PEC2_20220430_083000_014.wav;0;0.19705994427204132;0
4975;PEC2_20220430_083000_015.wav;0;0.29638269543647766;0
4976;PEC2_20220430_083000_016.wav;0;0.5024089217185974;0
4977;PEC2_20220430_083000_017.wav;0;0.40613991022109985;0
4978;PEC2_20220430_083000_018.wav;0;0.08466929197311401;0
4979;PEC2_20220430_083000_019.wav;0;0.19934619963169098;0
4980;PEC2_20220430_174500_000.wav;0;0.28692954778671265;0
4981;PEC2_20220430_174500_001.wav;0;0.43197736144065857;0
4982;PEC2_20220430_174500_002.wav;0;0.11298295110464096;0
4983;PEC2_20220430_174500_003.wav;0;0.32563623785972595;0
4984;PEC2_20220430_174500_004.wav;0;0.10064239799976349;0
4985;PEC2_20220430_174500_005.wav;0;0.08553353697061539;0
4986;PEC2_20220430_174500_006.wav;0;0.11145144701004028;0
4987;PEC2_20220430_174500_007.wav;0;0.4582904875278473;0
4988;PEC2_20220430_174500_008.wav;0;0.17197686433792114;0
4989;PEC2_20220430_174500_009.wav;0;0.033425431698560715;0
4990;PEC2_20220430_174500_010.wav;0;0.04514617472887039;0
4991;PEC2_20220430_174500_011.wav;0;0.11532068252563477;0
4992;PEC2_20220430_174500_012.wav;0;0.04694511741399765;0
4993;PEC2_20220430_174500_013.wav;0;0.17682640254497528;0
4994;PEC2_20220430_174500_014.wav;0;0.2651275098323822;0
4995;PEC2_20220430_174500_015.wav;0;0.20705150067806244;0
4996;PEC2_20220430_174500_016.wav;0;0.08262674510478973;0
4997;PEC2_20220430_174500_017.wav;0;0.14853842556476593;0
4998;PEC2_20220430_174500_018.wav;0;0.1918306201696396;0
4999;PEC2_20220430_174500_019.wav;0;0.23876263201236725;0
5000;PEC2_20220430_213000_000.wav;0;0.3742276728153229;0
5001;PEC2_20220430_213000_001.wav;0;0.4267892837524414;0
5002;PEC2_20220430_213000_002.wav;0;0.1227421760559082;0
5003;PEC2_20220430_213000_003.wav;0;0.6388317942619324;0
5004;PEC2_20220430_213000_004.wav;0;0.35139021277427673;0
5005;PEC2_20220430_213000_005.wav;0;0.32433757185935974;0
5006;PEC2_20220430_213000_006.wav;0;0.23381498456001282;0
5007;PEC2_20220430_213000_007.wav;0;0.08797169476747513;0
5008;PEC2_20220430_213000_008.wav;0;0.4043205678462982;0
5009;PEC2_20220430_213000_009.wav;0;0.07073449343442917;0
5010;PEC2_20220430_213000_010.wav;0;0.7060244679450989;0
5011;PEC2_20220430_213000_011.wav;0;0.5363343954086304;0
5012;PEC2_20220430_213000_012.wav;0;0.28246667981147766;0
5013;PEC2_20220430_213000_013.wav;0;0.2528914511203766;0
5014;PEC2_20220430_213000_014.wav;0;0.40608733892440796;0
5015;PEC2_20220430_213000_015.wav;0;0.45399847626686096;0
5016;PEC2_20220430_213000_016.wav;0;0.8607115745544434;0
5017;PEC2_20220430_213000_017.wav;0;0.5454848408699036;0
5018;PEC2_20220430_213000_018.wav;0;0.4262920916080475;0
5019;PEC2_20220430_213000_019.wav;0;0.6669808626174927;0
5020;PEC2_20220502_100000_000.wav;0;0.3232235908508301;0
5021;PEC2_20220502_100000_001.wav;0;0.18834258615970612;0
5022;PEC2_20220502_100000_002.wav;0;0.20714150369167328;0
5023;PEC2_20220502_100000_003.wav;0;0.661617636680603;0
5024;PEC2_20220502_100000_004.wav;0;0.17458292841911316;0
5025;PEC2_20220502_100000_005.wav;0;0.6411413550376892;0
5026;PEC2_20220502_100000_006.wav;0;0.2959849238395691;0
5027;PEC2_20220502_100000_007.wav;0;0.4335103929042816;0
5028;PEC2_20220502_100000_008.wav;0;0.18414565920829773;0
5029;PEC2_20220502_100000_009.wav;0;0.08550016582012177;0
5030;PEC2_20220502_100000_010.wav;0;0.33659985661506653;0
5031;PEC2_20220502_100000_011.wav;0;0.04399199038743973;0
5032;PEC2_20220502_100000_012.wav;0;0.007325989194214344;0
5033;PEC2_20220502_100000_013.wav;0;0.021577147766947746;0
5034;PEC2_20220502_100000_014.wav;0;0.07051697373390198;0
5035;PEC2_20220502_100000_015.wav;0;0.053287144750356674;0
5036;PEC2_20220502_100000_016.wav;0;0.440424382686615;0
5037;PEC2_20220502_100000_017.wav;0;0.0859413668513298;0
5038;PEC2_20220502_100000_018.wav;0;0.3230755031108856;0
5039;PEC2_20220502_100000_019.wav;0;0.0666498988866806;0
5040;PEC2_20220502_140000_000.wav;0;0.13832072913646698;0
5041;PEC2_20220502_140000_001.wav;0;0.5258123874664307;0
5042;PEC2_20220502_140000_002.wav;0;0.18932998180389404;0
5043;PEC2_20220502_140000_003.wav;0;0.16798746585845947;0
5044;PEC2_20220502_140000_004.wav;0;0.30449482798576355;0
5045;PEC2_20220502_140000_005.wav;0;0.17114749550819397;0
5046;PEC2_20220502_140000_006.wav;0;0.2670021653175354;0
5047;PEC2_20220502_140000_007.wav;0;0.4959929585456848;0
5048;PEC2_20220502_140000_008.wav;0;0.3525858223438263;0
5049;PEC2_20220502_140000_009.wav;0;0.1142716258764267;0
5050;PEC2_20220502_140000_010.wav;0;0.6733117699623108;1
5051;PEC2_20220502_140000_011.wav;0;0.7162224650382996;1
5052;PEC2_20220502_140000_012.wav;0;0.9678840041160583;1
5053;PEC2_20220502_140000_013.wav;0;0.33670467138290405;1
5054;PEC2_20220502_140000_014.wav;0;0.9008835554122925;1
5055;PEC2_20220502_140000_015.wav;0;0.8546189665794373;1
5056;PEC2_20220502_140000_016.wav;0;0.9693381786346436;1
5057;PEC2_20220502_140000_017.wav;0;0.8973365426063538;1
5058;PEC2_20220502_140000_018.wav;0;0.7440296411514282;1
5059;PEC2_20220502_140000_019.wav;0;0.6422275304794312;1
5060;PEC2_20220503_224500_000.wav;0;0.7427608966827393;0
5061;PEC2_20220503_224500_001.wav;0;0.6181932091712952;0
5062;PEC2_20220503_224500_002.wav;0;0.609527587890625;0
5063;PEC2_20220503_224500_003.wav;0;0.14753659069538116;0
5064;PEC2_20220503_224500_004.wav;0;0.1077331155538559;0
5065;PEC2_20220503_224500_005.wav;0;0.47134929895401;0
5066;PEC2_20220503_224500_006.wav;0;0.5838358402252197;0
5067;PEC2_20220503_224500_007.wav;0;0.30295196175575256;0
5068;PEC2_20220503_224500_008.wav;0;0.3451726734638214;0
5069;PEC2_20220503_224500_009.wav;0;0.2490151971578598;0
5070;PEC2_20220503_224500_010.wav;0;0.4494432806968689;0
5071;PEC2_20220503_224500_011.wav;0;0.14161556959152222;0
5072;PEC2_20220503_224500_012.wav;0;0.6256792545318604;0
5073;PEC2_20220503_224500_013.wav;0;0.2961048483848572;0
5074;PEC2_20220503_224500_014.wav;0;0.17463521659374237;0
5075;PEC2_20220503_224500_015.wav;0;0.07370804995298386;0
5076;PEC2_20220503_224500_016.wav;0;0.7668038010597229;0
5077;PEC2_20220503_224500_017.wav;0;0.22554518282413483;0
5078;PEC2_20220503_224500_018.wav;0;0.34635820984840393;0
5079;PEC2_20220503_224500_019.wav;0;0.5140241384506226;0
5080;PEC2_20220504_004500_000.wav;0;0.10193835943937302;0
5081;PEC2_20220504_004500_001.wav;0;0.5769782662391663;0
5082;PEC2_20220504_004500_002.wav;0;0.35046491026878357;0
5083;PEC2_20220504_004500_003.wav;0;0.27497610449790955;0
5084;PEC2_20220504_004500_004.wav;0;0.42316338419914246;0
5085;PEC2_20220504_004500_005.wav;0;0.05569875240325928;0
5086;PEC2_20220504_004500_006.wav;0;0.11145905405282974;0
5087;PEC2_20220504_004500_007.wav;0;0.3999413251876831;0
5088;PEC2_20220504_004500_008.wav;0;0.2443924844264984;0
5089;PEC2_20220504_004500_009.wav;0;0.6745516061782837;0
5090;PEC2_20220504_004500_010.wav;0;0.10971588641405106;0
5091;PEC2_20220504_004500_011.wav;0;0.1507568061351776;0
5092;PEC2_20220504_004500_012.wav;0;0.09421802312135696;0
5093;PEC2_20220504_004500_013.wav;0;0.28485703468322754;0
5094;PEC2_20220504_004500_014.wav;0;0.38563990592956543;0
5095;PEC2_20220504_004500_015.wav;0;0.3411098122596741;0
5096;PEC2_20220504_004500_016.wav;0;0.5588536858558655;0
5097;PEC2_20220504_004500_017.wav;0;0.24103832244873047;0
5098;PEC2_20220504_004500_018.wav;0;0.32266759872436523;0
5099;PEC2_20220504_004500_019.wav;0;0.16812577843666077;0
5100;PEC2_20220504_143000_000.wav;0;0.255772203207016;0
5101;PEC2_20220504_143000_001.wav;0;0.07512369006872177;0
5102;PEC2_20220504_143000_002.wav;0;0.1277550607919693;0
5103;PEC2_20220504_143000_003.wav;0;0.1596795618534088;0
5104;PEC2_20220504_143000_004.wav;0;0.36819031834602356;0
5105;PEC2_20220504_143000_005.wav;0;0.5424045324325562;0
5106;PEC2_20220504_143000_006.wav;0;0.5304552316665649;0
5107;PEC2_20220504_143000_007.wav;0;0.4678719937801361;0
5108;PEC2_20220504_143000_008.wav;0;0.16031669080257416;0
5109;PEC2_20220504_143000_009.wav;0;0.907630205154419;0
5110;PEC2_20220504_143000_010.wav;0;0.4473651647567749;0
5111;PEC2_20220504_143000_011.wav;0;0.5660751461982727;0
5112;PEC2_20220504_143000_012.wav;0;0.03612859174609184;0
5113;PEC2_20220504_143000_013.wav;0;0.7323198318481445;0
5114;PEC2_20220504_143000_014.wav;0;0.5000913143157959;0
5115;PEC2_20220504_143000_015.wav;0;0.2008669674396515;0
5116;PEC2_20220504_143000_016.wav;0;0.0546281561255455;0
5117;PEC2_20220504_143000_017.wav;0;0.8012494444847107;0
5118;PEC2_20220504_143000_018.wav;0;0.4998214840888977;0
5119;PEC2_20220504_143000_019.wav;0;0.831005334854126;0
5120;PEC2_20220507_001500_000.wav;0;0.09760536253452301;0
5121;PEC2_20220507_001500_001.wav;0;0.20276039838790894;0
5122;PEC2_20220507_001500_002.wav;0;0.2177138775587082;0
5123;PEC2_20220507_001500_003.wav;0;0.5080317854881287;0
5124;PEC2_20220507_001500_004.wav;0;0.17258615791797638;0
5125;PEC2_20220507_001500_005.wav;0;0.2623828053474426;0
5126;PEC2_20220507_001500_006.wav;0;0.24576590955257416;0
5127;PEC2_20220507_001500_007.wav;0;0.2776912748813629;0
5128;PEC2_20220507_001500_008.wav;0;0.1503007858991623;0
5129;PEC2_20220507_001500_009.wav;0;0.3896348774433136;0
5130;PEC2_20220507_001500_010.wav;0;0.7045048475265503;0
5131;PEC2_20220507_001500_011.wav;0;0.2663227319717407;0
5132;PEC2_20220507_001500_012.wav;0;0.14298588037490845;0
5133;PEC2_20220507_001500_013.wav;0;0.436703085899353;0
5134;PEC2_20220507_001500_014.wav;0;0.03867197409272194;0
5135;PEC2_20220507_001500_015.wav;0;0.250471830368042;0
5136;PEC2_20220507_001500_016.wav;0;0.23695681989192963;0
5137;PEC2_20220507_001500_017.wav;0;0.23815494775772095;0
5138;PEC2_20220507_001500_018.wav;0;0.11350788921117783;0
5139;PEC2_20220507_001500_019.wav;0;0.36277252435684204;0
5140;PEC2_20220509_090000_000.wav;0;0.27227744460105896;0
5141;PEC2_20220509_090000_001.wav;0;0.6240905523300171;0
5142;PEC2_20220509_090000_002.wav;0;0.3349985182285309;0
5143;PEC2_20220509_090000_003.wav;0;0.22290626168251038;0
5144;PEC2_20220509_090000_004.wav;0;0.8840518593788147;0
5145;PEC2_20220509_090000_005.wav;0;0.9082712531089783;0
5146;PEC2_20220509_090000_006.wav;0;0.4251861572265625;0
5147;PEC2_20220509_090000_007.wav;0;0.18434149026870728;0
5148;PEC2_20220509_090000_008.wav;0;0.2244887351989746;0
5149;PEC2_20220509_090000_009.wav;0;0.40188178420066833;0
5150;PEC2_20220509_090000_010.wav;0;0.0381544791162014;0
5151;PEC2_20220509_090000_011.wav;0;0.2033245861530304;0
5152;PEC2_20220509_090000_012.wav;0;0.25390347838401794;0
5153;PEC2_20220509_090000_013.wav;0;0.6007655262947083;0
5154;PEC2_20220509_090000_014.wav;0;0.2548905611038208;0
5155;PEC2_20220509_090000_015.wav;0;0.28374481201171875;0
5156;PEC2_20220509_090000_016.wav;0;0.21116146445274353;0
5157;PEC2_20220509_090000_017.wav;0;0.12421837449073792;0
5158;PEC2_20220509_090000_018.wav;0;0.6316705346107483;0
5159;PEC2_20220509_090000_019.wav;0;0.4114241600036621;0
5160;PEC2_20220514_170000_000.wav;0;0.079765684902668;0
5161;PEC2_20220514_170000_001.wav;0;0.17827582359313965;0
5162;PEC2_20220514_170000_002.wav;0;0.07087846100330353;0
5163;PEC2_20220514_170000_003.wav;0;0.09976981580257416;0
5164;PEC2_20220514_170000_004.wav;0;0.31239354610443115;0
5165;PEC2_20220514_170000_005.wav;0;0.21201445162296295;0
5166;PEC2_20220514_170000_006.wav;0;0.04864407703280449;0
5167;PEC2_20220514_170000_007.wav;0;0.08234426379203796;0
5168;PEC2_20220514_170000_008.wav;0;0.20874154567718506;0
5169;PEC2_20220514_170000_009.wav;0;0.06436486542224884;0
5170;PEC2_20220514_170000_010.wav;0;0.19852367043495178;0
5171;PEC2_20220514_170000_011.wav;0;0.06838619709014893;0
5172;PEC2_20220514_170000_012.wav;0;0.23609299957752228;0
5173;PEC2_20220514_170000_013.wav;0;0.3127968907356262;0
5174;PEC2_20220514_170000_014.wav;0;0.16886469721794128;0
5175;PEC2_20220514_170000_015.wav;0;0.07944705337285995;0
5176;PEC2_20220514_170000_016.wav;0;0.022098131477832794;0
5177;PEC2_20220514_170000_017.wav;0;0.10548436641693115;0
5178;PEC2_20220514_170000_018.wav;0;0.05879911407828331;0
5179;PEC2_20220514_170000_019.wav;0;0.1624159961938858;0
5180;PEC2_20220516_054500_000.wav;0;0.1775810420513153;0
5181;PEC2_20220516_054500_001.wav;0;0.3797153830528259;0
5182;PEC2_20220516_054500_002.wav;0;0.12726588547229767;0
5183;PEC2_20220516_054500_003.wav;0;0.4416190981864929;0
5184;PEC2_20220516_054500_004.wav;0;0.7580366730690002;0
5185;PEC2_20220516_054500_005.wav;0;0.6413290500640869;0
5186;PEC2_20220516_054500_006.wav;0;0.05279406160116196;0
5187;PEC2_20220516_054500_007.wav;0;0.3532334566116333;0
5188;PEC2_20220516_054500_008.wav;0;0.5102339386940002;0
5189;PEC2_20220516_054500_009.wav;0;0.23155710101127625;0
5190;PEC2_20220516_054500_010.wav;0;0.32813307642936707;0
5191;PEC2_20220516_054500_011.wav;0;0.32509297132492065;0
5192;PEC2_20220516_054500_012.wav;0;0.05775424838066101;0
5193;PEC2_20220516_054500_013.wav;0;0.18577606976032257;0
5194;PEC2_20220516_054500_014.wav;0;0.01071896031498909;0
5195;PEC2_20220516_054500_015.wav;0;0.06575167179107666;0
5196;PEC2_20220516_054500_016.wav;0;0.37309861183166504;0
5197;PEC2_20220516_054500_017.wav;0;0.06040995940566063;0
5198;PEC2_20220516_054500_018.wav;0;0.7440045475959778;0
5199;PEC2_20220516_054500_019.wav;0;0.8182679414749146;0
5200;PEC2_20220516_224500_000.wav;0;0.30806559324264526;0
5201;PEC2_20220516_224500_001.wav;0;0.13803444802761078;0
5202;PEC2_20220516_224500_002.wav;0;0.4082084894180298;0
5203;PEC2_20220516_224500_003.wav;0;0.16170479357242584;0
5204;PEC2_20220516_224500_004.wav;0;0.015113605186343193;0
5205;PEC2_20220516_224500_005.wav;0;0.3421310782432556;0
5206;PEC2_20220516_224500_006.wav;0;0.09164873510599136;0
5207;PEC2_20220516_224500_007.wav;0;0.39085331559181213;0
5208;PEC2_20220516_224500_008.wav;0;0.12766249477863312;0
5209;PEC2_20220516_224500_009.wav;0;0.1914302110671997;0
5210;PEC2_20220516_224500_010.wav;0;0.27158039808273315;0
5211;PEC2_20220516_224500_011.wav;0;0.09170196205377579;0
5212;PEC2_20220516_224500_012.wav;0;0.05029488354921341;0
5213;PEC2_20220516_224500_013.wav;0;0.11013200879096985;0
5214;PEC2_20220516_224500_014.wav;0;0.17132826149463654;0
5215;PEC2_20220516_224500_015.wav;0;0.46604424715042114;0
5216;PEC2_20220516_224500_016.wav;0;0.09824538975954056;0
5217;PEC2_20220516_224500_017.wav;0;0.4786651134490967;0
5218;PEC2_20220516_224500_018.wav;0;0.43271759152412415;0
5219;PEC2_20220516_224500_019.wav;0;0.13668297231197357;0
5220;PEC2_20220521_233000_000.wav;0;0.6719053983688354;0
5221;PEC2_20220521_233000_001.wav;0;0.10722701996564865;0
5222;PEC2_20220521_233000_002.wav;0;0.41084355115890503;0
5223;PEC2_20220521_233000_003.wav;0;0.1631135642528534;0
5224;PEC2_20220521_233000_004.wav;0;0.421394020318985;0
5225;PEC2_20220521_233000_005.wav;0;0.6899237632751465;0
5226;PEC2_20220521_233000_006.wav;0;0.0589304156601429;0
5227;PEC2_20220521_233000_007.wav;0;0.3558744192123413;0
5228;PEC2_20220521_233000_008.wav;0;0.2833459973335266;0
5229;PEC2_20220521_233000_009.wav;0;0.2525481581687927;0
5230;PEC2_20220521_233000_010.wav;0;0.32792580127716064;0
5231;PEC2_20220521_233000_011.wav;0;0.17264814674854279;0
5232;PEC2_20220521_233000_012.wav;0;0.0398741140961647;0
5233;PEC2_20220521_233000_013.wav;0;0.16465336084365845;0
5234;PEC2_20220521_233000_014.wav;0;0.6702224612236023;0
5235;PEC2_20220521_233000_015.wav;0;0.388827919960022;0
5236;PEC2_20220521_233000_016.wav;0;0.6559211611747742;0
5237;PEC2_20220521_233000_017.wav;0;0.8607156872749329;0
5238;PEC2_20220521_233000_018.wav;0;0.2026848942041397;0
5239;PEC2_20220521_233000_019.wav;0;0.35792335867881775;0
5240;PEC2_20220522_071500_000.wav;0;0.5102696418762207;0
5241;PEC2_20220522_071500_001.wav;0;0.10983408242464066;0
5242;PEC2_20220522_071500_002.wav;0;0.8401573896408081;0
5243;PEC2_20220522_071500_003.wav;0;0.7994496822357178;0
5244;PEC2_20220522_071500_004.wav;0;0.7323557138442993;0
5245;PEC2_20220522_071500_005.wav;0;0.9226750135421753;0
5246;PEC2_20220522_071500_006.wav;0;0.7744879722595215;0
5247;PEC2_20220522_071500_007.wav;0;0.8947085738182068;0
5248;PEC2_20220522_071500_008.wav;0;0.7435178756713867;0
5249;PEC2_20220522_071500_009.wav;0;0.9578045010566711;0
5250;PEC2_20220522_071500_010.wav;0;0.9518969655036926;0
5251;PEC2_20220522_071500_011.wav;0;0.8940125107765198;0
5252;PEC2_20220522_071500_012.wav;0;0.6379991769790649;0
5253;PEC2_20220522_071500_013.wav;0;0.17890256643295288;0
5254;PEC2_20220522_071500_014.wav;0;0.48662978410720825;0
5255;PEC2_20220522_071500_015.wav;0;0.30478909611701965;0
5256;PEC2_20220522_071500_016.wav;0;0.3050270974636078;0
5257;PEC2_20220522_071500_017.wav;0;0.5165521502494812;0
5258;PEC2_20220522_071500_018.wav;0;0.9469202160835266;0
5259;PEC2_20220522_071500_019.wav;0;0.21546900272369385;0
5260;PEC3_20220429_040000_000.wav;0;0.1133689284324646;0
5261;PEC3_20220429_040000_001.wav;0;0.297929584980011;0
5262;PEC3_20220429_040000_002.wav;0;0.2560810148715973;0
5263;PEC3_20220429_040000_003.wav;0;0.17808844149112701;0
5264;PEC3_20220429_040000_004.wav;0;0.14636710286140442;0
5265;PEC3_20220429_040000_005.wav;0;0.12980861961841583;0
5266;PEC3_20220429_040000_006.wav;0;0.04634302109479904;0
5267;PEC3_20220429_040000_007.wav;0;0.2067178338766098;0
5268;PEC3_20220429_040000_008.wav;0;0.12580953538417816;0
5269;PEC3_20220429_040000_009.wav;0;0.12022107094526291;0
5270;PEC3_20220429_040000_010.wav;0;0.14823414385318756;0
5271;PEC3_20220429_040000_011.wav;0;0.08679667860269547;0
5272;PEC3_20220429_040000_012.wav;0;0.12568911910057068;0
5273;PEC3_20220429_040000_013.wav;0;0.11534725874662399;0
5274;PEC3_20220429_040000_014.wav;0;0.15278483927249908;0
5275;PEC3_20220429_040000_015.wav;0;0.1758512407541275;0
5276;PEC3_20220429_040000_016.wav;0;0.274967223405838;0
5277;PEC3_20220429_040000_017.wav;0;0.0933074951171875;0
5278;PEC3_20220429_040000_018.wav;0;0.27803564071655273;0
5279;PEC3_20220429_040000_019.wav;0;0.27670052647590637;0
5280;PEC3_20220429_063000_000.wav;0;0.91670823097229;0
5281;PEC3_20220429_063000_001.wav;0;0.9531294107437134;0
5282;PEC3_20220429_063000_002.wav;0;0.915081799030304;0
5283;PEC3_20220429_063000_003.wav;0;0.94477379322052;0
5284;PEC3_20220429_063000_004.wav;0;0.8835163712501526;0
5285;PEC3_20220429_063000_005.wav;0;0.7120700478553772;0
5286;PEC3_20220429_063000_006.wav;0;0.8641756772994995;0
5287;PEC3_20220429_063000_007.wav;0;0.8960403800010681;0
5288;PEC3_20220429_063000_008.wav;0;0.8817549347877502;0
5289;PEC3_20220429_063000_009.wav;0;0.8855474591255188;0
5290;PEC3_20220429_063000_010.wav;0;0.8559488654136658;0
5291;PEC3_20220429_063000_011.wav;0;0.8846318125724792;0
5292;PEC3_20220429_063000_012.wav;0;0.9198772311210632;0
5293;PEC3_20220429_063000_013.wav;0;0.7887759208679199;0
5294;PEC3_20220429_063000_014.wav;0;0.9019069075584412;0
5295;PEC3_20220429_063000_015.wav;0;0.389585942029953;0
5296;PEC3_20220429_063000_016.wav;0;0.42499855160713196;0
5297;PEC3_20220429_063000_017.wav;0;0.7252296209335327;0
5298;PEC3_20220429_063000_018.wav;0;0.38448238372802734;0
5299;PEC3_20220429_063000_019.wav;0;0.28756365180015564;0
5300;PEC3_20220429_084500_000.wav;0;0.3977152407169342;0
5301;PEC3_20220429_084500_001.wav;0;0.1621825397014618;0
5302;PEC3_20220429_084500_002.wav;0;0.12747469544410706;0
5303;PEC3_20220429_084500_003.wav;0;0.17699499428272247;0
5304;PEC3_20220429_084500_004.wav;0;0.2350943684577942;0
5305;PEC3_20220429_084500_005.wav;0;0.13879594206809998;0
5306;PEC3_20220429_084500_006.wav;0;0.37830138206481934;0
5307;PEC3_20220429_084500_007.wav;0;0.40138548612594604;0
5308;PEC3_20220429_084500_008.wav;0;0.6048600673675537;0
5309;PEC3_20220429_084500_009.wav;0;0.5240313410758972;0
5310;PEC3_20220429_084500_010.wav;0;0.146431103348732;0
5311;PEC3_20220429_084500_011.wav;0;0.9279377460479736;0
5312;PEC3_20220429_084500_012.wav;0;0.7638733983039856;0
5313;PEC3_20220429_084500_013.wav;0;0.3498745858669281;0
5314;PEC3_20220429_084500_014.wav;0;0.09763868153095245;0
5315;PEC3_20220429_084500_015.wav;0;0.27276572585105896;0
5316;PEC3_20220429_084500_016.wav;0;0.23038770258426666;0
5317;PEC3_20220429_084500_017.wav;0;0.1497344672679901;0
5318;PEC3_20220429_084500_018.wav;0;0.9058950543403625;0
5319;PEC3_20220429_084500_019.wav;0;0.6038286089897156;0
5320;PEC3_20220429_121500_000.wav;0;0.7590448260307312;0
5321;PEC3_20220429_121500_001.wav;0;0.14556722342967987;0
5322;PEC3_20220429_121500_002.wav;0;0.4595729112625122;0
5323;PEC3_20220429_121500_003.wav;0;0.7325877547264099;0
5324;PEC3_20220429_121500_004.wav;0;0.7992474436759949;0
5325;PEC3_20220429_121500_005.wav;0;0.7876541614532471;0
5326;PEC3_20220429_121500_006.wav;0;0.7711713910102844;0
5327;PEC3_20220429_121500_007.wav;0;0.5504807829856873;0
5328;PEC3_20220429_121500_008.wav;0;0.8124561905860901;0
5329;PEC3_20220429_121500_009.wav;0;0.7625331878662109;0
5330;PEC3_20220429_121500_010.wav;0;0.7312572598457336;0
5331;PEC3_20220429_121500_011.wav;0;0.40704426169395447;0
5332;PEC3_20220429_121500_012.wav;0;0.6082940697669983;0
5333;PEC3_20220429_121500_013.wav;0;0.7131079435348511;0
5334;PEC3_20220429_121500_014.wav;0;0.3759780824184418;0
5335;PEC3_20220429_121500_015.wav;0;0.5108788013458252;0
5336;PEC3_20220429_121500_016.wav;0;0.4892082214355469;0
5337;PEC3_20220429_121500_017.wav;0;0.3710710108280182;0
5338;PEC3_20220429_121500_018.wav;0;0.5028003454208374;0
5339;PEC3_20220429_121500_019.wav;0;0.807935357093811;0
5340;PEC3_20220429_144500_000.wav;0;0.5570902824401855;0
5341;PEC3_20220429_144500_001.wav;0;0.6960231065750122;0
5342;PEC3_20220429_144500_002.wav;0;0.34403494000434875;0
5343;PEC3_20220429_144500_003.wav;0;0.3616734743118286;0
5344;PEC3_20220429_144500_004.wav;0;0.7910590767860413;0
5345;PEC3_20220429_144500_005.wav;0;0.7681000232696533;0
5346;PEC3_20220429_144500_006.wav;0;0.8783442974090576;0
5347;PEC3_20220429_144500_007.wav;0;0.835919201374054;0
5348;PEC3_20220429_144500_008.wav;0;0.6711384654045105;0
5349;PEC3_20220429_144500_009.wav;0;0.607732892036438;0
5350;PEC3_20220429_144500_010.wav;0;0.48708075284957886;0
5351;PEC3_20220429_144500_011.wav;0;0.4536706507205963;0
5352;PEC3_20220429_144500_012.wav;0;0.35464924573898315;0
5353;PEC3_20220429_144500_013.wav;0;0.7520883679389954;0
5354;PEC3_20220429_144500_014.wav;0;0.836295485496521;0
5355;PEC3_20220429_144500_015.wav;0;0.386642724275589;0
5356;PEC3_20220429_144500_016.wav;0;0.7881296277046204;0
5357;PEC3_20220429_144500_017.wav;0;0.6968690156936646;0
5358;PEC3_20220429_144500_018.wav;0;0.707310140132904;0
5359;PEC3_20220429_144500_019.wav;0;0.7859259843826294;0
5360;PEC3_20220429_154500_000.wav;0;0.3469833433628082;0
5361;PEC3_20220429_154500_001.wav;0;0.7289335131645203;0
5362;PEC3_20220429_154500_002.wav;0;0.3480112850666046;0
5363;PEC3_20220429_154500_003.wav;0;0.832099974155426;0
5364;PEC3_20220429_154500_004.wav;0;0.9411834478378296;0
5365;PEC3_20220429_154500_005.wav;0;0.09139378368854523;0
5366;PEC3_20220429_154500_006.wav;0;0.5142826437950134;0
5367;PEC3_20220429_154500_007.wav;0;0.16616195440292358;0
5368;PEC3_20220429_154500_008.wav;0;0.8511161208152771;0
5369;PEC3_20220429_154500_009.wav;0;0.9076733589172363;0
5370;PEC3_20220429_154500_010.wav;0;0.5825390815734863;0
5371;PEC3_20220429_154500_011.wav;0;0.9099554419517517;0
5372;PEC3_20220429_154500_012.wav;0;0.866230309009552;0
5373;PEC3_20220429_154500_013.wav;0;0.489711195230484;0
5374;PEC3_20220429_154500_014.wav;0;0.265835702419281;0
5375;PEC3_20220429_154500_015.wav;0;0.18022702634334564;0
5376;PEC3_20220429_154500_016.wav;0;0.12225468456745148;0
5377;PEC3_20220429_154500_017.wav;0;0.019887320697307587;0
5378;PEC3_20220429_154500_018.wav;0;0.018643971532583237;0
5379;PEC3_20220429_154500_019.wav;0;0.058198727667331696;0
5380;PEC3_20220429_224500_000.wav;0;0.03377080708742142;0
5381;PEC3_20220429_224500_001.wav;0;0.0015933569520711899;0
5382;PEC3_20220429_224500_002.wav;0;0.002315979916602373;0
5383;PEC3_20220429_224500_003.wav;0;0.009761067107319832;0
5384;PEC3_20220429_224500_004.wav;0;0.012184159830212593;0
5385;PEC3_20220429_224500_005.wav;0;0.05616810917854309;0
5386;PEC3_20220429_224500_006.wav;0;0.17956914007663727;0
5387;PEC3_20220429_224500_007.wav;0;0.2539120614528656;0
5388;PEC3_20220429_224500_008.wav;0;0.025876184925436974;0
5389;PEC3_20220429_224500_009.wav;0;0.07334483414888382;0
5390;PEC3_20220429_224500_010.wav;0;0.04292447119951248;0
5391;PEC3_20220429_224500_011.wav;0;0.007462038192898035;0
5392;PEC3_20220429_224500_012.wav;0;0.038867514580488205;0
5393;PEC3_20220429_224500_013.wav;0;0.014002961106598377;0
5394;PEC3_20220429_224500_014.wav;0;0.013576816767454147;0
5395;PEC3_20220429_224500_015.wav;0;0.012150505557656288;0
5396;PEC3_20220429_224500_016.wav;0;0.00875111110508442;0
5397;PEC3_20220429_224500_017.wav;0;0.007743466645479202;0
5398;PEC3_20220429_224500_018.wav;0;0.007136431057006121;0
5399;PEC3_20220429_224500_019.wav;0;0.005840495228767395;0
5400;PEC3_20220429_231500_000.wav;0;0.008615058846771717;0
5401;PEC3_20220429_231500_001.wav;0;0.05466710031032562;0
5402;PEC3_20220429_231500_002.wav;0;0.025941025465726852;0
5403;PEC3_20220429_231500_003.wav;0;0.034457139670848846;0
5404;PEC3_20220429_231500_004.wav;0;0.028694218024611473;0
5405;PEC3_20220429_231500_005.wav;0;0.015050825662910938;0
5406;PEC3_20220429_231500_006.wav;0;0.02660071663558483;0
5407;PEC3_20220429_231500_007.wav;0;0.011090344749391079;0
5408;PEC3_20220429_231500_008.wav;0;0.004830723628401756;0
5409;PEC3_20220429_231500_009.wav;0;0.00829236675053835;0
5410;PEC3_20220429_231500_010.wav;0;0.01337615679949522;0
5411;PEC3_20220429_231500_011.wav;0;0.021572133526206017;0
5412;PEC3_20220429_231500_012.wav;0;0.012861089780926704;0
5413;PEC3_20220429_231500_013.wav;0;0.01997445337474346;0
5414;PEC3_20220429_231500_014.wav;0;0.036397892981767654;0
5415;PEC3_20220429_231500_015.wav;0;0.02906249463558197;0
5416;PEC3_20220429_231500_016.wav;0;0.008900545537471771;0
5417;PEC3_20220429_231500_017.wav;0;0.04975688457489014;0
5418;PEC3_20220429_231500_018.wav;0;0.0030844181310385466;0
5419;PEC3_20220429_231500_019.wav;0;0.019556507468223572;0
5420;PEC3_20220429_233000_000.wav;0;0.02814864180982113;0
5421;PEC3_20220429_233000_001.wav;0;0.03016754239797592;0
5422;PEC3_20220429_233000_002.wav;0;0.005359677132219076;0
5423;PEC3_20220429_233000_003.wav;0;0.010424553416669369;0
5424;PEC3_20220429_233000_004.wav;0;0.03879782557487488;0
5425;PEC3_20220429_233000_005.wav;0;0.014905894175171852;0
5426;PEC3_20220429_233000_006.wav;0;0.01863223873078823;0
5427;PEC3_20220429_233000_007.wav;0;0.008552712388336658;0
5428;PEC3_20220429_233000_008.wav;0;0.008855617605149746;0
5429;PEC3_20220429_233000_009.wav;0;0.02422935888171196;0
5430;PEC3_20220429_233000_010.wav;0;0.004269742406904697;0
5431;PEC3_20220429_233000_011.wav;0;0.006175900809466839;0
5432;PEC3_20220429_233000_012.wav;0;0.020451027899980545;0
5433;PEC3_20220429_233000_013.wav;0;0.009534752927720547;0
5434;PEC3_20220429_233000_014.wav;0;0.026666203513741493;0
5435;PEC3_20220429_233000_015.wav;0;0.23252014815807343;0
5436;PEC3_20220429_233000_016.wav;0;0.005415414925664663;0
5437;PEC3_20220429_233000_017.wav;0;0.019059835001826286;0
5438;PEC3_20220429_233000_018.wav;0;0.006552952341735363;0
5439;PEC3_20220429_233000_019.wav;0;0.027669012546539307;0
5440;PEC3_20220430_034500_000.wav;0;0.027432257309556007;0
5441;PEC3_20220430_034500_001.wav;0;0.06100475788116455;0
5442;PEC3_20220430_034500_002.wav;0;0.004307262133806944;0
5443;PEC3_20220430_034500_003.wav;0;0.007144179195165634;0
5444;PEC3_20220430_034500_004.wav;0;0.017516177147626877;0
5445;PEC3_20220430_034500_005.wav;0;0.015173221938312054;0
5446;PEC3_20220430_034500_006.wav;0;0.007504146546125412;0
5447;PEC3_20220430_034500_007.wav;0;0.008504444733262062;0
5448;PEC3_20220430_034500_008.wav;0;0.01079090777784586;0
5449;PEC3_20220430_034500_009.wav;0;0.0063932351768016815;0
5450;PEC3_20220430_034500_010.wav;0;0.013937021605670452;0
5451;PEC3_20220430_034500_011.wav;0;0.09742305427789688;0
5452;PEC3_20220430_034500_012.wav;0;0.008514349348843098;0
5453;PEC3_20220430_034500_013.wav;0;0.004006940871477127;0
5454;PEC3_20220430_034500_014.wav;0;0.04435243085026741;0
5455;PEC3_20220430_034500_015.wav;0;0.028294095769524574;0
5456;PEC3_20220430_034500_016.wav;0;0.05461447685956955;0
5457;PEC3_20220430_034500_017.wav;0;0.0042732954025268555;0
5458;PEC3_20220430_034500_018.wav;0;0.01087517011910677;0
5459;PEC3_20220430_034500_019.wav;0;0.014741786755621433;0
5460;PEC3_20220430_093000_000.wav;0;0.03818155825138092;0
5461;PEC3_20220430_093000_001.wav;0;0.031041571870446205;0
5462;PEC3_20220430_093000_002.wav;0;0.058235056698322296;0
5463;PEC3_20220430_093000_003.wav;0;0.018220165744423866;0
5464;PEC3_20220430_093000_004.wav;0;0.1341996043920517;0
5465;PEC3_20220430_093000_005.wav;0;0.02883213572204113;0
5466;PEC3_20220430_093000_006.wav;0;0.033418361097574234;0
5467;PEC3_20220430_093000_007.wav;0;0.036874741315841675;0
5468;PEC3_20220430_093000_008.wav;0;0.09109554439783096;0
5469;PEC3_20220430_093000_009.wav;0;0.09169323742389679;0
5470;PEC3_20220430_093000_010.wav;0;0.05526084080338478;0
5471;PEC3_20220430_093000_011.wav;0;0.0726204514503479;0
5472;PEC3_20220430_093000_012.wav;0;0.25574222207069397;0
5473;PEC3_20220430_093000_013.wav;0;0.05930210277438164;0
5474;PEC3_20220430_093000_014.wav;0;0.036283187568187714;0
5475;PEC3_20220430_093000_015.wav;0;0.03564578667283058;0
5476;PEC3_20220430_093000_016.wav;0;0.025097575038671494;0
5477;PEC3_20220430_093000_017.wav;0;0.36614567041397095;0
5478;PEC3_20220430_093000_018.wav;0;0.007142815738916397;0
5479;PEC3_20220430_093000_019.wav;0;0.06643188744783401;0
5480;PEC3_20220504_153000_000.wav;0;0.001996066654101014;0
5481;PEC3_20220504_153000_001.wav;0;0.0034101526252925396;0
5482;PEC3_20220504_153000_002.wav;0;0.007261347491294146;0
5483;PEC3_20220504_153000_003.wav;0;0.001953275641426444;0
5484;PEC3_20220504_153000_004.wav;0;0.004572509787976742;0
5485;PEC3_20220504_153000_005.wav;0;0.0024992835242301226;0
5486;PEC3_20220504_153000_006.wav;0;0.002529030665755272;0
5487;PEC3_20220504_153000_007.wav;0;0.0020390187855809927;0
5488;PEC3_20220504_153000_008.wav;0;0.0027989898808300495;0
5489;PEC3_20220504_153000_009.wav;0;0.003230202477425337;0
5490;PEC3_20220504_153000_010.wav;0;0.006939840968698263;0
5491;PEC3_20220504_153000_011.wav;0;0.0041206348687410355;0
5492;PEC3_20220504_153000_012.wav;0;0.0037237354554235935;0
5493;PEC3_20220504_153000_013.wav;0;0.0020520116668194532;0
5494;PEC3_20220504_153000_014.wav;0;0.003225328167900443;0
5495;PEC3_20220504_153000_015.wav;0;0.011886038817465305;0
5496;PEC3_20220504_153000_016.wav;0;0.008252659812569618;0
5497;PEC3_20220504_153000_017.wav;0;0.008516833186149597;0
5498;PEC3_20220504_153000_018.wav;0;0.01393754594027996;0
5499;PEC3_20220504_153000_019.wav;0;0.005678729619830847;0
5500;PEC3_20220506_030000_000.wav;0;0.003903638571500778;0
5501;PEC3_20220506_030000_001.wav;0;0.007620395161211491;0
5502;PEC3_20220506_030000_002.wav;0;0.0021740051452070475;0
5503;PEC3_20220506_030000_003.wav;0;0.02737758681178093;0
5504;PEC3_20220506_030000_004.wav;0;0.028554121032357216;0
5505;PEC3_20220506_030000_005.wav;0;0.005348884500563145;0
5506;PEC3_20220506_030000_006.wav;0;0.00494869751855731;0
5507;PEC3_20220506_030000_007.wav;0;0.02029688097536564;0
5508;PEC3_20220506_030000_008.wav;0;0.005384434480220079;0
5509;PEC3_20220506_030000_009.wav;0;0.02702830545604229;0
5510;PEC3_20220506_030000_010.wav;0;0.00922011025249958;0
5511;PEC3_20220506_030000_011.wav;0;0.010671322233974934;0
5512;PEC3_20220506_030000_012.wav;0;0.039633993059396744;0
5513;PEC3_20220506_030000_013.wav;0;0.02233700267970562;0
5514;PEC3_20220506_030000_014.wav;0;0.10132606327533722;0
5515;PEC3_20220506_030000_015.wav;0;0.014201456680893898;0
5516;PEC3_20220506_030000_016.wav;0;0.038801874965429306;0
5517;PEC3_20220506_030000_017.wav;0;0.004769646562635899;0
5518;PEC3_20220506_030000_018.wav;0;0.043047308921813965;0
5519;PEC3_20220506_030000_019.wav;0;0.011828059330582619;0
5520;PEC3_20220507_120000_000.wav;0;0.03420177102088928;0
5521;PEC3_20220507_120000_001.wav;0;0.057717449963092804;0
5522;PEC3_20220507_120000_002.wav;0;0.010272460989654064;0
5523;PEC3_20220507_120000_003.wav;0;0.07858234643936157;0
5524;PEC3_20220507_120000_004.wav;0;0.045479707419872284;0
5525;PEC3_20220507_120000_005.wav;0;0.057713236659765244;0
5526;PEC3_20220507_120000_006.wav;0;0.010527531616389751;0
5527;PEC3_20220507_120000_007.wav;0;0.0196748785674572;0
5528;PEC3_20220507_120000_008.wav;0;0.021247809752821922;0
5529;PEC3_20220507_120000_009.wav;0;0.04652639105916023;0
5530;PEC3_20220507_120000_010.wav;0;0.04447758197784424;0
5531;PEC3_20220507_120000_011.wav;0;0.031905513256788254;0
5532;PEC3_20220507_120000_012.wav;0;0.022644054144620895;0
5533;PEC3_20220507_120000_013.wav;0;0.034808579832315445;0
5534;PEC3_20220507_120000_014.wav;0;0.009963818825781345;0
5535;PEC3_20220507_120000_015.wav;0;0.06587021052837372;0
5536;PEC3_20220507_120000_016.wav;0;0.014967831782996655;0
5537;PEC3_20220507_120000_017.wav;0;0.07374110072851181;0
5538;PEC3_20220507_120000_018.wav;0;0.029209110885858536;0
5539;PEC3_20220507_120000_019.wav;0;0.009327767416834831;0
5540;PEC3_20220508_190000_000.wav;0;0.00314155756495893;0
5541;PEC3_20220508_190000_001.wav;0;0.006938796024769545;0
5542;PEC3_20220508_190000_002.wav;0;0.015277051366865635;0
5543;PEC3_20220508_190000_003.wav;0;0.0078611234202981;0
5544;PEC3_20220508_190000_004.wav;0;0.009951267391443253;0
5545;PEC3_20220508_190000_005.wav;0;0.004520386923104525;0
5546;PEC3_20220508_190000_006.wav;0;0.015978176146745682;0
5547;PEC3_20220508_190000_007.wav;0;0.021443484351038933;0
5548;PEC3_20220508_190000_008.wav;0;0.007586447987705469;0
5549;PEC3_20220508_190000_009.wav;0;0.04082689806818962;0
5550;PEC3_20220508_190000_010.wav;0;0.008869246579706669;0
5551;PEC3_20220508_190000_011.wav;0;0.007464305963367224;0
5552;PEC3_20220508_190000_012.wav;0;0.008233138360083103;0
5553;PEC3_20220508_190000_013.wav;0;0.014975328929722309;0
5554;PEC3_20220508_190000_014.wav;0;0.004268483724445105;0
5555;PEC3_20220508_190000_015.wav;0;0.0030227580573409796;0
5556;PEC3_20220508_190000_016.wav;0;0.021476823836565018;0
5557;PEC3_20220508_190000_017.wav;0;0.010061782784759998;0
5558;PEC3_20220508_190000_018.wav;0;0.042009901255369186;0
5559;PEC3_20220508_190000_019.wav;0;0.03016768768429756;0
5560;PEC3_20220511_080000_000.wav;0;0.9833870530128479;0
5561;PEC3_20220511_080000_001.wav;0;0.9922515749931335;0
5562;PEC3_20220511_080000_002.wav;0;0.9917656779289246;0
5563;PEC3_20220511_080000_003.wav;0;0.9878718852996826;0
5564;PEC3_20220511_080000_004.wav;0;0.9860727787017822;0
5565;PEC3_20220511_080000_005.wav;0;0.9918035268783569;0
5566;PEC3_20220511_080000_006.wav;0;0.9821423888206482;0
5567;PEC3_20220511_080000_007.wav;0;0.9881139397621155;0
5568;PEC3_20220511_080000_008.wav;0;0.9498608708381653;0
5569;PEC3_20220511_080000_009.wav;0;0.9681428074836731;0
5570;PEC3_20220511_080000_010.wav;0;0.9847213625907898;0
5571;PEC3_20220511_080000_011.wav;0;0.9719684720039368;0
5572;PEC3_20220511_080000_012.wav;0;0.9774750471115112;0
5573;PEC3_20220511_080000_013.wav;0;0.9703055620193481;0
5574;PEC3_20220511_080000_014.wav;0;0.9492989182472229;0
5575;PEC3_20220511_080000_015.wav;0;0.9785919785499573;0
5576;PEC3_20220511_080000_016.wav;0;0.9849559664726257;0
5577;PEC3_20220511_080000_017.wav;0;0.96528559923172;0
5578;PEC3_20220511_080000_018.wav;0;0.9898344278335571;0
5579;PEC3_20220511_080000_019.wav;0;0.9770566821098328;0
5580;PEC3_20220512_110000_000.wav;0;0.5918668508529663;0
5581;PEC3_20220512_110000_001.wav;0;0.8800212144851685;0
5582;PEC3_20220512_110000_002.wav;0;0.39193201065063477;0
5583;PEC3_20220512_110000_003.wav;0;0.42900383472442627;0
5584;PEC3_20220512_110000_004.wav;0;0.9017100930213928;0
5585;PEC3_20220512_110000_005.wav;0;0.9314151406288147;0
5586;PEC3_20220512_110000_006.wav;0;0.9792219996452332;0
5587;PEC3_20220512_110000_007.wav;0;0.9835489988327026;0
5588;PEC3_20220512_110000_008.wav;0;0.9816967844963074;0
5589;PEC3_20220512_110000_009.wav;0;0.9702726602554321;0
5590;PEC3_20220512_110000_010.wav;0;0.8000868558883667;0
5591;PEC3_20220512_110000_011.wav;0;0.9183012843132019;0
5592;PEC3_20220512_110000_012.wav;0;0.8839930891990662;0
5593;PEC3_20220512_110000_013.wav;0;0.8632806539535522;0
5594;PEC3_20220512_110000_014.wav;0;0.4385497570037842;0
5595;PEC3_20220512_110000_015.wav;0;0.6119956374168396;0
5596;PEC3_20220512_110000_016.wav;1;0.9513775706291199;1
5597;PEC3_20220512_110000_017.wav;1;0.9290797114372253;1
5598;PEC3_20220512_110000_018.wav;1;0.9216074347496033;1
5599;PEC3_20220512_110000_019.wav;1;0.6205849051475525;1
5600;PEC3_20220513_053000_000.wav;0;0.022181058302521706;0
5601;PEC3_20220513_053000_001.wav;0;0.05971299856901169;0
5602;PEC3_20220513_053000_002.wav;0;0.03408963978290558;0
5603;PEC3_20220513_053000_003.wav;0;0.23894816637039185;0
5604;PEC3_20220513_053000_004.wav;0;0.037071745842695236;0
5605;PEC3_20220513_053000_005.wav;0;0.07872970402240753;0
5606;PEC3_20220513_053000_006.wav;0;0.0285474993288517;0
5607;PEC3_20220513_053000_007.wav;0;0.011958511546254158;0
5608;PEC3_20220513_053000_008.wav;0;0.03336053341627121;0
5609;PEC3_20220513_053000_009.wav;0;0.0308492761105299;0
5610;PEC3_20220513_053000_010.wav;0;0.0411209873855114;0
5611;PEC3_20220513_053000_011.wav;0;0.32240530848503113;0
5612;PEC3_20220513_053000_012.wav;0;0.15445417165756226;0
5613;PEC3_20220513_053000_013.wav;0;0.09400778263807297;0
5614;PEC3_20220513_053000_014.wav;0;0.02911107987165451;0
5615;PEC3_20220513_053000_015.wav;0;0.13800233602523804;0
5616;PEC3_20220513_053000_016.wav;0;0.35100463032722473;0
5617;PEC3_20220513_053000_017.wav;0;0.7827469706535339;0
5618;PEC3_20220513_053000_018.wav;0;0.47298744320869446;0
5619;PEC3_20220513_053000_019.wav;0;0.13372613489627838;0
5620;PEC3_20220513_120000_000.wav;0;0.20227248966693878;0
5621;PEC3_20220513_120000_001.wav;0;0.12865400314331055;0
5622;PEC3_20220513_120000_002.wav;0;0.1330621987581253;0
5623;PEC3_20220513_120000_003.wav;0;0.15034767985343933;0
5624;PEC3_20220513_120000_004.wav;0;0.04402470216155052;0
5625;PEC3_20220513_120000_005.wav;0;0.26589012145996094;0
5626;PEC3_20220513_120000_006.wav;0;0.21312658488750458;0
5627;PEC3_20220513_120000_007.wav;0;0.1929391771554947;0
5628;PEC3_20220513_120000_008.wav;0;0.046167321503162384;0
5629;PEC3_20220513_120000_009.wav;0;0.16312441229820251;0
5630;PEC3_20220513_120000_010.wav;0;0.04564845189452171;0
5631;PEC3_20220513_120000_011.wav;0;0.22369857132434845;0
5632;PEC3_20220513_120000_012.wav;0;0.14574109017848969;0
5633;PEC3_20220513_120000_013.wav;0;0.16746020317077637;0
5634;PEC3_20220513_120000_014.wav;0;0.1759060025215149;0
5635;PEC3_20220513_120000_015.wav;0;0.3510209023952484;0
5636;PEC3_20220513_120000_016.wav;0;0.7231085896492004;0
5637;PEC3_20220513_120000_017.wav;0;0.085208959877491;0
5638;PEC3_20220513_120000_018.wav;0;0.49602973461151123;0
5639;PEC3_20220513_120000_019.wav;0;0.2538296580314636;0
5640;PEC3_20220516_230000_000.wav;0;0.010370745323598385;0
5641;PEC3_20220516_230000_001.wav;0;0.187356099486351;0
5642;PEC3_20220516_230000_002.wav;0;0.04935982823371887;0
5643;PEC3_20220516_230000_003.wav;0;0.058713722974061966;0
5644;PEC3_20220516_230000_004.wav;0;0.014442137442529202;0
5645;PEC3_20220516_230000_005.wav;0;0.16450722515583038;0
5646;PEC3_20220516_230000_006.wav;0;0.11423429101705551;0
5647;PEC3_20220516_230000_007.wav;0;0.11289991438388824;0
5648;PEC3_20220516_230000_008.wav;0;0.06881792843341827;0
5649;PEC3_20220516_230000_009.wav;0;0.13926264643669128;0
5650;PEC3_20220516_230000_010.wav;0;0.029601601883769035;0
5651;PEC3_20220516_230000_011.wav;0;0.3313197195529938;0
5652;PEC3_20220516_230000_012.wav;0;0.03234456479549408;0
5653;PEC3_20220516_230000_013.wav;0;0.04645688086748123;0
5654;PEC3_20220516_230000_014.wav;0;0.05507894977927208;0
5655;PEC3_20220516_230000_015.wav;0;0.1497219204902649;0
5656;PEC3_20220516_230000_016.wav;0;0.028931090608239174;0
5657;PEC3_20220516_230000_017.wav;0;0.025248222053050995;0
5658;PEC3_20220516_230000_018.wav;0;0.09477774053812027;0
5659;PEC3_20220516_230000_019.wav;0;0.059984851628541946;0
5660;PEC3_20220520_093000_000.wav;0;0.013212012127041817;0
5661;PEC3_20220520_093000_001.wav;0;0.1719636470079422;0
5662;PEC3_20220520_093000_002.wav;0;0.16508498787879944;0
5663;PEC3_20220520_093000_003.wav;0;0.26886433362960815;0
5664;PEC3_20220520_093000_004.wav;0;0.13520079851150513;0
5665;PEC3_20220520_093000_005.wav;0;0.17446382343769073;0
5666;PEC3_20220520_093000_006.wav;0;0.2581906318664551;0
5667;PEC3_20220520_093000_007.wav;0;0.22500698268413544;0
5668;PEC3_20220520_093000_008.wav;0;0.2955351769924164;0
5669;PEC3_20220520_093000_009.wav;0;0.18729853630065918;0
5670;PEC3_20220520_093000_010.wav;0;0.2547360956668854;0
5671;PEC3_20220520_093000_011.wav;0;0.3217589259147644;0
5672;PEC3_20220520_093000_012.wav;0;0.8896821141242981;0
5673;PEC3_20220520_093000_013.wav;0;0.10631805658340454;0
5674;PEC3_20220520_093000_014.wav;0;0.6256811618804932;0
5675;PEC3_20220520_093000_015.wav;0;0.33031073212623596;0
5676;PEC3_20220520_093000_016.wav;0;0.16140851378440857;0
5677;PEC3_20220520_093000_017.wav;0;0.102228082716465;0
5678;PEC3_20220520_093000_018.wav;0;0.784748911857605;0
5679;PEC3_20220520_093000_019.wav;0;0.05200501158833504;0
5680;PEC3_20220525_041500_000.wav;0;0.006900445558130741;0
5681;PEC3_20220525_041500_001.wav;0;0.05943285673856735;0
5682;PEC3_20220525_041500_002.wav;0;0.033831290900707245;0
5683;PEC3_20220525_041500_003.wav;0;0.02559483051300049;0
5684;PEC3_20220525_041500_004.wav;0;0.03031039610505104;0
5685;PEC3_20220525_041500_005.wav;0;0.025782078504562378;0
5686;PEC3_20220525_041500_006.wav;0;0.013411101885139942;0
5687;PEC3_20220525_041500_007.wav;0;0.09639693796634674;0
5688;PEC3_20220525_041500_008.wav;0;0.031110214069485664;0
5689;PEC3_20220525_041500_009.wav;0;0.057146139442920685;0
5690;PEC3_20220525_041500_010.wav;0;0.015249723568558693;0
5691;PEC3_20220525_041500_011.wav;0;0.007678453344851732;0
5692;PEC3_20220525_041500_012.wav;0;0.01932617835700512;0
5693;PEC3_20220525_041500_013.wav;0;0.01594698056578636;0
5694;PEC3_20220525_041500_014.wav;0;0.021134665235877037;0
5695;PEC3_20220525_041500_015.wav;0;0.026905130594968796;0
5696;PEC3_20220525_041500_016.wav;0;0.004551263526082039;0
5697;PEC3_20220525_041500_017.wav;0;0.053788162767887115;0
5698;PEC3_20220525_041500_018.wav;0;0.019355759024620056;0
5699;PEC3_20220525_041500_019.wav;0;0.012007175013422966;0
5700;PEC3_20220525_221500_000.wav;0;0.03954411298036575;0
5701;PEC3_20220525_221500_001.wav;0;0.02542560175061226;0
5702;PEC3_20220525_221500_002.wav;0;0.01854054629802704;0
5703;PEC3_20220525_221500_003.wav;0;0.05841777101159096;0
5704;PEC3_20220525_221500_004.wav;0;0.018798528239130974;0
5705;PEC3_20220525_221500_005.wav;0;0.016080791130661964;0
5706;PEC3_20220525_221500_006.wav;0;0.01949692890048027;0
5707;PEC3_20220525_221500_007.wav;0;0.059837277978658676;0
5708;PEC3_20220525_221500_008.wav;0;0.03778981417417526;0
5709;PEC3_20220525_221500_009.wav;0;0.005952158011496067;0
5710;PEC3_20220525_221500_010.wav;0;0.1000465676188469;0
5711;PEC3_20220525_221500_011.wav;0;0.04643198102712631;0
5712;PEC3_20220525_221500_012.wav;0;0.03356236591935158;0
5713;PEC3_20220525_221500_013.wav;0;0.07498928904533386;0
5714;PEC3_20220525_221500_014.wav;0;0.042324621230363846;0
5715;PEC3_20220525_221500_015.wav;0;0.0464353933930397;0
5716;PEC3_20220525_221500_016.wav;0;0.007115601561963558;0
5717;PEC3_20220525_221500_017.wav;0;0.01930548995733261;0
5718;PEC3_20220525_221500_018.wav;0;0.06852157413959503;0
5719;PEC3_20220525_221500_019.wav;0;0.00955870933830738;0
5720;PEC3_20220530_073000_000.wav;0;0.043895699083805084;0
5721;PEC3_20220530_073000_001.wav;0;0.30510520935058594;0
5722;PEC3_20220530_073000_002.wav;0;0.18549829721450806;0
5723;PEC3_20220530_073000_003.wav;0;0.20817267894744873;0
5724;PEC3_20220530_073000_004.wav;0;0.523883581161499;0
5725;PEC3_20220530_073000_005.wav;0;0.04741666465997696;0
5726;PEC3_20220530_073000_006.wav;0;0.07889178395271301;0
5727;PEC3_20220530_073000_007.wav;0;0.15704895555973053;0
5728;PEC3_20220530_073000_008.wav;0;0.35631728172302246;0
5729;PEC3_20220530_073000_009.wav;0;0.05714327469468117;0
5730;PEC3_20220530_073000_010.wav;0;0.08784517645835876;0
5731;PEC3_20220530_073000_011.wav;0;0.05610097944736481;0
5732;PEC3_20220530_073000_012.wav;0;0.09568853676319122;0
5733;PEC3_20220530_073000_013.wav;0;0.020220361649990082;0
5734;PEC3_20220530_073000_014.wav;0;0.0472169890999794;0
5735;PEC3_20220530_073000_015.wav;0;0.004414895549416542;0
5736;PEC3_20220530_073000_016.wav;0;0.025213783606886864;0
5737;PEC3_20220530_073000_017.wav;0;0.3297078013420105;0
5738;PEC3_20220530_073000_018.wav;0;0.04316618666052818;0
5739;PEC3_20220530_073000_019.wav;0;0.04784165322780609;0
5740;PEC3_20220603_131500_000.wav;0;0.3887631297111511;0
5741;PEC3_20220603_131500_001.wav;0;0.11081288754940033;0
5742;PEC3_20220603_131500_002.wav;0;0.8608710169792175;0
5743;PEC3_20220603_131500_003.wav;0;0.4806325137615204;0
5744;PEC3_20220603_131500_004.wav;0;0.5304167866706848;0
5745;PEC3_20220603_131500_005.wav;0;0.45728838443756104;0
5746;PEC3_20220603_131500_006.wav;0;0.3218834698200226;0
5747;PEC3_20220603_131500_007.wav;0;0.12314779311418533;0
5748;PEC3_20220603_131500_008.wav;0;0.4211288094520569;0
5749;PEC3_20220603_131500_009.wav;0;0.653367817401886;0
5750;PEC3_20220603_131500_010.wav;0;0.9899793863296509;0
5751;PEC3_20220603_131500_011.wav;0;0.8637868165969849;0
5752;PEC3_20220603_131500_012.wav;0;0.8729770183563232;0
5753;PEC3_20220603_131500_013.wav;0;0.31675851345062256;0
5754;PEC3_20220603_131500_014.wav;0;0.948968768119812;0
5755;PEC3_20220603_131500_015.wav;0;0.9582123756408691;0
5756;PEC3_20220603_131500_016.wav;0;0.8406887650489807;0
5757;PEC3_20220603_131500_017.wav;0;0.6770390272140503;0
5758;PEC3_20220603_131500_018.wav;0;0.9770897030830383;0
5759;PEC3_20220603_131500_019.wav;0;0.8838376998901367;0
5760;PEC3_20220607_100000_000.wav;0;0.33629077672958374;0
5761;PEC3_20220607_100000_001.wav;0;0.4068966805934906;0
5762;PEC3_20220607_100000_002.wav;0;0.7702467441558838;0
5763;PEC3_20220607_100000_003.wav;0;0.0813482254743576;0
5764;PEC3_20220607_100000_004.wav;0;0.7369756102561951;0
5765;PEC3_20220607_100000_005.wav;0;0.5441047549247742;0
5766;PEC3_20220607_100000_006.wav;0;0.6793179512023926;0
5767;PEC3_20220607_100000_007.wav;0;0.5396640300750732;0
5768;PEC3_20220607_100000_008.wav;0;0.8141492009162903;0
5769;PEC3_20220607_100000_009.wav;0;0.21926048398017883;0
5770;PEC3_20220607_100000_010.wav;0;0.25448042154312134;0
5771;PEC3_20220607_100000_011.wav;0;0.21588388085365295;0
5772;PEC3_20220607_100000_012.wav;0;0.14466339349746704;0
5773;PEC3_20220607_100000_013.wav;0;0.10094644129276276;0
5774;PEC3_20220607_100000_014.wav;0;0.26247942447662354;0
5775;PEC3_20220607_100000_015.wav;0;0.3737616539001465;0
5776;PEC3_20220607_100000_016.wav;0;0.05769724026322365;0
5777;PEC3_20220607_100000_017.wav;0;0.3621370494365692;0
5778;PEC3_20220607_100000_018.wav;0;0.05629170686006546;0
5779;PEC3_20220607_100000_019.wav;0;0.3800782263278961;0
5780;PEC3_20220610_174500_000.wav;0;0.3737490475177765;0
5781;PEC3_20220610_174500_001.wav;0;0.6488550305366516;0
5782;PEC3_20220610_174500_002.wav;0;0.5204127430915833;0
5783;PEC3_20220610_174500_003.wav;0;0.9355528950691223;0
5784;PEC3_20220610_174500_004.wav;0;0.5605290532112122;0
5785;PEC3_20220610_174500_005.wav;0;0.30976438522338867;0
5786;PEC3_20220610_174500_006.wav;0;0.9798005819320679;0
5787;PEC3_20220610_174500_007.wav;0;0.6081620454788208;0
5788;PEC3_20220610_174500_008.wav;0;0.9274988770484924;0
5789;PEC3_20220610_174500_009.wav;0;0.7630733251571655;0
5790;PEC3_20220610_174500_010.wav;0;0.9355637431144714;0
5791;PEC3_20220610_174500_011.wav;0;0.5244724154472351;0
5792;PEC3_20220610_174500_012.wav;0;0.9583943486213684;0
5793;PEC3_20220610_174500_013.wav;0;0.9026495814323425;0
5794;PEC3_20220610_174500_014.wav;0;0.9092294573783875;0
5795;PEC3_20220610_174500_015.wav;0;0.6636184453964233;0
5796;PEC3_20220610_174500_016.wav;0;0.3712936043739319;0
5797;PEC3_20220610_174500_017.wav;0;0.38806620240211487;0
5798;PEC3_20220610_174500_018.wav;0;0.7234814167022705;0
5799;PEC3_20220610_174500_019.wav;0;0.1817735880613327;0
5800;PEC3_20220611_083000_000.wav;0;0.7380539774894714;0
5801;PEC3_20220611_083000_001.wav;0;0.7699856162071228;0
5802;PEC3_20220611_083000_002.wav;0;0.5982816219329834;0
5803;PEC3_20220611_083000_003.wav;0;0.7962003946304321;0
5804;PEC3_20220611_083000_004.wav;0;0.9588183760643005;0
5805;PEC3_20220611_083000_005.wav;0;0.9543673992156982;0
5806;PEC3_20220611_083000_006.wav;0;0.6071960926055908;0
5807;PEC3_20220611_083000_007.wav;0;0.32161757349967957;0
5808;PEC3_20220611_083000_008.wav;0;0.2503514289855957;0
5809;PEC3_20220611_083000_009.wav;0;0.9072818160057068;0
5810;PEC3_20220611_083000_010.wav;0;0.7907992005348206;0
5811;PEC3_20220611_083000_011.wav;0;0.32120221853256226;0
5812;PEC3_20220611_083000_012.wav;0;0.29007843136787415;0
5813;PEC3_20220611_083000_013.wav;0;0.790142834186554;0
5814;PEC3_20220611_083000_014.wav;0;0.3846473693847656;0
5815;PEC3_20220611_083000_015.wav;0;0.6669678688049316;0
5816;PEC3_20220611_083000_016.wav;0;0.6530877351760864;0
5817;PEC3_20220611_083000_017.wav;0;0.7067586183547974;0
5818;PEC3_20220611_083000_018.wav;0;0.4694300591945648;0
5819;PEC3_20220611_083000_019.wav;0;0.8759822845458984;0
5820;PEC3_20220613_010000_000.wav;0;0.1755008101463318;0
5821;PEC3_20220613_010000_001.wav;0;0.05938053876161575;0
5822;PEC3_20220613_010000_002.wav;0;0.11722219735383987;0
5823;PEC3_20220613_010000_003.wav;0;0.04054204747080803;0
5824;PEC3_20220613_010000_004.wav;0;0.06370101124048233;0
5825;PEC3_20220613_010000_005.wav;0;0.01889718696475029;0
5826;PEC3_20220613_010000_006.wav;0;0.22917063534259796;0
5827;PEC3_20220613_010000_007.wav;0;0.08532220870256424;0
5828;PEC3_20220613_010000_008.wav;0;0.07356252521276474;0
5829;PEC3_20220613_010000_009.wav;0;0.061323296278715134;0
5830;PEC3_20220613_010000_010.wav;0;0.03157956525683403;0
5831;PEC3_20220613_010000_011.wav;0;0.09141608327627182;0
5832;PEC3_20220613_010000_012.wav;0;0.03647550195455551;0
5833;PEC3_20220613_010000_013.wav;0;0.03432849049568176;0
5834;PEC3_20220613_010000_014.wav;0;0.07931724935770035;0
5835;PEC3_20220613_010000_015.wav;0;0.09670896083116531;0
5836;PEC3_20220613_010000_016.wav;0;0.07880891114473343;0
5837;PEC3_20220613_010000_017.wav;0;0.06828867644071579;0
5838;PEC3_20220613_010000_018.wav;0;0.24971933662891388;0
5839;PEC3_20220613_010000_019.wav;0;0.021645555272698402;0
5840;PEC3_20220613_111500_000.wav;0;0.9723390340805054;0
5841;PEC3_20220613_111500_001.wav;0;0.9554039239883423;0
5842;PEC3_20220613_111500_002.wav;0;0.8049107789993286;0
5843;PEC3_20220613_111500_003.wav;0;0.17509043216705322;0
5844;PEC3_20220613_111500_004.wav;0;0.8482044339179993;0
5845;PEC3_20220613_111500_005.wav;0;0.49105608463287354;0
5846;PEC3_20220613_111500_006.wav;0;0.6939142942428589;0
5847;PEC3_20220613_111500_007.wav;0;0.7282018065452576;0
5848;PEC3_20220613_111500_008.wav;0;0.5655785799026489;0
5849;PEC3_20220613_111500_009.wav;0;0.5972134470939636;0
5850;PEC3_20220613_111500_010.wav;0;0.3049231469631195;0
5851;PEC3_20220613_111500_011.wav;0;0.11085733026266098;0
5852;PEC3_20220613_111500_012.wav;0;0.8431605100631714;0
5853;PEC3_20220613_111500_013.wav;0;0.1987757384777069;0
5854;PEC3_20220613_111500_014.wav;0;0.16728229820728302;0
5855;PEC3_20220613_111500_015.wav;0;0.17382119596004486;0
5856;PEC3_20220613_111500_016.wav;0;0.122285395860672;0
5857;PEC3_20220613_111500_017.wav;0;0.19255684316158295;0
5858;PEC3_20220613_111500_018.wav;0;0.3871555030345917;0
5859;PEC3_20220613_111500_019.wav;0;0.21404695510864258;0
5860;PEC3_20220618_224500_000.wav;0;0.012461870908737183;0
5861;PEC3_20220618_224500_001.wav;0;0.09636855125427246;0
5862;PEC3_20220618_224500_002.wav;0;0.016738392412662506;0
5863;PEC3_20220618_224500_003.wav;0;0.2981148660182953;0
5864;PEC3_20220618_224500_004.wav;0;0.004170509986579418;0
5865;PEC3_20220618_224500_005.wav;0;0.050024352967739105;0
5866;PEC3_20220618_224500_006.wav;0;0.029623230919241905;0
5867;PEC3_20220618_224500_007.wav;0;0.059453774243593216;0
5868;PEC3_20220618_224500_008.wav;0;0.1361653357744217;0
5869;PEC3_20220618_224500_009.wav;0;0.049873147159814835;0
5870;PEC3_20220618_224500_010.wav;0;0.03244882822036743;0
5871;PEC3_20220618_224500_011.wav;0;0.013590782880783081;0
5872;PEC3_20220618_224500_012.wav;0;0.04792708903551102;0
5873;PEC3_20220618_224500_013.wav;0;0.020055057480931282;0
5874;PEC3_20220618_224500_014.wav;0;0.017451990395784378;0
5875;PEC3_20220618_224500_015.wav;0;0.02738170698285103;0
5876;PEC3_20220618_224500_016.wav;0;0.13068440556526184;0
5877;PEC3_20220618_224500_017.wav;0;0.04979035258293152;0
5878;PEC3_20220618_224500_018.wav;0;0.046684082597494125;0
5879;PEC3_20220618_224500_019.wav;0;0.012843570671975613;0
5880;PEC3_20220619_013000_000.wav;0;0.016438644379377365;0
5881;PEC3_20220619_013000_001.wav;0;0.0076691326685249805;0
5882;PEC3_20220619_013000_002.wav;0;0.014750156551599503;0
5883;PEC3_20220619_013000_003.wav;0;0.07038892060518265;0
5884;PEC3_20220619_013000_004.wav;0;0.012625841423869133;0
5885;PEC3_20220619_013000_005.wav;0;0.0697341039776802;0
5886;PEC3_20220619_013000_006.wav;0;0.04986198619008064;0
5887;PEC3_20220619_013000_007.wav;0;0.045036714524030685;0
5888;PEC3_20220619_013000_008.wav;0;0.008519064635038376;0
5889;PEC3_20220619_013000_009.wav;0;0.036642372608184814;0
5890;PEC3_20220619_013000_010.wav;0;0.008696758188307285;0
5891;PEC3_20220619_013000_011.wav;0;0.011425985023379326;0
5892;PEC3_20220619_013000_012.wav;0;0.03638272359967232;0
5893;PEC3_20220619_013000_013.wav;0;0.01015920378267765;0
5894;PEC3_20220619_013000_014.wav;0;0.12038811296224594;0
5895;PEC3_20220619_013000_015.wav;0;0.040043070912361145;0
5896;PEC3_20220619_013000_016.wav;0;0.014592942781746387;0
5897;PEC3_20220619_013000_017.wav;0;0.010766365565359592;0
5898;PEC3_20220619_013000_018.wav;0;0.011399703100323677;0
5899;PEC3_20220619_013000_019.wav;0;0.09896909445524216;0
5900;PEC3_20220619_173000_000.wav;0;0.7660234570503235;0
5901;PEC3_20220619_173000_001.wav;0;0.36535200476646423;0
5902;PEC3_20220619_173000_002.wav;0;0.6261293292045593;0
5903;PEC3_20220619_173000_003.wav;0;0.11345843225717545;0
5904;PEC3_20220619_173000_004.wav;0;0.0445970818400383;0
5905;PEC3_20220619_173000_005.wav;0;0.07730839401483536;0
5906;PEC3_20220619_173000_006.wav;0;0.017937030643224716;0
5907;PEC3_20220619_173000_007.wav;0;0.09140677005052567;0
5908;PEC3_20220619_173000_008.wav;0;0.15828931331634521;0
5909;PEC3_20220619_173000_009.wav;0;0.7770572304725647;0
5910;PEC3_20220619_173000_010.wav;0;0.1325605809688568;0
5911;PEC3_20220619_173000_011.wav;0;0.07250058650970459;0
5912;PEC3_20220619_173000_012.wav;0;0.2572520971298218;0
5913;PEC3_20220619_173000_013.wav;0;0.5636277198791504;0
5914;PEC3_20220619_173000_014.wav;0;0.554172694683075;0
5915;PEC3_20220619_173000_015.wav;0;0.37544697523117065;0
5916;PEC3_20220619_173000_016.wav;0;0.10802314430475235;0
5917;PEC3_20220619_173000_017.wav;0;0.3802778422832489;0
5918;PEC3_20220619_173000_018.wav;0;0.5113749504089355;0
5919;PEC3_20220619_173000_019.wav;0;0.13525454699993134;0
5920;PEC3_20220621_210000_000.wav;0;0.023723268881440163;0
5921;PEC3_20220621_210000_001.wav;0;0.1460115909576416;0
5922;PEC3_20220621_210000_002.wav;0;0.27375528216362;0
5923;PEC3_20220621_210000_003.wav;0;0.2572702467441559;0
5924;PEC3_20220621_210000_004.wav;0;0.21286092698574066;0
5925;PEC3_20220621_210000_005.wav;0;0.16259725391864777;0
5926;PEC3_20220621_210000_006.wav;0;0.5102128982543945;0
5927;PEC3_20220621_210000_007.wav;0;0.07568635046482086;0
5928;PEC3_20220621_210000_008.wav;0;0.37814611196517944;0
5929;PEC3_20220621_210000_009.wav;0;0.05982520431280136;0
5930;PEC3_20220621_210000_010.wav;0;0.29521217942237854;0
5931;PEC3_20220621_210000_011.wav;0;0.7880990505218506;0
5932;PEC3_20220621_210000_012.wav;0;0.18928246200084686;0
5933;PEC3_20220621_210000_013.wav;0;0.44568774104118347;0
5934;PEC3_20220621_210000_014.wav;0;0.049869194626808167;0
5935;PEC3_20220621_210000_015.wav;0;0.028689328581094742;0
5936;PEC3_20220621_210000_016.wav;0;0.03127451613545418;0
5937;PEC3_20220621_210000_017.wav;0;0.021172629669308662;0
5938;PEC3_20220621_210000_018.wav;0;0.16043899953365326;0
5939;PEC3_20220621_210000_019.wav;0;0.5062047243118286;0
5940;PEC3_20220623_223000_000.wav;0;0.13253165781497955;0
5941;PEC3_20220623_223000_001.wav;0;0.09875404834747314;0
5942;PEC3_20220623_223000_002.wav;0;0.025980480015277863;0
5943;PEC3_20220623_223000_003.wav;0;0.24570320546627045;0
5944;PEC3_20220623_223000_004.wav;0;0.8088960647583008;0
5945;PEC3_20220623_223000_005.wav;0;0.6380767226219177;0
5946;PEC3_20220623_223000_006.wav;0;0.15013179183006287;0
5947;PEC3_20220623_223000_007.wav;0;0.0746530070900917;0
5948;PEC3_20220623_223000_008.wav;0;0.586088240146637;0
5949;PEC3_20220623_223000_009.wav;0;0.4154374599456787;0
5950;PEC3_20220623_223000_010.wav;0;0.6465911269187927;0
5951;PEC3_20220623_223000_011.wav;0;0.34639477729797363;0
5952;PEC3_20220623_223000_012.wav;0;0.2654089331626892;0
5953;PEC3_20220623_223000_013.wav;0;0.23647964000701904;0
5954;PEC3_20220623_223000_014.wav;0;0.05011811479926109;0
5955;PEC3_20220623_223000_015.wav;0;0.5522418022155762;0
5956;PEC3_20220623_223000_016.wav;0;0.6422775387763977;0
5957;PEC3_20220623_223000_017.wav;0;0.07957714051008224;0
5958;PEC3_20220623_223000_018.wav;0;0.18223047256469727;0
5959;PEC3_20220623_223000_019.wav;0;0.21594642102718353;0
5960;PEC3_20220629_041500_000.wav;0;0.07076689600944519;0
5961;PEC3_20220629_041500_001.wav;0;0.03582461178302765;0
5962;PEC3_20220629_041500_002.wav;0;0.03324832022190094;0
5963;PEC3_20220629_041500_003.wav;0;0.017902223393321037;0
5964;PEC3_20220629_041500_004.wav;0;0.01819503679871559;0
5965;PEC3_20220629_041500_005.wav;0;0.04561850428581238;0
5966;PEC3_20220629_041500_006.wav;0;0.017373694106936455;0
5967;PEC3_20220629_041500_007.wav;0;0.12017489969730377;0
5968;PEC3_20220629_041500_008.wav;0;0.0067900605499744415;0
5969;PEC3_20220629_041500_009.wav;0;0.008916434831917286;0
5970;PEC3_20220629_041500_010.wav;0;0.07198880612850189;0
5971;PEC3_20220629_041500_011.wav;0;0.023603392764925957;0
5972;PEC3_20220629_041500_012.wav;0;0.010510602034628391;0
5973;PEC3_20220629_041500_013.wav;0;0.06299781799316406;0
5974;PEC3_20220629_041500_014.wav;0;0.016772352159023285;0
5975;PEC3_20220629_041500_015.wav;0;0.052324920892715454;0
5976;PEC3_20220629_041500_016.wav;0;0.6044917106628418;0
5977;PEC3_20220629_041500_017.wav;0;0.05193430930376053;0
5978;PEC3_20220629_041500_018.wav;0;0.1465507298707962;0
5979;PEC3_20220629_041500_019.wav;0;0.017327183857560158;0
5980;PEC3_20220703_003000_000.wav;0;0.011671565473079681;0
5981;PEC3_20220703_003000_001.wav;0;0.13371767103672028;0
5982;PEC3_20220703_003000_002.wav;0;0.038398630917072296;0
5983;PEC3_20220703_003000_003.wav;0;0.031322602182626724;0
5984;PEC3_20220703_003000_004.wav;0;0.02133810706436634;0
5985;PEC3_20220703_003000_005.wav;0;0.02037455327808857;0
5986;PEC3_20220703_003000_006.wav;0;0.19526858627796173;0
5987;PEC3_20220703_003000_007.wav;0;0.16053727269172668;0
5988;PEC3_20220703_003000_008.wav;0;0.1012081652879715;0
5989;PEC3_20220703_003000_009.wav;0;0.19895052909851074;0
5990;PEC3_20220703_003000_010.wav;0;0.01591656170785427;0
5991;PEC3_20220703_003000_011.wav;0;0.2576340138912201;0
5992;PEC3_20220703_003000_012.wav;0;0.0783192366361618;0
5993;PEC3_20220703_003000_013.wav;0;0.03961138427257538;0
5994;PEC3_20220703_003000_014.wav;0;0.0972442701458931;0
5995;PEC3_20220703_003000_015.wav;0;0.05710040032863617;0
5996;PEC3_20220703_003000_016.wav;0;0.3738986849784851;0
5997;PEC3_20220703_003000_017.wav;0;0.04619291424751282;0
5998;PEC3_20220703_003000_018.wav;0;0.032267291098833084;0
5999;PEC3_20220703_003000_019.wav;0;0.04749312996864319;0
6000;PEC3_20220707_064500_000.wav;0;0.775059163570404;0
6001;PEC3_20220707_064500_001.wav;0;0.36301225423812866;0
6002;PEC3_20220707_064500_002.wav;0;0.8481502532958984;0
6003;PEC3_20220707_064500_003.wav;0;0.45543500781059265;0
6004;PEC3_20220707_064500_004.wav;0;0.41673851013183594;0
6005;PEC3_20220707_064500_005.wav;0;0.22417210042476654;0
6006;PEC3_20220707_064500_006.wav;0;0.15161734819412231;0
6007;PEC3_20220707_064500_007.wav;0;0.38890156149864197;0
6008;PEC3_20220707_064500_008.wav;0;0.09232674539089203;0
6009;PEC3_20220707_064500_009.wav;0;0.42546555399894714;0
6010;PEC3_20220707_064500_010.wav;0;0.050912681967020035;0
6011;PEC3_20220707_064500_011.wav;0;0.05305645614862442;0
6012;PEC3_20220707_064500_012.wav;0;0.087775819003582;0
6013;PEC3_20220707_064500_013.wav;0;0.10501047223806381;0
6014;PEC3_20220707_064500_014.wav;0;0.5674857497215271;0
6015;PEC3_20220707_064500_015.wav;0;0.14650022983551025;0
6016;PEC3_20220707_064500_016.wav;0;0.25426796078681946;0
6017;PEC3_20220707_064500_017.wav;0;0.19504740834236145;0
6018;PEC3_20220707_064500_018.wav;0;0.4652975797653198;0
6019;PEC3_20220707_064500_019.wav;0;0.25470295548439026;0
6020;PEC3_20220708_143000_000.wav;0;0.36175358295440674;0
6021;PEC3_20220708_143000_001.wav;0;0.048924896866083145;0
6022;PEC3_20220708_143000_002.wav;0;0.32779261469841003;0
6023;PEC3_20220708_143000_003.wav;0;0.12784600257873535;0
6024;PEC3_20220708_143000_004.wav;0;0.1231866255402565;0
6025;PEC3_20220708_143000_005.wav;0;0.7995699048042297;0
6026;PEC3_20220708_143000_006.wav;0;0.2856292724609375;0
6027;PEC3_20220708_143000_007.wav;0;0.7776878476142883;0
6028;PEC3_20220708_143000_008.wav;0;0.540654182434082;0
6029;PEC3_20220708_143000_009.wav;0;0.19919003546237946;0
6030;PEC3_20220708_143000_010.wav;0;0.1841263473033905;0
6031;PEC3_20220708_143000_011.wav;0;0.3324231207370758;0
6032;PEC3_20220708_143000_012.wav;0;0.2167283594608307;0
6033;PEC3_20220708_143000_013.wav;0;0.3130519390106201;0
6034;PEC3_20220708_143000_014.wav;0;0.04393905773758888;0
6035;PEC3_20220708_143000_015.wav;0;0.027920296415686607;0
6036;PEC3_20220708_143000_016.wav;0;0.10783179849386215;0
6037;PEC3_20220708_143000_017.wav;0;0.4051362872123718;0
6038;PEC3_20220708_143000_018.wav;0;0.7403749227523804;0
6039;PEC3_20220708_143000_019.wav;0;0.8200331926345825;0
6040;PEC3_20220711_081500_000.wav;0;0.9949707984924316;0
6041;PEC3_20220711_081500_001.wav;0;0.9946685433387756;0
6042;PEC3_20220711_081500_002.wav;0;0.9978680610656738;0
6043;PEC3_20220711_081500_003.wav;0;0.9979169964790344;0
6044;PEC3_20220711_081500_004.wav;0;0.9965123534202576;0
6045;PEC3_20220711_081500_005.wav;0;0.9972217082977295;0
6046;PEC3_20220711_081500_006.wav;0;0.9972368478775024;0
6047;PEC3_20220711_081500_007.wav;0;0.9957711100578308;0
6048;PEC3_20220711_081500_008.wav;0;0.9964679479598999;0
6049;PEC3_20220711_081500_009.wav;0;0.9960588216781616;0
6050;PEC3_20220711_081500_010.wav;0;0.9946870803833008;0
6051;PEC3_20220711_081500_011.wav;0;0.9960904717445374;0
6052;PEC3_20220711_081500_012.wav;0;0.9912789463996887;0
6053;PEC3_20220711_081500_013.wav;0;0.9966506361961365;0
6054;PEC3_20220711_081500_014.wav;0;0.9941489696502686;0
6055;PEC3_20220711_081500_015.wav;0;0.9815956950187683;0
6056;PEC3_20220711_081500_016.wav;0;0.9906952381134033;0
6057;PEC3_20220711_081500_017.wav;0;0.9890331029891968;0
6058;PEC3_20220711_081500_018.wav;0;0.9876478910446167;0
6059;PEC3_20220711_081500_019.wav;0;0.9765754342079163;0
6060;PEC3_20220712_163000_000.wav;0;0.42989054322242737;0
6061;PEC3_20220712_163000_001.wav;0;0.8977952003479004;0
6062;PEC3_20220712_163000_002.wav;0;0.7357876896858215;0
6063;PEC3_20220712_163000_003.wav;0;0.20037353038787842;0
6064;PEC3_20220712_163000_004.wav;0;0.6556218266487122;0
6065;PEC3_20220712_163000_005.wav;0;0.7081189751625061;0
6066;PEC3_20220712_163000_006.wav;0;0.6845858097076416;0
6067;PEC3_20220712_163000_007.wav;0;0.7027196288108826;0
6068;PEC3_20220712_163000_008.wav;0;0.12692216038703918;0
6069;PEC3_20220712_163000_009.wav;0;0.7098339796066284;0
6070;PEC3_20220712_163000_010.wav;0;0.7257705330848694;0
6071;PEC3_20220712_163000_011.wav;0;0.33747196197509766;0
6072;PEC3_20220712_163000_012.wav;0;0.17295244336128235;0
6073;PEC3_20220712_163000_013.wav;0;0.5290855169296265;0
6074;PEC3_20220712_163000_014.wav;0;0.25198519229888916;0
6075;PEC3_20220712_163000_015.wav;0;0.28359144926071167;0
6076;PEC3_20220712_163000_016.wav;0;0.305620938539505;0
6077;PEC3_20220712_163000_017.wav;0;0.1829787939786911;0
6078;PEC3_20220712_163000_018.wav;0;0.2765468955039978;0
6079;PEC3_20220712_163000_019.wav;0;0.0968744307756424;0
6080;PEC3_20220713_183000_000.wav;0;0.8329424858093262;0
6081;PEC3_20220713_183000_001.wav;0;0.43545985221862793;0
6082;PEC3_20220713_183000_002.wav;0;0.836969256401062;0
6083;PEC3_20220713_183000_003.wav;0;0.4250086843967438;0
6084;PEC3_20220713_183000_004.wav;0;0.45528313517570496;0
6085;PEC3_20220713_183000_005.wav;0;0.42499303817749023;0
6086;PEC3_20220713_183000_006.wav;0;0.08969102799892426;0
6087;PEC3_20220713_183000_007.wav;0;0.8938646912574768;0
6088;PEC3_20220713_183000_008.wav;0;0.893734872341156;0
6089;PEC3_20220713_183000_009.wav;0;0.005005185957998037;0
6090;PEC3_20220713_183000_010.wav;0;0.847473680973053;0
6091;PEC3_20220713_183000_011.wav;0;0.9577249884605408;0
6092;PEC3_20220713_183000_012.wav;0;0.9465644955635071;0
6093;PEC3_20220713_183000_013.wav;0;0.8578452467918396;0
6094;PEC3_20220713_183000_014.wav;0;0.5965217351913452;0
6095;PEC3_20220713_183000_015.wav;0;0.9163049459457397;0
6096;PEC3_20220713_183000_016.wav;0;0.8510882258415222;0
6097;PEC3_20220713_183000_017.wav;0;0.7025831341743469;0
6098;PEC3_20220713_183000_018.wav;0;0.6231185793876648;0
6099;PEC3_20220713_183000_019.wav;0;0.877082109451294;0
6100;PEC3_20220714_040000_000.wav;0;0.33768007159233093;0
6101;PEC3_20220714_040000_001.wav;0;0.4470599591732025;0
6102;PEC3_20220714_040000_002.wav;0;0.9568254351615906;0
6103;PEC3_20220714_040000_003.wav;0;0.505138635635376;0
6104;PEC3_20220714_040000_004.wav;0;0.091212198138237;0
6105;PEC3_20220714_040000_005.wav;0;0.01808963529765606;0
6106;PEC3_20220714_040000_006.wav;0;0.07723847031593323;0
6107;PEC3_20220714_040000_007.wav;0;0.09081022441387177;0
6108;PEC3_20220714_040000_008.wav;0;0.018742557615041733;0
6109;PEC3_20220714_040000_009.wav;0;0.014153092168271542;0
6110;PEC3_20220714_040000_010.wav;0;0.011303986422717571;0
6111;PEC3_20220714_040000_011.wav;0;0.04555721953511238;0
6112;PEC3_20220714_040000_012.wav;0;0.0076972017996013165;0
6113;PEC3_20220714_040000_013.wav;0;0.2307269424200058;0
6114;PEC3_20220714_040000_014.wav;0;0.012745692394673824;0
6115;PEC3_20220714_040000_015.wav;0;0.2920278012752533;0
6116;PEC3_20220714_040000_016.wav;0;0.053243692964315414;0
6117;PEC3_20220714_040000_017.wav;0;0.06400322914123535;0
6118;PEC3_20220714_040000_018.wav;0;0.22245155274868011;0
6119;PEC3_20220714_040000_019.wav;0;0.08262981474399567;0
6120;PEC3_20220714_234500_000.wav;0;0.05158919468522072;0
6121;PEC3_20220714_234500_001.wav;0;0.038415245711803436;0
6122;PEC3_20220714_234500_002.wav;0;0.009159992448985577;0
6123;PEC3_20220714_234500_003.wav;0;0.048643603920936584;0
6124;PEC3_20220714_234500_004.wav;0;0.046607404947280884;0
6125;PEC3_20220714_234500_005.wav;0;0.159617617726326;0
6126;PEC3_20220714_234500_006.wav;0;0.019531145691871643;0
6127;PEC3_20220714_234500_007.wav;0;0.038128018379211426;0
6128;PEC3_20220714_234500_008.wav;0;0.004856048617511988;0
6129;PEC3_20220714_234500_009.wav;0;0.2280287891626358;0
6130;PEC3_20220714_234500_010.wav;0;0.021913355216383934;0
6131;PEC3_20220714_234500_011.wav;0;0.06257762759923935;0
6132;PEC3_20220714_234500_012.wav;0;0.00908522680401802;0
6133;PEC3_20220714_234500_013.wav;0;0.022542661055922508;0
6134;PEC3_20220714_234500_014.wav;0;0.027297617867588997;0
6135;PEC3_20220714_234500_015.wav;0;0.018602564930915833;0
6136;PEC3_20220714_234500_016.wav;0;0.033492520451545715;0
6137;PEC3_20220714_234500_017.wav;0;0.03072880581021309;0
6138;PEC3_20220714_234500_018.wav;0;0.013680054806172848;0
6139;PEC3_20220714_234500_019.wav;0;0.027314357459545135;0
6140;PEC3_20220723_104500_000.wav;0;0.5623858571052551;0
6141;PEC3_20220723_104500_001.wav;0;0.49323391914367676;0
6142;PEC3_20220723_104500_002.wav;0;0.41600823402404785;0
6143;PEC3_20220723_104500_003.wav;0;0.17992955446243286;0
6144;PEC3_20220723_104500_004.wav;0;0.19181370735168457;0
6145;PEC3_20220723_104500_005.wav;0;0.3552730083465576;0
6146;PEC3_20220723_104500_006.wav;0;0.7915332317352295;0
6147;PEC3_20220723_104500_007.wav;0;0.24598373472690582;0
6148;PEC3_20220723_104500_008.wav;0;0.2642987370491028;0
6149;PEC3_20220723_104500_009.wav;0;0.5093998908996582;0
6150;PEC3_20220723_104500_010.wav;0;0.5299522876739502;0
6151;PEC3_20220723_104500_011.wav;0;0.6464322805404663;0
6152;PEC3_20220723_104500_012.wav;0;0.45404428243637085;0
6153;PEC3_20220723_104500_013.wav;0;0.22034254670143127;0
6154;PEC3_20220723_104500_014.wav;0;0.5894385576248169;0
6155;PEC3_20220723_104500_015.wav;0;0.9008768200874329;0
6156;PEC3_20220723_104500_016.wav;0;0.9437127709388733;0
6157;PEC3_20220723_104500_017.wav;0;0.2514927387237549;0
6158;PEC3_20220723_104500_018.wav;0;0.7378221154212952;0
6159;PEC3_20220723_104500_019.wav;0;0.1053742915391922;0
6160;PEC3_20220724_141500_000.wav;0;0.09603472054004669;0
6161;PEC3_20220724_141500_001.wav;0;0.10855431109666824;0
6162;PEC3_20220724_141500_002.wav;0;0.4667152762413025;0
6163;PEC3_20220724_141500_003.wav;0;0.8010468482971191;0
6164;PEC3_20220724_141500_004.wav;0;0.8792902231216431;0
6165;PEC3_20220724_141500_005.wav;0;0.7957668304443359;0
6166;PEC3_20220724_141500_006.wav;0;0.23726874589920044;0
6167;PEC3_20220724_141500_007.wav;0;0.6332278251647949;0
6168;PEC3_20220724_141500_008.wav;0;0.5098531246185303;0
6169;PEC3_20220724_141500_009.wav;0;0.5344738364219666;0
6170;PEC3_20220724_141500_010.wav;0;0.8750709891319275;0
6171;PEC3_20220724_141500_011.wav;0;0.7419813275337219;0
6172;PEC3_20220724_141500_012.wav;0;0.1272556185722351;0
6173;PEC3_20220724_141500_013.wav;0;0.8129515647888184;0
6174;PEC3_20220724_141500_014.wav;0;0.7518298625946045;0
6175;PEC3_20220724_141500_015.wav;0;0.4660071134567261;0
6176;PEC3_20220724_141500_016.wav;0;0.4321582317352295;0
6177;PEC3_20220724_141500_017.wav;0;0.36351728439331055;0
6178;PEC3_20220724_141500_018.wav;0;0.5835555791854858;0
6179;PEC3_20220724_141500_019.wav;0;0.89995276927948;0
6180;PEC3_20220725_230000_000.wav;0;0.013012043200433254;0
6181;PEC3_20220725_230000_001.wav;0;0.07099885493516922;0
6182;PEC3_20220725_230000_002.wav;0;0.09175604581832886;0
6183;PEC3_20220725_230000_003.wav;0;0.016120797023177147;0
6184;PEC3_20220725_230000_004.wav;0;0.3385128080844879;0
6185;PEC3_20220725_230000_005.wav;0;0.07198261469602585;0
6186;PEC3_20220725_230000_006.wav;0;0.05236108601093292;0
6187;PEC3_20220725_230000_007.wav;0;0.4369715750217438;0
6188;PEC3_20220725_230000_008.wav;0;0.3579576909542084;0
6189;PEC3_20220725_230000_009.wav;0;0.2794048488140106;0
6190;PEC3_20220725_230000_010.wav;0;0.17167578637599945;0
6191;PEC3_20220725_230000_011.wav;0;0.31533658504486084;0
6192;PEC3_20220725_230000_012.wav;0;0.7322801947593689;0
6193;PEC3_20220725_230000_013.wav;0;0.5126209259033203;0
6194;PEC3_20220725_230000_014.wav;0;0.18086327612400055;0
6195;PEC3_20220725_230000_015.wav;0;0.2256809026002884;0
6196;PEC3_20220725_230000_016.wav;0;0.6118571758270264;0
6197;PEC3_20220725_230000_017.wav;0;0.18715429306030273;0
6198;PEC3_20220725_230000_018.wav;0;0.6532288789749146;0
6199;PEC3_20220725_230000_019.wav;0;0.08641298860311508;0
6200;PEC3_20220728_044500_000.wav;0;0.4664148986339569;0
6201;PEC3_20220728_044500_001.wav;0;0.724707841873169;0
6202;PEC3_20220728_044500_002.wav;0;0.3498140871524811;0
6203;PEC3_20220728_044500_003.wav;0;0.3844163715839386;0
6204;PEC3_20220728_044500_004.wav;0;0.4358654022216797;0
6205;PEC3_20220728_044500_005.wav;0;0.32878413796424866;0
6206;PEC3_20220728_044500_006.wav;0;0.601001501083374;0
6207;PEC3_20220728_044500_007.wav;0;0.8111230134963989;0
6208;PEC3_20220728_044500_008.wav;0;0.6722158193588257;0
6209;PEC3_20220728_044500_009.wav;0;0.844696044921875;0
6210;PEC3_20220728_044500_010.wav;0;0.7635454535484314;0
6211;PEC3_20220728_044500_011.wav;0;0.44940152764320374;0
6212;PEC3_20220728_044500_012.wav;0;0.6227880716323853;0
6213;PEC3_20220728_044500_013.wav;0;0.9105134606361389;0
6214;PEC3_20220728_044500_014.wav;0;0.9304483532905579;0
6215;PEC3_20220728_044500_015.wav;0;0.6038890480995178;0
6216;PEC3_20220728_044500_016.wav;0;0.6802512407302856;0
6217;PEC3_20220728_044500_017.wav;0;0.7645516395568848;0
6218;PEC3_20220728_044500_018.wav;0;0.4444328546524048;0
6219;PEC3_20220728_044500_019.wav;0;0.880484402179718;0
6220;PEC3_20220801_053000_000.wav;0;0.010800699703395367;0
6221;PEC3_20220801_053000_001.wav;0;0.03316111117601395;0
6222;PEC3_20220801_053000_002.wav;0;0.10756667703390121;0
6223;PEC3_20220801_053000_003.wav;0;0.5923473834991455;0
6224;PEC3_20220801_053000_004.wav;0;0.06907804310321808;0
6225;PEC3_20220801_053000_005.wav;0;0.35677093267440796;0
6226;PEC3_20220801_053000_006.wav;0;0.013327566906809807;0
6227;PEC3_20220801_053000_007.wav;0;0.6851562261581421;0
6228;PEC3_20220801_053000_008.wav;0;0.09932693839073181;0
6229;PEC3_20220801_053000_009.wav;0;0.05241234228014946;0
6230;PEC3_20220801_053000_010.wav;0;0.029591994360089302;0
6231;PEC3_20220801_053000_011.wav;0;0.07440822571516037;0
6232;PEC3_20220801_053000_012.wav;0;0.09892350435256958;0
6233;PEC3_20220801_053000_013.wav;0;0.158966526389122;0
6234;PEC3_20220801_053000_014.wav;0;0.1200951561331749;0
6235;PEC3_20220801_053000_015.wav;0;0.30422520637512207;0
6236;PEC3_20220801_053000_016.wav;0;0.04478706046938896;0
6237;PEC3_20220801_053000_017.wav;0;0.031004685908555984;0
6238;PEC3_20220801_053000_018.wav;0;0.18763203918933868;0
6239;PEC3_20220801_053000_019.wav;0;0.1301756650209427;0
6240;PEC3_20220805_121500_000.wav;0;0.5007274150848389;0
6241;PEC3_20220805_121500_001.wav;0;0.7533508539199829;0
6242;PEC3_20220805_121500_002.wav;0;0.9259266257286072;0
6243;PEC3_20220805_121500_003.wav;0;0.579079806804657;0
6244;PEC3_20220805_121500_004.wav;0;0.6269659399986267;0
6245;PEC3_20220805_121500_005.wav;0;0.15637484192848206;0
6246;PEC3_20220805_121500_006.wav;0;0.16501151025295258;0
6247;PEC3_20220805_121500_007.wav;0;0.4374992549419403;0
6248;PEC3_20220805_121500_008.wav;0;0.7128396034240723;0
6249;PEC3_20220805_121500_009.wav;0;0.3985479176044464;0
6250;PEC3_20220805_121500_010.wav;0;0.2355920672416687;0
6251;PEC3_20220805_121500_011.wav;0;0.04838454723358154;0
6252;PEC3_20220805_121500_012.wav;0;0.5837697982788086;0
6253;PEC3_20220805_121500_013.wav;0;0.4581439197063446;0
6254;PEC3_20220805_121500_014.wav;0;0.19294090569019318;0
6255;PEC3_20220805_121500_015.wav;0;0.3027145266532898;0
6256;PEC3_20220805_121500_016.wav;0;0.5498865842819214;0
6257;PEC3_20220805_121500_017.wav;0;0.6078712940216064;0
6258;PEC3_20220805_121500_018.wav;0;0.05839809030294418;0
6259;PEC3_20220805_121500_019.wav;0;0.06008205935359001;0
6260;PEC3_20220806_113000_000.wav;0;0.02865809015929699;0
6261;PEC3_20220806_113000_001.wav;0;0.08931144326925278;0
6262;PEC3_20220806_113000_002.wav;0;0.11685502529144287;0
6263;PEC3_20220806_113000_003.wav;0;0.13607396185398102;0
6264;PEC3_20220806_113000_004.wav;0;0.7869948744773865;0
6265;PEC3_20220806_113000_005.wav;0;0.11374039202928543;0
6266;PEC3_20220806_113000_006.wav;0;0.08437266200780869;0
6267;PEC3_20220806_113000_007.wav;0;0.5536158084869385;0
6268;PEC3_20220806_113000_008.wav;0;0.036960210651159286;0
6269;PEC3_20220806_113000_009.wav;0;0.5025197267532349;0
6270;PEC3_20220806_113000_010.wav;0;0.395814448595047;0
6271;PEC3_20220806_113000_011.wav;0;0.048523448407649994;0
6272;PEC3_20220806_113000_012.wav;0;0.0532253161072731;0
6273;PEC3_20220806_113000_013.wav;0;0.6042073965072632;0
6274;PEC3_20220806_113000_014.wav;0;0.46493157744407654;0
6275;PEC3_20220806_113000_015.wav;0;0.1940745711326599;0
6276;PEC3_20220806_113000_016.wav;0;0.2708628475666046;0
6277;PEC3_20220806_113000_017.wav;0;0.17686936259269714;0
6278;PEC3_20220806_113000_018.wav;0;0.3829115629196167;0
6279;PEC3_20220806_113000_019.wav;0;0.9420838952064514;0
6280;PEC3_20220807_180000_000.wav;0;0.8670632243156433;0
6281;PEC3_20220807_180000_001.wav;0;0.490491658449173;0
6282;PEC3_20220807_180000_002.wav;0;0.18424029648303986;0
6283;PEC3_20220807_180000_003.wav;0;0.109042689204216;0
6284;PEC3_20220807_180000_004.wav;1;0.48203498125076294;1
6285;PEC3_20220807_180000_005.wav;1;0.8960331678390503;1
6286;PEC3_20220807_180000_006.wav;1;0.9035805463790894;1
6287;PEC3_20220807_180000_007.wav;1;0.9841904044151306;1
6288;PEC3_20220807_180000_008.wav;1;0.8798452019691467;1
6289;PEC3_20220807_180000_009.wav;1;0.43866708874702454;1
6290;PEC3_20220807_180000_010.wav;1;0.35878464579582214;1
6291;PEC3_20220807_180000_011.wav;1;0.3866940438747406;1
6292;PEC3_20220807_180000_012.wav;1;0.9144556522369385;1
6293;PEC3_20220807_180000_013.wav;1;0.9775975346565247;1
6294;PEC3_20220807_180000_014.wav;1;0.7451105713844299;1
6295;PEC3_20220807_180000_015.wav;1;0.6565312147140503;1
6296;PEC3_20220807_180000_016.wav;1;0.8454235792160034;1
6297;PEC3_20220807_180000_017.wav;1;0.801060140132904;1
6298;PEC3_20220807_180000_018.wav;1;0.9781674146652222;1
6299;PEC3_20220807_180000_019.wav;1;0.6989206671714783;1
6300;PEC3_20220810_044500_000.wav;0;0.9075643420219421;0
6301;PEC3_20220810_044500_001.wav;0;0.911827802658081;0
6302;PEC3_20220810_044500_002.wav;0;0.935504674911499;0
6303;PEC3_20220810_044500_003.wav;0;0.5207436084747314;0
6304;PEC3_20220810_044500_004.wav;0;0.9613921642303467;0
6305;PEC3_20220810_044500_005.wav;0;0.8115828633308411;0
6306;PEC3_20220810_044500_006.wav;0;0.9585263729095459;0
6307;PEC3_20220810_044500_007.wav;0;0.9528676867485046;0
6308;PEC3_20220810_044500_008.wav;0;0.9733508229255676;0
6309;PEC3_20220810_044500_009.wav;0;0.9569450616836548;0
6310;PEC3_20220810_044500_010.wav;0;0.9698362350463867;0
6311;PEC3_20220810_044500_011.wav;0;0.915772020816803;0
6312;PEC3_20220810_044500_012.wav;0;0.9180730581283569;0
6313;PEC3_20220810_044500_013.wav;0;0.926088809967041;0
6314;PEC3_20220810_044500_014.wav;0;0.7505441308021545;0
6315;PEC3_20220810_044500_015.wav;0;0.92690110206604;0
6316;PEC3_20220810_044500_016.wav;0;0.9269359111785889;0
6317;PEC3_20220810_044500_017.wav;0;0.9476367831230164;0
6318;PEC3_20220810_044500_018.wav;0;0.9414739012718201;0
6319;PEC3_20220810_044500_019.wav;0;0.9462631940841675;0
6320;PEC3_20220811_080000_000.wav;1;0.9971960783004761;1
6321;PEC3_20220811_080000_001.wav;1;0.9936250448226929;1
6322;PEC3_20220811_080000_002.wav;1;0.8773857355117798;1
6323;PEC3_20220811_080000_003.wav;1;0.9859370589256287;1
6324;PEC3_20220811_080000_004.wav;1;0.9474227428436279;1
6325;PEC3_20220811_080000_005.wav;1;0.5732085108757019;1
6326;PEC3_20220811_080000_006.wav;1;0.9439628720283508;1
6327;PEC3_20220811_080000_007.wav;1;0.9647573828697205;1
6328;PEC3_20220811_080000_008.wav;1;0.7607226371765137;1
6329;PEC3_20220811_080000_009.wav;1;0.9680911898612976;1
6330;PEC3_20220811_080000_010.wav;1;0.29817643761634827;1
6331;PEC3_20220811_080000_011.wav;1;0.822298526763916;1
6332;PEC3_20220811_080000_012.wav;1;0.8674079775810242;1
6333;PEC3_20220811_080000_013.wav;1;0.6122557520866394;1
6334;PEC3_20220811_080000_014.wav;1;0.4197368621826172;1
6335;PEC3_20220811_080000_015.wav;1;0.8345627784729004;1
6336;PEC3_20220811_080000_016.wav;1;0.47417205572128296;1
6337;PEC3_20220811_080000_017.wav;1;0.8555832505226135;1
6338;PEC3_20220811_080000_018.wav;1;0.9528106451034546;1
6339;PEC3_20220811_080000_019.wav;1;0.695763349533081;1
6340;PEC3_20220812_070000_000.wav;0;0.9841462969779968;0
6341;PEC3_20220812_070000_001.wav;0;0.7185210585594177;0
6342;PEC3_20220812_070000_002.wav;0;0.9782325029373169;0
6343;PEC3_20220812_070000_003.wav;0;0.9878711700439453;0
6344;PEC3_20220812_070000_004.wav;0;0.9820370674133301;0
6345;PEC3_20220812_070000_005.wav;0;0.9950259327888489;0
6346;PEC3_20220812_070000_006.wav;0;0.9942392110824585;0
6347;PEC3_20220812_070000_007.wav;0;0.9926245808601379;0
6348;PEC3_20220812_070000_008.wav;0;0.9851515889167786;0
6349;PEC3_20220812_070000_009.wav;0;0.9875997304916382;0
6350;PEC3_20220812_070000_010.wav;0;0.9925957322120667;0
6351;PEC3_20220812_070000_011.wav;0;0.9891512393951416;0
6352;PEC3_20220812_070000_012.wav;0;0.9790769815444946;0
6353;PEC3_20220812_070000_013.wav;0;0.9756514430046082;0
6354;PEC3_20220812_070000_014.wav;0;0.985839307308197;0
6355;PEC3_20220812_070000_015.wav;0;0.9926791191101074;0
6356;PEC3_20220812_070000_016.wav;0;0.9658480882644653;0
6357;PEC3_20220812_070000_017.wav;0;0.9781304597854614;0
6358;PEC3_20220812_070000_018.wav;0;0.9568271636962891;0
6359;PEC3_20220812_070000_019.wav;0;0.9744815230369568;0
6360;PEC3_20220813_220000_000.wav;0;0.6800537705421448;0
6361;PEC3_20220813_220000_001.wav;0;0.19312036037445068;0
6362;PEC3_20220813_220000_002.wav;0;0.9008901715278625;0
6363;PEC3_20220813_220000_003.wav;0;0.3236238658428192;0
6364;PEC3_20220813_220000_004.wav;0;0.4409507215023041;0
6365;PEC3_20220813_220000_005.wav;0;0.5032457709312439;0
6366;PEC3_20220813_220000_006.wav;0;0.15486963093280792;0
6367;PEC3_20220813_220000_007.wav;0;0.18494442105293274;0
6368;PEC3_20220813_220000_008.wav;0;0.15170258283615112;0
6369;PEC3_20220813_220000_009.wav;0;0.11757532507181168;0
6370;PEC3_20220813_220000_010.wav;0;0.07868200540542603;0
6371;PEC3_20220813_220000_011.wav;0;0.07751571387052536;0
6372;PEC3_20220813_220000_012.wav;0;0.028746778145432472;0
6373;PEC3_20220813_220000_013.wav;0;0.06900230795145035;0
6374;PEC3_20220813_220000_014.wav;0;0.023906471207737923;0
6375;PEC3_20220813_220000_015.wav;0;0.015370708890259266;0
6376;PEC3_20220813_220000_016.wav;0;0.10303564369678497;0
6377;PEC3_20220813_220000_017.wav;0;0.13194748759269714;0
6378;PEC3_20220813_220000_018.wav;0;0.12855029106140137;0
6379;PEC3_20220813_220000_019.wav;0;0.04098614677786827;0
6380;PEC3_20220815_170000_000.wav;0;0.7729291915893555;0
6381;PEC3_20220815_170000_001.wav;0;0.7987797260284424;0
6382;PEC3_20220815_170000_002.wav;0;0.9234093427658081;0
6383;PEC3_20220815_170000_003.wav;0;0.935509204864502;0
6384;PEC3_20220815_170000_004.wav;0;0.9691078066825867;0
6385;PEC3_20220815_170000_005.wav;0;0.6794137954711914;0
6386;PEC3_20220815_170000_006.wav;0;0.6236897110939026;0
6387;PEC3_20220815_170000_007.wav;0;0.7487224340438843;0
6388;PEC3_20220815_170000_008.wav;0;0.4632227420806885;0
6389;PEC3_20220815_170000_009.wav;0;0.6772105097770691;0
6390;PEC3_20220815_170000_010.wav;0;0.8183850646018982;0
6391;PEC3_20220815_170000_011.wav;0;0.7736488580703735;0
6392;PEC3_20220815_170000_012.wav;0;0.8385739922523499;0
6393;PEC3_20220815_170000_013.wav;0;0.49942898750305176;0
6394;PEC3_20220815_170000_014.wav;0;0.3061538338661194;0
6395;PEC3_20220815_170000_015.wav;0;0.45044445991516113;0
6396;PEC3_20220815_170000_016.wav;0;0.5277048349380493;0
6397;PEC3_20220815_170000_017.wav;0;0.26786184310913086;0
6398;PEC3_20220815_170000_018.wav;0;0.5360023975372314;0
6399;PEC3_20220815_170000_019.wav;0;0.29901784658432007;0
6400;PEC3_20220817_224500_000.wav;0;0.0011944728903472424;0
6401;PEC3_20220817_224500_001.wav;0;0.0008797780028544366;0
6402;PEC3_20220817_224500_002.wav;0;0.0022569827269762754;0
6403;PEC3_20220817_224500_003.wav;0;0.0009712564060464501;0
6404;PEC3_20220817_224500_004.wav;0;0.0008382964879274368;0
6405;PEC3_20220817_224500_005.wav;0;0.0008101838757283986;0
6406;PEC3_20220817_224500_006.wav;0;0.0010384069755673409;0
6407;PEC3_20220817_224500_007.wav;0;0.0007003335631452501;0
6408;PEC3_20220817_224500_008.wav;0;0.0009695191984064877;0
6409;PEC3_20220817_224500_009.wav;0;0.0011197307612746954;0
6410;PEC3_20220817_224500_010.wav;0;0.0012467163614928722;0
6411;PEC3_20220817_224500_011.wav;0;0.0008729242254048586;0
6412;PEC3_20220817_224500_012.wav;0;0.0010264951270073652;0
6413;PEC3_20220817_224500_013.wav;0;0.0013365064514800906;0
6414;PEC3_20220817_224500_014.wav;0;0.0016387734794989228;0
6415;PEC3_20220817_224500_015.wav;0;0.0010544960387051105;0
6416;PEC3_20220817_224500_016.wav;0;0.0012880561407655478;0
6417;PEC3_20220817_224500_017.wav;0;0.0010367921786382794;0
6418;PEC3_20220817_224500_018.wav;0;0.0007874711882323027;0
6419;PEC3_20220817_224500_019.wav;0;0.001079630572348833;0
6420;PEC3_20220821_010000_000.wav;0;0.00296736229211092;0
6421;PEC3_20220821_010000_001.wav;0;0.002368813380599022;0
6422;PEC3_20220821_010000_002.wav;0;0.0020989698823541403;0
6423;PEC3_20220821_010000_003.wav;0;0.0014586796751245856;0
6424;PEC3_20220821_010000_004.wav;0;0.0019387105712667108;0
6425;PEC3_20220821_010000_005.wav;0;0.0017000020015984774;0
6426;PEC3_20220821_010000_006.wav;0;0.00227403175085783;0
6427;PEC3_20220821_010000_007.wav;0;0.004212978761643171;0
6428;PEC3_20220821_010000_008.wav;0;0.00370568735525012;0
6429;PEC3_20220821_010000_009.wav;0;0.004471327178180218;0
6430;PEC3_20220821_010000_010.wav;0;0.0013786861672997475;0
6431;PEC3_20220821_010000_011.wav;0;0.0019658904056996107;0
6432;PEC3_20220821_010000_012.wav;0;0.0030757016502320766;0
6433;PEC3_20220821_010000_013.wav;0;0.001389572280459106;0
6434;PEC3_20220821_010000_014.wav;0;0.0011928451713174582;0
6435;PEC3_20220821_010000_015.wav;0;0.0017834369791671634;0
6436;PEC3_20220821_010000_016.wav;0;0.0019554696045815945;0
6437;PEC3_20220821_010000_017.wav;0;0.001963463146239519;0
6438;PEC3_20220821_010000_018.wav;0;0.0018445239402353764;0
6439;PEC3_20220821_010000_019.wav;0;0.010072247125208378;0
6440;PEC3_20220822_164500_000.wav;0;0.007721661124378443;0
6441;PEC3_20220822_164500_001.wav;0;0.020156655460596085;0
6442;PEC3_20220822_164500_002.wav;0;0.02849556691944599;0
6443;PEC3_20220822_164500_003.wav;0;0.15954115986824036;0
6444;PEC3_20220822_164500_004.wav;0;0.057694826275110245;0
6445;PEC3_20220822_164500_005.wav;0;0.004113629460334778;0
6446;PEC3_20220822_164500_006.wav;1;0.023393001407384872;1
6447;PEC3_20220822_164500_007.wav;1;0.7709841132164001;1
6448;PEC3_20220822_164500_008.wav;1;0.982993483543396;1
6449;PEC3_20220822_164500_009.wav;1;0.9388717412948608;1
6450;PEC3_20220822_164500_010.wav;1;0.9000188112258911;1
6451;PEC3_20220822_164500_011.wav;1;0.9303238391876221;1
6452;PEC3_20220822_164500_012.wav;1;0.9272027015686035;1
6453;PEC3_20220822_164500_013.wav;1;0.6782928109169006;1
6454;PEC3_20220822_164500_014.wav;1;0.10644921660423279;1
6455;PEC3_20220822_164500_015.wav;1;0.8430067300796509;1
6456;PEC3_20220822_164500_016.wav;1;0.6372227668762207;1
6457;PEC3_20220822_164500_017.wav;1;0.7653182148933411;1
6458;PEC3_20220822_164500_018.wav;1;0.7531248331069946;1
6459;PEC3_20220822_164500_019.wav;1;0.4701688587665558;1
6460;VAL2_20220610_113000_000.wav;0;0.008984108455479145;0
6461;VAL2_20220610_113000_001.wav;0;0.009813254699110985;0
6462;VAL2_20220610_113000_002.wav;0;0.016971096396446228;0
6463;VAL2_20220610_113000_003.wav;0;0.010775099508464336;0
6464;VAL2_20220610_113000_004.wav;0;0.008628170937299728;0
6465;VAL2_20220610_113000_005.wav;0;0.006522088311612606;0
6466;VAL2_20220610_113000_006.wav;0;0.006629248149693012;0
6467;VAL2_20220610_113000_007.wav;0;0.008411028422415257;0
6468;VAL2_20220610_113000_008.wav;0;0.009533421136438847;0
6469;VAL2_20220610_113000_009.wav;0;0.006349331233650446;0
6470;VAL2_20220610_113000_010.wav;0;0.011826693080365658;0
6471;VAL2_20220610_113000_011.wav;0;0.010478475131094456;0
6472;VAL2_20220610_113000_012.wav;0;0.014332893304526806;0
6473;VAL2_20220610_113000_013.wav;0;0.017790086567401886;0
6474;VAL2_20220610_113000_014.wav;0;0.026239104568958282;0
6475;VAL2_20220610_113000_015.wav;0;0.0194978229701519;0
6476;VAL2_20220610_113000_016.wav;0;0.01051984541118145;0
6477;VAL2_20220610_113000_017.wav;0;0.015881331637501717;0
6478;VAL2_20220610_113000_018.wav;0;0.01940281130373478;0
6479;VAL2_20220610_113000_019.wav;0;0.03283040598034859;0
6480;VAL2_20220612_040000_000.wav;0;0.020828867331147194;0
6481;VAL2_20220612_040000_001.wav;0;0.03293093666434288;0
6482;VAL2_20220612_040000_002.wav;0;0.009449956007301807;0
6483;VAL2_20220612_040000_003.wav;0;0.03221427649259567;0
6484;VAL2_20220612_040000_004.wav;0;0.04719316214323044;0
6485;VAL2_20220612_040000_005.wav;0;0.009687946178019047;0
6486;VAL2_20220612_040000_006.wav;0;0.009467030875384808;0
6487;VAL2_20220612_040000_007.wav;0;0.09469084441661835;0
6488;VAL2_20220612_040000_008.wav;0;0.011326711624860764;0
6489;VAL2_20220612_040000_009.wav;0;0.009000297635793686;0
6490;VAL2_20220612_040000_010.wav;0;0.009886411018669605;0
6491;VAL2_20220612_040000_011.wav;0;0.019406326115131378;0
6492;VAL2_20220612_040000_012.wav;0;0.01637542061507702;0
6493;VAL2_20220612_040000_013.wav;0;0.005831426475197077;0
6494;VAL2_20220612_040000_014.wav;0;0.006793055217713118;0
6495;VAL2_20220612_040000_015.wav;0;0.01335992943495512;0
6496;VAL2_20220612_040000_016.wav;0;0.017421036958694458;0
6497;VAL2_20220612_040000_017.wav;0;0.011317241936922073;0
6498;VAL2_20220612_040000_018.wav;0;0.007106306497007608;0
6499;VAL2_20220612_040000_019.wav;0;0.0228621494024992;0
6500;VAL2_20220612_164500_000.wav;0;0.01904052123427391;0
6501;VAL2_20220612_164500_001.wav;0;0.10035853087902069;0
6502;VAL2_20220612_164500_002.wav;0;0.000997010851278901;0
6503;VAL2_20220612_164500_003.wav;0;0.04888172820210457;0
6504;VAL2_20220612_164500_004.wav;0;0.018555762246251106;0
6505;VAL2_20220612_164500_005.wav;0;0.021672291681170464;0
6506;VAL2_20220612_164500_006.wav;0;0.021700957790017128;0
6507;VAL2_20220612_164500_007.wav;0;0.01984293758869171;0
6508;VAL2_20220612_164500_008.wav;0;0.03247795253992081;0
6509;VAL2_20220612_164500_009.wav;0;0.0016178517835214734;0
6510;VAL2_20220612_164500_010.wav;0;0.00674221757799387;0
6511;VAL2_20220612_164500_011.wav;0;0.009514695033431053;0
6512;VAL2_20220612_164500_012.wav;0;0.007404233794659376;0
6513;VAL2_20220612_164500_013.wav;0;0.016845932230353355;0
6514;VAL2_20220612_164500_014.wav;0;0.011015326716005802;0
6515;VAL2_20220612_164500_015.wav;0;0.01946892775595188;0
6516;VAL2_20220612_164500_016.wav;0;0.0061300951056182384;0
6517;VAL2_20220612_164500_017.wav;0;0.0047072977758944035;0
6518;VAL2_20220612_164500_018.wav;0;0.3977578580379486;1
6519;VAL2_20220612_164500_019.wav;0;0.0023880680091679096;1
6520;VAL2_20220616_203000_000.wav;0;0.017722174525260925;0
6521;VAL2_20220616_203000_001.wav;0;0.009611648507416248;0
6522;VAL2_20220616_203000_002.wav;0;0.011093273758888245;0
6523;VAL2_20220616_203000_003.wav;0;0.007884956896305084;0
6524;VAL2_20220616_203000_004.wav;0;0.010402107611298561;0
6525;VAL2_20220616_203000_005.wav;0;0.011298264376819134;0
6526;VAL2_20220616_203000_006.wav;0;0.013233478181064129;0
6527;VAL2_20220616_203000_007.wav;0;0.011541512794792652;0
6528;VAL2_20220616_203000_008.wav;0;0.11566575616598129;0
6529;VAL2_20220616_203000_009.wav;0;0.20899178087711334;0
6530;VAL2_20220616_203000_010.wav;0;0.015691198408603668;0
6531;VAL2_20220616_203000_011.wav;0;0.05745178088545799;0
6532;VAL2_20220616_203000_012.wav;0;0.04602561146020889;0
6533;VAL2_20220616_203000_013.wav;0;0.03833252564072609;0
6534;VAL2_20220616_203000_014.wav;0;0.03754290193319321;0
6535;VAL2_20220616_203000_015.wav;0;0.045362863689661026;0
6536;VAL2_20220616_203000_016.wav;0;0.0444270484149456;0
6537;VAL2_20220616_203000_017.wav;0;0.02179800719022751;0
6538;VAL2_20220616_203000_018.wav;0;0.17258970439434052;0
6539;VAL2_20220616_203000_019.wav;0;0.020611196756362915;0
6540;VAL2_20220618_040000_000.wav;0;0.04645869508385658;0
6541;VAL2_20220618_040000_001.wav;0;0.05608592927455902;0
6542;VAL2_20220618_040000_002.wav;0;0.09978637844324112;0
6543;VAL2_20220618_040000_003.wav;0;0.626183032989502;0
6544;VAL2_20220618_040000_004.wav;0;0.3108079731464386;0
6545;VAL2_20220618_040000_005.wav;0;0.1568959355354309;0
6546;VAL2_20220618_040000_006.wav;0;0.0307074636220932;0
6547;VAL2_20220618_040000_007.wav;0;0.07519448548555374;0
6548;VAL2_20220618_040000_008.wav;0;0.3329351842403412;0
6549;VAL2_20220618_040000_009.wav;0;0.07536065578460693;0
6550;VAL2_20220618_040000_010.wav;0;0.12384800612926483;0
6551;VAL2_20220618_040000_011.wav;0;0.25013893842697144;0
6552;VAL2_20220618_040000_012.wav;0;0.32111528515815735;0
6553;VAL2_20220618_040000_013.wav;0;0.47002744674682617;0
6554;VAL2_20220618_040000_014.wav;0;0.08135155588388443;0
6555;VAL2_20220618_040000_015.wav;0;0.33499521017074585;0
6556;VAL2_20220618_040000_016.wav;0;0.06677321344614029;0
6557;VAL2_20220618_040000_017.wav;0;0.03588339313864708;0
6558;VAL2_20220618_040000_018.wav;0;0.010902311652898788;0
6559;VAL2_20220618_040000_019.wav;0;0.018315302208065987;0
6560;VAL2_20220618_063000_000.wav;0;0.05075746774673462;0
6561;VAL2_20220618_063000_001.wav;0;0.11394691467285156;0
6562;VAL2_20220618_063000_002.wav;0;0.232383593916893;0
6563;VAL2_20220618_063000_003.wav;0;0.3513115644454956;0
6564;VAL2_20220618_063000_004.wav;0;0.06690195947885513;0
6565;VAL2_20220618_063000_005.wav;0;0.24775801599025726;0
6566;VAL2_20220618_063000_006.wav;0;0.026554327458143234;0
6567;VAL2_20220618_063000_007.wav;0;0.30352020263671875;0
6568;VAL2_20220618_063000_008.wav;0;0.08096899092197418;0
6569;VAL2_20220618_063000_009.wav;0;0.1624128669500351;0
6570;VAL2_20220618_063000_010.wav;0;0.12670928239822388;0
6571;VAL2_20220618_063000_011.wav;0;0.03671589121222496;0
6572;VAL2_20220618_063000_012.wav;0;0.16472460329532623;0
6573;VAL2_20220618_063000_013.wav;0;0.11140406876802444;0
6574;VAL2_20220618_063000_014.wav;0;0.05196979269385338;0
6575;VAL2_20220618_063000_015.wav;0;0.2550995647907257;0
6576;VAL2_20220618_063000_016.wav;0;0.20480936765670776;0
6577;VAL2_20220618_063000_017.wav;0;0.25246065855026245;0
6578;VAL2_20220618_063000_018.wav;0;0.7743632793426514;0
6579;VAL2_20220618_063000_019.wav;0;0.08820682764053345;0
6580;VAL2_20220622_031500_000.wav;0;0.08054345846176147;0
6581;VAL2_20220622_031500_001.wav;0;0.04156974330544472;0
6582;VAL2_20220622_031500_002.wav;0;0.011492819525301456;0
6583;VAL2_20220622_031500_003.wav;0;0.016039010137319565;0
6584;VAL2_20220622_031500_004.wav;0;0.021744104102253914;0
6585;VAL2_20220622_031500_005.wav;0;0.017962785437703133;0
6586;VAL2_20220622_031500_006.wav;0;0.03402626886963844;0
6587;VAL2_20220622_031500_007.wav;0;0.45173966884613037;0
6588;VAL2_20220622_031500_008.wav;0;0.3453885018825531;0
6589;VAL2_20220622_031500_009.wav;0;0.28424161672592163;0
6590;VAL2_20220622_031500_010.wav;0;0.3274106979370117;0
6591;VAL2_20220622_031500_011.wav;0;0.08076337724924088;0
6592;VAL2_20220622_031500_012.wav;0;0.0464196614921093;0
6593;VAL2_20220622_031500_013.wav;0;0.19069688022136688;0
6594;VAL2_20220622_031500_014.wav;0;0.05223234370350838;0
6595;VAL2_20220622_031500_015.wav;0;0.02717427909374237;0
6596;VAL2_20220622_031500_016.wav;0;0.11127140372991562;0
6597;VAL2_20220622_031500_017.wav;0;0.09141356498003006;0
6598;VAL2_20220622_031500_018.wav;0;0.08585412800312042;0
6599;VAL2_20220622_031500_019.wav;0;0.0676744133234024;0
6600;VAL2_20220626_164500_000.wav;0;0.05806230753660202;0
6601;VAL2_20220626_164500_001.wav;0;0.48108792304992676;0
6602;VAL2_20220626_164500_002.wav;0;0.4827416241168976;0
6603;VAL2_20220626_164500_003.wav;0;0.0699591338634491;0
6604;VAL2_20220626_164500_004.wav;0;0.2023123800754547;0
6605;VAL2_20220626_164500_005.wav;0;0.741528332233429;0
6606;VAL2_20220626_164500_006.wav;0;0.46836477518081665;0
6607;VAL2_20220626_164500_007.wav;0;0.4220597445964813;0
6608;VAL2_20220626_164500_008.wav;0;0.623031497001648;0
6609;VAL2_20220626_164500_009.wav;0;0.7211430072784424;0
6610;VAL2_20220626_164500_010.wav;0;0.31708258390426636;0
6611;VAL2_20220626_164500_011.wav;0;0.19101488590240479;0
6612;VAL2_20220626_164500_012.wav;0;0.3651718497276306;0
6613;VAL2_20220626_164500_013.wav;0;0.13976667821407318;0
6614;VAL2_20220626_164500_014.wav;0;0.12397849559783936;0
6615;VAL2_20220626_164500_015.wav;0;0.1409439593553543;0
6616;VAL2_20220626_164500_016.wav;0;0.3697541654109955;0
6617;VAL2_20220626_164500_017.wav;0;0.1772598773241043;0
6618;VAL2_20220626_164500_018.wav;0;0.5322772264480591;0
6619;VAL2_20220626_164500_019.wav;0;0.07931629568338394;0
6620;VAL2_20220626_231500_000.wav;0;0.017747675999999046;0
6621;VAL2_20220626_231500_001.wav;0;0.014261427335441113;0
6622;VAL2_20220626_231500_002.wav;0;0.3718439042568207;0
6623;VAL2_20220626_231500_003.wav;0;0.022759517654776573;0
6624;VAL2_20220626_231500_004.wav;0;0.11341861635446548;0
6625;VAL2_20220626_231500_005.wav;0;0.02750830166041851;0
6626;VAL2_20220626_231500_006.wav;0;0.050688162446022034;0
6627;VAL2_20220626_231500_007.wav;0;0.04034364968538284;0
6628;VAL2_20220626_231500_008.wav;0;0.25811418890953064;0
6629;VAL2_20220626_231500_009.wav;0;0.14184781908988953;0
6630;VAL2_20220626_231500_010.wav;0;0.04455409571528435;0
6631;VAL2_20220626_231500_011.wav;0;0.2348116785287857;0
6632;VAL2_20220626_231500_012.wav;0;0.6495552062988281;0
6633;VAL2_20220626_231500_013.wav;0;0.5234544277191162;0
6634;VAL2_20220626_231500_014.wav;0;0.031171590089797974;0
6635;VAL2_20220626_231500_015.wav;0;0.12126673758029938;0
6636;VAL2_20220626_231500_016.wav;0;0.02424151822924614;0
6637;VAL2_20220626_231500_017.wav;0;0.08374236524105072;0
6638;VAL2_20220626_231500_018.wav;0;0.055566731840372086;0
6639;VAL2_20220626_231500_019.wav;0;0.038390349596738815;0
6640;VAL2_20220628_141500_000.wav;0;0.01695418357849121;1
6641;VAL2_20220628_141500_001.wav;0;0.793986439704895;1
6642;VAL2_20220628_141500_002.wav;0;0.023454027250409126;1
6643;VAL2_20220628_141500_003.wav;0;0.8682618737220764;1
6644;VAL2_20220628_141500_004.wav;0;0.029625089839100838;1
6645;VAL2_20220628_141500_005.wav;0;0.7914753556251526;1
6646;VAL2_20220628_141500_006.wav;0;0.31017547845840454;1
6647;VAL2_20220628_141500_007.wav;0;0.013371274806559086;0
6648;VAL2_20220628_141500_008.wav;0;0.03007599152624607;0
6649;VAL2_20220628_141500_009.wav;0;0.06950773298740387;0
6650;VAL2_20220628_141500_010.wav;0;0.340242862701416;0
6651;VAL2_20220628_141500_011.wav;0;0.17656958103179932;0
6652;VAL2_20220628_141500_012.wav;0;0.005985610652714968;0
6653;VAL2_20220628_141500_013.wav;0;0.010695275850594044;0
6654;VAL2_20220628_141500_014.wav;0;0.009390482679009438;0
6655;VAL2_20220628_141500_015.wav;0;0.021725518628954887;0
6656;VAL2_20220628_141500_016.wav;0;0.010209155268967152;0
6657;VAL2_20220628_141500_017.wav;0;0.14950503408908844;0
6658;VAL2_20220628_141500_018.wav;0;0.21600086987018585;0
6659;VAL2_20220628_141500_019.wav;0;0.04154956340789795;0
6660;VAL2_20220630_090000_000.wav;0;0.6607190370559692;0
6661;VAL2_20220630_090000_001.wav;0;0.8620628714561462;0
6662;VAL2_20220630_090000_002.wav;0;0.594134509563446;0
6663;VAL2_20220630_090000_003.wav;0;0.8322992324829102;0
6664;VAL2_20220630_090000_004.wav;0;0.9865543842315674;0
6665;VAL2_20220630_090000_005.wav;0;0.59132981300354;0
6666;VAL2_20220630_090000_006.wav;0;0.9869698286056519;0
6667;VAL2_20220630_090000_007.wav;0;0.9765243530273438;0
6668;VAL2_20220630_090000_008.wav;0;0.5616388916969299;0
6669;VAL2_20220630_090000_009.wav;0;0.3200071156024933;0
6670;VAL2_20220630_090000_010.wav;0;0.41955870389938354;0
6671;VAL2_20220630_090000_011.wav;0;0.12912926077842712;0
6672;VAL2_20220630_090000_012.wav;0;0.4306935667991638;0
6673;VAL2_20220630_090000_013.wav;0;0.5393659472465515;0
6674;VAL2_20220630_090000_014.wav;0;0.20524726808071136;0
6675;VAL2_20220630_090000_015.wav;0;0.3861551880836487;0
6676;VAL2_20220630_090000_016.wav;0;0.09287718683481216;0
6677;VAL2_20220630_090000_017.wav;0;0.2667979300022125;0
6678;VAL2_20220630_090000_018.wav;0;0.11949164420366287;0
6679;VAL2_20220630_090000_019.wav;0;0.7108439803123474;0
6680;VAL2_20220630_213000_000.wav;0;0.13166587054729462;0
6681;VAL2_20220630_213000_001.wav;0;0.12748698890209198;0
6682;VAL2_20220630_213000_002.wav;0;0.04658886790275574;0
6683;VAL2_20220630_213000_003.wav;0;0.10722462832927704;0
6684;VAL2_20220630_213000_004.wav;0;0.2930801212787628;0
6685;VAL2_20220630_213000_005.wav;0;0.4282686710357666;0
6686;VAL2_20220630_213000_006.wav;0;0.28760844469070435;0
6687;VAL2_20220630_213000_007.wav;0;0.11836270242929459;0
6688;VAL2_20220630_213000_008.wav;0;0.35098230838775635;0
6689;VAL2_20220630_213000_009.wav;0;0.12223654240369797;0
6690;VAL2_20220630_213000_010.wav;0;0.32436445355415344;0
6691;VAL2_20220630_213000_011.wav;0;0.21174268424510956;0
6692;VAL2_20220630_213000_012.wav;0;0.18320134282112122;0
6693;VAL2_20220630_213000_013.wav;0;0.03599068149924278;0
6694;VAL2_20220630_213000_014.wav;0;0.7177559733390808;0
6695;VAL2_20220630_213000_015.wav;0;0.44278910756111145;0
6696;VAL2_20220630_213000_016.wav;0;0.23878617584705353;0
6697;VAL2_20220630_213000_017.wav;0;0.5833107233047485;0
6698;VAL2_20220630_213000_018.wav;0;0.1971893608570099;0
6699;VAL2_20220630_213000_019.wav;0;0.24919436872005463;0
6700;VAL2_20220704_113000_000.wav;0;0.28670549392700195;0
6701;VAL2_20220704_113000_001.wav;0;0.06507354229688644;0
6702;VAL2_20220704_113000_002.wav;0;0.04382428154349327;0
6703;VAL2_20220704_113000_003.wav;0;0.11882959306240082;0
6704;VAL2_20220704_113000_004.wav;0;0.32882776856422424;0
6705;VAL2_20220704_113000_005.wav;0;0.3620518445968628;0
6706;VAL2_20220704_113000_006.wav;0;0.24063512682914734;0
6707;VAL2_20220704_113000_007.wav;0;0.14052842557430267;0
6708;VAL2_20220704_113000_008.wav;0;0.06872422993183136;0
6709;VAL2_20220704_113000_009.wav;0;0.2065858393907547;0
6710;VAL2_20220704_113000_010.wav;0;0.07925659418106079;0
6711;VAL2_20220704_113000_011.wav;0;0.2951706051826477;0
6712;VAL2_20220704_113000_012.wav;0;0.40287595987319946;0
6713;VAL2_20220704_113000_013.wav;0;0.8659815192222595;0
6714;VAL2_20220704_113000_014.wav;0;0.025657419115304947;0
6715;VAL2_20220704_113000_015.wav;0;0.37396806478500366;0
6716;VAL2_20220704_113000_016.wav;0;0.16292743384838104;0
6717;VAL2_20220704_113000_017.wav;0;0.38792943954467773;0
6718;VAL2_20220704_113000_018.wav;0;0.09175115823745728;0
6719;VAL2_20220704_113000_019.wav;0;0.09840891510248184;0
6720;VAL2_20220704_183000_000.wav;0;0.5137235522270203;0
6721;VAL2_20220704_183000_001.wav;0;0.31296998262405396;0
6722;VAL2_20220704_183000_002.wav;0;0.01236178819090128;0
6723;VAL2_20220704_183000_003.wav;0;0.050952911376953125;0
6724;VAL2_20220704_183000_004.wav;0;0.1502290666103363;0
6725;VAL2_20220704_183000_005.wav;0;0.05642872676253319;0
6726;VAL2_20220704_183000_006.wav;0;0.08685784786939621;0
6727;VAL2_20220704_183000_007.wav;0;0.019444800913333893;0
6728;VAL2_20220704_183000_008.wav;0;0.04603433236479759;0
6729;VAL2_20220704_183000_009.wav;0;0.24174772202968597;0
6730;VAL2_20220704_183000_010.wav;0;0.019646055996418;0
6731;VAL2_20220704_183000_011.wav;0;0.022079797461628914;0
6732;VAL2_20220704_183000_012.wav;0;0.016942013055086136;0
6733;VAL2_20220704_183000_013.wav;0;0.2994823753833771;0
6734;VAL2_20220704_183000_014.wav;0;0.051893848925828934;0
6735;VAL2_20220704_183000_015.wav;0;0.0698261559009552;0
6736;VAL2_20220704_183000_016.wav;0;0.017879994586110115;0
6737;VAL2_20220704_183000_017.wav;0;0.03228948637843132;0
6738;VAL2_20220704_183000_018.wav;0;0.055326253175735474;0
6739;VAL2_20220704_183000_019.wav;0;0.028824517503380775;0
6740;VAL2_20220706_051500_000.wav;0;0.9931332468986511;0
6741;VAL2_20220706_051500_001.wav;0;0.9698120951652527;0
6742;VAL2_20220706_051500_002.wav;0;0.9426619410514832;0
6743;VAL2_20220706_051500_003.wav;0;0.16914427280426025;0
6744;VAL2_20220706_051500_004.wav;0;0.3842098116874695;0
6745;VAL2_20220706_051500_005.wav;0;0.14553220570087433;0
6746;VAL2_20220706_051500_006.wav;0;0.12010885775089264;0
6747;VAL2_20220706_051500_007.wav;0;0.535166323184967;0
6748;VAL2_20220706_051500_008.wav;0;0.026596803218126297;0
6749;VAL2_20220706_051500_009.wav;0;0.16956554353237152;0
6750;VAL2_20220706_051500_010.wav;0;0.0863175019621849;0
6751;VAL2_20220706_051500_011.wav;0;0.0646698996424675;0
6752;VAL2_20220706_051500_012.wav;0;0.08693471550941467;0
6753;VAL2_20220706_051500_013.wav;0;0.8962574005126953;0
6754;VAL2_20220706_051500_014.wav;0;0.33404314517974854;0
6755;VAL2_20220706_051500_015.wav;0;0.42398515343666077;0
6756;VAL2_20220706_051500_016.wav;0;0.03775409236550331;0
6757;VAL2_20220706_051500_017.wav;0;0.13493405282497406;0
6758;VAL2_20220706_051500_018.wav;0;0.1107340008020401;0
6759;VAL2_20220706_051500_019.wav;0;0.35700634121894836;0
6760;VAL2_20220708_131500_000.wav;0;0.02671939879655838;0
6761;VAL2_20220708_131500_001.wav;0;0.41525164246559143;0
6762;VAL2_20220708_131500_002.wav;0;0.4294051229953766;0
6763;VAL2_20220708_131500_003.wav;0;0.1853199452161789;0
6764;VAL2_20220708_131500_004.wav;0;0.42614075541496277;0
6765;VAL2_20220708_131500_005.wav;0;0.17710942029953003;0
6766;VAL2_20220708_131500_006.wav;0;0.06069501116871834;0
6767;VAL2_20220708_131500_007.wav;0;0.22614426910877228;0
6768;VAL2_20220708_131500_008.wav;0;0.11092926561832428;0
6769;VAL2_20220708_131500_009.wav;0;0.08841259032487869;0
6770;VAL2_20220708_131500_010.wav;0;0.15363025665283203;0
6771;VAL2_20220708_131500_011.wav;0;0.3447808623313904;0
6772;VAL2_20220708_131500_012.wav;0;0.01088742632418871;0
6773;VAL2_20220708_131500_013.wav;0;0.16266807913780212;0
6774;VAL2_20220708_131500_014.wav;0;0.13781024515628815;0
6775;VAL2_20220708_131500_015.wav;0;0.029082462191581726;0
6776;VAL2_20220708_131500_016.wav;0;0.1558273583650589;0
6777;VAL2_20220708_131500_017.wav;0;0.08850124478340149;0
6778;VAL2_20220708_131500_018.wav;0;0.029177792370319366;0
6779;VAL2_20220708_131500_019.wav;0;0.019084446132183075;0
6780;VAL2_20220710_101500_000.wav;0;0.21119412779808044;0
6781;VAL2_20220710_101500_001.wav;0;0.1980736255645752;0
6782;VAL2_20220710_101500_002.wav;0;0.07000846415758133;0
6783;VAL2_20220710_101500_003.wav;0;0.12740814685821533;0
6784;VAL2_20220710_101500_004.wav;0;0.04044229909777641;0
6785;VAL2_20220710_101500_005.wav;0;0.023761577904224396;0
6786;VAL2_20220710_101500_006.wav;0;0.07154890149831772;0
6787;VAL2_20220710_101500_007.wav;0;0.011865017004311085;0
6788;VAL2_20220710_101500_008.wav;0;0.022411437705159187;0
6789;VAL2_20220710_101500_009.wav;0;0.020113401114940643;0
6790;VAL2_20220710_101500_010.wav;0;0.01608794555068016;0
6791;VAL2_20220710_101500_011.wav;0;0.18942022323608398;0
6792;VAL2_20220710_101500_012.wav;0;0.02269379235804081;0
6793;VAL2_20220710_101500_013.wav;0;0.016936399042606354;0
6794;VAL2_20220710_101500_014.wav;0;0.016478922218084335;0
6795;VAL2_20220710_101500_015.wav;0;0.018067236989736557;0
6796;VAL2_20220710_101500_016.wav;0;0.013578266836702824;0
6797;VAL2_20220710_101500_017.wav;0;0.010580587200820446;0
6798;VAL2_20220710_101500_018.wav;0;0.016290636733174324;0
6799;VAL2_20220710_101500_019.wav;0;0.019426962360739708;0
6800;VAL2_20220712_044500_000.wav;0;0.37294986844062805;0
6801;VAL2_20220712_044500_001.wav;0;0.056535109877586365;0
6802;VAL2_20220712_044500_002.wav;0;0.06183702498674393;0
6803;VAL2_20220712_044500_003.wav;0;0.15246543288230896;0
6804;VAL2_20220712_044500_004.wav;0;0.0295046865940094;0
6805;VAL2_20220712_044500_005.wav;0;0.02640884555876255;0
6806;VAL2_20220712_044500_006.wav;0;0.08409182727336884;0
6807;VAL2_20220712_044500_007.wav;0;0.19956767559051514;0
6808;VAL2_20220712_044500_008.wav;0;0.034542981535196304;0
6809;VAL2_20220712_044500_009.wav;0;0.040761351585388184;0
6810;VAL2_20220712_044500_010.wav;0;0.18159204721450806;0
6811;VAL2_20220712_044500_011.wav;0;0.047962479293346405;0
6812;VAL2_20220712_044500_012.wav;0;0.3811306953430176;0
6813;VAL2_20220712_044500_013.wav;0;0.05566342547535896;0
6814;VAL2_20220712_044500_014.wav;0;0.05907638743519783;0
6815;VAL2_20220712_044500_015.wav;0;0.10211239755153656;0
6816;VAL2_20220712_044500_016.wav;0;0.09106925129890442;0
6817;VAL2_20220712_044500_017.wav;0;0.26413050293922424;0
6818;VAL2_20220712_044500_018.wav;0;0.03687650337815285;0
6819;VAL2_20220712_044500_019.wav;0;0.06566017866134644;0
6820;VAL2_20220714_084500_000.wav;1;0.12986573576927185;1
6821;VAL2_20220714_084500_001.wav;1;0.957798182964325;1
6822;VAL2_20220714_084500_002.wav;1;0.9961347579956055;1
6823;VAL2_20220714_084500_003.wav;1;0.9895663261413574;1
6824;VAL2_20220714_084500_004.wav;1;0.9783309698104858;1
6825;VAL2_20220714_084500_005.wav;1;0.9504570960998535;1
6826;VAL2_20220714_084500_006.wav;1;0.05397413298487663;1
6827;VAL2_20220714_084500_007.wav;0;0.01840744912624359;0
6828;VAL2_20220714_084500_008.wav;0;0.026470080018043518;0
6829;VAL2_20220714_084500_009.wav;0;0.031195567920804024;0
6830;VAL2_20220714_084500_010.wav;0;0.014173665083944798;0
6831;VAL2_20220714_084500_011.wav;0;0.6701878309249878;0
6832;VAL2_20220714_084500_012.wav;0;0.057950329035520554;0
6833;VAL2_20220714_084500_013.wav;0;0.03780432790517807;0
6834;VAL2_20220714_084500_014.wav;0;0.017007632181048393;0
6835;VAL2_20220714_084500_015.wav;0;0.012665610760450363;0
6836;VAL2_20220714_084500_016.wav;0;0.05223778635263443;0
6837;VAL2_20220714_084500_017.wav;0;0.016396740451455116;0
6838;VAL2_20220714_084500_018.wav;0;0.17277559638023376;0
6839;VAL2_20220714_084500_019.wav;0;0.035198479890823364;0
6840;VAL2_20220714_124500_000.wav;0;0.9866573214530945;0
6841;VAL2_20220714_124500_001.wav;0;0.8067877888679504;0
6842;VAL2_20220714_124500_002.wav;0;0.9546685814857483;0
6843;VAL2_20220714_124500_003.wav;0;0.9806570410728455;0
6844;VAL2_20220714_124500_004.wav;0;0.6367080807685852;0
6845;VAL2_20220714_124500_005.wav;0;0.7984384894371033;0
6846;VAL2_20220714_124500_006.wav;0;0.553857684135437;0
6847;VAL2_20220714_124500_007.wav;0;0.028351670131087303;0
6848;VAL2_20220714_124500_008.wav;0;0.7071674466133118;0
6849;VAL2_20220714_124500_009.wav;0;0.2466789036989212;0
6850;VAL2_20220714_124500_010.wav;0;0.015816008672118187;0
6851;VAL2_20220714_124500_011.wav;0;0.9075376987457275;0
6852;VAL2_20220714_124500_012.wav;0;0.05603746697306633;0
6853;VAL2_20220714_124500_013.wav;0;0.021318817511200905;0
6854;VAL2_20220714_124500_014.wav;0;0.0427192822098732;0
6855;VAL2_20220714_124500_015.wav;0;0.19716574251651764;0
6856;VAL2_20220714_124500_016.wav;0;0.8201800584793091;0
6857;VAL2_20220714_124500_017.wav;0;0.9987187385559082;0
6858;VAL2_20220714_124500_018.wav;0;0.9958005547523499;0
6859;VAL2_20220714_124500_019.wav;0;0.9454448819160461;0
6860;VAL2_20220716_193000_000.wav;0;0.013301902450621128;0
6861;VAL2_20220716_193000_001.wav;0;0.01259501464664936;0
6862;VAL2_20220716_193000_002.wav;0;0.012620866298675537;0
6863;VAL2_20220716_193000_003.wav;0;0.013619906269013882;0
6864;VAL2_20220716_193000_004.wav;0;0.009185440838336945;0
6865;VAL2_20220716_193000_005.wav;0;0.05709569901227951;0
6866;VAL2_20220716_193000_006.wav;0;0.039012130349874496;0
6867;VAL2_20220716_193000_007.wav;0;0.013025399297475815;0
6868;VAL2_20220716_193000_008.wav;0;0.013409430161118507;0
6869;VAL2_20220716_193000_009.wav;0;0.021159380674362183;0
6870;VAL2_20220716_193000_010.wav;0;0.06537851691246033;0
6871;VAL2_20220716_193000_011.wav;0;0.020006228238344193;0
6872;VAL2_20220716_193000_012.wav;0;0.07875790446996689;0
6873;VAL2_20220716_193000_013.wav;0;0.19801457226276398;0
6874;VAL2_20220716_193000_014.wav;0;0.044879619032144547;0
6875;VAL2_20220716_193000_015.wav;0;0.009848526678979397;0
6876;VAL2_20220716_193000_016.wav;0;0.01883549615740776;0
6877;VAL2_20220716_193000_017.wav;0;0.056315548717975616;0
6878;VAL2_20220716_193000_018.wav;0;0.2526947855949402;0
6879;VAL2_20220716_193000_019.wav;0;0.05842205509543419;0
6880;VAL2_20220720_010000_000.wav;0;0.10833647102117538;0
6881;VAL2_20220720_010000_001.wav;0;0.013427755795419216;0
6882;VAL2_20220720_010000_002.wav;0;0.011418391950428486;0
6883;VAL2_20220720_010000_003.wav;0;0.013110538013279438;0
6884;VAL2_20220720_010000_004.wav;0;0.028591908514499664;0
6885;VAL2_20220720_010000_005.wav;0;0.03021131083369255;0
6886;VAL2_20220720_010000_006.wav;0;0.008277091197669506;0
6887;VAL2_20220720_010000_007.wav;0;0.00463604461401701;0
6888;VAL2_20220720_010000_008.wav;0;0.010493882931768894;0
6889;VAL2_20220720_010000_009.wav;0;0.03745897859334946;0
6890;VAL2_20220720_010000_010.wav;0;0.007048767525702715;0
6891;VAL2_20220720_010000_011.wav;0;0.012973426841199398;0
6892;VAL2_20220720_010000_012.wav;0;0.034801024943590164;0
6893;VAL2_20220720_010000_013.wav;0;0.01236728485673666;0
6894;VAL2_20220720_010000_014.wav;0;0.014175030402839184;0
6895;VAL2_20220720_010000_015.wav;0;0.01908431388437748;0
6896;VAL2_20220720_010000_016.wav;0;0.02059214375913143;0
6897;VAL2_20220720_010000_017.wav;0;0.016933374106884003;0
6898;VAL2_20220720_010000_018.wav;0;0.010733304545283318;0
6899;VAL2_20220720_010000_019.wav;0;0.00926029309630394;0
6900;VAL2_20220720_214500_000.wav;0;0.03541494905948639;0
6901;VAL2_20220720_214500_001.wav;0;0.11994881927967072;0
6902;VAL2_20220720_214500_002.wav;0;0.1301419883966446;0
6903;VAL2_20220720_214500_003.wav;0;0.05937376245856285;0
6904;VAL2_20220720_214500_004.wav;0;0.0335911326110363;0
6905;VAL2_20220720_214500_005.wav;0;0.11153395473957062;0
6906;VAL2_20220720_214500_006.wav;0;0.019963305443525314;0
6907;VAL2_20220720_214500_007.wav;0;0.010519711300730705;0
6908;VAL2_20220720_214500_008.wav;0;0.01977250725030899;0
6909;VAL2_20220720_214500_009.wav;0;0.16082780063152313;0
6910;VAL2_20220720_214500_010.wav;0;0.27168723940849304;0
6911;VAL2_20220720_214500_011.wav;0;0.01979844830930233;0
6912;VAL2_20220720_214500_012.wav;0;0.06941810250282288;0
6913;VAL2_20220720_214500_013.wav;0;0.07024092227220535;0
6914;VAL2_20220720_214500_014.wav;0;0.17992405593395233;0
6915;VAL2_20220720_214500_015.wav;0;0.14808185398578644;0
6916;VAL2_20220720_214500_016.wav;0;0.07447326928377151;0
6917;VAL2_20220720_214500_017.wav;0;0.18702709674835205;0
6918;VAL2_20220720_214500_018.wav;0;0.04192184656858444;0
6919;VAL2_20220720_214500_019.wav;0;0.45496901869773865;0
6920;VAL2_20220726_123000_000.wav;0;0.008867880329489708;0
6921;VAL2_20220726_123000_001.wav;0;0.009663387201726437;0
6922;VAL2_20220726_123000_002.wav;0;0.011880333535373211;0
6923;VAL2_20220726_123000_003.wav;0;0.008703481405973434;0
6924;VAL2_20220726_123000_004.wav;0;0.018900910392403603;0
6925;VAL2_20220726_123000_005.wav;0;0.016172200441360474;0
6926;VAL2_20220726_123000_006.wav;0;0.060420792549848557;0
6927;VAL2_20220726_123000_007.wav;0;0.013927804306149483;0
6928;VAL2_20220726_123000_008.wav;0;0.007259873207658529;0
6929;VAL2_20220726_123000_009.wav;0;0.00500619737431407;0
6930;VAL2_20220726_123000_010.wav;0;0.09905251860618591;0
6931;VAL2_20220726_123000_011.wav;0;0.04845486208796501;0
6932;VAL2_20220726_123000_012.wav;0;0.3298531174659729;0
6933;VAL2_20220726_123000_013.wav;0;0.0024863581638783216;0
6934;VAL2_20220726_123000_014.wav;0;0.00561582762748003;0
6935;VAL2_20220726_123000_015.wav;0;0.005455553065985441;0
6936;VAL2_20220726_123000_016.wav;0;0.029049694538116455;0
6937;VAL2_20220726_123000_017.wav;0;0.01741379126906395;0
6938;VAL2_20220726_123000_018.wav;0;0.010663717985153198;0
6939;VAL2_20220726_123000_019.wav;0;0.005396370775997639;0
6940;VAL2_20220803_143000_000.wav;0;0.32852256298065186;0
6941;VAL2_20220803_143000_001.wav;0;0.9528279900550842;0
6942;VAL2_20220803_143000_002.wav;0;0.5567687749862671;0
6943;VAL2_20220803_143000_003.wav;1;0.7893615961074829;1
6944;VAL2_20220803_143000_004.wav;1;0.9899917244911194;1
6945;VAL2_20220803_143000_005.wav;1;0.9854617118835449;1
6946;VAL2_20220803_143000_006.wav;1;0.9891002774238586;1
6947;VAL2_20220803_143000_007.wav;1;0.8559792041778564;1
6948;VAL2_20220803_143000_008.wav;1;0.9634390473365784;1
6949;VAL2_20220803_143000_009.wav;1;0.9835669994354248;1
6950;VAL2_20220803_143000_010.wav;1;0.665846049785614;1
6951;VAL2_20220803_143000_011.wav;1;0.9836968779563904;1
6952;VAL2_20220803_143000_012.wav;1;0.9625705480575562;1
6953;VAL2_20220803_143000_013.wav;1;0.9223251342773438;1
6954;VAL2_20220803_143000_014.wav;1;0.6612941026687622;1
6955;VAL2_20220803_143000_015.wav;1;0.1290731132030487;1
6956;VAL2_20220803_143000_016.wav;0;0.013363105244934559;0
6957;VAL2_20220803_143000_017.wav;0;0.03509549796581268;0
6958;VAL2_20220803_143000_018.wav;0;0.3101201355457306;0
6959;VAL2_20220803_143000_019.wav;0;0.20501650869846344;0
6960;VAL2_20220803_151500_000.wav;1;0.9583482146263123;1
6961;VAL2_20220803_151500_001.wav;1;0.9938921928405762;1
6962;VAL2_20220803_151500_002.wav;1;0.9762775301933289;1
6963;VAL2_20220803_151500_003.wav;1;0.9802583456039429;1
6964;VAL2_20220803_151500_004.wav;1;0.9882599115371704;1
6965;VAL2_20220803_151500_005.wav;1;0.9612434506416321;1
6966;VAL2_20220803_151500_006.wav;1;0.957301139831543;1
6967;VAL2_20220803_151500_007.wav;1;0.5952461957931519;1
6968;VAL2_20220803_151500_008.wav;1;0.9467861652374268;1
6969;VAL2_20220803_151500_009.wav;1;0.1916300356388092;1
6970;VAL2_20220803_151500_010.wav;1;0.9697338342666626;1
6971;VAL2_20220803_151500_011.wav;1;0.9160348176956177;1
6972;VAL2_20220803_151500_012.wav;1;0.8793144822120667;1
6973;VAL2_20220803_151500_013.wav;1;0.9466660022735596;1
6974;VAL2_20220803_151500_014.wav;1;0.9451370239257812;1
6975;VAL2_20220803_151500_015.wav;1;0.4045093059539795;1
6976;VAL2_20220803_151500_016.wav;1;0.9350098371505737;1
6977;VAL2_20220803_151500_017.wav;1;0.9822627305984497;1
6978;VAL2_20220803_151500_018.wav;1;0.8575063943862915;1
6979;VAL2_20220803_151500_019.wav;1;0.7783346176147461;1
6980;VAL2_20220803_194500_000.wav;0;0.1783115416765213;0
6981;VAL2_20220803_194500_001.wav;0;0.018883343786001205;0
6982;VAL2_20220803_194500_002.wav;0;0.042365171015262604;0
6983;VAL2_20220803_194500_003.wav;0;0.09002750366926193;0
6984;VAL2_20220803_194500_004.wav;0;0.010981736704707146;0
6985;VAL2_20220803_194500_005.wav;0;0.005532364826649427;0
6986;VAL2_20220803_194500_006.wav;0;0.01728416420519352;0
6987;VAL2_20220803_194500_007.wav;0;0.011050711385905743;0
6988;VAL2_20220803_194500_008.wav;0;0.046506788581609726;0
6989;VAL2_20220803_194500_009.wav;0;0.012380525469779968;0
6990;VAL2_20220803_194500_010.wav;0;0.028116755187511444;0
6991;VAL2_20220803_194500_011.wav;0;0.013226206414401531;0
6992;VAL2_20220803_194500_012.wav;0;0.15267665684223175;0
6993;VAL2_20220803_194500_013.wav;0;0.019310759380459785;0
6994;VAL2_20220803_194500_014.wav;0;0.0046304985880851746;0
6995;VAL2_20220803_194500_015.wav;0;0.02233806997537613;0
6996;VAL2_20220803_194500_016.wav;0;0.02823895588517189;0
6997;VAL2_20220803_194500_017.wav;0;0.03343798220157623;0
6998;VAL2_20220803_194500_018.wav;0;0.007385190110653639;0
6999;VAL2_20220803_194500_019.wav;0;0.07495024055242538;0
7000;VAL2_20220805_041500_000.wav;0;0.012961037456989288;0
7001;VAL2_20220805_041500_001.wav;0;0.030916837975382805;0
7002;VAL2_20220805_041500_002.wav;0;0.037036266177892685;0
7003;VAL2_20220805_041500_003.wav;0;0.24890732765197754;0
7004;VAL2_20220805_041500_004.wav;0;0.026426346972584724;0
7005;VAL2_20220805_041500_005.wav;0;0.08330481499433517;0
7006;VAL2_20220805_041500_006.wav;0;0.11500263959169388;0
7007;VAL2_20220805_041500_007.wav;0;0.030670655891299248;0
7008;VAL2_20220805_041500_008.wav;0;0.025417933240532875;0
7009;VAL2_20220805_041500_009.wav;0;0.04930766299366951;0
7010;VAL2_20220805_041500_010.wav;0;0.09665893763303757;0
7011;VAL2_20220805_041500_011.wav;0;0.07086989283561707;0
7012;VAL2_20220805_041500_012.wav;0;0.9903332591056824;0
7013;VAL2_20220805_041500_013.wav;0;0.7551572322845459;0
7014;VAL2_20220805_041500_014.wav;0;0.8860526084899902;0
7015;VAL2_20220805_041500_015.wav;0;0.6907588243484497;0
7016;VAL2_20220805_041500_016.wav;0;0.8816818594932556;0
7017;VAL2_20220805_041500_017.wav;0;0.29418954253196716;0
7018;VAL2_20220805_041500_018.wav;0;0.10792442411184311;0
7019;VAL2_20220805_041500_019.wav;0;0.2925077974796295;0
7020;VAL2_20220807_083000_000.wav;1;0.9927427768707275;1
7021;VAL2_20220807_083000_001.wav;1;0.9933143258094788;1
7022;VAL2_20220807_083000_002.wav;1;0.9926590323448181;1
7023;VAL2_20220807_083000_003.wav;1;0.9723865985870361;1
7024;VAL2_20220807_083000_004.wav;1;0.9861310720443726;1
7025;VAL2_20220807_083000_005.wav;1;0.9968162178993225;1
7026;VAL2_20220807_083000_006.wav;1;0.9839083552360535;1
7027;VAL2_20220807_083000_007.wav;1;0.9792672395706177;1
7028;VAL2_20220807_083000_008.wav;1;0.9962849617004395;1
7029;VAL2_20220807_083000_009.wav;1;0.9960254430770874;1
7030;VAL2_20220807_083000_010.wav;1;0.9779725074768066;1
7031;VAL2_20220807_083000_011.wav;1;0.9962990880012512;1
7032;VAL2_20220807_083000_012.wav;1;0.9987217783927917;1
7033;VAL2_20220807_083000_013.wav;1;0.9549294114112854;1
7034;VAL2_20220807_083000_014.wav;1;0.9746700525283813;1
7035;VAL2_20220807_083000_015.wav;1;0.6767573356628418;1
7036;VAL2_20220807_083000_016.wav;1;0.9903342127799988;1
7037;VAL2_20220807_083000_017.wav;1;0.4985889196395874;1
7038;VAL2_20220807_083000_018.wav;1;0.9916971921920776;1
7039;VAL2_20220807_083000_019.wav;1;0.008962508291006088;1
7040;VAL2_20220811_010000_000.wav;0;0.007013667840510607;0
7041;VAL2_20220811_010000_001.wav;0;0.0071257962845265865;0
7042;VAL2_20220811_010000_002.wav;0;0.012734699063003063;0
7043;VAL2_20220811_010000_003.wav;0;0.005900500807911158;0
7044;VAL2_20220811_010000_004.wav;0;0.005696695297956467;0
7045;VAL2_20220811_010000_005.wav;0;0.0050009675323963165;0
7046;VAL2_20220811_010000_006.wav;0;0.00858418270945549;0
7047;VAL2_20220811_010000_007.wav;0;0.009916483424603939;0
7048;VAL2_20220811_010000_008.wav;0;0.016713807359337807;0
7049;VAL2_20220811_010000_009.wav;0;0.006112593691796064;0
7050;VAL2_20220811_010000_010.wav;0;0.007106528617441654;0
7051;VAL2_20220811_010000_011.wav;0;0.004980789963155985;0
7052;VAL2_20220811_010000_012.wav;0;0.006144672632217407;0
7053;VAL2_20220811_010000_013.wav;0;0.005041202995926142;0
7054;VAL2_20220811_010000_014.wav;0;0.008631532080471516;0
7055;VAL2_20220811_010000_015.wav;0;0.005827463697642088;0
7056;VAL2_20220811_010000_016.wav;0;0.007019711658358574;0
7057;VAL2_20220811_010000_017.wav;0;0.006013124715536833;0
7058;VAL2_20220811_010000_018.wav;0;0.006399586796760559;0
7059;VAL2_20220811_010000_019.wav;0;0.01722412183880806;0
7060;VAL2_20220811_140000_000.wav;0;0.026589540764689445;0
7061;VAL2_20220811_140000_001.wav;0;0.004118019249290228;0
7062;VAL2_20220811_140000_002.wav;0;0.0065856995061039925;0
7063;VAL2_20220811_140000_003.wav;0;0.00645241467282176;0
7064;VAL2_20220811_140000_004.wav;0;0.004881489556282759;0
7065;VAL2_20220811_140000_005.wav;0;0.00915772095322609;0
7066;VAL2_20220811_140000_006.wav;0;0.0013509283307939768;0
7067;VAL2_20220811_140000_007.wav;0;0.005771837197244167;0
7068;VAL2_20220811_140000_008.wav;0;0.007543723564594984;0
7069;VAL2_20220811_140000_009.wav;0;0.005936323199421167;0
7070;VAL2_20220811_140000_010.wav;0;0.0053355395793914795;0
7071;VAL2_20220811_140000_011.wav;0;0.005865155253559351;0
7072;VAL2_20220811_140000_012.wav;0;0.007006458938121796;0
7073;VAL2_20220811_140000_013.wav;0;0.006938621401786804;0
7074;VAL2_20220811_140000_014.wav;0;0.0511227622628212;0
7075;VAL2_20220811_140000_015.wav;0;0.0050496431067585945;0
7076;VAL2_20220811_140000_016.wav;0;0.009031424298882484;0
7077;VAL2_20220811_140000_017.wav;0;0.1282498985528946;0
7078;VAL2_20220811_140000_018.wav;0;0.018228910863399506;0
7079;VAL2_20220811_140000_019.wav;0;0.011273980140686035;0
7080;VAL2_20220813_211500_000.wav;0;0.011068516410887241;0
7081;VAL2_20220813_211500_001.wav;0;0.005710643250495195;0
7082;VAL2_20220813_211500_002.wav;0;0.018872058019042015;0
7083;VAL2_20220813_211500_003.wav;0;0.008372567594051361;0
7084;VAL2_20220813_211500_004.wav;0;0.09057404845952988;0
7085;VAL2_20220813_211500_005.wav;0;0.00972924754023552;0
7086;VAL2_20220813_211500_006.wav;0;0.024534640833735466;0
7087;VAL2_20220813_211500_007.wav;0;0.02572646178305149;0
7088;VAL2_20220813_211500_008.wav;0;0.016833877190947533;0
7089;VAL2_20220813_211500_009.wav;0;0.01248606014996767;0
7090;VAL2_20220813_211500_010.wav;0;0.03308315575122833;0
7091;VAL2_20220813_211500_011.wav;0;0.017021844163537025;0
7092;VAL2_20220813_211500_012.wav;0;0.022503875195980072;0
7093;VAL2_20220813_211500_013.wav;0;0.006500135641545057;0
7094;VAL2_20220813_211500_014.wav;0;0.00927325151860714;0
7095;VAL2_20220813_211500_015.wav;0;0.010541323572397232;0
7096;VAL2_20220813_211500_016.wav;0;0.006265088450163603;0
7097;VAL2_20220813_211500_017.wav;0;0.005683198105543852;0
7098;VAL2_20220813_211500_018.wav;0;0.017755424603819847;0
7099;VAL2_20220813_211500_019.wav;0;0.008910899981856346;0
7100;VAL2_20220813_230000_000.wav;0;0.0053767128847539425;0
7101;VAL2_20220813_230000_001.wav;0;0.0064994278363883495;0
7102;VAL2_20220813_230000_002.wav;0;0.007200517691671848;0
7103;VAL2_20220813_230000_003.wav;0;0.010470588691532612;0
7104;VAL2_20220813_230000_004.wav;0;0.013872751034796238;0
7105;VAL2_20220813_230000_005.wav;0;0.008061274886131287;0
7106;VAL2_20220813_230000_006.wav;0;0.005610097665339708;0
7107;VAL2_20220813_230000_007.wav;0;0.006187794730067253;0
7108;VAL2_20220813_230000_008.wav;0;0.006982374936342239;0
7109;VAL2_20220813_230000_009.wav;0;0.00611087866127491;0
7110;VAL2_20220813_230000_010.wav;0;0.01082040835171938;0
7111;VAL2_20220813_230000_011.wav;0;0.008745710365474224;0
7112;VAL2_20220813_230000_012.wav;0;0.004917239770293236;0
7113;VAL2_20220813_230000_013.wav;0;0.007876270450651646;0
7114;VAL2_20220813_230000_014.wav;0;0.009349364787340164;0
7115;VAL2_20220813_230000_015.wav;0;0.009633415378630161;0
7116;VAL2_20220813_230000_016.wav;0;0.0055450317449867725;0
7117;VAL2_20220813_230000_017.wav;0;0.006911338306963444;0
7118;VAL2_20220813_230000_018.wav;0;0.011887036263942719;0
7119;VAL2_20220813_230000_019.wav;0;0.006435501389205456;0
7120;VAL2_20220815_033000_000.wav;0;0.016098523512482643;0
7121;VAL2_20220815_033000_001.wav;0;0.014088231138885021;0
7122;VAL2_20220815_033000_002.wav;0;0.006323140114545822;0
7123;VAL2_20220815_033000_003.wav;0;0.010684005916118622;0
7124;VAL2_20220815_033000_004.wav;0;0.008295456878840923;0
7125;VAL2_20220815_033000_005.wav;0;0.006487925536930561;0
7126;VAL2_20220815_033000_006.wav;0;0.007524224929511547;0
7127;VAL2_20220815_033000_007.wav;0;0.010028338991105556;0
7128;VAL2_20220815_033000_008.wav;0;0.006337414495646954;0
7129;VAL2_20220815_033000_009.wav;0;0.006280503235757351;0
7130;VAL2_20220815_033000_010.wav;0;0.01992827095091343;0
7131;VAL2_20220815_033000_011.wav;0;0.006677977275103331;0
7132;VAL2_20220815_033000_012.wav;0;0.006521556992083788;0
7133;VAL2_20220815_033000_013.wav;0;0.010248408652842045;0
7134;VAL2_20220815_033000_014.wav;0;0.006657666526734829;0
7135;VAL2_20220815_033000_015.wav;0;0.0073748016729950905;0
7136;VAL2_20220815_033000_016.wav;0;0.006792189087718725;0
7137;VAL2_20220815_033000_017.wav;0;0.0071584973484277725;0
7138;VAL2_20220815_033000_018.wav;0;0.006256734021008015;0
7139;VAL2_20220815_033000_019.wav;0;0.008293606340885162;0
7140;VAL2_20220815_113000_000.wav;0;0.006001311354339123;0
7141;VAL2_20220815_113000_001.wav;0;0.005445174872875214;0
7142;VAL2_20220815_113000_002.wav;0;0.006866622716188431;0
7143;VAL2_20220815_113000_003.wav;0;0.005758676212280989;0
7144;VAL2_20220815_113000_004.wav;0;0.007841262966394424;0
7145;VAL2_20220815_113000_005.wav;0;0.008739594370126724;0
7146;VAL2_20220815_113000_006.wav;0;0.008658237755298615;0
7147;VAL2_20220815_113000_007.wav;0;0.004694315604865551;0
7148;VAL2_20220815_113000_008.wav;0;0.005771527998149395;0
7149;VAL2_20220815_113000_009.wav;0;0.005930675659328699;0
7150;VAL2_20220815_113000_010.wav;0;0.005048907361924648;0
7151;VAL2_20220815_113000_011.wav;0;0.0067893690429627895;0
7152;VAL2_20220815_113000_012.wav;0;0.005470060743391514;0
7153;VAL2_20220815_113000_013.wav;0;0.006141141522675753;0
7154;VAL2_20220815_113000_014.wav;0;0.00870643649250269;0
7155;VAL2_20220815_113000_015.wav;0;0.02754831500351429;1
7156;VAL2_20220815_113000_016.wav;0;0.006706657819449902;1
7157;VAL2_20220815_113000_017.wav;0;0.004380495753139257;1
7158;VAL2_20220815_113000_018.wav;0;0.006671477574855089;1
7159;VAL2_20220815_113000_019.wav;0;0.20215310156345367;1
7160;VAL2_20220817_064500_000.wav;0;0.007231513969600201;0
7161;VAL2_20220817_064500_001.wav;0;0.004760063253343105;0
7162;VAL2_20220817_064500_002.wav;0;0.005440311972051859;0
7163;VAL2_20220817_064500_003.wav;0;0.0049278223887085915;0
7164;VAL2_20220817_064500_004.wav;0;0.006210479885339737;0
7165;VAL2_20220817_064500_005.wav;0;0.005185465794056654;0
7166;VAL2_20220817_064500_006.wav;0;0.005199058912694454;0
7167;VAL2_20220817_064500_007.wav;0;0.008048332296311855;0
7168;VAL2_20220817_064500_008.wav;0;0.04531814530491829;0
7169;VAL2_20220817_064500_009.wav;0;0.03136370703577995;0
7170;VAL2_20220817_064500_010.wav;0;0.34417253732681274;0
7171;VAL2_20220817_064500_011.wav;0;0.02889346331357956;0
7172;VAL2_20220817_064500_012.wav;0;0.18775655329227448;0
7173;VAL2_20220817_064500_013.wav;0;0.1302066594362259;0
7174;VAL2_20220817_064500_014.wav;0;0.05784584954380989;0
7175;VAL2_20220817_064500_015.wav;0;0.5615326762199402;0
7176;VAL2_20220817_064500_016.wav;0;0.012166731059551239;0
7177;VAL2_20220817_064500_017.wav;0;0.018663283437490463;0
7178;VAL2_20220817_064500_018.wav;0;0.03649420291185379;0
7179;VAL2_20220817_064500_019.wav;0;0.035108961164951324;0
7180;VAL4_20220610_040000_000.wav;0;0.1696668118238449;0
7181;VAL4_20220610_040000_001.wav;0;0.30993276834487915;0
7182;VAL4_20220610_040000_002.wav;0;0.15818904340267181;0
7183;VAL4_20220610_040000_003.wav;0;0.48711660504341125;0
7184;VAL4_20220610_040000_004.wav;0;0.22399477660655975;0
7185;VAL4_20220610_040000_005.wav;0;0.262534499168396;0
7186;VAL4_20220610_040000_006.wav;0;0.3360656797885895;0
7187;VAL4_20220610_040000_007.wav;0;0.3508858382701874;0
7188;VAL4_20220610_040000_008.wav;0;0.10068680346012115;0
7189;VAL4_20220610_040000_009.wav;0;0.5664059519767761;0
7190;VAL4_20220610_040000_010.wav;0;0.22190502285957336;0
7191;VAL4_20220610_040000_011.wav;0;0.2300407737493515;0
7192;VAL4_20220610_040000_012.wav;0;0.6930161118507385;0
7193;VAL4_20220610_040000_013.wav;0;0.3660587668418884;0
7194;VAL4_20220610_040000_014.wav;0;0.18898503482341766;0
7195;VAL4_20220610_040000_015.wav;0;0.05082951858639717;0
7196;VAL4_20220610_040000_016.wav;0;0.44828638434410095;0
7197;VAL4_20220610_040000_017.wav;0;0.23414018750190735;0
7198;VAL4_20220610_040000_018.wav;0;0.11623577028512955;0
7199;VAL4_20220610_040000_019.wav;0;0.14161717891693115;0
7200;VAL4_20220614_133000_000.wav;0;0.1804952770471573;0
7201;VAL4_20220614_133000_001.wav;0;0.037316419184207916;0
7202;VAL4_20220614_133000_002.wav;0;0.49727654457092285;0
7203;VAL4_20220614_133000_003.wav;0;0.07255204766988754;0
7204;VAL4_20220614_133000_004.wav;0;0.2498607188463211;0
7205;VAL4_20220614_133000_005.wav;0;0.048233870416879654;0
7206;VAL4_20220614_133000_006.wav;0;0.30853933095932007;0
7207;VAL4_20220614_133000_007.wav;0;0.04031991958618164;0
7208;VAL4_20220614_133000_008.wav;0;0.7184140682220459;0
7209;VAL4_20220614_133000_009.wav;0;0.10524524003267288;0
7210;VAL4_20220614_133000_010.wav;0;0.07202041894197464;0
7211;VAL4_20220614_133000_011.wav;0;0.05806073918938637;0
7212;VAL4_20220614_133000_012.wav;0;0.1886516809463501;0
7213;VAL4_20220614_133000_013.wav;0;0.2819153368473053;0
7214;VAL4_20220614_133000_014.wav;0;0.6733669638633728;0
7215;VAL4_20220614_133000_015.wav;0;0.03949074074625969;0
7216;VAL4_20220614_133000_016.wav;0;0.45884811878204346;0
7217;VAL4_20220614_133000_017.wav;0;0.10927265137434006;0
7218;VAL4_20220614_133000_018.wav;0;0.2947988510131836;0
7219;VAL4_20220614_133000_019.wav;0;0.07891251891851425;0
7220;VAL4_20220614_183000_000.wav;0;0.15596017241477966;0
7221;VAL4_20220614_183000_001.wav;0;0.13772611320018768;0
7222;VAL4_20220614_183000_002.wav;0;0.06714290380477905;0
7223;VAL4_20220614_183000_003.wav;0;0.009046620689332485;0
7224;VAL4_20220614_183000_004.wav;0;0.02748514898121357;0
7225;VAL4_20220614_183000_005.wav;0;0.014987796545028687;0
7226;VAL4_20220614_183000_006.wav;0;0.10119201242923737;0
7227;VAL4_20220614_183000_007.wav;0;0.1789076328277588;0
7228;VAL4_20220614_183000_008.wav;0;0.03291795775294304;0
7229;VAL4_20220614_183000_009.wav;0;0.7987828254699707;0
7230;VAL4_20220614_183000_010.wav;0;0.807251513004303;0
7231;VAL4_20220614_183000_011.wav;0;0.941013753414154;0
7232;VAL4_20220614_183000_012.wav;0;0.8847594857215881;0
7233;VAL4_20220614_183000_013.wav;0;0.9119563102722168;0
7234;VAL4_20220614_183000_014.wav;0;0.9233940243721008;0
7235;VAL4_20220614_183000_015.wav;0;0.9046960473060608;0
7236;VAL4_20220614_183000_016.wav;0;0.7476048469543457;0
7237;VAL4_20220614_183000_017.wav;0;0.8942486643791199;0
7238;VAL4_20220614_183000_018.wav;0;0.9518886208534241;0
7239;VAL4_20220614_183000_019.wav;0;0.022676311433315277;0
7240;VAL4_20220620_004500_000.wav;0;0.3292069733142853;0
7241;VAL4_20220620_004500_001.wav;0;0.0845264196395874;0
7242;VAL4_20220620_004500_002.wav;0;0.301890105009079;0
7243;VAL4_20220620_004500_003.wav;0;0.5365198850631714;0
7244;VAL4_20220620_004500_004.wav;0;0.24229696393013;0
7245;VAL4_20220620_004500_005.wav;0;0.1431107372045517;0
7246;VAL4_20220620_004500_006.wav;0;0.5954246520996094;0
7247;VAL4_20220620_004500_007.wav;0;0.42007210850715637;0
7248;VAL4_20220620_004500_008.wav;0;0.3881247341632843;0
7249;VAL4_20220620_004500_009.wav;0;0.32750415802001953;0
7250;VAL4_20220620_004500_010.wav;0;0.15251855552196503;0
7251;VAL4_20220620_004500_011.wav;0;0.21073052287101746;0
7252;VAL4_20220620_004500_012.wav;0;0.10096585005521774;0
7253;VAL4_20220620_004500_013.wav;0;0.5466583967208862;0
7254;VAL4_20220620_004500_014.wav;0;0.664944052696228;0
7255;VAL4_20220620_004500_015.wav;0;0.2664518356323242;0
7256;VAL4_20220620_004500_016.wav;0;0.5468570590019226;0
7257;VAL4_20220620_004500_017.wav;0;0.19922640919685364;0
7258;VAL4_20220620_004500_018.wav;0;0.5973103046417236;0
7259;VAL4_20220620_004500_019.wav;0;0.7599831223487854;0
7260;VAL4_20220620_070000_000.wav;0;0.06569584459066391;0
7261;VAL4_20220620_070000_001.wav;0;0.05495397746562958;0
7262;VAL4_20220620_070000_002.wav;0;0.12411915510892868;0
7263;VAL4_20220620_070000_003.wav;0;0.4260410964488983;0
7264;VAL4_20220620_070000_004.wav;0;0.3357281982898712;0
7265;VAL4_20220620_070000_005.wav;0;0.7638874053955078;0
7266;VAL4_20220620_070000_006.wav;0;0.7759695053100586;0
7267;VAL4_20220620_070000_007.wav;0;0.41504380106925964;0
7268;VAL4_20220620_070000_008.wav;0;0.6620372533798218;0
7269;VAL4_20220620_070000_009.wav;0;0.02810940146446228;0
7270;VAL4_20220620_070000_010.wav;0;0.5640006065368652;0
7271;VAL4_20220620_070000_011.wav;0;0.1426417976617813;0
7272;VAL4_20220620_070000_012.wav;0;0.41482463479042053;0
7273;VAL4_20220620_070000_013.wav;0;0.49152445793151855;0
7274;VAL4_20220620_070000_014.wav;0;0.8679284453392029;0
7275;VAL4_20220620_070000_015.wav;0;0.5053572058677673;0
7276;VAL4_20220620_070000_016.wav;0;0.22877788543701172;0
7277;VAL4_20220620_070000_017.wav;0;0.17612668871879578;0
7278;VAL4_20220620_070000_018.wav;0;0.3738616406917572;0
7279;VAL4_20220620_070000_019.wav;0;0.12346120178699493;0
7280;VAL4_20220620_114500_000.wav;0;0.4974589943885803;0
7281;VAL4_20220620_114500_001.wav;0;0.21168620884418488;0
7282;VAL4_20220620_114500_002.wav;0;0.19898350536823273;0
7283;VAL4_20220620_114500_003.wav;0;0.08990150690078735;0
7284;VAL4_20220620_114500_004.wav;0;0.13555046916007996;0
7285;VAL4_20220620_114500_005.wav;0;0.1440732479095459;0
7286;VAL4_20220620_114500_006.wav;0;0.2053169161081314;0
7287;VAL4_20220620_114500_007.wav;0;0.1573396623134613;0
7288;VAL4_20220620_114500_008.wav;0;0.3266122341156006;0
7289;VAL4_20220620_114500_009.wav;0;0.24745167791843414;0
7290;VAL4_20220620_114500_010.wav;0;0.1632968783378601;0
7291;VAL4_20220620_114500_011.wav;0;0.47950443625450134;0
7292;VAL4_20220620_114500_012.wav;0;0.0433889701962471;1
7293;VAL4_20220620_114500_013.wav;0;0.8347983360290527;1
7294;VAL4_20220620_114500_014.wav;0;0.47874969244003296;1
7295;VAL4_20220620_114500_015.wav;0;0.8342869281768799;1
7296;VAL4_20220620_114500_016.wav;0;0.16970737278461456;1
7297;VAL4_20220620_114500_017.wav;0;0.2197226881980896;1
7298;VAL4_20220620_114500_018.wav;0;0.11214695125818253;0
7299;VAL4_20220620_114500_019.wav;0;0.5629268884658813;0
7300;VAL4_20220620_180000_000.wav;0;0.008724814280867577;0
7301;VAL4_20220620_180000_001.wav;0;0.03492876887321472;0
7302;VAL4_20220620_180000_002.wav;0;0.009294584393501282;0
7303;VAL4_20220620_180000_003.wav;0;0.01605573296546936;0
7304;VAL4_20220620_180000_004.wav;0;0.012295202352106571;0
7305;VAL4_20220620_180000_005.wav;0;0.00980787631124258;0
7306;VAL4_20220620_180000_006.wav;0;0.012658780440688133;0
7307;VAL4_20220620_180000_007.wav;0;0.008657104335725307;0
7308;VAL4_20220620_180000_008.wav;0;0.0151054747402668;0
7309;VAL4_20220620_180000_009.wav;0;0.01007505226880312;0
7310;VAL4_20220620_180000_010.wav;0;0.04121439531445503;0
7311;VAL4_20220620_180000_011.wav;0;0.003697715699672699;0
7312;VAL4_20220620_180000_012.wav;0;0.01684620976448059;0
7313;VAL4_20220620_180000_013.wav;0;0.026986422017216682;0
7314;VAL4_20220620_180000_014.wav;0;0.008453681133687496;0
7315;VAL4_20220620_180000_015.wav;0;0.007751894183456898;0
7316;VAL4_20220620_180000_016.wav;0;0.008421342819929123;0
7317;VAL4_20220620_180000_017.wav;0;0.04203225299715996;0
7318;VAL4_20220620_180000_018.wav;0;0.0032660365104675293;0
7319;VAL4_20220620_180000_019.wav;0;0.008281993679702282;0
7320;VAL4_20220620_214500_000.wav;0;0.020731914788484573;0
7321;VAL4_20220620_214500_001.wav;0;0.053696151822805405;0
7322;VAL4_20220620_214500_002.wav;0;0.022946946322917938;0
7323;VAL4_20220620_214500_003.wav;0;0.026844892650842667;0
7324;VAL4_20220620_214500_004.wav;0;0.012345404364168644;0
7325;VAL4_20220620_214500_005.wav;0;0.044800303876399994;0
7326;VAL4_20220620_214500_006.wav;0;0.020615361630916595;0
7327;VAL4_20220620_214500_007.wav;0;0.013255332596600056;0
7328;VAL4_20220620_214500_008.wav;0;0.03476133570075035;0
7329;VAL4_20220620_214500_009.wav;0;0.010572423227131367;0
7330;VAL4_20220620_214500_010.wav;0;0.039248932152986526;0
7331;VAL4_20220620_214500_011.wav;0;0.009029264561831951;0
7332;VAL4_20220620_214500_012.wav;0;0.0385422520339489;0
7333;VAL4_20220620_214500_013.wav;0;0.02973475679755211;0
7334;VAL4_20220620_214500_014.wav;0;0.026847943663597107;0
7335;VAL4_20220620_214500_015.wav;0;0.03570884093642235;0
7336;VAL4_20220620_214500_016.wav;0;0.030612515285611153;0
7337;VAL4_20220620_214500_017.wav;0;0.05940324068069458;0
7338;VAL4_20220620_214500_018.wav;0;0.04146542772650719;0
7339;VAL4_20220620_214500_019.wav;0;0.010845987126231194;0
7340;VAL4_20220622_131500_000.wav;0;0.004170077852904797;0
7341;VAL4_20220622_131500_001.wav;0;0.012224174104630947;0
7342;VAL4_20220622_131500_002.wav;0;0.008474309928715229;0
7343;VAL4_20220622_131500_003.wav;0;0.004138035699725151;0
7344;VAL4_20220622_131500_004.wav;0;0.009403111413121223;0
7345;VAL4_20220622_131500_005.wav;0;0.015496734529733658;0
7346;VAL4_20220622_131500_006.wav;0;0.0038206304889172316;0
7347;VAL4_20220622_131500_007.wav;0;0.0043112970888614655;0
7348;VAL4_20220622_131500_008.wav;0;0.011638986878097057;0
7349;VAL4_20220622_131500_009.wav;0;0.005069643259048462;0
7350;VAL4_20220622_131500_010.wav;0;0.006716445554047823;0
7351;VAL4_20220622_131500_011.wav;0;0.010397372767329216;0
7352;VAL4_20220622_131500_012.wav;0;0.004445191938430071;0
7353;VAL4_20220622_131500_013.wav;0;0.004353574477136135;0
7354;VAL4_20220622_131500_014.wav;0;0.006390887778252363;0
7355;VAL4_20220622_131500_015.wav;0;0.007307121530175209;0
7356;VAL4_20220622_131500_016.wav;0;0.008101397193968296;0
7357;VAL4_20220622_131500_017.wav;0;0.00433184951543808;0
7358;VAL4_20220622_131500_018.wav;0;0.0046322764828801155;0
7359;VAL4_20220622_131500_019.wav;0;0.10113593190908432;0
7360;VAL4_20220622_144500_000.wav;0;0.22199197113513947;0
7361;VAL4_20220622_144500_001.wav;0;0.014316895976662636;0
7362;VAL4_20220622_144500_002.wav;0;0.10315795987844467;0
7363;VAL4_20220622_144500_003.wav;0;0.02256365865468979;0
7364;VAL4_20220622_144500_004.wav;0;0.6463956236839294;0
7365;VAL4_20220622_144500_005.wav;0;0.019329017028212547;0
7366;VAL4_20220622_144500_006.wav;0;0.0615680105984211;0
7367;VAL4_20220622_144500_007.wav;1;0.4899875223636627;1
7368;VAL4_20220622_144500_008.wav;1;0.013464005663990974;1
7369;VAL4_20220622_144500_009.wav;0;0.03708195313811302;0
7370;VAL4_20220622_144500_010.wav;1;0.9591618776321411;1
7371;VAL4_20220622_144500_011.wav;1;0.02542121149599552;1
7372;VAL4_20220622_144500_012.wav;0;0.20329265296459198;0
7373;VAL4_20220622_144500_013.wav;0;0.03325770050287247;0
7374;VAL4_20220622_144500_014.wav;0;0.013920274563133717;0
7375;VAL4_20220622_144500_015.wav;0;0.5089535713195801;0
7376;VAL4_20220622_144500_016.wav;0;0.041182130575180054;0
7377;VAL4_20220622_144500_017.wav;0;0.26553282141685486;0
7378;VAL4_20220622_144500_018.wav;0;0.396085262298584;0
7379;VAL4_20220622_144500_019.wav;0;0.09070573002099991;0
7380;VAL4_20220626_011500_000.wav;0;0.0094325952231884;0
7381;VAL4_20220626_011500_001.wav;0;0.01962268352508545;0
7382;VAL4_20220626_011500_002.wav;0;0.011572425253689289;0
7383;VAL4_20220626_011500_003.wav;0;0.011025231331586838;0
7384;VAL4_20220626_011500_004.wav;0;0.019939959049224854;0
7385;VAL4_20220626_011500_005.wav;0;0.028637204319238663;0
7386;VAL4_20220626_011500_006.wav;0;0.021519063040614128;0
7387;VAL4_20220626_011500_007.wav;0;0.016568917781114578;0
7388;VAL4_20220626_011500_008.wav;0;0.01227985043078661;0
7389;VAL4_20220626_011500_009.wav;0;0.018203821033239365;0
7390;VAL4_20220626_011500_010.wav;0;0.007436153944581747;0
7391;VAL4_20220626_011500_011.wav;0;0.013612130656838417;0
7392;VAL4_20220626_011500_012.wav;0;0.01636093482375145;0
7393;VAL4_20220626_011500_013.wav;0;0.010078219696879387;0
7394;VAL4_20220626_011500_014.wav;0;0.005871358327567577;0
7395;VAL4_20220626_011500_015.wav;0;0.010234976187348366;0
7396;VAL4_20220626_011500_016.wav;0;0.0032031317241489887;0
7397;VAL4_20220626_011500_017.wav;0;0.011583349667489529;0
7398;VAL4_20220626_011500_018.wav;0;0.015976039692759514;0
7399;VAL4_20220626_011500_019.wav;0;0.003409212687984109;0
7400;VAL4_20220626_174500_000.wav;0;0.04351643845438957;0
7401;VAL4_20220626_174500_001.wav;1;0.12580136954784393;1
7402;VAL4_20220626_174500_002.wav;1;0.034223511815071106;1
7403;VAL4_20220626_174500_003.wav;1;0.18636497855186462;1
7404;VAL4_20220626_174500_004.wav;1;0.01830628514289856;1
7405;VAL4_20220626_174500_005.wav;1;0.01345090102404356;1
7406;VAL4_20220626_174500_006.wav;1;0.8117191791534424;1
7407;VAL4_20220626_174500_007.wav;0;0.9797730445861816;0
7408;VAL4_20220626_174500_008.wav;0;0.01890917867422104;0
7409;VAL4_20220626_174500_009.wav;0;0.012391817755997181;0
7410;VAL4_20220626_174500_010.wav;0;0.013247058726847172;0
7411;VAL4_20220626_174500_011.wav;0;0.030908694490790367;0
7412;VAL4_20220626_174500_012.wav;0;0.008364709094166756;0
7413;VAL4_20220626_174500_013.wav;0;0.012437617406249046;0
7414;VAL4_20220626_174500_014.wav;0;0.009554898366332054;0
7415;VAL4_20220626_174500_015.wav;0;0.020657122135162354;0
7416;VAL4_20220626_174500_016.wav;0;0.22483214735984802;0
7417;VAL4_20220626_174500_017.wav;0;0.0068030161783099174;0
7418;VAL4_20220626_174500_018.wav;0;0.008091185241937637;0
7419;VAL4_20220626_174500_019.wav;0;0.01030692458152771;0
7420;VAL4_20220630_100000_000.wav;1;0.8714982271194458;1
7421;VAL4_20220630_100000_001.wav;1;0.8548434376716614;1
7422;VAL4_20220630_100000_002.wav;1;0.951744556427002;1
7423;VAL4_20220630_100000_003.wav;1;0.29162031412124634;1
7424;VAL4_20220630_100000_004.wav;1;0.9745491147041321;1
7425;VAL4_20220630_100000_005.wav;1;0.93466717004776;1
7426;VAL4_20220630_100000_006.wav;1;0.9869171380996704;1
7427;VAL4_20220630_100000_007.wav;1;0.977145791053772;1
7428;VAL4_20220630_100000_008.wav;1;0.9854381084442139;1
7429;VAL4_20220630_100000_009.wav;0;0.3378896117210388;0
7430;VAL4_20220630_100000_010.wav;0;0.8363327383995056;0
7431;VAL4_20220630_100000_011.wav;1;0.9505494832992554;1
7432;VAL4_20220630_100000_012.wav;1;0.6678200364112854;1
7433;VAL4_20220630_100000_013.wav;0;0.23771579563617706;0
7434;VAL4_20220630_100000_014.wav;0;0.27174216508865356;0
7435;VAL4_20220630_100000_015.wav;0;0.0943569764494896;0
7436;VAL4_20220630_100000_016.wav;0;0.06994574517011642;0
7437;VAL4_20220630_100000_017.wav;0;0.3262300491333008;0
7438;VAL4_20220630_100000_018.wav;0;0.8585900068283081;0
7439;VAL4_20220630_100000_019.wav;0;0.023760704323649406;0
7440;VAL4_20220630_171500_000.wav;0;0.15754391252994537;0
7441;VAL4_20220630_171500_001.wav;0;0.3488675057888031;0
7442;VAL4_20220630_171500_002.wav;0;0.39811545610427856;0
7443;VAL4_20220630_171500_003.wav;0;0.6354839205741882;0
7444;VAL4_20220630_171500_004.wav;0;0.6437321305274963;0
7445;VAL4_20220630_171500_005.wav;0;0.062450602650642395;0
7446;VAL4_20220630_171500_006.wav;0;0.0714370533823967;0
7447;VAL4_20220630_171500_007.wav;0;0.631156325340271;0
7448;VAL4_20220630_171500_008.wav;0;0.6745996475219727;0
7449;VAL4_20220630_171500_009.wav;0;0.22901292145252228;0
7450;VAL4_20220630_171500_010.wav;0;0.9200149774551392;0
7451;VAL4_20220630_171500_011.wav;0;0.18201172351837158;0
7452;VAL4_20220630_171500_012.wav;0;0.6178047060966492;0
7453;VAL4_20220630_171500_013.wav;0;0.4578064978122711;0
7454;VAL4_20220630_171500_014.wav;0;0.6767064332962036;0
7455;VAL4_20220630_171500_015.wav;0;0.3218490481376648;0
7456;VAL4_20220630_171500_016.wav;0;0.12203963100910187;0
7457;VAL4_20220630_171500_017.wav;0;0.7987327575683594;0
7458;VAL4_20220630_171500_018.wav;0;0.7774860262870789;0
7459;VAL4_20220630_171500_019.wav;0;0.5283612608909607;0
7460;VAL4_20220702_044500_000.wav;0;0.922961950302124;0
7461;VAL4_20220702_044500_001.wav;0;0.9383038282394409;0
7462;VAL4_20220702_044500_002.wav;0;0.9545144438743591;0
7463;VAL4_20220702_044500_003.wav;0;0.9735649824142456;0
7464;VAL4_20220702_044500_004.wav;0;0.9348664283752441;0
7465;VAL4_20220702_044500_005.wav;0;0.8527096509933472;0
7466;VAL4_20220702_044500_006.wav;0;0.9476569294929504;0
7467;VAL4_20220702_044500_007.wav;0;0.9873102903366089;0
7468;VAL4_20220702_044500_008.wav;0;0.9763110280036926;0
7469;VAL4_20220702_044500_009.wav;0;0.9672813415527344;0
7470;VAL4_20220702_044500_010.wav;0;0.9745878577232361;0
7471;VAL4_20220702_044500_011.wav;0;0.9594700336456299;0
7472;VAL4_20220702_044500_012.wav;0;0.9448358416557312;0
7473;VAL4_20220702_044500_013.wav;0;0.9153710603713989;0
7474;VAL4_20220702_044500_014.wav;0;0.9513930082321167;0
7475;VAL4_20220702_044500_015.wav;0;0.8888208866119385;0
7476;VAL4_20220702_044500_016.wav;0;0.9800924062728882;0
7477;VAL4_20220702_044500_017.wav;0;0.9175869226455688;0
7478;VAL4_20220702_044500_018.wav;0;0.9573951363563538;0
7479;VAL4_20220702_044500_019.wav;0;0.9356399178504944;0
7480;VAL4_20220704_054500_000.wav;0;0.5688642263412476;0
7481;VAL4_20220704_054500_001.wav;0;0.03733992949128151;0
7482;VAL4_20220704_054500_002.wav;0;0.3522006571292877;0
7483;VAL4_20220704_054500_003.wav;0;0.2916390001773834;0
7484;VAL4_20220704_054500_004.wav;0;0.26029539108276367;0
7485;VAL4_20220704_054500_005.wav;0;0.2861924469470978;0
7486;VAL4_20220704_054500_006.wav;0;0.6499900817871094;0
7487;VAL4_20220704_054500_007.wav;0;0.36154770851135254;0
7488;VAL4_20220704_054500_008.wav;0;0.37962812185287476;0
7489;VAL4_20220704_054500_009.wav;0;0.6107276678085327;0
7490;VAL4_20220704_054500_010.wav;0;0.8180155754089355;0
7491;VAL4_20220704_054500_011.wav;0;0.25100812315940857;0
7492;VAL4_20220704_054500_012.wav;0;0.4351082146167755;0
7493;VAL4_20220704_054500_013.wav;0;0.5287519097328186;0
7494;VAL4_20220704_054500_014.wav;0;0.35895854234695435;0
7495;VAL4_20220704_054500_015.wav;0;0.9119997024536133;0
7496;VAL4_20220704_054500_016.wav;0;0.5269767045974731;0
7497;VAL4_20220704_054500_017.wav;0;0.789570689201355;0
7498;VAL4_20220704_054500_018.wav;0;0.6766830682754517;0
7499;VAL4_20220704_054500_019.wav;0;0.9630980491638184;0
7500;VAL4_20220714_061500_000.wav;0;0.9177590608596802;0
7501;VAL4_20220714_061500_001.wav;0;0.7866619825363159;0
7502;VAL4_20220714_061500_002.wav;0;0.7993861436843872;0
7503;VAL4_20220714_061500_003.wav;0;0.9874382615089417;0
7504;VAL4_20220714_061500_004.wav;0;0.8194980025291443;0
7505;VAL4_20220714_061500_005.wav;0;0.4232584834098816;0
7506;VAL4_20220714_061500_006.wav;0;0.9471369385719299;0
7507;VAL4_20220714_061500_007.wav;0;0.7197048664093018;0
7508;VAL4_20220714_061500_008.wav;0;0.5497540235519409;0
7509;VAL4_20220714_061500_009.wav;0;0.032080333679914474;0
7510;VAL4_20220714_061500_010.wav;0;0.054028820246458054;0
7511;VAL4_20220714_061500_011.wav;0;0.5124818086624146;0
7512;VAL4_20220714_061500_012.wav;0;0.3741856515407562;0
7513;VAL4_20220714_061500_013.wav;0;0.10775694996118546;0
7514;VAL4_20220714_061500_014.wav;0;0.473792165517807;0
7515;VAL4_20220714_061500_015.wav;0;0.6603342890739441;0
7516;VAL4_20220714_061500_016.wav;0;0.7542546391487122;0
7517;VAL4_20220714_061500_017.wav;0;0.7095695734024048;0
7518;VAL4_20220714_061500_018.wav;0;0.9351703524589539;0
7519;VAL4_20220714_061500_019.wav;0;0.4231773912906647;0
7520;VAL4_20220714_174500_000.wav;0;0.918781578540802;0
7521;VAL4_20220714_174500_001.wav;0;0.9857695698738098;0
7522;VAL4_20220714_174500_002.wav;0;0.7072015404701233;0
7523;VAL4_20220714_174500_003.wav;0;0.9537692070007324;0
7524;VAL4_20220714_174500_004.wav;0;0.7929478287696838;0
7525;VAL4_20220714_174500_005.wav;0;0.987261950969696;0
7526;VAL4_20220714_174500_006.wav;0;0.9299224019050598;0
7527;VAL4_20220714_174500_007.wav;0;0.278092622756958;0
7528;VAL4_20220714_174500_008.wav;0;0.5224605202674866;0
7529;VAL4_20220714_174500_009.wav;0;0.8736451864242554;0
7530;VAL4_20220714_174500_010.wav;0;0.13565240800380707;0
7531;VAL4_20220714_174500_011.wav;0;0.29442742466926575;0
7532;VAL4_20220714_174500_012.wav;0;0.411516010761261;0
7533;VAL4_20220714_174500_013.wav;0;0.6334747076034546;0
7534;VAL4_20220714_174500_014.wav;0;0.022956574335694313;0
7535;VAL4_20220714_174500_015.wav;0;0.2943040728569031;0
7536;VAL4_20220714_174500_016.wav;0;0.013153783045709133;0
7537;VAL4_20220714_174500_017.wav;0;0.8664453625679016;0
7538;VAL4_20220714_174500_018.wav;0;0.8053480386734009;0
7539;VAL4_20220714_174500_019.wav;0;0.2168753445148468;0
7540;VAL4_20220716_221500_000.wav;0;0.24482464790344238;0
7541;VAL4_20220716_221500_001.wav;0;0.6075629591941833;0
7542;VAL4_20220716_221500_002.wav;0;0.7844274640083313;0
7543;VAL4_20220716_221500_003.wav;0;0.042460180819034576;0
7544;VAL4_20220716_221500_004.wav;0;0.3210165798664093;0
7545;VAL4_20220716_221500_005.wav;0;0.045505817979574203;0
7546;VAL4_20220716_221500_006.wav;0;0.18740800023078918;0
7547;VAL4_20220716_221500_007.wav;0;0.024222278967499733;0
7548;VAL4_20220716_221500_008.wav;0;0.07168106734752655;0
7549;VAL4_20220716_221500_009.wav;0;0.16794803738594055;0
7550;VAL4_20220716_221500_010.wav;0;0.18105243146419525;0
7551;VAL4_20220716_221500_011.wav;0;0.25044935941696167;0
7552;VAL4_20220716_221500_012.wav;0;0.06702420860528946;0
7553;VAL4_20220716_221500_013.wav;0;0.1358639895915985;0
7554;VAL4_20220716_221500_014.wav;0;0.1540171056985855;0
7555;VAL4_20220716_221500_015.wav;0;0.12072021514177322;0
7556;VAL4_20220716_221500_016.wav;0;0.05211428925395012;0
7557;VAL4_20220716_221500_017.wav;0;0.040824323892593384;0
7558;VAL4_20220716_221500_018.wav;0;0.05039335787296295;0
7559;VAL4_20220716_221500_019.wav;0;0.0106149110943079;0
7560;VAL4_20220718_071500_000.wav;0;0.35369664430618286;0
7561;VAL4_20220718_071500_001.wav;0;0.28734633326530457;0
7562;VAL4_20220718_071500_002.wav;0;0.9732610583305359;0
7563;VAL4_20220718_071500_003.wav;0;0.9844409227371216;0
7564;VAL4_20220718_071500_004.wav;0;0.9372022747993469;0
7565;VAL4_20220718_071500_005.wav;0;0.9884238839149475;0
7566;VAL4_20220718_071500_006.wav;0;0.9907538890838623;0
7567;VAL4_20220718_071500_007.wav;0;0.9993233680725098;0
7568;VAL4_20220718_071500_008.wav;0;0.9900581240653992;0
7569;VAL4_20220718_071500_009.wav;0;0.9967465400695801;0
7570;VAL4_20220718_071500_010.wav;0;0.9830824136734009;0
7571;VAL4_20220718_071500_011.wav;0;0.9957352876663208;0
7572;VAL4_20220718_071500_012.wav;0;0.9816924333572388;0
7573;VAL4_20220718_071500_013.wav;0;0.9022806882858276;0
7574;VAL4_20220718_071500_014.wav;0;0.7896134257316589;0
7575;VAL4_20220718_071500_015.wav;0;0.9618527293205261;0
7576;VAL4_20220718_071500_016.wav;0;0.9704056978225708;0
7577;VAL4_20220718_071500_017.wav;0;0.8015105724334717;0
7578;VAL4_20220718_071500_018.wav;0;0.9310716390609741;0
7579;VAL4_20220718_071500_019.wav;0;0.073732390999794;0
7580;VAL4_20220720_053000_000.wav;0;0.06130162253975868;0
7581;VAL4_20220720_053000_001.wav;0;0.44309288263320923;0
7582;VAL4_20220720_053000_002.wav;0;0.48362916707992554;0
7583;VAL4_20220720_053000_003.wav;0;0.12189720571041107;0
7584;VAL4_20220720_053000_004.wav;0;0.2385801523923874;0
7585;VAL4_20220720_053000_005.wav;0;0.5455409288406372;0
7586;VAL4_20220720_053000_006.wav;0;0.38141316175460815;0
7587;VAL4_20220720_053000_007.wav;0;0.8219611048698425;0
7588;VAL4_20220720_053000_008.wav;0;0.33776596188545227;0
7589;VAL4_20220720_053000_009.wav;0;0.3415943682193756;0
7590;VAL4_20220720_053000_010.wav;0;0.4863066077232361;0
7591;VAL4_20220720_053000_011.wav;0;0.7956135272979736;0
7592;VAL4_20220720_053000_012.wav;0;0.9394308924674988;0
7593;VAL4_20220720_053000_013.wav;0;0.3380654454231262;0
7594;VAL4_20220720_053000_014.wav;0;0.8599105477333069;0
7595;VAL4_20220720_053000_015.wav;0;0.38364386558532715;0
7596;VAL4_20220720_053000_016.wav;0;0.0470593124628067;0
7597;VAL4_20220720_053000_017.wav;0;0.05306541547179222;0
7598;VAL4_20220720_053000_018.wav;0;0.01794075220823288;0
7599;VAL4_20220720_053000_019.wav;0;0.01022519450634718;0
7600;VAL4_20220720_063000_000.wav;0;0.7456958293914795;0
7601;VAL4_20220720_063000_001.wav;0;0.7518717050552368;0
7602;VAL4_20220720_063000_002.wav;0;0.9754461050033569;0
7603;VAL4_20220720_063000_003.wav;0;0.9140136241912842;0
7604;VAL4_20220720_063000_004.wav;0;0.9507575631141663;0
7605;VAL4_20220720_063000_005.wav;0;0.8452438116073608;0
7606;VAL4_20220720_063000_006.wav;0;0.716019332408905;0
7607;VAL4_20220720_063000_007.wav;0;0.23150204122066498;0
7608;VAL4_20220720_063000_008.wav;0;0.9695443511009216;0
7609;VAL4_20220720_063000_009.wav;0;0.7946465611457825;0
7610;VAL4_20220720_063000_010.wav;0;0.7834475636482239;0
7611;VAL4_20220720_063000_011.wav;0;0.46180400252342224;0
7612;VAL4_20220720_063000_012.wav;0;0.623982310295105;0
7613;VAL4_20220720_063000_013.wav;0;0.07417020201683044;0
7614;VAL4_20220720_063000_014.wav;0;0.11497665196657181;0
7615;VAL4_20220720_063000_015.wav;0;0.5618575215339661;0
7616;VAL4_20220720_063000_016.wav;0;0.1641913503408432;0
7617;VAL4_20220720_063000_017.wav;0;0.051489342004060745;0
7618;VAL4_20220720_063000_018.wav;0;0.2183145433664322;0
7619;VAL4_20220720_063000_019.wav;0;0.2645210325717926;0
7620;VAL4_20220722_144500_000.wav;0;0.39326199889183044;0
7621;VAL4_20220722_144500_001.wav;0;0.8317840099334717;0
7622;VAL4_20220722_144500_002.wav;0;0.5181731581687927;0
7623;VAL4_20220722_144500_003.wav;0;0.07667328417301178;0
7624;VAL4_20220722_144500_004.wav;0;0.3696107566356659;0
7625;VAL4_20220722_144500_005.wav;0;0.16001002490520477;0
7626;VAL4_20220722_144500_006.wav;0;0.329967200756073;0
7627;VAL4_20220722_144500_007.wav;0;0.325848251581192;0
7628;VAL4_20220722_144500_008.wav;0;0.0468977652490139;0
7629;VAL4_20220722_144500_009.wav;0;0.25299718976020813;0
7630;VAL4_20220722_144500_010.wav;0;0.04779104143381119;0
7631;VAL4_20220722_144500_011.wav;0;0.023453928530216217;0
7632;VAL4_20220722_144500_012.wav;0;0.3960476517677307;0
7633;VAL4_20220722_144500_013.wav;0;0.41823458671569824;0
7634;VAL4_20220722_144500_014.wav;0;0.1601891666650772;0
7635;VAL4_20220722_144500_015.wav;0;0.055146392434835434;0
7636;VAL4_20220722_144500_016.wav;0;0.04024166241288185;0
7637;VAL4_20220722_144500_017.wav;0;0.022037474438548088;0
7638;VAL4_20220722_144500_018.wav;0;0.641124427318573;0
7639;VAL4_20220722_144500_019.wav;0;0.04041115194559097;0
7640;VAL4_20220724_210000_000.wav;0;0.05443774163722992;0
7641;VAL4_20220724_210000_001.wav;0;0.02950252778828144;0
7642;VAL4_20220724_210000_002.wav;0;0.571221649646759;0
7643;VAL4_20220724_210000_003.wav;0;0.9774121046066284;0
7644;VAL4_20220724_210000_004.wav;0;0.22895072400569916;0
7645;VAL4_20220724_210000_005.wav;0;0.09809079766273499;0
7646;VAL4_20220724_210000_006.wav;0;0.22457635402679443;0
7647;VAL4_20220724_210000_007.wav;0;0.045062556862831116;0
7648;VAL4_20220724_210000_008.wav;0;0.540134608745575;0
7649;VAL4_20220724_210000_009.wav;0;0.18434230983257294;0
7650;VAL4_20220724_210000_010.wav;0;0.03300831466913223;0
7651;VAL4_20220724_210000_011.wav;0;0.31462210416793823;0
7652;VAL4_20220724_210000_012.wav;0;0.19249022006988525;0
7653;VAL4_20220724_210000_013.wav;0;0.11924832314252853;0
7654;VAL4_20220724_210000_014.wav;0;0.4278854727745056;0
7655;VAL4_20220724_210000_015.wav;0;0.25475990772247314;0
7656;VAL4_20220724_210000_016.wav;0;0.7430655360221863;0
7657;VAL4_20220724_210000_017.wav;0;0.6367653012275696;0
7658;VAL4_20220724_210000_018.wav;0;0.03643285110592842;0
7659;VAL4_20220724_210000_019.wav;0;0.09361449629068375;0
7660;VAL4_20220730_121500_000.wav;0;0.07304263859987259;0
7661;VAL4_20220730_121500_001.wav;0;0.1754685789346695;0
7662;VAL4_20220730_121500_002.wav;0;0.07681822776794434;0
7663;VAL4_20220730_121500_003.wav;0;0.06893190741539001;0
7664;VAL4_20220730_121500_004.wav;0;0.5611774921417236;0
7665;VAL4_20220730_121500_005.wav;0;0.14817246794700623;0
7666;VAL4_20220730_121500_006.wav;0;0.1360461264848709;0
7667;VAL4_20220730_121500_007.wav;0;0.0763392299413681;0
7668;VAL4_20220730_121500_008.wav;0;0.3683282434940338;0
7669;VAL4_20220730_121500_009.wav;0;0.13096889853477478;0
7670;VAL4_20220730_121500_010.wav;0;0.5677410364151001;0
7671;VAL4_20220730_121500_011.wav;0;0.03342234343290329;0
7672;VAL4_20220730_121500_012.wav;0;0.1033344566822052;0
7673;VAL4_20220730_121500_013.wav;0;0.17000027000904083;0
7674;VAL4_20220730_121500_014.wav;0;0.06227722764015198;0
7675;VAL4_20220730_121500_015.wav;0;0.5646544694900513;0
7676;VAL4_20220730_121500_016.wav;0;0.10408110171556473;0
7677;VAL4_20220730_121500_017.wav;0;0.09624680876731873;0
7678;VAL4_20220730_121500_018.wav;0;0.4578392207622528;0
7679;VAL4_20220730_121500_019.wav;0;0.2257823646068573;0
7680;VAL4_20220730_213000_000.wav;0;0.03812187910079956;0
7681;VAL4_20220730_213000_001.wav;0;0.4841836094856262;0
7682;VAL4_20220730_213000_002.wav;0;0.09796877950429916;0
7683;VAL4_20220730_213000_003.wav;0;0.18643417954444885;0
7684;VAL4_20220730_213000_004.wav;0;0.7406420111656189;0
7685;VAL4_20220730_213000_005.wav;0;0.10006345808506012;0
7686;VAL4_20220730_213000_006.wav;0;0.19169704616069794;0
7687;VAL4_20220730_213000_007.wav;0;0.5650050044059753;0
7688;VAL4_20220730_213000_008.wav;0;0.04189155995845795;0
7689;VAL4_20220730_213000_009.wav;0;0.0673450231552124;0
7690;VAL4_20220730_213000_010.wav;0;0.16122694313526154;0
7691;VAL4_20220730_213000_011.wav;0;0.5929421186447144;0
7692;VAL4_20220730_213000_012.wav;0;0.7720188498497009;0
7693;VAL4_20220730_213000_013.wav;0;0.9848297834396362;0
7694;VAL4_20220730_213000_014.wav;0;0.568708062171936;0
7695;VAL4_20220730_213000_015.wav;0;0.9008998274803162;0
7696;VAL4_20220730_213000_016.wav;0;0.9326361417770386;0
7697;VAL4_20220730_213000_017.wav;0;0.10859139263629913;0
7698;VAL4_20220730_213000_018.wav;0;0.29103225469589233;0
7699;VAL4_20220730_213000_019.wav;0;0.38420945405960083;0
7700;VAL4_20220803_110000_000.wav;0;0.09610123932361603;0
7701;VAL4_20220803_110000_001.wav;0;0.484574556350708;0
7702;VAL4_20220803_110000_002.wav;0;0.1552620679140091;0
7703;VAL4_20220803_110000_003.wav;0;0.07829362899065018;0
7704;VAL4_20220803_110000_004.wav;0;0.06092843785881996;0
7705;VAL4_20220803_110000_005.wav;0;0.4790125787258148;0
7706;VAL4_20220803_110000_006.wav;0;0.09547385573387146;0
7707;VAL4_20220803_110000_007.wav;0;0.044785063713788986;0
7708;VAL4_20220803_110000_008.wav;0;0.14803874492645264;0
7709;VAL4_20220803_110000_009.wav;0;0.543972909450531;0
7710;VAL4_20220803_110000_010.wav;0;0.13021934032440186;0
7711;VAL4_20220803_110000_011.wav;0;0.2992168068885803;0
7712;VAL4_20220803_110000_012.wav;0;0.12091231346130371;0
7713;VAL4_20220803_110000_013.wav;0;0.4532243609428406;0
7714;VAL4_20220803_110000_014.wav;0;0.6156986951828003;0
7715;VAL4_20220803_110000_015.wav;0;0.062432460486888885;0
7716;VAL4_20220803_110000_016.wav;0;0.17234328389167786;0
7717;VAL4_20220803_110000_017.wav;0;0.2563766539096832;0
7718;VAL4_20220803_110000_018.wav;0;0.13917939364910126;0
7719;VAL4_20220803_110000_019.wav;0;0.2345602959394455;0
7720;VAL4_20220803_173000_000.wav;0;0.8749509453773499;0
7721;VAL4_20220803_173000_001.wav;0;0.4539155960083008;0
7722;VAL4_20220803_173000_002.wav;0;0.14149776101112366;0
7723;VAL4_20220803_173000_003.wav;0;0.920620858669281;0
7724;VAL4_20220803_173000_004.wav;0;0.5818591117858887;0
7725;VAL4_20220803_173000_005.wav;0;0.34079647064208984;0
7726;VAL4_20220803_173000_006.wav;0;0.0588495247066021;0
7727;VAL4_20220803_173000_007.wav;0;0.09846483170986176;0
7728;VAL4_20220803_173000_008.wav;0;0.04371883347630501;0
7729;VAL4_20220803_173000_009.wav;0;0.4709167778491974;0
7730;VAL4_20220803_173000_010.wav;0;0.7105936408042908;0
7731;VAL4_20220803_173000_011.wav;0;0.21921764314174652;0
7732;VAL4_20220803_173000_012.wav;0;0.17749391496181488;0
7733;VAL4_20220803_173000_013.wav;0;0.10475123673677444;0
7734;VAL4_20220803_173000_014.wav;0;0.06843432039022446;0
7735;VAL4_20220803_173000_015.wav;0;0.7308471202850342;0
7736;VAL4_20220803_173000_016.wav;0;0.29124659299850464;0
7737;VAL4_20220803_173000_017.wav;0;0.09516999870538712;0
7738;VAL4_20220803_173000_018.wav;0;0.16382338106632233;0
7739;VAL4_20220803_173000_019.wav;0;0.40118882060050964;0
7740;VAL4_20220803_221500_000.wav;0;0.4679178297519684;0
7741;VAL4_20220803_221500_001.wav;0;0.039202719926834106;0
7742;VAL4_20220803_221500_002.wav;0;0.9590052962303162;0
7743;VAL4_20220803_221500_003.wav;0;0.8718447089195251;0
7744;VAL4_20220803_221500_004.wav;0;0.4019506275653839;0
7745;VAL4_20220803_221500_005.wav;0;0.806111216545105;0
7746;VAL4_20220803_221500_006.wav;0;0.42467302083969116;0
7747;VAL4_20220803_221500_007.wav;0;0.903892993927002;0
7748;VAL4_20220803_221500_008.wav;0;0.8594513535499573;0
7749;VAL4_20220803_221500_009.wav;0;0.8114438056945801;0
7750;VAL4_20220803_221500_010.wav;0;0.5760461688041687;0
7751;VAL4_20220803_221500_011.wav;0;0.8858659267425537;0
7752;VAL4_20220803_221500_012.wav;0;0.4093630909919739;0
7753;VAL4_20220803_221500_013.wav;0;0.7077480554580688;0
7754;VAL4_20220803_221500_014.wav;0;0.2481810301542282;0
7755;VAL4_20220803_221500_015.wav;0;0.5735238194465637;0
7756;VAL4_20220803_221500_016.wav;0;0.8099886775016785;0
7757;VAL4_20220803_221500_017.wav;0;0.4893602728843689;0
7758;VAL4_20220803_221500_018.wav;0;0.7485727667808533;0
7759;VAL4_20220803_221500_019.wav;0;0.10778599232435226;0
7760;VAL4_20220807_034500_000.wav;0;0.5628901124000549;0
7761;VAL4_20220807_034500_001.wav;0;0.2672126591205597;0
7762;VAL4_20220807_034500_002.wav;0;0.153822124004364;0
7763;VAL4_20220807_034500_003.wav;0;0.11632156372070312;0
7764;VAL4_20220807_034500_004.wav;0;0.04105144366621971;0
7765;VAL4_20220807_034500_005.wav;0;0.36023885011672974;0
7766;VAL4_20220807_034500_006.wav;0;0.321912556886673;0
7767;VAL4_20220807_034500_007.wav;0;0.257644921541214;0
7768;VAL4_20220807_034500_008.wav;0;0.4276770055294037;0
7769;VAL4_20220807_034500_009.wav;0;0.796005129814148;0
7770;VAL4_20220807_034500_010.wav;0;0.007750188931822777;0
7771;VAL4_20220807_034500_011.wav;0;0.04871666431427002;0
7772;VAL4_20220807_034500_012.wav;0;0.04132452234625816;0
7773;VAL4_20220807_034500_013.wav;0;0.043793871998786926;0
7774;VAL4_20220807_034500_014.wav;0;0.3308044672012329;0
7775;VAL4_20220807_034500_015.wav;0;0.23078244924545288;0
7776;VAL4_20220807_034500_016.wav;0;0.09787911921739578;0
7777;VAL4_20220807_034500_017.wav;0;0.10269823670387268;0
7778;VAL4_20220807_034500_018.wav;0;0.13472798466682434;0
7779;VAL4_20220807_034500_019.wav;0;0.12896069884300232;0
7780;VAL4_20220809_203000_000.wav;0;0.6624191403388977;0
7781;VAL4_20220809_203000_001.wav;0;0.8664215207099915;0
7782;VAL4_20220809_203000_002.wav;0;0.6891025900840759;0
7783;VAL4_20220809_203000_003.wav;0;0.7929584980010986;0
7784;VAL4_20220809_203000_004.wav;0;0.7876269221305847;0
7785;VAL4_20220809_203000_005.wav;0;0.7024681568145752;0
7786;VAL4_20220809_203000_006.wav;0;0.9138815402984619;0
7787;VAL4_20220809_203000_007.wav;0;0.4623102843761444;0
7788;VAL4_20220809_203000_008.wav;0;0.8914371132850647;0
7789;VAL4_20220809_203000_009.wav;0;0.5056019425392151;0
7790;VAL4_20220809_203000_010.wav;0;0.26827099919319153;0
7791;VAL4_20220809_203000_011.wav;0;0.7184704542160034;0
7792;VAL4_20220809_203000_012.wav;0;0.1581304371356964;0
7793;VAL4_20220809_203000_013.wav;0;0.6393613815307617;0
7794;VAL4_20220809_203000_014.wav;0;0.44034215807914734;0
7795;VAL4_20220809_203000_015.wav;0;0.5495652556419373;0
7796;VAL4_20220809_203000_016.wav;0;0.16507703065872192;0
7797;VAL4_20220809_203000_017.wav;0;0.19202041625976562;0
7798;VAL4_20220809_203000_018.wav;0;0.03926805779337883;0
7799;VAL4_20220809_203000_019.wav;0;0.1638978272676468;0
7800;VAL4_20220811_073000_000.wav;0;0.28186431527137756;0
7801;VAL4_20220811_073000_001.wav;0;0.36778631806373596;0
7802;VAL4_20220811_073000_002.wav;0;0.9783788919448853;0
7803;VAL4_20220811_073000_003.wav;0;0.6363369226455688;0
7804;VAL4_20220811_073000_004.wav;0;0.5589600205421448;0
7805;VAL4_20220811_073000_005.wav;0;0.49860167503356934;0
7806;VAL4_20220811_073000_006.wav;0;0.45914918184280396;0
7807;VAL4_20220811_073000_007.wav;0;0.68061363697052;0
7808;VAL4_20220811_073000_008.wav;0;0.06045739725232124;0
7809;VAL4_20220811_073000_009.wav;0;0.033852431923151016;0
7810;VAL4_20220811_073000_010.wav;0;0.08457641303539276;0
7811;VAL4_20220811_073000_011.wav;0;0.04441482573747635;0
7812;VAL4_20220811_073000_012.wav;0;0.047633927315473557;0
7813;VAL4_20220811_073000_013.wav;0;0.08206841349601746;0
7814;VAL4_20220811_073000_014.wav;0;0.02247454598546028;0
7815;VAL4_20220811_073000_015.wav;0;0.05162230506539345;0
7816;VAL4_20220811_073000_016.wav;0;0.06527402251958847;0
7817;VAL4_20220811_073000_017.wav;0;0.09365201741456985;0
7818;VAL4_20220811_073000_018.wav;0;0.24403515458106995;0
7819;VAL4_20220811_073000_019.wav;0;0.29942017793655396;0
7820;VAL4_20220813_010000_000.wav;0;0.09537918865680695;0
7821;VAL4_20220813_010000_001.wav;0;0.027566127479076385;0
7822;VAL4_20220813_010000_002.wav;0;0.00939985178411007;0
7823;VAL4_20220813_010000_003.wav;0;0.0903223380446434;0
7824;VAL4_20220813_010000_004.wav;0;0.031473882496356964;0
7825;VAL4_20220813_010000_005.wav;0;0.011828204616904259;0
7826;VAL4_20220813_010000_006.wav;0;0.06291845440864563;0
7827;VAL4_20220813_010000_007.wav;0;0.11429059505462646;0
7828;VAL4_20220813_010000_008.wav;0;0.018991833552718163;0
7829;VAL4_20220813_010000_009.wav;0;0.01871684193611145;0
7830;VAL4_20220813_010000_010.wav;0;0.021607130765914917;0
7831;VAL4_20220813_010000_011.wav;0;0.020248569548130035;0
7832;VAL4_20220813_010000_012.wav;0;0.22922950983047485;0
7833;VAL4_20220813_010000_013.wav;0;0.11777179688215256;0
7834;VAL4_20220813_010000_014.wav;0;0.07545583695173264;0
7835;VAL4_20220813_010000_015.wav;0;0.03383578732609749;0
7836;VAL4_20220813_010000_016.wav;0;0.2696397602558136;0
7837;VAL4_20220813_010000_017.wav;0;0.08033934235572815;0
7838;VAL4_20220813_010000_018.wav;0;0.05849771574139595;0
7839;VAL4_20220813_010000_019.wav;0;0.018479598686099052;0
7840;VAL4_20220815_221500_000.wav;0;0.1471722424030304;0
7841;VAL4_20220815_221500_001.wav;0;0.3444805443286896;0
7842;VAL4_20220815_221500_002.wav;0;0.05168347805738449;0
7843;VAL4_20220815_221500_003.wav;0;0.0362527035176754;0
7844;VAL4_20220815_221500_004.wav;0;0.13216134905815125;0
7845;VAL4_20220815_221500_005.wav;0;0.16726484894752502;0
7846;VAL4_20220815_221500_006.wav;0;0.1283910721540451;0
7847;VAL4_20220815_221500_007.wav;0;0.07170628756284714;0
7848;VAL4_20220815_221500_008.wav;0;0.07594135403633118;0
7849;VAL4_20220815_221500_009.wav;0;0.81211918592453;0
7850;VAL4_20220815_221500_010.wav;0;0.16579413414001465;0
7851;VAL4_20220815_221500_011.wav;0;0.09506242722272873;0
7852;VAL4_20220815_221500_012.wav;0;0.08801112323999405;0
7853;VAL4_20220815_221500_013.wav;0;0.21587218344211578;0
7854;VAL4_20220815_221500_014.wav;0;0.7468189001083374;0
7855;VAL4_20220815_221500_015.wav;0;0.009158317930996418;0
7856;VAL4_20220815_221500_016.wav;0;0.015630818903446198;0
7857;VAL4_20220815_221500_017.wav;0;0.21520620584487915;0
7858;VAL4_20220815_221500_018.wav;0;0.300079345703125;0
7859;VAL4_20220815_221500_019.wav;0;0.0193435400724411;0
7860;VAL4_20220817_050000_000.wav;0;0.005792261566966772;0
7861;VAL4_20220817_050000_001.wav;0;0.03131372481584549;0
7862;VAL4_20220817_050000_002.wav;0;0.01750859059393406;0
7863;VAL4_20220817_050000_003.wav;0;0.06331697851419449;0
7864;VAL4_20220817_050000_004.wav;0;0.07400128245353699;0
7865;VAL4_20220817_050000_005.wav;0;0.025080429390072823;0
7866;VAL4_20220817_050000_006.wav;0;0.02345995232462883;0
7867;VAL4_20220817_050000_007.wav;0;0.06381326168775558;0
7868;VAL4_20220817_050000_008.wav;0;0.021289777010679245;0
7869;VAL4_20220817_050000_009.wav;0;0.1126425489783287;0
7870;VAL4_20220817_050000_010.wav;0;0.026212947443127632;0
7871;VAL4_20220817_050000_011.wav;0;0.08947382867336273;0
7872;VAL4_20220817_050000_012.wav;0;0.023123597726225853;0
7873;VAL4_20220817_050000_013.wav;0;0.02699900232255459;0
7874;VAL4_20220817_050000_014.wav;0;0.023980943486094475;0
7875;VAL4_20220817_050000_015.wav;0;0.017164478078484535;0
7876;VAL4_20220817_050000_016.wav;0;0.10003077238798141;0
7877;VAL4_20220817_050000_017.wav;0;0.024396881461143494;0
7878;VAL4_20220817_050000_018.wav;0;0.012141414918005466;0
7879;VAL4_20220817_050000_019.wav;0;0.01668688654899597;0
7880;VAL4_20220817_170000_000.wav;0;0.3206300735473633;0
7881;VAL4_20220817_170000_001.wav;0;0.048381660133600235;0
7882;VAL4_20220817_170000_002.wav;0;0.0840095803141594;0
7883;VAL4_20220817_170000_003.wav;0;0.03465403616428375;0
7884;VAL4_20220817_170000_004.wav;0;0.03961946442723274;0
7885;VAL4_20220817_170000_005.wav;0;0.026139099150896072;0
7886;VAL4_20220817_170000_006.wav;0;0.15914107859134674;0
7887;VAL4_20220817_170000_007.wav;0;0.0383543036878109;0
7888;VAL4_20220817_170000_008.wav;0;0.03884519264101982;0
7889;VAL4_20220817_170000_009.wav;0;0.06067541241645813;0
7890;VAL4_20220817_170000_010.wav;0;0.13996541500091553;0
7891;VAL4_20220817_170000_011.wav;0;0.18606087565422058;0
7892;VAL4_20220817_170000_012.wav;0;0.030366932973265648;0
7893;VAL4_20220817_170000_013.wav;0;0.23768725991249084;0
7894;VAL4_20220817_170000_014.wav;0;0.05697588622570038;0
7895;VAL4_20220817_170000_015.wav;0;0.01351707149296999;0
7896;VAL4_20220817_170000_016.wav;0;0.19702212512493134;0
7897;VAL4_20220817_170000_017.wav;0;0.1307775378227234;0
7898;VAL4_20220817_170000_018.wav;0;0.4067445397377014;0
7899;VAL4_20220817_170000_019.wav;0;0.10302724689245224;0
7900;VAL4_20220819_111500_000.wav;0;0.6175136566162109;0
7901;VAL4_20220819_111500_001.wav;1;0.966767430305481;1
7902;VAL4_20220819_111500_002.wav;1;0.9728546142578125;1
7903;VAL4_20220819_111500_003.wav;1;0.934642493724823;1
7904;VAL4_20220819_111500_004.wav;1;0.01060925330966711;1
7905;VAL4_20220819_111500_005.wav;1;0.008321104571223259;1
7906;VAL4_20220819_111500_006.wav;1;0.03380832448601723;1
7907;VAL4_20220819_111500_007.wav;1;0.023331154137849808;1
7908;VAL4_20220819_111500_008.wav;1;0.8508493304252625;1
7909;VAL4_20220819_111500_009.wav;1;0.1582098752260208;1
7910;VAL4_20220819_111500_010.wav;1;0.4965040683746338;1
7911;VAL4_20220819_111500_011.wav;1;0.7661475539207458;1
7912;VAL4_20220819_111500_012.wav;1;0.7157309055328369;1
7913;VAL4_20220819_111500_013.wav;1;0.721038818359375;1
7914;VAL4_20220819_111500_014.wav;1;0.016825158149003983;1
7915;VAL4_20220819_111500_015.wav;1;0.013820798136293888;1
7916;VAL4_20220819_111500_016.wav;0;0.014927965588867664;0
7917;VAL4_20220819_111500_017.wav;0;0.012956591323018074;0
7918;VAL4_20220819_111500_018.wav;0;0.04667164757847786;0
7919;VAL4_20220819_111500_019.wav;0;0.08724325150251389;0
7920;VAL4_20220819_140000_000.wav;0;0.017100363969802856;0
7921;VAL4_20220819_140000_001.wav;0;0.022980529814958572;0
7922;VAL4_20220819_140000_002.wav;0;0.042721085250377655;0
7923;VAL4_20220819_140000_003.wav;0;0.008949564769864082;0
7924;VAL4_20220819_140000_004.wav;0;0.033595308661460876;0
7925;VAL4_20220819_140000_005.wav;0;0.15682314336299896;0
7926;VAL4_20220819_140000_006.wav;0;0.022821301594376564;0
7927;VAL4_20220819_140000_007.wav;0;0.0415755994617939;0
7928;VAL4_20220819_140000_008.wav;0;0.01359804067760706;0
7929;VAL4_20220819_140000_009.wav;0;0.09718476235866547;0
7930;VAL4_20220819_140000_010.wav;0;0.1798049956560135;0
7931;VAL4_20220819_140000_011.wav;0;0.012502520345151424;0
7932;VAL4_20220819_140000_012.wav;0;0.02201714552938938;0
7933;VAL4_20220819_140000_013.wav;0;0.04808895289897919;0
7934;VAL4_20220819_140000_014.wav;0;0.04211156442761421;0
7935;VAL4_20220819_140000_015.wav;0;0.011455721221864223;0
7936;VAL4_20220819_140000_016.wav;0;0.10356053709983826;0
7937;VAL4_20220819_140000_017.wav;0;0.0661611258983612;0
7938;VAL4_20220819_140000_018.wav;0;0.3713773488998413;0
7939;VAL4_20220819_140000_019.wav;0;0.4042976498603821;0
7940;VAL4_20220821_060000_000.wav;0;0.9609206914901733;0
7941;VAL4_20220821_060000_001.wav;0;0.43234381079673767;0
7942;VAL4_20220821_060000_002.wav;0;0.8916226625442505;0
7943;VAL4_20220821_060000_003.wav;0;0.40376365184783936;0
7944;VAL4_20220821_060000_004.wav;0;0.8546473979949951;0
7945;VAL4_20220821_060000_005.wav;0;0.5670894384384155;0
7946;VAL4_20220821_060000_006.wav;0;0.8005774021148682;0
7947;VAL4_20220821_060000_007.wav;0;0.9522672891616821;0
7948;VAL4_20220821_060000_008.wav;0;0.9423141479492188;0
7949;VAL4_20220821_060000_009.wav;0;0.7880501747131348;0
7950;VAL4_20220821_060000_010.wav;0;0.9210466146469116;0
7951;VAL4_20220821_060000_011.wav;0;0.8608651161193848;0
7952;VAL4_20220821_060000_012.wav;0;0.9187871813774109;0
7953;VAL4_20220821_060000_013.wav;0;0.955269992351532;0
7954;VAL4_20220821_060000_014.wav;0;0.5528226494789124;0
7955;VAL4_20220821_060000_015.wav;0;0.7752044796943665;0
7956;VAL4_20220821_060000_016.wav;0;0.20324966311454773;0
7957;VAL4_20220821_060000_017.wav;0;0.8908071517944336;0
7958;VAL4_20220821_060000_018.wav;0;0.12618106603622437;0
7959;VAL4_20220821_060000_019.wav;0;0.03298028185963631;0
7960;VAL4_20220906_184500_000.wav;0;0.2324618250131607;0
7961;VAL4_20220906_184500_001.wav;0;0.5449885129928589;0
7962;VAL4_20220906_184500_002.wav;0;0.11309786885976791;0
7963;VAL4_20220906_184500_003.wav;0;0.5954223871231079;1
7964;VAL4_20220906_184500_004.wav;0;0.7624541521072388;1
7965;VAL4_20220906_184500_005.wav;0;0.5194610953330994;1
7966;VAL4_20220906_184500_006.wav;0;0.8098751306533813;1
7967;VAL4_20220906_184500_007.wav;0;0.5988802313804626;1
7968;VAL4_20220906_184500_008.wav;0;0.2621227502822876;1
7969;VAL4_20220906_184500_009.wav;0;0.5526379942893982;1
7970;VAL4_20220906_184500_010.wav;0;0.944111168384552;1
7971;VAL4_20220906_184500_011.wav;0;0.5802330374717712;1
7972;VAL4_20220906_184500_012.wav;0;0.5118492841720581;1
7973;VAL4_20220906_184500_013.wav;0;0.41443461179733276;1
7974;VAL4_20220906_184500_014.wav;0;0.7860103249549866;1
7975;VAL4_20220906_184500_015.wav;0;0.24462217092514038;0
7976;VAL4_20220906_184500_016.wav;0;0.9692835211753845;0
7977;VAL4_20220906_184500_017.wav;0;0.43102532625198364;0
7978;VAL4_20220906_184500_018.wav;0;0.1968974471092224;0
7979;VAL4_20220906_184500_019.wav;0;0.1129000186920166;0
7980;VAL4_20220908_191500_000.wav;0;0.08057314157485962;0
7981;VAL4_20220908_191500_001.wav;0;0.13490992784500122;0
7982;VAL4_20220908_191500_002.wav;0;0.8299294114112854;0
7983;VAL4_20220908_191500_003.wav;0;0.8678105473518372;0
7984;VAL4_20220908_191500_004.wav;0;0.4345059394836426;0
7985;VAL4_20220908_191500_005.wav;0;0.2111683487892151;0
7986;VAL4_20220908_191500_006.wav;0;0.07850123196840286;0
7987;VAL4_20220908_191500_007.wav;0;0.5870489478111267;0
7988;VAL4_20220908_191500_008.wav;0;0.21388278901576996;0
7989;VAL4_20220908_191500_009.wav;0;0.20172902941703796;0
7990;VAL4_20220908_191500_010.wav;0;0.6518012881278992;0
7991;VAL4_20220908_191500_011.wav;0;0.8347327709197998;0
7992;VAL4_20220908_191500_012.wav;0;0.9532167911529541;0
7993;VAL4_20220908_191500_013.wav;0;0.4702069163322449;0
7994;VAL4_20220908_191500_014.wav;0;0.39162445068359375;0
7995;VAL4_20220908_191500_015.wav;0;0.6893104910850525;0
7996;VAL4_20220908_191500_016.wav;0;0.8129996657371521;0
7997;VAL4_20220908_191500_017.wav;0;0.34159424901008606;0
7998;VAL4_20220908_191500_018.wav;0;0.12223204225301743;0
7999;VAL4_20220908_191500_019.wav;0;0.127146378159523;0
8000;VAL4_20220910_120000_000.wav;0;0.511408805847168;0
8001;VAL4_20220910_120000_001.wav;0;0.4891051948070526;0
8002;VAL4_20220910_120000_002.wav;0;0.6603453159332275;0
8003;VAL4_20220910_120000_003.wav;0;0.10514716804027557;0
8004;VAL4_20220910_120000_004.wav;0;0.04424644634127617;0
8005;VAL4_20220910_120000_005.wav;0;0.10337706655263901;0
8006;VAL4_20220910_120000_006.wav;0;0.10717818886041641;0
8007;VAL4_20220910_120000_007.wav;0;0.38035106658935547;0
8008;VAL4_20220910_120000_008.wav;0;0.1330866664648056;0
8009;VAL4_20220910_120000_009.wav;0;0.2551214396953583;0
8010;VAL4_20220910_120000_010.wav;0;0.7890222072601318;0
8011;VAL4_20220910_120000_011.wav;0;0.5026952028274536;0
8012;VAL4_20220910_120000_012.wav;0;0.9538871049880981;0
8013;VAL4_20220910_120000_013.wav;0;0.8252065777778625;0
8014;VAL4_20220910_120000_014.wav;0;0.38093188405036926;0
8015;VAL4_20220910_120000_015.wav;0;0.37265676259994507;0
8016;VAL4_20220910_120000_016.wav;0;0.8847395181655884;0
8017;VAL4_20220910_120000_017.wav;0;0.22482047975063324;0
8018;VAL4_20220910_120000_018.wav;0;0.12534481287002563;0
8019;VAL4_20220910_120000_019.wav;0;0.2161608189344406;0
8020;VAL4_20220916_173000_000.wav;0;0.0968189463019371;0
8021;VAL4_20220916_173000_001.wav;0;0.1419604867696762;0
8022;VAL4_20220916_173000_002.wav;0;0.8791408538818359;0
8023;VAL4_20220916_173000_003.wav;0;0.2403988391160965;0
8024;VAL4_20220916_173000_004.wav;0;0.2098793238401413;0
8025;VAL4_20220916_173000_005.wav;0;0.2874208688735962;0
8026;VAL4_20220916_173000_006.wav;0;0.35135236382484436;0
8027;VAL4_20220916_173000_007.wav;0;0.6880031228065491;0
8028;VAL4_20220916_173000_008.wav;0;0.3779662847518921;0
8029;VAL4_20220916_173000_009.wav;0;0.4720408618450165;0
8030;VAL4_20220916_173000_010.wav;0;0.7091651558876038;0
8031;VAL4_20220916_173000_011.wav;0;0.4421555995941162;0
8032;VAL4_20220916_173000_012.wav;0;0.07052087038755417;0
8033;VAL4_20220916_173000_013.wav;0;0.4729101061820984;0
8034;VAL4_20220916_173000_014.wav;0;0.7233931422233582;0
8035;VAL4_20220916_173000_015.wav;0;0.5428540706634521;0
8036;VAL4_20220916_173000_016.wav;0;0.2789524793624878;0
8037;VAL4_20220916_173000_017.wav;0;0.6012452840805054;0
8038;VAL4_20220916_173000_018.wav;0;0.5691717863082886;0
8039;VAL4_20220916_173000_019.wav;0;0.4662752151489258;0
8040;VAL4_20220918_053000_000.wav;0;0.3615959584712982;0
8041;VAL4_20220918_053000_001.wav;0;0.41868481040000916;0
8042;VAL4_20220918_053000_002.wav;0;0.14839567244052887;0
8043;VAL4_20220918_053000_003.wav;0;0.3477758467197418;0
8044;VAL4_20220918_053000_004.wav;0;0.141860231757164;0
8045;VAL4_20220918_053000_005.wav;0;0.07726874947547913;0
8046;VAL4_20220918_053000_006.wav;0;0.11296936869621277;0
8047;VAL4_20220918_053000_007.wav;0;0.07545045018196106;0
8048;VAL4_20220918_053000_008.wav;0;0.03485274314880371;0
8049;VAL4_20220918_053000_009.wav;0;0.017339186742901802;0
8050;VAL4_20220918_053000_010.wav;0;0.07109188288450241;0
8051;VAL4_20220918_053000_011.wav;0;0.30263403058052063;0
8052;VAL4_20220918_053000_012.wav;0;0.07150094211101532;0
8053;VAL4_20220918_053000_013.wav;0;0.023334166035056114;0
8054;VAL4_20220918_053000_014.wav;0;0.013651042245328426;0
8055;VAL4_20220918_053000_015.wav;0;0.05318920314311981;0
8056;VAL4_20220918_053000_016.wav;0;0.05150482803583145;0
8057;VAL4_20220918_053000_017.wav;0;0.21828539669513702;0
8058;VAL4_20220918_053000_018.wav;0;0.0714695155620575;0
8059;VAL4_20220918_053000_019.wav;0;0.0371306873857975;0
8060;VAL4_20220920_150000_000.wav;0;0.3624756336212158;0
8061;VAL4_20220920_150000_001.wav;0;0.644269585609436;0
8062;VAL4_20220920_150000_002.wav;0;0.15672940015792847;0
8063;VAL4_20220920_150000_003.wav;0;0.7209164500236511;0
8064;VAL4_20220920_150000_004.wav;0;0.034278977662324905;0
8065;VAL4_20220920_150000_005.wav;0;0.17790591716766357;0
8066;VAL4_20220920_150000_006.wav;0;0.021107736974954605;0
8067;VAL4_20220920_150000_007.wav;0;0.015705469995737076;0
8068;VAL4_20220920_150000_008.wav;0;0.0251644104719162;0
8069;VAL4_20220920_150000_009.wav;0;0.008165906183421612;0
8070;VAL4_20220920_150000_010.wav;0;0.3183552324771881;0
8071;VAL4_20220920_150000_011.wav;0;0.822456955909729;0
8072;VAL4_20220920_150000_012.wav;0;0.6520890593528748;0
8073;VAL4_20220920_150000_013.wav;0;0.9626402854919434;0
8074;VAL4_20220920_150000_014.wav;0;0.890704333782196;0
8075;VAL4_20220920_150000_015.wav;0;0.9917911291122437;0
8076;VAL4_20220920_150000_016.wav;0;0.5587031245231628;0
8077;VAL4_20220920_150000_017.wav;0;0.6662823557853699;0
8078;VAL4_20220920_150000_018.wav;0;0.031090984120965004;0
8079;VAL4_20220920_150000_019.wav;0;0.051152653992176056;0
8080;VAL4_20220920_224500_000.wav;0;0.010986295528709888;0
8081;VAL4_20220920_224500_001.wav;0;0.0327109731733799;0
8082;VAL4_20220920_224500_002.wav;0;0.007381726987659931;0
8083;VAL4_20220920_224500_003.wav;0;0.016095925122499466;0
8084;VAL4_20220920_224500_004.wav;0;0.032585836946964264;0
8085;VAL4_20220920_224500_005.wav;0;0.04623754695057869;0
8086;VAL4_20220920_224500_006.wav;0;0.009563305415213108;0
8087;VAL4_20220920_224500_007.wav;0;0.005270825698971748;0
8088;VAL4_20220920_224500_008.wav;0;0.007325062993913889;0
8089;VAL4_20220920_224500_009.wav;0;0.005147025920450687;0
8090;VAL4_20220920_224500_010.wav;0;0.003951541148126125;0
8091;VAL4_20220920_224500_011.wav;0;0.006354690995067358;0
8092;VAL4_20220920_224500_012.wav;0;0.01267717219889164;0
8093;VAL4_20220920_224500_013.wav;0;0.0028022550977766514;0
8094;VAL4_20220920_224500_014.wav;0;0.015906279906630516;0
8095;VAL4_20220920_224500_015.wav;0;0.025895826518535614;0
8096;VAL4_20220920_224500_016.wav;0;0.02689940668642521;0
8097;VAL4_20220920_224500_017.wav;0;0.0064162337221205235;0
8098;VAL4_20220920_224500_018.wav;0;0.003768208669498563;0
8099;VAL4_20220920_224500_019.wav;0;0.011714210733771324;0
8100;VAL4_20220922_110000_000.wav;0;0.00900744553655386;0
8101;VAL4_20220922_110000_001.wav;0;0.03432484716176987;0
8102;VAL4_20220922_110000_002.wav;0;0.031334590166807175;0
8103;VAL4_20220922_110000_003.wav;0;0.4750092327594757;0
8104;VAL4_20220922_110000_004.wav;0;0.01847657933831215;0
8105;VAL4_20220922_110000_005.wav;0;0.007457236759364605;0
8106;VAL4_20220922_110000_006.wav;0;0.007295042742043734;0
8107;VAL4_20220922_110000_007.wav;0;0.0168424341827631;0
8108;VAL4_20220922_110000_008.wav;0;0.03819715604186058;0
8109;VAL4_20220922_110000_009.wav;0;0.007575463503599167;0
8110;VAL4_20220922_110000_010.wav;0;0.008877436630427837;0
8111;VAL4_20220922_110000_011.wav;0;0.012349586002528667;0
8112;VAL4_20220922_110000_012.wav;0;0.011778642423450947;0
8113;VAL4_20220922_110000_013.wav;0;0.02560666762292385;0
8114;VAL4_20220922_110000_014.wav;0;0.00756490183994174;0
8115;VAL4_20220922_110000_015.wav;0;0.009490418247878551;0
8116;VAL4_20220922_110000_016.wav;0;0.007577255368232727;0
8117;VAL4_20220922_110000_017.wav;0;0.019250646233558655;0
8118;VAL4_20220922_110000_018.wav;0;0.006571768783032894;0
8119;VAL4_20220922_110000_019.wav;0;0.008125999942421913;0
8120;VAL4_20220926_051500_000.wav;0;0.022627249360084534;0
8121;VAL4_20220926_051500_001.wav;0;0.01491535734385252;0
8122;VAL4_20220926_051500_002.wav;0;0.012035492807626724;0
8123;VAL4_20220926_051500_003.wav;0;0.02214198186993599;0
8124;VAL4_20220926_051500_004.wav;0;0.02018524892628193;0
8125;VAL4_20220926_051500_005.wav;0;0.0378878191113472;0
8126;VAL4_20220926_051500_006.wav;0;0.007380511146038771;0
8127;VAL4_20220926_051500_007.wav;0;0.010941042564809322;0
8128;VAL4_20220926_051500_008.wav;0;0.017890915274620056;0
8129;VAL4_20220926_051500_009.wav;0;0.006932309363037348;0
8130;VAL4_20220926_051500_010.wav;0;0.002677839482203126;0
8131;VAL4_20220926_051500_011.wav;0;0.012033461593091488;0
8132;VAL4_20220926_051500_012.wav;0;0.008944821543991566;0
8133;VAL4_20220926_051500_013.wav;0;0.00810888409614563;0
8134;VAL4_20220926_051500_014.wav;0;0.003998120315372944;0
8135;VAL4_20220926_051500_015.wav;0;0.01530290488153696;0
8136;VAL4_20220926_051500_016.wav;0;0.004262604285031557;0
8137;VAL4_20220926_051500_017.wav;0;0.001996345818042755;0
8138;VAL4_20220926_051500_018.wav;0;0.008939382620155811;0
8139;VAL4_20220926_051500_019.wav;0;0.003048229031264782;0
8140;VAL4_20220926_060000_000.wav;0;0.01797274872660637;0
8141;VAL4_20220926_060000_001.wav;0;0.0050386060029268265;0
8142;VAL4_20220926_060000_002.wav;0;0.011560802347958088;0
8143;VAL4_20220926_060000_003.wav;0;0.006567627191543579;0
8144;VAL4_20220926_060000_004.wav;0;0.0022681551054120064;0
8145;VAL4_20220926_060000_005.wav;0;0.006628114730119705;0
8146;VAL4_20220926_060000_006.wav;0;0.003255329094827175;0
8147;VAL4_20220926_060000_007.wav;0;0.011029803194105625;0
8148;VAL4_20220926_060000_008.wav;0;0.0025761532597243786;0
8149;VAL4_20220926_060000_009.wav;0;0.003284577978774905;0
8150;VAL4_20220926_060000_010.wav;0;0.005602277349680662;0
8151;VAL4_20220926_060000_011.wav;0;0.0018037415575236082;0
8152;VAL4_20220926_060000_012.wav;0;0.0046578506007790565;0
8153;VAL4_20220926_060000_013.wav;0;0.005277450196444988;0
8154;VAL4_20220926_060000_014.wav;0;0.020307252183556557;0
8155;VAL4_20220926_060000_015.wav;0;0.006989314686506987;0
8156;VAL4_20220926_060000_016.wav;0;0.004911743104457855;0
8157;VAL4_20220926_060000_017.wav;0;0.00315242656506598;0
8158;VAL4_20220926_060000_018.wav;0;0.005874117370694876;0
8159;VAL4_20220926_060000_019.wav;0;0.014633274637162685;0
8160;VAL4_20220928_010000_000.wav;0;0.04193931445479393;0
8161;VAL4_20220928_010000_001.wav;0;0.004853201098740101;0
8162;VAL4_20220928_010000_002.wav;0;0.001061082468368113;0
8163;VAL4_20220928_010000_003.wav;0;0.0027128069195896387;0
8164;VAL4_20220928_010000_004.wav;0;0.001621579984202981;0
8165;VAL4_20220928_010000_005.wav;0;0.0032661559525877237;0
8166;VAL4_20220928_010000_006.wav;0;0.0034655637573450804;0
8167;VAL4_20220928_010000_007.wav;0;0.0027025099843740463;0
8168;VAL4_20220928_010000_008.wav;0;0.003306349739432335;0
8169;VAL4_20220928_010000_009.wav;0;0.0035103338304907084;0
8170;VAL4_20220928_010000_010.wav;0;0.016446778550744057;0
8171;VAL4_20220928_010000_011.wav;0;0.0025741776917129755;0
8172;VAL4_20220928_010000_012.wav;0;0.0010611042380332947;0
8173;VAL4_20220928_010000_013.wav;0;0.0008078565006144345;0
8174;VAL4_20220928_010000_014.wav;0;0.003658502595499158;0
8175;VAL4_20220928_010000_015.wav;0;0.0011338249314576387;0
8176;VAL4_20220928_010000_016.wav;0;0.013123012147843838;0
8177;VAL4_20220928_010000_017.wav;0;0.0013212852645665407;0
8178;VAL4_20220928_010000_018.wav;0;0.0017814787570387125;0
8179;VAL4_20220928_010000_019.wav;0;0.0008964109001681209;0
8180;VAL4_20220928_073000_000.wav;0;0.0104073416441679;0
8181;VAL4_20220928_073000_001.wav;0;0.01011563278734684;0
8182;VAL4_20220928_073000_002.wav;0;0.0014552978100255132;0
8183;VAL4_20220928_073000_003.wav;0;0.0015190301928669214;0
8184;VAL4_20220928_073000_004.wav;0;0.0007330665248446167;0
8185;VAL4_20220928_073000_005.wav;0;0.0012122027110308409;0
8186;VAL4_20220928_073000_006.wav;0;0.015589682385325432;0
8187;VAL4_20220928_073000_007.wav;0;0.023188792169094086;0
8188;VAL4_20220928_073000_008.wav;0;0.014204513281583786;0
8189;VAL4_20220928_073000_009.wav;0;0.03635507449507713;0
8190;VAL4_20220928_073000_010.wav;0;0.003087438177317381;0
8191;VAL4_20220928_073000_011.wav;0;0.022516194730997086;0
8192;VAL4_20220928_073000_012.wav;0;0.10522665083408356;0
8193;VAL4_20220928_073000_013.wav;0;0.00668429397046566;0
8194;VAL4_20220928_073000_014.wav;0;0.3792840540409088;0
8195;VAL4_20220928_073000_015.wav;0;0.10049975663423538;0
8196;VAL4_20220928_073000_016.wav;0;0.02614455483853817;0
8197;VAL4_20220928_073000_017.wav;0;0.6157386302947998;0
8198;VAL4_20220928_073000_018.wav;0;0.748685359954834;0
8199;VAL4_20220928_073000_019.wav;0;0.20014861226081848;0
8200;VAL4_20221002_014500_000.wav;0;0.21646258234977722;0
8201;VAL4_20221002_014500_001.wav;0;0.27910369634628296;0
8202;VAL4_20221002_014500_002.wav;0;0.9192776679992676;0
8203;VAL4_20221002_014500_003.wav;0;0.06762868165969849;0
8204;VAL4_20221002_014500_004.wav;0;0.11195293068885803;0
8205;VAL4_20221002_014500_005.wav;0;0.3968610465526581;0
8206;VAL4_20221002_014500_006.wav;0;0.06491218507289886;0
8207;VAL4_20221002_014500_007.wav;0;0.14560501277446747;0
8208;VAL4_20221002_014500_008.wav;0;0.06960508227348328;0
8209;VAL4_20221002_014500_009.wav;0;0.029846157878637314;0
8210;VAL4_20221002_014500_010.wav;0;0.13998998701572418;0
8211;VAL4_20221002_014500_011.wav;0;0.21694742143154144;0
8212;VAL4_20221002_014500_012.wav;0;0.09788601100444794;0
8213;VAL4_20221002_014500_013.wav;0;0.21549640595912933;0
8214;VAL4_20221002_014500_014.wav;0;0.03228186070919037;0
8215;VAL4_20221002_014500_015.wav;0;0.561041533946991;0
8216;VAL4_20221002_014500_016.wav;0;0.06797219067811966;0
8217;VAL4_20221002_014500_017.wav;0;0.175730898976326;0
8218;VAL4_20221002_014500_018.wav;0;0.08630828559398651;0
8219;VAL4_20221002_014500_019.wav;0;0.14940430223941803;0
8220;VAL4_20221004_083000_000.wav;1;0.9731379747390747;1
8221;VAL4_20221004_083000_001.wav;1;0.9875513911247253;1
8222;VAL4_20221004_083000_002.wav;1;0.9584001302719116;1
8223;VAL4_20221004_083000_003.wav;1;0.9511201977729797;1
8224;VAL4_20221004_083000_004.wav;1;0.9744192957878113;1
8225;VAL4_20221004_083000_005.wav;1;0.9681211113929749;1
8226;VAL4_20221004_083000_006.wav;1;0.9461309313774109;1
8227;VAL4_20221004_083000_007.wav;1;0.9849290251731873;1
8228;VAL4_20221004_083000_008.wav;1;0.9724581837654114;1
8229;VAL4_20221004_083000_009.wav;1;0.9463773965835571;1
8230;VAL4_20221004_083000_010.wav;1;0.9593600630760193;1
8231;VAL4_20221004_083000_011.wav;1;0.9391441345214844;1
8232;VAL4_20221004_083000_012.wav;1;0.9893174767494202;1
8233;VAL4_20221004_083000_013.wav;1;0.9940973520278931;1
8234;VAL4_20221004_083000_014.wav;1;0.9521579742431641;1
8235;VAL4_20221004_083000_015.wav;1;0.9783855080604553;1
8236;VAL4_20221004_083000_016.wav;1;0.966894805431366;1
8237;VAL4_20221004_083000_017.wav;1;0.9862284660339355;1
8238;VAL4_20221004_083000_018.wav;1;0.9503121972084045;1
8239;VAL4_20221004_083000_019.wav;1;0.8767013549804688;1
8240;VAL4_20221006_030000_000.wav;0;0.8922371864318848;0
8241;VAL4_20221006_030000_001.wav;0;0.873461127281189;0
8242;VAL4_20221006_030000_002.wav;0;0.9053024649620056;0
8243;VAL4_20221006_030000_003.wav;0;0.8809850811958313;0
8244;VAL4_20221006_030000_004.wav;0;0.774592399597168;0
8245;VAL4_20221006_030000_005.wav;0;0.9142336845397949;0
8246;VAL4_20221006_030000_006.wav;0;0.945721447467804;0
8247;VAL4_20221006_030000_007.wav;0;0.9429381489753723;0
8248;VAL4_20221006_030000_008.wav;0;0.9591197371482849;0
8249;VAL4_20221006_030000_009.wav;0;0.9259306192398071;0
8250;VAL4_20221006_030000_010.wav;0;0.9721243977546692;0
8251;VAL4_20221006_030000_011.wav;0;0.697640597820282;0
8252;VAL4_20221006_030000_012.wav;0;0.35130858421325684;0
8253;VAL4_20221006_030000_013.wav;0;0.38004714250564575;0
8254;VAL4_20221006_030000_014.wav;0;0.5048065185546875;0
8255;VAL4_20221006_030000_015.wav;0;0.13872428238391876;0
8256;VAL4_20221006_030000_016.wav;0;0.6430453658103943;0
8257;VAL4_20221006_030000_017.wav;0;0.1684880256652832;0
8258;VAL4_20221006_030000_018.wav;0;0.1850135326385498;0
8259;VAL4_20221006_030000_019.wav;0;0.09761744737625122;0
8260;VAL4_20221006_134500_000.wav;1;0.7923551201820374;1
8261;VAL4_20221006_134500_001.wav;1;0.9860571622848511;1
8262;VAL4_20221006_134500_002.wav;1;0.8490234613418579;1
8263;VAL4_20221006_134500_003.wav;1;0.7440624833106995;1
8264;VAL4_20221006_134500_004.wav;1;0.6617230772972107;1
8265;VAL4_20221006_134500_005.wav;1;0.9196208119392395;1
8266;VAL4_20221006_134500_006.wav;0;0.6637675762176514;0
8267;VAL4_20221006_134500_007.wav;1;0.9752419590950012;1
8268;VAL4_20221006_134500_008.wav;0;0.7880456447601318;0
8269;VAL4_20221006_134500_009.wav;0;0.8290902972221375;0
8270;VAL4_20221006_134500_010.wav;0;0.632957935333252;0
8271;VAL4_20221006_134500_011.wav;1;0.9809461236000061;1
8272;VAL4_20221006_134500_012.wav;1;0.9546994566917419;1
8273;VAL4_20221006_134500_013.wav;0;0.9262847304344177;0
8274;VAL4_20221006_134500_014.wav;0;0.41458404064178467;0
8275;VAL4_20221006_134500_015.wav;0;0.6976785063743591;0
8276;VAL4_20221006_134500_016.wav;0;0.8822053074836731;0
8277;VAL4_20221006_134500_017.wav;0;0.0028468554373830557;0
8278;VAL4_20221006_134500_018.wav;0;0.00998105388134718;0
8279;VAL4_20221006_134500_019.wav;0;0.09229801595211029;0
8280;VAL4_20221006_180000_000.wav;0;0.022165194153785706;0
8281;VAL4_20221006_180000_001.wav;0;0.007937607355415821;0
8282;VAL4_20221006_180000_002.wav;0;0.04349229112267494;0
8283;VAL4_20221006_180000_003.wav;0;0.07487289607524872;0
8284;VAL4_20221006_180000_004.wav;0;0.01324887853115797;0
8285;VAL4_20221006_180000_005.wav;0;0.05004265531897545;0
8286;VAL4_20221006_180000_006.wav;0;0.05091718211770058;0
8287;VAL4_20221006_180000_007.wav;0;0.06055218353867531;0
8288;VAL4_20221006_180000_008.wav;0;0.014714856632053852;0
8289;VAL4_20221006_180000_009.wav;0;0.011687257327139378;0
8290;VAL4_20221006_180000_010.wav;0;0.007335614878684282;0
8291;VAL4_20221006_180000_011.wav;0;0.014645284041762352;0
8292;VAL4_20221006_180000_012.wav;0;0.009368693456053734;0
8293;VAL4_20221006_180000_013.wav;0;0.012262418866157532;0
8294;VAL4_20221006_180000_014.wav;0;0.015455823391675949;0
8295;VAL4_20221006_180000_015.wav;0;0.0155660854652524;0
8296;VAL4_20221006_180000_016.wav;0;0.0048973169177770615;0
8297;VAL4_20221006_180000_017.wav;0;0.045976895838975906;0
8298;VAL4_20221006_180000_018.wav;0;0.0643789991736412;0
8299;VAL4_20221006_180000_019.wav;0;0.015239767730236053;0
8300;VAL4_20221008_090000_000.wav;0;0.08931881189346313;0
8301;VAL4_20221008_090000_001.wav;0;0.07779544591903687;0
8302;VAL4_20221008_090000_002.wav;0;0.3196834325790405;0
8303;VAL4_20221008_090000_003.wav;0;0.02870059199631214;0
8304;VAL4_20221008_090000_004.wav;0;0.027942456305027008;0
8305;VAL4_20221008_090000_005.wav;0;0.07762616127729416;0
8306;VAL4_20221008_090000_006.wav;0;0.11273226141929626;0
8307;VAL4_20221008_090000_007.wav;0;0.021920189261436462;0
8308;VAL4_20221008_090000_008.wav;0;0.13982422649860382;0
8309;VAL4_20221008_090000_009.wav;0;0.032362356781959534;0
8310;VAL4_20221008_090000_010.wav;0;0.10328545421361923;0
8311;VAL4_20221008_090000_011.wav;0;0.09941698610782623;0
8312;VAL4_20221008_090000_012.wav;0;0.013219574466347694;0
8313;VAL4_20221008_090000_013.wav;0;0.14066286385059357;0
8314;VAL4_20221008_090000_014.wav;0;0.07419537752866745;0
8315;VAL4_20221008_090000_015.wav;0;0.15820854902267456;0
8316;VAL4_20221008_090000_016.wav;0;0.44822853803634644;0
8317;VAL4_20221008_090000_017.wav;0;0.03807654231786728;0
8318;VAL4_20221008_090000_018.wav;0;0.12879881262779236;0
8319;VAL4_20221008_090000_019.wav;0;0.044487107545137405;0
8320;VAL4_20221008_173000_000.wav;0;0.0764109194278717;0
8321;VAL4_20221008_173000_001.wav;0;0.04293550178408623;0
8322;VAL4_20221008_173000_002.wav;0;0.0389149971306324;0
8323;VAL4_20221008_173000_003.wav;0;0.014461968094110489;0
8324;VAL4_20221008_173000_004.wav;0;0.01272345706820488;0
8325;VAL4_20221008_173000_005.wav;0;0.014855300076305866;0
8326;VAL4_20221008_173000_006.wav;0;0.014523842372000217;0
8327;VAL4_20221008_173000_007.wav;0;0.06651325523853302;0
8328;VAL4_20221008_173000_008.wav;0;0.014429565519094467;0
8329;VAL4_20221008_173000_009.wav;0;0.028579430654644966;0
8330;VAL4_20221008_173000_010.wav;0;0.02789355255663395;0
8331;VAL4_20221008_173000_011.wav;0;0.01912633888423443;0
8332;VAL4_20221008_173000_012.wav;0;0.00882399920374155;0
8333;VAL4_20221008_173000_013.wav;0;0.03776240721344948;0
8334;VAL4_20221008_173000_014.wav;0;0.010847093537449837;0
8335;VAL4_20221008_173000_015.wav;0;0.1314704269170761;0
8336;VAL4_20221008_173000_016.wav;0;0.003825433785095811;0
8337;VAL4_20221008_173000_017.wav;0;0.04697555676102638;0
8338;VAL4_20221008_173000_018.wav;0;0.04577348381280899;0
8339;VAL4_20221008_173000_019.wav;0;0.014375794678926468;0
8340;VAL4_20221008_214500_000.wav;0;0.0028807276394218206;0
8341;VAL4_20221008_214500_001.wav;0;0.05118705704808235;0
8342;VAL4_20221008_214500_002.wav;0;0.002747351536527276;0
8343;VAL4_20221008_214500_003.wav;0;0.001363622141070664;0
8344;VAL4_20221008_214500_004.wav;0;0.0072549572214484215;0
8345;VAL4_20221008_214500_005.wav;0;0.005428608972579241;0
8346;VAL4_20221008_214500_006.wav;0;0.005758752580732107;0
8347;VAL4_20221008_214500_007.wav;0;0.01973225362598896;0
8348;VAL4_20221008_214500_008.wav;0;0.004167039878666401;0
8349;VAL4_20221008_214500_009.wav;0;0.004663798958063126;0
8350;VAL4_20221008_214500_010.wav;0;0.029854048043489456;0
8351;VAL4_20221008_214500_011.wav;0;0.0033158292062580585;0
8352;VAL4_20221008_214500_012.wav;0;0.008772924542427063;0
8353;VAL4_20221008_214500_013.wav;0;0.002721977885812521;0
8354;VAL4_20221008_214500_014.wav;0;0.0031107766553759575;0
8355;VAL4_20221008_214500_015.wav;0;0.0019407488871365786;0
8356;VAL4_20221008_214500_016.wav;0;0.011001848615705967;0
8357;VAL4_20221008_214500_017.wav;0;0.004542388953268528;0
8358;VAL4_20221008_214500_018.wav;0;0.005122627597302198;0
8359;VAL4_20221008_214500_019.wav;0;0.003700627712532878;0
8360;VAL4_20221010_084500_000.wav;1;0.004342852160334587;1
8361;VAL4_20221010_084500_001.wav;1;0.9713978171348572;1
8362;VAL4_20221010_084500_002.wav;1;0.9442956447601318;1
8363;VAL4_20221010_084500_003.wav;1;0.01095613557845354;1
8364;VAL4_20221010_084500_004.wav;0;0.02003001607954502;0
8365;VAL4_20221010_084500_005.wav;0;0.040314432233572006;0
8366;VAL4_20221010_084500_006.wav;0;0.3919062614440918;0
8367;VAL4_20221010_084500_007.wav;0;0.01882775127887726;0
8368;VAL4_20221010_084500_008.wav;0;0.026354428380727768;0
8369;VAL4_20221010_084500_009.wav;0;0.017227455973625183;0
8370;VAL4_20221010_084500_010.wav;0;0.009921161457896233;0
8371;VAL4_20221010_084500_011.wav;0;0.14733800292015076;0
8372;VAL4_20221010_084500_012.wav;0;0.060779672116041183;0
8373;VAL4_20221010_084500_013.wav;0;0.019040316343307495;0
8374;VAL4_20221010_084500_014.wav;0;0.008439208380877972;0
8375;VAL4_20221010_084500_015.wav;0;0.012178394012153149;0
8376;VAL4_20221010_084500_016.wav;0;0.006600955966860056;0
8377;VAL4_20221010_084500_017.wav;0;0.0120187196880579;0
8378;VAL4_20221010_084500_018.wav;0;0.007191220298409462;0
8379;VAL4_20221010_084500_019.wav;0;0.11560609936714172;0
8380;VAL4_20221010_123000_000.wav;0;0.02482469566166401;0
8381;VAL4_20221010_123000_001.wav;0;0.007207686081528664;0
8382;VAL4_20221010_123000_002.wav;0;0.008425222709774971;0
8383;VAL4_20221010_123000_003.wav;0;0.01307508535683155;0
8384;VAL4_20221010_123000_004.wav;0;0.029582159593701363;0
8385;VAL4_20221010_123000_005.wav;0;0.04706279933452606;0
8386;VAL4_20221010_123000_006.wav;0;0.1709340363740921;0
8387;VAL4_20221010_123000_007.wav;0;0.01669553481042385;0
8388;VAL4_20221010_123000_008.wav;0;0.007949071936309338;0
8389;VAL4_20221010_123000_009.wav;0;0.021006975322961807;0
8390;VAL4_20221010_123000_010.wav;0;0.03637507185339928;0
8391;VAL4_20221010_123000_011.wav;0;0.006786109879612923;0
8392;VAL4_20221010_123000_012.wav;0;0.008988452143967152;0
8393;VAL4_20221010_123000_013.wav;0;0.07371681183576584;0
8394;VAL4_20221010_123000_014.wav;0;0.011520017869770527;0
8395;VAL4_20221010_123000_015.wav;0;0.01714818738400936;0
8396;VAL4_20221010_123000_016.wav;0;0.018933052197098732;0
8397;VAL4_20221010_123000_017.wav;0;0.008355960249900818;0
8398;VAL4_20221010_123000_018.wav;0;0.023772403597831726;0
8399;VAL4_20221010_123000_019.wav;0;0.007627473678439856;0
8400;VAL4_20221010_233000_000.wav;0;0.002875003730878234;0
8401;VAL4_20221010_233000_001.wav;0;0.0023251837119460106;0
8402;VAL4_20221010_233000_002.wav;0;0.010385775938630104;0
8403;VAL4_20221010_233000_003.wav;0;0.003335226560011506;0
8404;VAL4_20221010_233000_004.wav;0;0.0014633169630542397;0
8405;VAL4_20221010_233000_005.wav;0;0.0054637109860777855;0
8406;VAL4_20221010_233000_006.wav;0;0.0013930039713159204;0
8407;VAL4_20221010_233000_007.wav;0;0.001525291707366705;0
8408;VAL4_20221010_233000_008.wav;0;0.002037355676293373;0
8409;VAL4_20221010_233000_009.wav;0;0.0031280601397156715;0
8410;VAL4_20221010_233000_010.wav;0;0.0029192480724304914;0
8411;VAL4_20221010_233000_011.wav;0;0.009701070375740528;0
8412;VAL4_20221010_233000_012.wav;0;0.011978399939835072;0
8413;VAL4_20221010_233000_013.wav;0;0.0025890993420034647;0
8414;VAL4_20221010_233000_014.wav;0;0.0029786243103444576;0
8415;VAL4_20221010_233000_015.wav;0;0.003488787915557623;0
8416;VAL4_20221010_233000_016.wav;0;0.002085460117086768;0
8417;VAL4_20221010_233000_017.wav;0;0.008442496880888939;0
8418;VAL4_20221010_233000_018.wav;0;0.003885447047650814;0
8419;VAL4_20221010_233000_019.wav;0;0.002152500208467245;0
8420;VAL4_20221012_024500_000.wav;0;0.0062744468450546265;0
8421;VAL4_20221012_024500_001.wav;0;0.005884752608835697;0
8422;VAL4_20221012_024500_002.wav;0;0.008713695220649242;0
8423;VAL4_20221012_024500_003.wav;0;0.013804222457110882;0
8424;VAL4_20221012_024500_004.wav;0;0.0030371551401913166;0
8425;VAL4_20221012_024500_005.wav;0;0.007971631363034248;0
8426;VAL4_20221012_024500_006.wav;0;0.002654249547049403;0
8427;VAL4_20221012_024500_007.wav;0;0.003563279053196311;0
8428;VAL4_20221012_024500_008.wav;0;0.02620033361017704;0
8429;VAL4_20221012_024500_009.wav;0;0.017148572951555252;0
8430;VAL4_20221012_024500_010.wav;0;0.006875704042613506;0
8431;VAL4_20221012_024500_011.wav;0;0.003505501663312316;0
8432;VAL4_20221012_024500_012.wav;0;0.002555644838139415;0
8433;VAL4_20221012_024500_013.wav;0;0.2510187029838562;0
8434;VAL4_20221012_024500_014.wav;0;0.005567777901887894;0
8435;VAL4_20221012_024500_015.wav;0;0.0018170269904658198;0
8436;VAL4_20221012_024500_016.wav;0;0.003430725308135152;0
8437;VAL4_20221012_024500_017.wav;0;0.009753999300301075;0
8438;VAL4_20221012_024500_018.wav;0;0.0030459885019809008;0
8439;VAL4_20221012_024500_019.wav;0;0.00437773484736681;0
8440;VTN3_20220518_041500_000.wav;0;0.02991650067269802;0
8441;VTN3_20220518_041500_001.wav;0;0.0042039742693305016;0
8442;VTN3_20220518_041500_002.wav;0;0.0072038141079247;0
8443;VTN3_20220518_041500_003.wav;0;0.06338714808225632;0
8444;VTN3_20220518_041500_004.wav;0;0.005743544083088636;0
8445;VTN3_20220518_041500_005.wav;0;0.06208333745598793;0
8446;VTN3_20220518_041500_006.wav;0;0.001966311363503337;0
8447;VTN3_20220518_041500_007.wav;0;0.005065330304205418;0
8448;VTN3_20220518_041500_008.wav;0;0.01570846326649189;0
8449;VTN3_20220518_041500_009.wav;0;0.03746410831809044;0
8450;VTN3_20220518_041500_010.wav;0;0.026937689632177353;0
8451;VTN3_20220518_041500_011.wav;0;0.030962973833084106;0
8452;VTN3_20220518_041500_012.wav;0;0.02651122771203518;0
8453;VTN3_20220518_041500_013.wav;0;0.006208546459674835;0
8454;VTN3_20220518_041500_014.wav;0;0.014098532497882843;0
8455;VTN3_20220518_041500_015.wav;0;0.003148381831124425;0
8456;VTN3_20220518_041500_016.wav;0;0.032045941799879074;0
8457;VTN3_20220518_041500_017.wav;0;0.05184372141957283;0
8458;VTN3_20220518_041500_018.wav;0;0.06593005359172821;0
8459;VTN3_20220518_041500_019.wav;0;0.017998700961470604;0
8460;VTN3_20220519_130000_000.wav;1;0.9645894169807434;1
8461;VTN3_20220519_130000_001.wav;1;0.8170832991600037;1
8462;VTN3_20220519_130000_002.wav;1;0.9180047512054443;1
8463;VTN3_20220519_130000_003.wav;1;0.9577666521072388;1
8464;VTN3_20220519_130000_004.wav;1;0.9067872166633606;1
8465;VTN3_20220519_130000_005.wav;1;0.5406951904296875;1
8466;VTN3_20220519_130000_006.wav;1;0.18636927008628845;1
8467;VTN3_20220519_130000_007.wav;1;0.24990415573120117;1
8468;VTN3_20220519_130000_008.wav;0;0.027822205796837807;0
8469;VTN3_20220519_130000_009.wav;0;0.08528842777013779;0
8470;VTN3_20220519_130000_010.wav;0;0.0018109037773683667;0
8471;VTN3_20220519_130000_011.wav;0;0.04622691497206688;0
8472;VTN3_20220519_130000_012.wav;0;0.18071185052394867;0
8473;VTN3_20220519_130000_013.wav;0;0.3072132170200348;0
8474;VTN3_20220519_130000_014.wav;0;0.4607618451118469;0
8475;VTN3_20220519_130000_015.wav;1;0.13562627136707306;1
8476;VTN3_20220519_130000_016.wav;1;0.9686785340309143;1
8477;VTN3_20220519_130000_017.wav;1;0.9721797108650208;1
8478;VTN3_20220519_130000_018.wav;1;0.8106119632720947;1
8479;VTN3_20220519_130000_019.wav;1;0.6716760396957397;1
8480;VTN3_20220520_191500_000.wav;0;0.01558337640017271;0
8481;VTN3_20220520_191500_001.wav;0;0.05638744682073593;0
8482;VTN3_20220520_191500_002.wav;0;0.1387881636619568;0
8483;VTN3_20220520_191500_003.wav;0;0.24781274795532227;0
8484;VTN3_20220520_191500_004.wav;0;0.05735180526971817;0
8485;VTN3_20220520_191500_005.wav;0;0.9209702610969543;0
8486;VTN3_20220520_191500_006.wav;0;0.1257321834564209;0
8487;VTN3_20220520_191500_007.wav;0;0.6979944705963135;0
8488;VTN3_20220520_191500_008.wav;0;0.8266450762748718;0
8489;VTN3_20220520_191500_009.wav;0;0.20437493920326233;0
8490;VTN3_20220520_191500_010.wav;0;0.17213952541351318;0
8491;VTN3_20220520_191500_011.wav;0;0.7548139691352844;0
8492;VTN3_20220520_191500_012.wav;0;0.6110188364982605;0
8493;VTN3_20220520_191500_013.wav;0;0.9575504064559937;0
8494;VTN3_20220520_191500_014.wav;0;0.6201836466789246;0
8495;VTN3_20220520_191500_015.wav;0;0.7768270969390869;0
8496;VTN3_20220520_191500_016.wav;0;0.794440746307373;0
8497;VTN3_20220520_191500_017.wav;0;0.9472947120666504;0
8498;VTN3_20220520_191500_018.wav;0;0.8337326645851135;0
8499;VTN3_20220520_191500_019.wav;0;0.9105868935585022;0
8500;VTN3_20220522_080000_000.wav;0;0.01778743602335453;0
8501;VTN3_20220522_080000_001.wav;0;0.0640774816274643;0
8502;VTN3_20220522_080000_002.wav;0;0.08379679918289185;0
8503;VTN3_20220522_080000_003.wav;0;0.2063530832529068;0
8504;VTN3_20220522_080000_004.wav;0;0.2728136479854584;0
8505;VTN3_20220522_080000_005.wav;0;0.445112019777298;0
8506;VTN3_20220522_080000_006.wav;0;0.18648439645767212;0
8507;VTN3_20220522_080000_007.wav;0;0.016198698431253433;0
8508;VTN3_20220522_080000_008.wav;0;0.03221392631530762;0
8509;VTN3_20220522_080000_009.wav;0;0.2475913017988205;0
8510;VTN3_20220522_080000_010.wav;0;0.013589677400887012;0
8511;VTN3_20220522_080000_011.wav;1;0.012470170855522156;1
8512;VTN3_20220522_080000_012.wav;1;0.3331490457057953;1
8513;VTN3_20220522_080000_013.wav;1;0.946208119392395;1
8514;VTN3_20220522_080000_014.wav;1;0.9732934832572937;1
8515;VTN3_20220522_080000_015.wav;1;0.9785906076431274;1
8516;VTN3_20220522_080000_016.wav;1;0.8405295014381409;1
8517;VTN3_20220522_080000_017.wav;1;0.9924831986427307;1
8518;VTN3_20220522_080000_018.wav;1;0.9835207462310791;1
8519;VTN3_20220522_080000_019.wav;1;0.9810701608657837;1
8520;VTN3_20220524_053000_000.wav;0;0.004961190279573202;0
8521;VTN3_20220524_053000_001.wav;0;0.013498015701770782;0
8522;VTN3_20220524_053000_002.wav;0;0.6285333037376404;0
8523;VTN3_20220524_053000_003.wav;0;0.23204487562179565;0
8524;VTN3_20220524_053000_004.wav;0;0.025250080972909927;0
8525;VTN3_20220524_053000_005.wav;0;0.07380185276269913;0
8526;VTN3_20220524_053000_006.wav;0;0.00756972236558795;0
8527;VTN3_20220524_053000_007.wav;0;0.00500396266579628;0
8528;VTN3_20220524_053000_008.wav;0;0.012763855047523975;0
8529;VTN3_20220524_053000_009.wav;0;0.0025153285823762417;0
8530;VTN3_20220524_053000_010.wav;0;0.06431388109922409;0
8531;VTN3_20220524_053000_011.wav;0;0.01715760864317417;0
8532;VTN3_20220524_053000_012.wav;0;0.036652255803346634;0
8533;VTN3_20220524_053000_013.wav;0;0.0015754527412354946;0
8534;VTN3_20220524_053000_014.wav;0;0.11512866616249084;0
8535;VTN3_20220524_053000_015.wav;0;0.017323888838291168;0
8536;VTN3_20220524_053000_016.wav;0;0.026694120839238167;0
8537;VTN3_20220524_053000_017.wav;0;0.19987358152866364;0
8538;VTN3_20220524_053000_018.wav;0;0.04309605062007904;0
8539;VTN3_20220524_053000_019.wav;0;0.0008698877645656466;0
8540;VTN3_20220524_104500_000.wav;1;0.9946723580360413;1
8541;VTN3_20220524_104500_001.wav;1;0.9962332844734192;1
8542;VTN3_20220524_104500_002.wav;1;0.9977206587791443;1
8543;VTN3_20220524_104500_003.wav;1;0.2927148938179016;1
8544;VTN3_20220524_104500_004.wav;1;0.8771184086799622;1
8545;VTN3_20220524_104500_005.wav;1;0.9727423191070557;1
8546;VTN3_20220524_104500_006.wav;1;0.9924283623695374;1
8547;VTN3_20220524_104500_007.wav;1;0.993660032749176;1
8548;VTN3_20220524_104500_008.wav;1;0.9776006937026978;1
8549;VTN3_20220524_104500_009.wav;1;0.9973599314689636;1
8550;VTN3_20220524_104500_010.wav;1;0.994998574256897;1
8551;VTN3_20220524_104500_011.wav;1;0.9860386252403259;1
8552;VTN3_20220524_104500_012.wav;1;0.9767553210258484;1
8553;VTN3_20220524_104500_013.wav;1;0.9919242262840271;1
8554;VTN3_20220524_104500_014.wav;1;0.9583615660667419;1
8555;VTN3_20220524_104500_015.wav;1;0.6108266115188599;1
8556;VTN3_20220524_104500_016.wav;1;0.0030462865252047777;1
8557;VTN3_20220524_104500_017.wav;0;0.008481589145958424;0
8558;VTN3_20220524_104500_018.wav;0;0.008689029142260551;0
8559;VTN3_20220524_104500_019.wav;0;0.01476450078189373;0
8560;VTN3_20220526_073000_000.wav;0;0.5580302476882935;0
8561;VTN3_20220526_073000_001.wav;1;0.5003523230552673;1
8562;VTN3_20220526_073000_002.wav;1;0.9841338992118835;1
8563;VTN3_20220526_073000_003.wav;1;0.9823951125144958;1
8564;VTN3_20220526_073000_004.wav;1;0.9929383397102356;1
8565;VTN3_20220526_073000_005.wav;1;0.9226440787315369;1
8566;VTN3_20220526_073000_006.wav;1;0.9397686719894409;1
8567;VTN3_20220526_073000_007.wav;1;0.08470741659402847;1
8568;VTN3_20220526_073000_008.wav;1;0.8634909391403198;1
8569;VTN3_20220526_073000_009.wav;1;0.5670205354690552;1
8570;VTN3_20220526_073000_010.wav;1;0.012026887387037277;1
8571;VTN3_20220526_073000_011.wav;0;0.1279035359621048;0
8572;VTN3_20220526_073000_012.wav;0;0.002333150478079915;0
8573;VTN3_20220526_073000_013.wav;0;0.024800710380077362;0
8574;VTN3_20220526_073000_014.wav;0;0.01473069004714489;0
8575;VTN3_20220526_073000_015.wav;0;0.07606195658445358;0
8576;VTN3_20220526_073000_016.wav;0;0.0007174576167017221;0
8577;VTN3_20220526_073000_017.wav;0;0.007114904001355171;0
8578;VTN3_20220526_073000_018.wav;0;0.1669590026140213;0
8579;VTN3_20220526_073000_019.wav;0;0.0025251086335629225;0
8580;VTN3_20220527_130000_000.wav;0;0.0073035904206335545;0
8581;VTN3_20220527_130000_001.wav;0;0.0076887826435267925;0
8582;VTN3_20220527_130000_002.wav;0;0.00622442364692688;0
8583;VTN3_20220527_130000_003.wav;0;0.0035205932799726725;0
8584;VTN3_20220527_130000_004.wav;0;0.008147154003381729;0
8585;VTN3_20220527_130000_005.wav;0;0.006556489504873753;0
8586;VTN3_20220527_130000_006.wav;0;0.005583829712122679;0
8587;VTN3_20220527_130000_007.wav;0;0.006177367642521858;0
8588;VTN3_20220527_130000_008.wav;0;0.005503991153091192;0
8589;VTN3_20220527_130000_009.wav;0;0.004011133220046759;0
8590;VTN3_20220527_130000_010.wav;0;0.005656139459460974;0
8591;VTN3_20220527_130000_011.wav;0;0.011326877400279045;0
8592;VTN3_20220527_130000_012.wav;0;0.00557972677052021;0
8593;VTN3_20220527_130000_013.wav;0;0.004327245056629181;0
8594;VTN3_20220527_130000_014.wav;0;0.005526612047106028;0
8595;VTN3_20220527_130000_015.wav;0;0.061824731528759;0
8596;VTN3_20220527_130000_016.wav;1;0.4982239007949829;1
8597;VTN3_20220527_130000_017.wav;1;0.8848981857299805;1
8598;VTN3_20220527_130000_018.wav;1;0.9332836270332336;1
8599;VTN3_20220527_130000_019.wav;1;0.9462364912033081;1
8600;VTN3_20220528_224500_000.wav;0;0.01968435011804104;0
8601;VTN3_20220528_224500_001.wav;0;0.005111936945468187;0
8602;VTN3_20220528_224500_002.wav;0;0.0064645190723240376;0
8603;VTN3_20220528_224500_003.wav;0;0.016553208231925964;0
8604;VTN3_20220528_224500_004.wav;0;0.006956169381737709;0
8605;VTN3_20220528_224500_005.wav;0;0.0071937646716833115;0
8606;VTN3_20220528_224500_006.wav;0;0.006380943115800619;0
8607;VTN3_20220528_224500_007.wav;0;0.3204568326473236;0
8608;VTN3_20220528_224500_008.wav;0;0.6773632168769836;0
8609;VTN3_20220528_224500_009.wav;0;0.13160541653633118;0
8610;VTN3_20220528_224500_010.wav;1;0.026030566543340683;1
8611;VTN3_20220528_224500_011.wav;1;0.9632229804992676;1
8612;VTN3_20220528_224500_012.wav;1;0.9846996665000916;1
8613;VTN3_20220528_224500_013.wav;1;0.007753610610961914;1
8614;VTN3_20220528_224500_014.wav;0;0.012240877375006676;0
8615;VTN3_20220528_224500_015.wav;0;0.021068235859274864;0
8616;VTN3_20220528_224500_016.wav;0;0.008101574145257473;0
8617;VTN3_20220528_224500_017.wav;0;0.008500762283802032;0
8618;VTN3_20220528_224500_018.wav;0;0.01569356955587864;0
8619;VTN3_20220528_224500_019.wav;0;0.012073783203959465;0
8620;VTN3_20220601_041500_000.wav;0;0.0013761274749413133;0
8621;VTN3_20220601_041500_001.wav;0;0.0025267472956329584;0
8622;VTN3_20220601_041500_002.wav;0;0.0022210218012332916;0
8623;VTN3_20220601_041500_003.wav;0;0.054711733013391495;0
8624;VTN3_20220601_041500_004.wav;0;0.002832290017977357;0
8625;VTN3_20220601_041500_005.wav;0;0.017562109977006912;0
8626;VTN3_20220601_041500_006.wav;0;0.007801421917974949;0
8627;VTN3_20220601_041500_007.wav;0;0.007274365983903408;0
8628;VTN3_20220601_041500_008.wav;0;0.01170422788709402;0
8629;VTN3_20220601_041500_009.wav;0;0.0024653535801917315;0
8630;VTN3_20220601_041500_010.wav;0;0.001529805245809257;0
8631;VTN3_20220601_041500_011.wav;0;0.0019060485064983368;0
8632;VTN3_20220601_041500_012.wav;0;0.007142460905015469;0
8633;VTN3_20220601_041500_013.wav;0;0.03847324475646019;0
8634;VTN3_20220601_041500_014.wav;0;0.00791272521018982;0
8635;VTN3_20220601_041500_015.wav;0;0.0017219670116901398;0
8636;VTN3_20220601_041500_016.wav;0;0.0023392196744680405;0
8637;VTN3_20220601_041500_017.wav;0;0.002078066347166896;0
8638;VTN3_20220601_041500_018.wav;0;0.0021585822105407715;0
8639;VTN3_20220601_041500_019.wav;0;0.00249588955193758;0
8640;VTN3_20220601_043000_000.wav;0;0.0012117773294448853;0
8641;VTN3_20220601_043000_001.wav;0;0.0008522624848410487;0
8642;VTN3_20220601_043000_002.wav;0;0.008777793496847153;0
8643;VTN3_20220601_043000_003.wav;1;0.03500276058912277;1
8644;VTN3_20220601_043000_004.wav;1;0.7078194618225098;1
8645;VTN3_20220601_043000_005.wav;1;0.7564825415611267;1
8646;VTN3_20220601_043000_006.wav;1;0.258921355009079;1
8647;VTN3_20220601_043000_007.wav;1;0.4824139177799225;1
8648;VTN3_20220601_043000_008.wav;1;0.03206487372517586;1
8649;VTN3_20220601_043000_009.wav;1;0.0034796888940036297;1
8650;VTN3_20220601_043000_010.wav;1;0.0008985829772427678;1
8651;VTN3_20220601_043000_011.wav;0;0.00345978164114058;0
8652;VTN3_20220601_043000_012.wav;0;0.020422590896487236;0
8653;VTN3_20220601_043000_013.wav;0;0.006689003668725491;0
8654;VTN3_20220601_043000_014.wav;0;0.01575342006981373;0
8655;VTN3_20220601_043000_015.wav;0;0.05961969867348671;0
8656;VTN3_20220601_043000_016.wav;0;0.0011797178303822875;0
8657;VTN3_20220601_043000_017.wav;0;0.1137302815914154;0
8658;VTN3_20220601_043000_018.wav;0;0.0008277012384496629;0
8659;VTN3_20220601_043000_019.wav;0;0.009962765499949455;0
8660;VTN3_20220601_090000_000.wav;0;0.001089334487915039;0
8661;VTN3_20220601_090000_001.wav;0;0.07946979999542236;0
8662;VTN3_20220601_090000_002.wav;0;0.3567872643470764;0
8663;VTN3_20220601_090000_003.wav;0;0.0011415629414841533;0
8664;VTN3_20220601_090000_004.wav;0;0.1593223661184311;0
8665;VTN3_20220601_090000_005.wav;0;0.23770149052143097;0
8666;VTN3_20220601_090000_006.wav;0;0.013986419886350632;0
8667;VTN3_20220601_090000_007.wav;0;0.6409645676612854;0
8668;VTN3_20220601_090000_008.wav;0;0.0707959458231926;0
8669;VTN3_20220601_090000_009.wav;0;0.6383880376815796;0
8670;VTN3_20220601_090000_010.wav;0;0.008767697028815746;0
8671;VTN3_20220601_090000_011.wav;0;0.09143837541341782;0
8672;VTN3_20220601_090000_012.wav;0;0.001253272290341556;0
8673;VTN3_20220601_090000_013.wav;0;0.1800074577331543;0
8674;VTN3_20220601_090000_014.wav;0;0.04436573013663292;0
8675;VTN3_20220601_090000_015.wav;0;0.08420909941196442;0
8676;VTN3_20220601_090000_016.wav;0;0.360076904296875;0
8677;VTN3_20220601_090000_017.wav;0;0.15471893548965454;0
8678;VTN3_20220601_090000_018.wav;0;0.505134105682373;0
8679;VTN3_20220601_090000_019.wav;0;0.15447348356246948;0
8680;VTN3_20220601_094500_000.wav;0;0.005820097867399454;0
8681;VTN3_20220601_094500_001.wav;0;0.01097857765853405;0
8682;VTN3_20220601_094500_002.wav;0;0.007993962615728378;0
8683;VTN3_20220601_094500_003.wav;0;0.0037090866826474667;0
8684;VTN3_20220601_094500_004.wav;0;0.00687618600204587;0
8685;VTN3_20220601_094500_005.wav;0;0.03173946961760521;0
8686;VTN3_20220601_094500_006.wav;0;0.004364924039691687;0
8687;VTN3_20220601_094500_007.wav;0;0.01617172174155712;0
8688;VTN3_20220601_094500_008.wav;0;0.036833424121141434;0
8689;VTN3_20220601_094500_009.wav;0;0.08200228959321976;0
8690;VTN3_20220601_094500_010.wav;0;0.01284189522266388;0
8691;VTN3_20220601_094500_011.wav;0;0.048638418316841125;0
8692;VTN3_20220601_094500_012.wav;0;0.0051867542788386345;0
8693;VTN3_20220601_094500_013.wav;0;0.01479410007596016;0
8694;VTN3_20220601_094500_014.wav;0;0.007314540445804596;0
8695;VTN3_20220601_094500_015.wav;0;0.012803206220269203;0
8696;VTN3_20220601_094500_016.wav;0;0.015855491161346436;0
8697;VTN3_20220601_094500_017.wav;0;0.01804661750793457;0
8698;VTN3_20220601_094500_018.wav;0;0.011601932346820831;0
8699;VTN3_20220601_094500_019.wav;0;0.017236799001693726;0
8700;VTN3_20220601_103000_000.wav;0;0.7569124102592468;0
8701;VTN3_20220601_103000_001.wav;0;0.9512094855308533;0
8702;VTN3_20220601_103000_002.wav;0;0.9073968529701233;0
8703;VTN3_20220601_103000_003.wav;0;0.9132677316665649;0
8704;VTN3_20220601_103000_004.wav;0;0.9630275964736938;0
8705;VTN3_20220601_103000_005.wav;0;0.9550696611404419;0
8706;VTN3_20220601_103000_006.wav;0;0.7004336714744568;0
8707;VTN3_20220601_103000_007.wav;0;0.968380331993103;0
8708;VTN3_20220601_103000_008.wav;0;0.8810981512069702;0
8709;VTN3_20220601_103000_009.wav;0;0.8386228680610657;0
8710;VTN3_20220601_103000_010.wav;0;0.823718786239624;0
8711;VTN3_20220601_103000_011.wav;1;0.8667381405830383;1
8712;VTN3_20220601_103000_012.wav;1;0.9036623239517212;1
8713;VTN3_20220601_103000_013.wav;0;0.915454089641571;0
8714;VTN3_20220601_103000_014.wav;0;0.9016390442848206;0
8715;VTN3_20220601_103000_015.wav;1;0.8924486041069031;1
8716;VTN3_20220601_103000_016.wav;1;0.9200905561447144;1
8717;VTN3_20220601_103000_017.wav;1;0.8773213624954224;1
8718;VTN3_20220601_103000_018.wav;1;0.8928001523017883;1
8719;VTN3_20220601_103000_019.wav;1;0.8461530208587646;1
8720;VTN3_20220601_120000_000.wav;0;0.002271096222102642;0
8721;VTN3_20220601_120000_001.wav;0;0.001804661238566041;0
8722;VTN3_20220601_120000_002.wav;0;0.031537335366010666;0
8723;VTN3_20220601_120000_003.wav;1;0.0011571511859074235;1
8724;VTN3_20220601_120000_004.wav;1;0.010724548250436783;1
8725;VTN3_20220601_120000_005.wav;1;0.834073543548584;1
8726;VTN3_20220601_120000_006.wav;1;0.47500696778297424;1
8727;VTN3_20220601_120000_007.wav;1;0.8929239511489868;1
8728;VTN3_20220601_120000_008.wav;1;0.9899283051490784;1
8729;VTN3_20220601_120000_009.wav;1;0.7522822022438049;1
8730;VTN3_20220601_120000_010.wav;1;0.8522517085075378;1
8731;VTN3_20220601_120000_011.wav;1;0.9109534621238708;1
8732;VTN3_20220601_120000_012.wav;1;0.9580693244934082;1
8733;VTN3_20220601_120000_013.wav;1;0.9132833480834961;1
8734;VTN3_20220601_120000_014.wav;1;0.9675545692443848;1
8735;VTN3_20220601_120000_015.wav;1;0.7842509746551514;1
8736;VTN3_20220601_120000_016.wav;1;0.9732685089111328;1
8737;VTN3_20220601_120000_017.wav;1;0.8046857714653015;1
8738;VTN3_20220601_120000_018.wav;1;0.06008876487612724;1
8739;VTN3_20220601_120000_019.wav;1;0.003100791946053505;1
8740;VTN3_20220601_151500_000.wav;0;0.9851490259170532;0
8741;VTN3_20220601_151500_001.wav;0;0.8641494512557983;0
8742;VTN3_20220601_151500_002.wav;0;0.9775741696357727;0
8743;VTN3_20220601_151500_003.wav;0;0.9892403483390808;0
8744;VTN3_20220601_151500_004.wav;0;0.4938022494316101;0
8745;VTN3_20220601_151500_005.wav;0;0.033147867769002914;0
8746;VTN3_20220601_151500_006.wav;0;0.985806405544281;0
8747;VTN3_20220601_151500_007.wav;0;0.9545212984085083;0
8748;VTN3_20220601_151500_008.wav;0;0.9655064940452576;0
8749;VTN3_20220601_151500_009.wav;0;0.9494225978851318;0
8750;VTN3_20220601_151500_010.wav;0;0.9953868985176086;0
8751;VTN3_20220601_151500_011.wav;0;0.8243570327758789;0
8752;VTN3_20220601_151500_012.wav;0;0.9859640598297119;0
8753;VTN3_20220601_151500_013.wav;0;0.9721654653549194;0
8754;VTN3_20220601_151500_014.wav;0;0.9922645092010498;0
8755;VTN3_20220601_151500_015.wav;0;0.9419382214546204;0
8756;VTN3_20220601_151500_016.wav;0;0.8641816973686218;0
8757;VTN3_20220601_151500_017.wav;0;0.9735319018363953;0
8758;VTN3_20220601_151500_018.wav;0;0.8865439295768738;0
8759;VTN3_20220601_151500_019.wav;0;0.9664292931556702;0
8760;VTN3_20220601_204500_000.wav;0;0.021593989804387093;0
8761;VTN3_20220601_204500_001.wav;0;0.006781698204576969;0
8762;VTN3_20220601_204500_002.wav;0;0.013630897738039494;0
8763;VTN3_20220601_204500_003.wav;0;0.00926752295345068;0
8764;VTN3_20220601_204500_004.wav;0;0.012680832296609879;0
8765;VTN3_20220601_204500_005.wav;0;0.012250936590135098;0
8766;VTN3_20220601_204500_006.wav;0;0.008993355557322502;0
8767;VTN3_20220601_204500_007.wav;0;0.008452218025922775;0
8768;VTN3_20220601_204500_008.wav;0;0.008537087589502335;0
8769;VTN3_20220601_204500_009.wav;0;0.007093677297234535;0
8770;VTN3_20220601_204500_010.wav;0;0.036484476178884506;0
8771;VTN3_20220601_204500_011.wav;0;0.11536575853824615;0
8772;VTN3_20220601_204500_012.wav;0;0.013766512274742126;0
8773;VTN3_20220601_204500_013.wav;0;0.008329682983458042;0
8774;VTN3_20220601_204500_014.wav;0;0.018286671489477158;0
8775;VTN3_20220601_204500_015.wav;0;0.010625342838466167;0
8776;VTN3_20220601_204500_016.wav;0;0.0070243533700704575;0
8777;VTN3_20220601_204500_017.wav;0;0.03446083888411522;0
8778;VTN3_20220601_204500_018.wav;0;0.014381958171725273;0
8779;VTN3_20220601_204500_019.wav;0;0.0632307156920433;0
8780;VTN3_20220601_213000_000.wav;0;0.12178793549537659;0
8781;VTN3_20220601_213000_001.wav;0;0.03158049285411835;1
8782;VTN3_20220601_213000_002.wav;0;0.28855830430984497;1
8783;VTN3_20220601_213000_003.wav;0;0.30080628395080566;1
8784;VTN3_20220601_213000_004.wav;0;0.3667345941066742;1
8785;VTN3_20220601_213000_005.wav;0;0.018678883090615273;1
8786;VTN3_20220601_213000_006.wav;0;0.1918223798274994;1
8787;VTN3_20220601_213000_007.wav;0;0.6931520700454712;1
8788;VTN3_20220601_213000_008.wav;0;0.8664637207984924;1
8789;VTN3_20220601_213000_009.wav;0;0.917734682559967;1
8790;VTN3_20220601_213000_010.wav;0;0.8760963082313538;1
8791;VTN3_20220601_213000_011.wav;0;0.6118432879447937;1
8792;VTN3_20220601_213000_012.wav;0;0.9574041962623596;1
8793;VTN3_20220601_213000_013.wav;0;0.9727799296379089;1
8794;VTN3_20220601_213000_014.wav;0;0.980351984500885;1
8795;VTN3_20220601_213000_015.wav;0;0.9779899716377258;1
8796;VTN3_20220601_213000_016.wav;0;0.9423561096191406;1
8797;VTN3_20220601_213000_017.wav;0;0.9302744269371033;1
8798;VTN3_20220601_213000_018.wav;0;0.9304302334785461;1
8799;VTN3_20220601_213000_019.wav;0;0.19877006113529205;1
8800;VTN4_20220512_221500_000.wav;0;0.004359036684036255;0
8801;VTN4_20220512_221500_001.wav;0;0.004848344251513481;0
8802;VTN4_20220512_221500_002.wav;0;0.0059632956981658936;0
8803;VTN4_20220512_221500_003.wav;0;0.007906550541520119;0
8804;VTN4_20220512_221500_004.wav;0;0.00462787039577961;0
8805;VTN4_20220512_221500_005.wav;0;0.011801709420979023;0
8806;VTN4_20220512_221500_006.wav;0;0.0064504616893827915;0
8807;VTN4_20220512_221500_007.wav;0;0.026004858314990997;0
8808;VTN4_20220512_221500_008.wav;0;0.006551037076860666;0
8809;VTN4_20220512_221500_009.wav;0;0.006912107579410076;0
8810;VTN4_20220512_221500_010.wav;0;0.005323840770870447;0
8811;VTN4_20220512_221500_011.wav;0;0.003319520503282547;0
8812;VTN4_20220512_221500_012.wav;0;0.0383957177400589;1
8813;VTN4_20220512_221500_013.wav;0;0.6868661046028137;1
8814;VTN4_20220512_221500_014.wav;0;0.017912831157445908;1
8815;VTN4_20220512_221500_015.wav;0;0.005155769642442465;1
8816;VTN4_20220512_221500_016.wav;0;0.3891417682170868;1
8817;VTN4_20220512_221500_017.wav;0;0.5522441864013672;1
8818;VTN4_20220512_221500_018.wav;0;0.7928686141967773;1
8819;VTN4_20220512_221500_019.wav;0;0.11521092802286148;1
8820;VTN4_20220513_124500_000.wav;1;0.9954909682273865;1
8821;VTN4_20220513_124500_001.wav;1;0.9950483441352844;1
8822;VTN4_20220513_124500_002.wav;1;0.9946140646934509;1
8823;VTN4_20220513_124500_003.wav;1;0.9947532415390015;1
8824;VTN4_20220513_124500_004.wav;1;0.9878706336021423;1
8825;VTN4_20220513_124500_005.wav;1;0.981875479221344;1
8826;VTN4_20220513_124500_006.wav;1;0.9939846396446228;1
8827;VTN4_20220513_124500_007.wav;1;0.9783796072006226;1
8828;VTN4_20220513_124500_008.wav;1;0.9899163842201233;1
8829;VTN4_20220513_124500_009.wav;1;0.9976466298103333;1
8830;VTN4_20220513_124500_010.wav;1;0.99722820520401;1
8831;VTN4_20220513_124500_011.wav;1;0.9987441301345825;1
8832;VTN4_20220513_124500_012.wav;1;0.978943407535553;1
8833;VTN4_20220513_124500_013.wav;1;0.9961458444595337;1
8834;VTN4_20220513_124500_014.wav;1;0.9885832071304321;1
8835;VTN4_20220513_124500_015.wav;1;0.9909692406654358;1
8836;VTN4_20220513_124500_016.wav;1;0.9973616003990173;1
8837;VTN4_20220513_124500_017.wav;1;0.9982278943061829;1
8838;VTN4_20220513_124500_018.wav;1;0.9983421564102173;1
8839;VTN4_20220513_124500_019.wav;1;0.9793245196342468;1
8840;VTN4_20220517_104500_000.wav;0;0.968661904335022;0
8841;VTN4_20220517_104500_001.wav;0;0.19315092265605927;0
8842;VTN4_20220517_104500_002.wav;0;0.5735684633255005;0
8843;VTN4_20220517_104500_003.wav;0;0.14541849493980408;0
8844;VTN4_20220517_104500_004.wav;0;0.49143341183662415;0
8845;VTN4_20220517_104500_005.wav;0;0.2957378029823303;0
8846;VTN4_20220517_104500_006.wav;0;0.6175500750541687;0
8847;VTN4_20220517_104500_007.wav;0;0.8848947286605835;0
8848;VTN4_20220517_104500_008.wav;0;0.030216360464692116;0
8849;VTN4_20220517_104500_009.wav;0;0.16405244171619415;0
8850;VTN4_20220517_104500_010.wav;0;0.47696003317832947;0
8851;VTN4_20220517_104500_011.wav;0;0.19934529066085815;0
8852;VTN4_20220517_104500_012.wav;0;0.286637544631958;0
8853;VTN4_20220517_104500_013.wav;0;0.26769086718559265;0
8854;VTN4_20220517_104500_014.wav;0;0.38686418533325195;0
8855;VTN4_20220517_104500_015.wav;0;0.22968775033950806;0
8856;VTN4_20220517_104500_016.wav;0;0.09275739639997482;0
8857;VTN4_20220517_104500_017.wav;0;0.19488893449306488;0
8858;VTN4_20220517_104500_018.wav;0;0.4525819718837738;0
8859;VTN4_20220517_104500_019.wav;0;0.5359450578689575;0
8860;VTN4_20220518_113000_000.wav;1;0.9735913276672363;1
8861;VTN4_20220518_113000_001.wav;1;0.9859372973442078;1
8862;VTN4_20220518_113000_002.wav;1;0.9955652356147766;1
8863;VTN4_20220518_113000_003.wav;1;0.9976305961608887;1
8864;VTN4_20220518_113000_004.wav;1;0.9906615614891052;1
8865;VTN4_20220518_113000_005.wav;1;0.9917308688163757;1
8866;VTN4_20220518_113000_006.wav;1;0.9923722743988037;1
8867;VTN4_20220518_113000_007.wav;1;0.9984686970710754;1
8868;VTN4_20220518_113000_008.wav;1;0.9912903308868408;1
8869;VTN4_20220518_113000_009.wav;1;0.9960758090019226;1
8870;VTN4_20220518_113000_010.wav;1;0.9920691251754761;1
8871;VTN4_20220518_113000_011.wav;1;0.9628996849060059;1
8872;VTN4_20220518_113000_012.wav;1;0.983244001865387;1
8873;VTN4_20220518_113000_013.wav;1;0.9943600296974182;1
8874;VTN4_20220518_113000_014.wav;1;0.989591658115387;1
8875;VTN4_20220518_113000_015.wav;1;0.9579100608825684;1
8876;VTN4_20220518_113000_016.wav;1;0.9896472096443176;1
8877;VTN4_20220518_113000_017.wav;1;0.973619818687439;1
8878;VTN4_20220518_113000_018.wav;1;0.9630686044692993;1
8879;VTN4_20220518_113000_019.wav;1;0.9445405006408691;1
8880;VTN4_20220518_211500_000.wav;0;0.7721943259239197;0
8881;VTN4_20220518_211500_001.wav;0;0.6772666573524475;0
8882;VTN4_20220518_211500_002.wav;0;0.7956510782241821;0
8883;VTN4_20220518_211500_003.wav;0;0.8208975791931152;0
8884;VTN4_20220518_211500_004.wav;0;0.18058311939239502;0
8885;VTN4_20220518_211500_005.wav;0;0.22328782081604004;0
8886;VTN4_20220518_211500_006.wav;0;0.8525477647781372;0
8887;VTN4_20220518_211500_007.wav;0;0.8385978937149048;0
8888;VTN4_20220518_211500_008.wav;0;0.8849782347679138;0
8889;VTN4_20220518_211500_009.wav;0;0.9189632534980774;0
8890;VTN4_20220518_211500_010.wav;0;0.8311073780059814;0
8891;VTN4_20220518_211500_011.wav;0;0.9018856287002563;0
8892;VTN4_20220518_211500_012.wav;0;0.9201256632804871;0
8893;VTN4_20220518_211500_013.wav;0;0.8373962044715881;0
8894;VTN4_20220518_211500_014.wav;0;0.8934949040412903;0
8895;VTN4_20220518_211500_015.wav;0;0.9865463972091675;0
8896;VTN4_20220518_211500_016.wav;0;0.6297615766525269;0
8897;VTN4_20220518_211500_017.wav;0;0.7239475846290588;0
8898;VTN4_20220518_211500_018.wav;0;0.7308551669120789;0
8899;VTN4_20220518_211500_019.wav;0;0.12357071787118912;0
8900;VTN4_20220519_061500_000.wav;0;0.7133980393409729;0
8901;VTN4_20220519_061500_001.wav;0;0.023824291303753853;0
8902;VTN4_20220519_061500_002.wav;0;0.20526356995105743;0
8903;VTN4_20220519_061500_003.wav;0;0.050691984593868256;0
8904;VTN4_20220519_061500_004.wav;0;0.017079336568713188;0
8905;VTN4_20220519_061500_005.wav;0;0.15751075744628906;0
8906;VTN4_20220519_061500_006.wav;0;0.23282110691070557;1
8907;VTN4_20220519_061500_007.wav;0;0.8998954892158508;1
8908;VTN4_20220519_061500_008.wav;0;0.8351346254348755;1
8909;VTN4_20220519_061500_009.wav;0;0.4645324647426605;1
8910;VTN4_20220519_061500_010.wav;0;0.9175093173980713;1
8911;VTN4_20220519_061500_011.wav;0;0.027456775307655334;1
8912;VTN4_20220519_061500_012.wav;0;0.036759424954652786;0
8913;VTN4_20220519_061500_013.wav;0;0.17724625766277313;0
8914;VTN4_20220519_061500_014.wav;0;0.5706696510314941;0
8915;VTN4_20220519_061500_015.wav;0;0.5747507810592651;0
8916;VTN4_20220519_061500_016.wav;0;0.32034966349601746;0
8917;VTN4_20220519_061500_017.wav;0;0.5549398064613342;0
8918;VTN4_20220519_061500_018.wav;0;0.2598218619823456;0
8919;VTN4_20220519_061500_019.wav;0;0.6133511662483215;0
8920;VTN4_20220519_233000_000.wav;0;0.4022780954837799;0
8921;VTN4_20220519_233000_001.wav;0;0.48307278752326965;0
8922;VTN4_20220519_233000_002.wav;0;0.3762965798377991;0
8923;VTN4_20220519_233000_003.wav;0;0.3852781057357788;0
8924;VTN4_20220519_233000_004.wav;0;0.024008002132177353;0
8925;VTN4_20220519_233000_005.wav;0;0.11057601869106293;0
8926;VTN4_20220519_233000_006.wav;0;0.8633256554603577;0
8927;VTN4_20220519_233000_007.wav;0;0.4269445836544037;0
8928;VTN4_20220519_233000_008.wav;0;0.939130425453186;0
8929;VTN4_20220519_233000_009.wav;0;0.193955197930336;0
8930;VTN4_20220519_233000_010.wav;0;0.8236920833587646;0
8931;VTN4_20220519_233000_011.wav;0;0.5736422538757324;0
8932;VTN4_20220519_233000_012.wav;0;0.2146776020526886;0
8933;VTN4_20220519_233000_013.wav;0;0.41460493206977844;0
8934;VTN4_20220519_233000_014.wav;0;0.057249393314123154;0
8935;VTN4_20220519_233000_015.wav;0;0.02124057523906231;0
8936;VTN4_20220519_233000_016.wav;0;0.005652552004903555;0
8937;VTN4_20220519_233000_017.wav;0;0.009055769070982933;0
8938;VTN4_20220519_233000_018.wav;0;0.04150722175836563;0
8939;VTN4_20220519_233000_019.wav;0;0.2317662239074707;0
8940;VTN4_20220520_064500_000.wav;0;0.5661920309066772;0
8941;VTN4_20220520_064500_001.wav;0;0.07613605260848999;0
8942;VTN4_20220520_064500_002.wav;0;0.4469875395298004;0
8943;VTN4_20220520_064500_003.wav;0;0.10930405557155609;0
8944;VTN4_20220520_064500_004.wav;0;0.5270687341690063;0
8945;VTN4_20220520_064500_005.wav;0;0.15264016389846802;0
8946;VTN4_20220520_064500_006.wav;0;0.19021129608154297;0
8947;VTN4_20220520_064500_007.wav;0;0.06894385814666748;0
8948;VTN4_20220520_064500_008.wav;0;0.02955564856529236;0
8949;VTN4_20220520_064500_009.wav;0;0.03783377632498741;0
8950;VTN4_20220520_064500_010.wav;0;0.8527697920799255;0
8951;VTN4_20220520_064500_011.wav;1;0.6222536563873291;1
8952;VTN4_20220520_064500_012.wav;1;0.9299664497375488;1
8953;VTN4_20220520_064500_013.wav;1;0.9936635494232178;1
8954;VTN4_20220520_064500_014.wav;1;0.9517077207565308;1
8955;VTN4_20220520_064500_015.wav;1;0.9290916919708252;1
8956;VTN4_20220520_064500_016.wav;1;0.8822399973869324;1
8957;VTN4_20220520_064500_017.wav;0;0.8322344422340393;0
8958;VTN4_20220520_064500_018.wav;0;0.026703055948019028;0
8959;VTN4_20220520_064500_019.wav;0;0.814437747001648;0
8960;VTN4_20220527_024500_000.wav;0;0.028429770842194557;0
8961;VTN4_20220527_024500_001.wav;0;0.013447288423776627;0
8962;VTN4_20220527_024500_002.wav;0;0.007270286791026592;0
8963;VTN4_20220527_024500_003.wav;0;0.021332496777176857;0
8964;VTN4_20220527_024500_004.wav;0;0.027230260893702507;0
8965;VTN4_20220527_024500_005.wav;0;0.029974352568387985;0
8966;VTN4_20220527_024500_006.wav;0;0.04425136372447014;0
8967;VTN4_20220527_024500_007.wav;0;0.011252335272729397;0
8968;VTN4_20220527_024500_008.wav;0;0.013538433238863945;0
8969;VTN4_20220527_024500_009.wav;0;0.021037274971604347;0
8970;VTN4_20220527_024500_010.wav;0;0.028967970982193947;0
8971;VTN4_20220527_024500_011.wav;0;0.020232224836945534;0
8972;VTN4_20220527_024500_012.wav;0;0.005697148852050304;0
8973;VTN4_20220527_024500_013.wav;0;0.01203307043761015;0
8974;VTN4_20220527_024500_014.wav;0;0.009509725496172905;0
8975;VTN4_20220527_024500_015.wav;0;0.0075711337849497795;0
8976;VTN4_20220527_024500_016.wav;0;0.032377809286117554;0
8977;VTN4_20220527_024500_017.wav;0;0.006498338188976049;0
8978;VTN4_20220527_024500_018.wav;0;0.009006211534142494;0
8979;VTN4_20220527_024500_019.wav;0;0.009807705879211426;0
8980;VTN4_20220528_133000_000.wav;1;0.7169604301452637;1
8981;VTN4_20220528_133000_001.wav;1;0.9690913558006287;1
8982;VTN4_20220528_133000_002.wav;1;0.9319681525230408;1
8983;VTN4_20220528_133000_003.wav;1;0.958560049533844;1
8984;VTN4_20220528_133000_004.wav;1;0.9944819211959839;1
8985;VTN4_20220528_133000_005.wav;1;0.9913506507873535;1
8986;VTN4_20220528_133000_006.wav;1;0.9433369636535645;1
8987;VTN4_20220528_133000_007.wav;1;0.993021547794342;1
8988;VTN4_20220528_133000_008.wav;1;0.9692578911781311;1
8989;VTN4_20220528_133000_009.wav;1;0.8849930763244629;1
8990;VTN4_20220528_133000_010.wav;1;0.9930939674377441;1
8991;VTN4_20220528_133000_011.wav;1;0.9951275587081909;1
8992;VTN4_20220528_133000_012.wav;1;0.978964626789093;1
8993;VTN4_20220528_133000_013.wav;1;0.9319711327552795;1
8994;VTN4_20220528_133000_014.wav;1;0.993025541305542;1
8995;VTN4_20220528_133000_015.wav;1;0.9842376112937927;1
8996;VTN4_20220528_133000_016.wav;1;0.8533713817596436;1
8997;VTN4_20220528_133000_017.wav;1;0.9494291543960571;1
8998;VTN4_20220528_133000_018.wav;1;0.8545477390289307;1
8999;VTN4_20220528_133000_019.wav;1;0.7233075499534607;1
9000;VTN4_20220529_021500_000.wav;0;0.02234870009124279;0
9001;VTN4_20220529_021500_001.wav;0;0.08949455618858337;0
9002;VTN4_20220529_021500_002.wav;0;0.08563952893018723;0
9003;VTN4_20220529_021500_003.wav;0;0.6378682851791382;0
9004;VTN4_20220529_021500_004.wav;0;0.4243646562099457;0
9005;VTN4_20220529_021500_005.wav;0;0.03682969510555267;0
9006;VTN4_20220529_021500_006.wav;0;0.06093163415789604;0
9007;VTN4_20220529_021500_007.wav;0;0.10650717467069626;0
9008;VTN4_20220529_021500_008.wav;0;0.13948702812194824;0
9009;VTN4_20220529_021500_009.wav;0;0.056648194789886475;0
9010;VTN4_20220529_021500_010.wav;0;0.18230991065502167;0
9011;VTN4_20220529_021500_011.wav;0;0.1401747763156891;0
9012;VTN4_20220529_021500_012.wav;0;0.18370282649993896;0
9013;VTN4_20220529_021500_013.wav;0;0.031130267307162285;0
9014;VTN4_20220529_021500_014.wav;0;0.07572025805711746;0
9015;VTN4_20220529_021500_015.wav;0;0.1156211644411087;0
9016;VTN4_20220529_021500_016.wav;0;0.044984087347984314;0
9017;VTN4_20220529_021500_017.wav;0;0.03240283951163292;0
9018;VTN4_20220529_021500_018.wav;0;0.09615101665258408;0
9019;VTN4_20220529_021500_019.wav;0;0.04775668680667877;0
9020;VTN4_20220529_131500_000.wav;0;0.6714109182357788;0
9021;VTN4_20220529_131500_001.wav;0;0.939507007598877;0
9022;VTN4_20220529_131500_002.wav;0;0.3242914378643036;0
9023;VTN4_20220529_131500_003.wav;0;0.5693174004554749;0
9024;VTN4_20220529_131500_004.wav;0;0.7238489985466003;0
9025;VTN4_20220529_131500_005.wav;0;0.8983681797981262;0
9026;VTN4_20220529_131500_006.wav;0;0.9269795417785645;0
9027;VTN4_20220529_131500_007.wav;0;0.964935302734375;0
9028;VTN4_20220529_131500_008.wav;1;0.9254549741744995;1
9029;VTN4_20220529_131500_009.wav;1;0.8273730278015137;1
9030;VTN4_20220529_131500_010.wav;1;0.72012859582901;1
9031;VTN4_20220529_131500_011.wav;1;0.8269222974777222;1
9032;VTN4_20220529_131500_012.wav;1;0.969102680683136;1
9033;VTN4_20220529_131500_013.wav;1;0.6655367612838745;1
9034;VTN4_20220529_131500_014.wav;1;0.957767128944397;1
9035;VTN4_20220529_131500_015.wav;1;0.08799363672733307;1
9036;VTN4_20220529_131500_016.wav;1;0.30339252948760986;1
9037;VTN4_20220529_131500_017.wav;1;0.5048123598098755;1
9038;VTN4_20220529_131500_018.wav;1;0.07633978873491287;1
9039;VTN4_20220529_131500_019.wav;0;0.01000658143311739;0
9040;VTN4_20220606_154500_000.wav;0;0.9784170389175415;0
9041;VTN4_20220606_154500_001.wav;0;0.986151397228241;0
9042;VTN4_20220606_154500_002.wav;0;0.9916636943817139;0
9043;VTN4_20220606_154500_003.wav;0;0.991803765296936;0
9044;VTN4_20220606_154500_004.wav;0;0.977741539478302;0
9045;VTN4_20220606_154500_005.wav;0;0.9709393382072449;0
9046;VTN4_20220606_154500_006.wav;0;0.9898603558540344;0
9047;VTN4_20220606_154500_007.wav;0;0.8822006583213806;0
9048;VTN4_20220606_154500_008.wav;0;0.9328916072845459;0
9049;VTN4_20220606_154500_009.wav;0;0.9556382894515991;0
9050;VTN4_20220606_154500_010.wav;0;0.9528392553329468;0
9051;VTN4_20220606_154500_011.wav;0;0.92535001039505;0
9052;VTN4_20220606_154500_012.wav;0;0.9522404670715332;0
9053;VTN4_20220606_154500_013.wav;0;0.9758251905441284;0
9054;VTN4_20220606_154500_014.wav;0;0.9890984296798706;0
9055;VTN4_20220606_154500_015.wav;0;0.9869801998138428;0
9056;VTN4_20220606_154500_016.wav;0;0.9762553572654724;0
9057;VTN4_20220606_154500_017.wav;0;0.984386146068573;0
9058;VTN4_20220606_154500_018.wav;0;0.8414351940155029;0
9059;VTN4_20220606_154500_019.wav;0;0.8696103692054749;0
9060;VTN4_20220606_203000_000.wav;0;0.08011931926012039;0
9061;VTN4_20220606_203000_001.wav;0;0.06422068923711777;0
9062;VTN4_20220606_203000_002.wav;0;0.24014954268932343;0
9063;VTN4_20220606_203000_003.wav;0;0.11683398485183716;0
9064;VTN4_20220606_203000_004.wav;0;0.09346478432416916;0
9065;VTN4_20220606_203000_005.wav;0;0.019321037456393242;0
9066;VTN4_20220606_203000_006.wav;0;0.025313694030046463;0
9067;VTN4_20220606_203000_007.wav;0;0.35933277010917664;0
9068;VTN4_20220606_203000_008.wav;0;0.17396575212478638;0
9069;VTN4_20220606_203000_009.wav;0;0.06313643604516983;0
9070;VTN4_20220606_203000_010.wav;0;0.062081072479486465;0
9071;VTN4_20220606_203000_011.wav;0;0.014157917350530624;0
9072;VTN4_20220606_203000_012.wav;0;0.06585996598005295;0
9073;VTN4_20220606_203000_013.wav;0;0.06992500275373459;0
9074;VTN4_20220606_203000_014.wav;0;0.25192931294441223;0
9075;VTN4_20220606_203000_015.wav;0;0.1391552984714508;1
9076;VTN4_20220606_203000_016.wav;0;0.2942855954170227;1
9077;VTN4_20220606_203000_017.wav;0;0.2685830593109131;1
9078;VTN4_20220606_203000_018.wav;0;0.11207371205091476;1
9079;VTN4_20220606_203000_019.wav;0;0.038842666894197464;0
9080;VTN4_20220613_103000_000.wav;0;0.9910022616386414;0
9081;VTN4_20220613_103000_001.wav;0;0.9919593930244446;0
9082;VTN4_20220613_103000_002.wav;0;0.9892517924308777;0
9083;VTN4_20220613_103000_003.wav;0;0.9880924224853516;0
9084;VTN4_20220613_103000_004.wav;0;0.9694784283638;0
9085;VTN4_20220613_103000_005.wav;0;0.9713016748428345;0
9086;VTN4_20220613_103000_006.wav;0;0.9636548757553101;0
9087;VTN4_20220613_103000_007.wav;0;0.9617737531661987;0
9088;VTN4_20220613_103000_008.wav;0;0.9759865403175354;0
9089;VTN4_20220613_103000_009.wav;0;0.9957517385482788;0
9090;VTN4_20220613_103000_010.wav;0;0.9956145286560059;0
9091;VTN4_20220613_103000_011.wav;0;0.9745484590530396;0
9092;VTN4_20220613_103000_012.wav;0;0.9617751836776733;0
9093;VTN4_20220613_103000_013.wav;0;0.9447788000106812;0
9094;VTN4_20220613_103000_014.wav;0;0.9838297963142395;0
9095;VTN4_20220613_103000_015.wav;0;0.9935722351074219;0
9096;VTN4_20220613_103000_016.wav;0;0.9882304668426514;0
9097;VTN4_20220613_103000_017.wav;0;0.7043309211730957;0
9098;VTN4_20220613_103000_018.wav;0;0.8823981285095215;0
9099;VTN4_20220613_103000_019.wav;0;0.8964494466781616;0
9100;VTN4_20220616_053000_000.wav;0;0.9868264198303223;1
9101;VTN4_20220616_053000_001.wav;0;0.9829267859458923;1
9102;VTN4_20220616_053000_002.wav;0;0.9551600217819214;1
9103;VTN4_20220616_053000_003.wav;0;0.9124605059623718;1
9104;VTN4_20220616_053000_004.wav;0;0.8811962604522705;1
9105;VTN4_20220616_053000_005.wav;0;0.83016037940979;1
9106;VTN4_20220616_053000_006.wav;0;0.8918084502220154;1
9107;VTN4_20220616_053000_007.wav;0;0.6727597117424011;1
9108;VTN4_20220616_053000_008.wav;0;0.3778015375137329;1
9109;VTN4_20220616_053000_009.wav;0;0.48200666904449463;1
9110;VTN4_20220616_053000_010.wav;0;0.10390605032444;1
9111;VTN4_20220616_053000_011.wav;0;0.04396495595574379;1
9112;VTN4_20220616_053000_012.wav;0;0.6111680865287781;1
9113;VTN4_20220616_053000_013.wav;0;0.4440029561519623;1
9114;VTN4_20220616_053000_014.wav;0;0.07103725522756577;1
9115;VTN4_20220616_053000_015.wav;0;0.12868648767471313;1
9116;VTN4_20220616_053000_016.wav;0;0.48190826177597046;1
9117;VTN4_20220616_053000_017.wav;0;0.12502452731132507;1
9118;VTN4_20220616_053000_018.wav;0;0.07067875564098358;1
9119;VTN4_20220616_053000_019.wav;0;0.12635520100593567;1
9120;VTN4_20220617_194500_000.wav;0;0.008589046075940132;0
9121;VTN4_20220617_194500_001.wav;0;0.0034528900869190693;0
9122;VTN4_20220617_194500_002.wav;0;0.03219619393348694;0
9123;VTN4_20220617_194500_003.wav;0;0.6898375749588013;0
9124;VTN4_20220617_194500_004.wav;0;0.041494034230709076;0
9125;VTN4_20220617_194500_005.wav;0;0.2881983816623688;0
9126;VTN4_20220617_194500_006.wav;0;0.5203852653503418;0
9127;VTN4_20220617_194500_007.wav;0;0.013054223731160164;0
9128;VTN4_20220617_194500_008.wav;0;0.31217658519744873;1
9129;VTN4_20220617_194500_009.wav;0;0.9262086749076843;1
9130;VTN4_20220617_194500_010.wav;0;0.15798534452915192;1
9131;VTN4_20220617_194500_011.wav;0;0.10153642296791077;1
9132;VTN4_20220617_194500_012.wav;0;0.615917444229126;1
9133;VTN4_20220617_194500_013.wav;0;0.3628365993499756;1
9134;VTN4_20220617_194500_014.wav;0;0.3540835380554199;1
9135;VTN4_20220617_194500_015.wav;0;0.09360649436712265;1
9136;VTN4_20220617_194500_016.wav;0;0.05310998857021332;1
9137;VTN4_20220617_194500_017.wav;0;0.06326927989721298;1
9138;VTN4_20220617_194500_018.wav;0;0.7851158380508423;1
9139;VTN4_20220617_194500_019.wav;0;0.8802927732467651;1
9140;VTN4_20220620_063000_000.wav;0;0.8858075141906738;0
9141;VTN4_20220620_063000_001.wav;0;0.42713662981987;0
9142;VTN4_20220620_063000_002.wav;0;0.8051110506057739;0
9143;VTN4_20220620_063000_003.wav;0;0.7939531207084656;0
9144;VTN4_20220620_063000_004.wav;0;0.649868905544281;0
9145;VTN4_20220620_063000_005.wav;0;0.939298689365387;0
9146;VTN4_20220620_063000_006.wav;1;0.973296046257019;1
9147;VTN4_20220620_063000_007.wav;1;0.9750658869743347;1
9148;VTN4_20220620_063000_008.wav;1;0.9545000195503235;1
9149;VTN4_20220620_063000_009.wav;1;0.6462734341621399;1
9150;VTN4_20220620_063000_010.wav;1;0.4826829135417938;1
9151;VTN4_20220620_063000_011.wav;0;0.4001355767250061;0
9152;VTN4_20220620_063000_012.wav;0;0.8776789903640747;0
9153;VTN4_20220620_063000_013.wav;0;0.08174450695514679;0
9154;VTN4_20220620_063000_014.wav;0;0.6892455816268921;0
9155;VTN4_20220620_063000_015.wav;0;0.08196258544921875;0
9156;VTN4_20220620_063000_016.wav;0;0.5334132313728333;0
9157;VTN4_20220620_063000_017.wav;0;0.8587293028831482;0
9158;VTN4_20220620_063000_018.wav;0;0.5111455321311951;0
9159;VTN4_20220620_063000_019.wav;0;0.9104611873626709;0
9160;VTN4_20220620_140000_000.wav;1;0.9640675187110901;1
9161;VTN4_20220620_140000_001.wav;1;0.9940781593322754;1
9162;VTN4_20220620_140000_002.wav;1;0.9917709827423096;1
9163;VTN4_20220620_140000_003.wav;1;0.9946045279502869;1
9164;VTN4_20220620_140000_004.wav;1;0.9889434576034546;1
9165;VTN4_20220620_140000_005.wav;1;0.9981511235237122;1
9166;VTN4_20220620_140000_006.wav;1;0.9876178503036499;1
9167;VTN4_20220620_140000_007.wav;0;0.9786449670791626;0
9168;VTN4_20220620_140000_008.wav;0;0.2967255413532257;0
9169;VTN4_20220620_140000_009.wav;0;0.5040681958198547;0
9170;VTN4_20220620_140000_010.wav;0;0.1341647207736969;0
9171;VTN4_20220620_140000_011.wav;0;0.4290405511856079;0
9172;VTN4_20220620_140000_012.wav;0;0.46614664793014526;0
9173;VTN4_20220620_140000_013.wav;1;0.9431718587875366;1
9174;VTN4_20220620_140000_014.wav;1;0.9536889791488647;1
9175;VTN4_20220620_140000_015.wav;1;0.830188512802124;1
9176;VTN4_20220620_140000_016.wav;1;0.8019720315933228;1
9177;VTN4_20220620_140000_017.wav;1;0.6226887106895447;1
9178;VTN4_20220620_140000_018.wav;0;0.9548732042312622;0
9179;VTN4_20220620_140000_019.wav;0;0.7206154465675354;0
9180;VTN4_20220621_091500_000.wav;0;0.9736328125;0
9181;VTN4_20220621_091500_001.wav;0;0.9807773232460022;0
9182;VTN4_20220621_091500_002.wav;0;0.9799380898475647;0
9183;VTN4_20220621_091500_003.wav;0;0.9791743159294128;0
9184;VTN4_20220621_091500_004.wav;0;0.9421942830085754;0
9185;VTN4_20220621_091500_005.wav;0;0.9777694940567017;0
9186;VTN4_20220621_091500_006.wav;0;0.956667959690094;0
9187;VTN4_20220621_091500_007.wav;0;0.9897361993789673;0
9188;VTN4_20220621_091500_008.wav;0;0.9512909054756165;0
9189;VTN4_20220621_091500_009.wav;0;0.9272177815437317;0
9190;VTN4_20220621_091500_010.wav;0;0.8771746754646301;0
9191;VTN4_20220621_091500_011.wav;0;0.9748684167861938;0
9192;VTN4_20220621_091500_012.wav;0;0.9765258431434631;0
9193;VTN4_20220621_091500_013.wav;0;0.9775999188423157;0
9194;VTN4_20220621_091500_014.wav;0;0.9165424704551697;0
9195;VTN4_20220621_091500_015.wav;0;0.8973591923713684;0
9196;VTN4_20220621_091500_016.wav;0;0.9764289855957031;0
9197;VTN4_20220621_091500_017.wav;0;0.9765694737434387;0
9198;VTN4_20220621_091500_018.wav;0;0.9489467740058899;0
9199;VTN4_20220621_091500_019.wav;0;0.982431948184967;0
9200;VTN4_20220624_230000_000.wav;0;0.07197702676057816;0
9201;VTN4_20220624_230000_001.wav;1;0.8741979002952576;1
9202;VTN4_20220624_230000_002.wav;1;0.9004217386245728;1
9203;VTN4_20220624_230000_003.wav;1;0.9530183672904968;1
9204;VTN4_20220624_230000_004.wav;1;0.9607741832733154;1
9205;VTN4_20220624_230000_005.wav;1;0.5251777768135071;1
9206;VTN4_20220624_230000_006.wav;1;0.30948689579963684;1
9207;VTN4_20220624_230000_007.wav;0;0.8815588355064392;0
9208;VTN4_20220624_230000_008.wav;0;0.019829699769616127;0
9209;VTN4_20220624_230000_009.wav;1;0.5027400255203247;1
9210;VTN4_20220624_230000_010.wav;1;0.9808989763259888;1
9211;VTN4_20220624_230000_011.wav;1;0.43314042687416077;1
9212;VTN4_20220624_230000_012.wav;1;0.7867354154586792;1
9213;VTN4_20220624_230000_013.wav;1;0.12490705400705338;1
9214;VTN4_20220624_230000_014.wav;1;0.1010623425245285;1
9215;VTN4_20220624_230000_015.wav;1;0.31637558341026306;1
9216;VTN4_20220624_230000_016.wav;1;0.023946037515997887;1
9217;VTN4_20220624_230000_017.wav;1;0.9067574143409729;1
9218;VTN4_20220624_230000_018.wav;1;0.7635204792022705;1
9219;VTN4_20220624_230000_019.wav;1;0.7516922354698181;1
9220;VTN4_20220625_001500_000.wav;0;0.006500539369881153;0
9221;VTN4_20220625_001500_001.wav;0;0.5713449716567993;0
9222;VTN4_20220625_001500_002.wav;0;0.7903632521629333;0
9223;VTN4_20220625_001500_003.wav;0;0.02127099595963955;0
9224;VTN4_20220625_001500_004.wav;0;0.007928668521344662;0
9225;VTN4_20220625_001500_005.wav;0;0.027004670351743698;0
9226;VTN4_20220625_001500_006.wav;0;0.1514156013727188;0
9227;VTN4_20220625_001500_007.wav;0;0.007197364699095488;0
9228;VTN4_20220625_001500_008.wav;1;0.5536875128746033;1
9229;VTN4_20220625_001500_009.wav;1;0.4889550805091858;1
9230;VTN4_20220625_001500_010.wav;1;0.8440669775009155;1
9231;VTN4_20220625_001500_011.wav;1;0.9647461771965027;1
9232;VTN4_20220625_001500_012.wav;1;0.22971205413341522;1
9233;VTN4_20220625_001500_013.wav;1;0.6277303695678711;1
9234;VTN4_20220625_001500_014.wav;1;0.06321418285369873;1
9235;VTN4_20220625_001500_015.wav;0;0.007945830933749676;0
9236;VTN4_20220625_001500_016.wav;0;0.18427003920078278;0
9237;VTN4_20220625_001500_017.wav;0;0.23515568673610687;0
9238;VTN4_20220625_001500_018.wav;0;0.31299224495887756;0
9239;VTN4_20220625_001500_019.wav;0;0.6700003743171692;0
9240;VTN4_20220628_124500_000.wav;1;0.6983076930046082;1
9241;VTN4_20220628_124500_001.wav;1;0.8450061678886414;1
9242;VTN4_20220628_124500_002.wav;1;0.923021137714386;1
9243;VTN4_20220628_124500_003.wav;1;0.987675666809082;1
9244;VTN4_20220628_124500_004.wav;1;0.9925060868263245;1
9245;VTN4_20220628_124500_005.wav;1;0.9932079911231995;1
9246;VTN4_20220628_124500_006.wav;1;0.9779201745986938;1
9247;VTN4_20220628_124500_007.wav;1;0.993266224861145;1
9248;VTN4_20220628_124500_008.wav;1;0.9827730655670166;1
9249;VTN4_20220628_124500_009.wav;1;0.9876469373703003;1
9250;VTN4_20220628_124500_010.wav;1;0.9838889837265015;1
9251;VTN4_20220628_124500_011.wav;1;0.9638431072235107;1
9252;VTN4_20220628_124500_012.wav;1;0.9540640115737915;1
9253;VTN4_20220628_124500_013.wav;1;0.9628176093101501;1
9254;VTN4_20220628_124500_014.wav;1;0.9782870411872864;1
9255;VTN4_20220628_124500_015.wav;1;0.995657205581665;1
9256;VTN4_20220628_124500_016.wav;1;0.963356077671051;1
9257;VTN4_20220628_124500_017.wav;1;0.9780201315879822;1
9258;VTN4_20220628_124500_018.wav;1;0.9759184122085571;1
9259;VTN4_20220628_124500_019.wav;1;0.9798091650009155;1
9260;VTN4_20220629_043000_000.wav;0;0.30087190866470337;1
9261;VTN4_20220629_043000_001.wav;0;0.9834949374198914;1
9262;VTN4_20220629_043000_002.wav;0;0.9721165895462036;1
9263;VTN4_20220629_043000_003.wav;0;0.2401665449142456;1
9264;VTN4_20220629_043000_004.wav;0;0.9786005616188049;1
9265;VTN4_20220629_043000_005.wav;0;0.8634880781173706;1
9266;VTN4_20220629_043000_006.wav;0;0.6913427710533142;1
9267;VTN4_20220629_043000_007.wav;0;0.9432289004325867;1
9268;VTN4_20220629_043000_008.wav;0;0.9666615724563599;1
9269;VTN4_20220629_043000_009.wav;0;0.8521256446838379;1
9270;VTN4_20220629_043000_010.wav;0;0.8607916831970215;1
9271;VTN4_20220629_043000_011.wav;0;0.920939028263092;1
9272;VTN4_20220629_043000_012.wav;0;0.7705129384994507;1
9273;VTN4_20220629_043000_013.wav;0;0.9656521677970886;1
9274;VTN4_20220629_043000_014.wav;0;0.8553532361984253;1
9275;VTN4_20220629_043000_015.wav;0;0.7536174654960632;1
9276;VTN4_20220629_043000_016.wav;0;0.9442774653434753;1
9277;VTN4_20220629_043000_017.wav;0;0.9710423946380615;1
9278;VTN4_20220629_043000_018.wav;0;0.9695659279823303;1
9279;VTN4_20220629_043000_019.wav;0;0.7391418218612671;1
9280;VTN4_20220629_053000_000.wav;1;0.9828649759292603;1
9281;VTN4_20220629_053000_001.wav;1;0.9549820423126221;1
9282;VTN4_20220629_053000_002.wav;1;0.9442587494850159;1
9283;VTN4_20220629_053000_003.wav;1;0.9809911251068115;1
9284;VTN4_20220629_053000_004.wav;1;0.9369361996650696;1
9285;VTN4_20220629_053000_005.wav;1;0.9499608874320984;1
9286;VTN4_20220629_053000_006.wav;1;0.975470781326294;1
9287;VTN4_20220629_053000_007.wav;1;0.9429370164871216;1
9288;VTN4_20220629_053000_008.wav;1;0.6217671036720276;1
9289;VTN4_20220629_053000_009.wav;1;0.7493791580200195;1
9290;VTN4_20220629_053000_010.wav;1;0.07055656611919403;1
9291;VTN4_20220629_053000_011.wav;1;0.16493938863277435;1
9292;VTN4_20220629_053000_012.wav;0;0.44693729281425476;0
9293;VTN4_20220629_053000_013.wav;0;0.011353371664881706;0
9294;VTN4_20220629_053000_014.wav;0;0.00486745173111558;0
9295;VTN4_20220629_053000_015.wav;0;0.36291587352752686;0
9296;VTN4_20220629_053000_016.wav;0;0.011556917801499367;0
9297;VTN4_20220629_053000_017.wav;0;0.0018309950828552246;0
9298;VTN4_20220629_053000_018.wav;0;0.8164029717445374;0
9299;VTN4_20220629_053000_019.wav;0;0.027485497295856476;0
9300;VTN4_20220704_133000_000.wav;0;0.14755184948444366;0
9301;VTN4_20220704_133000_001.wav;1;0.12343652546405792;1
9302;VTN4_20220704_133000_002.wav;1;0.9308268427848816;1
9303;VTN4_20220704_133000_003.wav;1;0.1729622334241867;1
9304;VTN4_20220704_133000_004.wav;1;0.23276695609092712;1
9305;VTN4_20220704_133000_005.wav;1;0.5274820327758789;1
9306;VTN4_20220704_133000_006.wav;1;0.2749376893043518;1
9307;VTN4_20220704_133000_007.wav;1;0.9510265588760376;1
9308;VTN4_20220704_133000_008.wav;1;0.9820084571838379;1
9309;VTN4_20220704_133000_009.wav;1;0.9699488878250122;1
9310;VTN4_20220704_133000_010.wav;1;0.978160560131073;1
9311;VTN4_20220704_133000_011.wav;1;0.9463508129119873;1
9312;VTN4_20220704_133000_012.wav;1;0.9961705803871155;1
9313;VTN4_20220704_133000_013.wav;1;0.9917913675308228;1
9314;VTN4_20220704_133000_014.wav;1;0.9980571866035461;1
9315;VTN4_20220704_133000_015.wav;1;0.9916115403175354;1
9316;VTN4_20220704_133000_016.wav;1;0.9974933862686157;1
9317;VTN4_20220704_133000_017.wav;1;0.9038320183753967;1
9318;VTN4_20220704_133000_018.wav;1;0.9663021564483643;1
9319;VTN4_20220704_133000_019.wav;1;0.9746271371841431;1
9320;VTN4_20220706_120000_000.wav;0;0.9796751737594604;0
9321;VTN4_20220706_120000_001.wav;0;0.9919013381004333;0
9322;VTN4_20220706_120000_002.wav;0;0.7700271606445312;0
9323;VTN4_20220706_120000_003.wav;1;0.9703388214111328;1
9324;VTN4_20220706_120000_004.wav;1;0.985736072063446;1
9325;VTN4_20220706_120000_005.wav;1;0.987694263458252;1
9326;VTN4_20220706_120000_006.wav;1;0.9702736139297485;1
9327;VTN4_20220706_120000_007.wav;1;0.9924353957176208;1
9328;VTN4_20220706_120000_008.wav;1;0.995927631855011;1
9329;VTN4_20220706_120000_009.wav;1;0.99268639087677;1
9330;VTN4_20220706_120000_010.wav;1;0.9945758581161499;1
9331;VTN4_20220706_120000_011.wav;1;0.9979208111763;1
9332;VTN4_20220706_120000_012.wav;1;0.9923717975616455;1
9333;VTN4_20220706_120000_013.wav;1;0.988990068435669;1
9334;VTN4_20220706_120000_014.wav;1;0.9951608777046204;1
9335;VTN4_20220706_120000_015.wav;1;0.9882760643959045;1
9336;VTN4_20220706_120000_016.wav;1;0.9755983352661133;1
9337;VTN4_20220706_120000_017.wav;1;0.9864454865455627;1
9338;VTN4_20220706_120000_018.wav;1;0.9741929769515991;1
9339;VTN4_20220706_120000_019.wav;1;0.8217313289642334;1
9340;VTN4_20220707_014500_000.wav;0;0.004774163942784071;0
9341;VTN4_20220707_014500_001.wav;0;0.027664227411150932;0
9342;VTN4_20220707_014500_002.wav;0;0.016136467456817627;0
9343;VTN4_20220707_014500_003.wav;0;0.007617741357535124;0
9344;VTN4_20220707_014500_004.wav;0;0.27202194929122925;0
9345;VTN4_20220707_014500_005.wav;0;0.01648526079952717;0
9346;VTN4_20220707_014500_006.wav;0;0.2221946269273758;0
9347;VTN4_20220707_014500_007.wav;0;0.06463209539651871;0
9348;VTN4_20220707_014500_008.wav;0;0.06107393652200699;0
9349;VTN4_20220707_014500_009.wav;0;0.04064597189426422;0
9350;VTN4_20220707_014500_010.wav;0;0.25588682293891907;0
9351;VTN4_20220707_014500_011.wav;0;0.6404489278793335;0
9352;VTN4_20220707_014500_012.wav;0;0.02342468872666359;0
9353;VTN4_20220707_014500_013.wav;0;0.00998813845217228;0
9354;VTN4_20220707_014500_014.wav;0;0.730077862739563;0
9355;VTN4_20220707_014500_015.wav;0;0.11329898983240128;0
9356;VTN4_20220707_014500_016.wav;0;0.0466901920735836;0
9357;VTN4_20220707_014500_017.wav;0;0.08107633888721466;0
9358;VTN4_20220707_014500_018.wav;0;0.08586867153644562;0
9359;VTN4_20220707_014500_019.wav;0;0.2653927505016327;0
9360;VTN4_20220708_064500_000.wav;1;0.9922731518745422;1
9361;VTN4_20220708_064500_001.wav;1;0.9949802756309509;1
9362;VTN4_20220708_064500_002.wav;1;0.9840737581253052;1
9363;VTN4_20220708_064500_003.wav;1;0.982477605342865;1
9364;VTN4_20220708_064500_004.wav;1;0.9863735437393188;1
9365;VTN4_20220708_064500_005.wav;1;0.9954687356948853;1
9366;VTN4_20220708_064500_006.wav;1;0.9970685839653015;1
9367;VTN4_20220708_064500_007.wav;1;0.9930834770202637;1
9368;VTN4_20220708_064500_008.wav;1;0.9935973882675171;1
9369;VTN4_20220708_064500_009.wav;1;0.9784139394760132;1
9370;VTN4_20220708_064500_010.wav;1;0.9892655611038208;1
9371;VTN4_20220708_064500_011.wav;1;0.9926682114601135;1
9372;VTN4_20220708_064500_012.wav;1;0.9795342683792114;1
9373;VTN4_20220708_064500_013.wav;1;0.9815055727958679;1
9374;VTN4_20220708_064500_014.wav;1;0.9841466546058655;1
9375;VTN4_20220708_064500_015.wav;1;0.9721004962921143;1
9376;VTN4_20220708_064500_016.wav;0;0.9126818180084229;0
9377;VTN4_20220708_064500_017.wav;0;0.7375990748405457;0
9378;VTN4_20220708_064500_018.wav;0;0.6164597272872925;0
9379;VTN4_20220708_064500_019.wav;0;0.5112403035163879;0
9380;VTN4_20220714_081500_000.wav;1;0.9454085230827332;1
9381;VTN4_20220714_081500_001.wav;1;0.6968697309494019;1
9382;VTN4_20220714_081500_002.wav;0;0.8329926133155823;0
9383;VTN4_20220714_081500_003.wav;0;0.7463408708572388;0
9384;VTN4_20220714_081500_004.wav;0;0.8625953793525696;0
9385;VTN4_20220714_081500_005.wav;1;0.920787513256073;1
9386;VTN4_20220714_081500_006.wav;1;0.9905038475990295;1
9387;VTN4_20220714_081500_007.wav;1;0.9312912821769714;1
9388;VTN4_20220714_081500_008.wav;1;0.9847670197486877;1
9389;VTN4_20220714_081500_009.wav;1;0.7659585475921631;1
9390;VTN4_20220714_081500_010.wav;1;0.9934091567993164;1
9391;VTN4_20220714_081500_011.wav;1;0.9186124205589294;1
9392;VTN4_20220714_081500_012.wav;1;0.9903103709220886;1
9393;VTN4_20220714_081500_013.wav;1;0.9959908127784729;1
9394;VTN4_20220714_081500_014.wav;0;0.9895480871200562;0
9395;VTN4_20220714_081500_015.wav;1;0.987392008304596;1
9396;VTN4_20220714_081500_016.wav;1;0.9724392294883728;1
9397;VTN4_20220714_081500_017.wav;1;0.9888247847557068;1
9398;VTN4_20220714_081500_018.wav;1;0.9963322281837463;1
9399;VTN4_20220714_081500_019.wav;1;0.9899454712867737;1
9400;VTN4_20220715_134500_000.wav;1;0.8929591178894043;1
9401;VTN4_20220715_134500_001.wav;1;0.9673037528991699;1
9402;VTN4_20220715_134500_002.wav;1;0.9408700466156006;1
9403;VTN4_20220715_134500_003.wav;1;0.8841952681541443;1
9404;VTN4_20220715_134500_004.wav;1;0.9737613201141357;1
9405;VTN4_20220715_134500_005.wav;1;0.9273498058319092;1
9406;VTN4_20220715_134500_006.wav;0;0.9718816876411438;0
9407;VTN4_20220715_134500_007.wav;0;0.8785321712493896;0
9408;VTN4_20220715_134500_008.wav;0;0.9405383467674255;0
9409;VTN4_20220715_134500_009.wav;0;0.9361160397529602;0
9410;VTN4_20220715_134500_010.wav;0;0.9680288434028625;0
9411;VTN4_20220715_134500_011.wav;0;0.9273486733436584;1
9412;VTN4_20220715_134500_012.wav;0;0.9783349633216858;1
9413;VTN4_20220715_134500_013.wav;0;0.7913592457771301;1
9414;VTN4_20220715_134500_014.wav;0;0.893938422203064;1
9415;VTN4_20220715_134500_015.wav;0;0.9352188110351562;1
9416;VTN4_20220715_134500_016.wav;0;0.9366711974143982;1
9417;VTN4_20220715_134500_017.wav;0;0.9897412061691284;1
9418;VTN4_20220715_134500_018.wav;0;0.8831509947776794;1
9419;VTN4_20220715_134500_019.wav;0;0.19036538898944855;1
9420;VTN4_20220715_203000_000.wav;0;0.12251978367567062;0
9421;VTN4_20220715_203000_001.wav;0;0.10370288044214249;0
9422;VTN4_20220715_203000_002.wav;0;0.4975624978542328;0
9423;VTN4_20220715_203000_003.wav;0;0.12622682750225067;0
9424;VTN4_20220715_203000_004.wav;0;0.23549507558345795;0
9425;VTN4_20220715_203000_005.wav;0;0.0813550353050232;0
9426;VTN4_20220715_203000_006.wav;0;0.38188326358795166;0
9427;VTN4_20220715_203000_007.wav;0;0.18363286554813385;0
9428;VTN4_20220715_203000_008.wav;0;0.06703893840312958;0
9429;VTN4_20220715_203000_009.wav;0;0.5930243134498596;0
9430;VTN4_20220715_203000_010.wav;0;0.19676333665847778;0
9431;VTN4_20220715_203000_011.wav;0;0.16311168670654297;0
9432;VTN4_20220715_203000_012.wav;0;0.5295060873031616;0
9433;VTN4_20220715_203000_013.wav;0;0.27297061681747437;0
9434;VTN4_20220715_203000_014.wav;0;0.5199085474014282;0
9435;VTN4_20220715_203000_015.wav;0;0.17121443152427673;0
9436;VTN4_20220715_203000_016.wav;0;0.7299917936325073;0
9437;VTN4_20220715_203000_017.wav;0;0.41101840138435364;0
9438;VTN4_20220715_203000_018.wav;0;0.0847620964050293;0
9439;VTN4_20220715_203000_019.wav;0;0.0628364086151123;0
9440;VTN4_20220719_011500_000.wav;0;0.06078933924436569;0
9441;VTN4_20220719_011500_001.wav;0;0.29190245270729065;0
9442;VTN4_20220719_011500_002.wav;0;0.05282686650753021;0
9443;VTN4_20220719_011500_003.wav;0;0.14257697761058807;0
9444;VTN4_20220719_011500_004.wav;0;0.2888414263725281;0
9445;VTN4_20220719_011500_005.wav;0;0.210784450173378;0
9446;VTN4_20220719_011500_006.wav;0;0.3218153417110443;0
9447;VTN4_20220719_011500_007.wav;0;0.053350310772657394;0
9448;VTN4_20220719_011500_008.wav;0;0.017512699589133263;0
9449;VTN4_20220719_011500_009.wav;0;0.02475646696984768;0
9450;VTN4_20220719_011500_010.wav;0;0.06446248292922974;0
9451;VTN4_20220719_011500_011.wav;0;0.058339424431324005;0
9452;VTN4_20220719_011500_012.wav;0;0.03082149475812912;0
9453;VTN4_20220719_011500_013.wav;0;0.028585268184542656;0
9454;VTN4_20220719_011500_014.wav;0;0.1120539978146553;0
9455;VTN4_20220719_011500_015.wav;0;0.051315102726221085;0
9456;VTN4_20220719_011500_016.wav;0;0.04629696533083916;0
9457;VTN4_20220719_011500_017.wav;0;0.10284614562988281;0
9458;VTN4_20220719_011500_018.wav;0;0.048183754086494446;0
9459;VTN4_20220719_011500_019.wav;0;0.015371691435575485;0
9460;VTN4_20220722_161500_000.wav;0;0.8242021799087524;1
9461;VTN4_20220722_161500_001.wav;0;0.7259677648544312;1
9462;VTN4_20220722_161500_002.wav;0;0.10650626569986343;1
9463;VTN4_20220722_161500_003.wav;0;0.8237841725349426;1
9464;VTN4_20220722_161500_004.wav;0;0.871433436870575;1
9465;VTN4_20220722_161500_005.wav;0;0.964255690574646;1
9466;VTN4_20220722_161500_006.wav;0;0.8854866027832031;1
9467;VTN4_20220722_161500_007.wav;0;0.8256771564483643;1
9468;VTN4_20220722_161500_008.wav;0;0.08229992538690567;0
9469;VTN4_20220722_161500_009.wav;0;0.25623634457588196;0
9470;VTN4_20220722_161500_010.wav;0;0.31269484758377075;0
9471;VTN4_20220722_161500_011.wav;0;0.31504586338996887;0
9472;VTN4_20220722_161500_012.wav;0;0.1587541550397873;0
9473;VTN4_20220722_161500_013.wav;1;0.9008021354675293;1
9474;VTN4_20220722_161500_014.wav;1;0.7468215823173523;1
9475;VTN4_20220722_161500_015.wav;1;0.9360355138778687;1
9476;VTN4_20220722_161500_016.wav;1;0.9280686378479004;1
9477;VTN4_20220722_161500_017.wav;1;0.9579053521156311;1
9478;VTN4_20220722_161500_018.wav;1;0.8522650599479675;1
9479;VTN4_20220722_161500_019.wav;0;0.14978012442588806;0
9480;VTN4_20220723_153000_000.wav;0;0.06685888022184372;0
9481;VTN4_20220723_153000_001.wav;0;0.30015406012535095;0
9482;VTN4_20220723_153000_002.wav;0;0.06657123565673828;0
9483;VTN4_20220723_153000_003.wav;0;0.5265994668006897;0
9484;VTN4_20220723_153000_004.wav;0;0.3386107087135315;1
9485;VTN4_20220723_153000_005.wav;0;0.5878612399101257;1
9486;VTN4_20220723_153000_006.wav;0;0.8685658574104309;1
9487;VTN4_20220723_153000_007.wav;0;0.9647977948188782;1
9488;VTN4_20220723_153000_008.wav;0;0.148993581533432;1
9489;VTN4_20220723_153000_009.wav;0;0.22322435677051544;1
9490;VTN4_20220723_153000_010.wav;0;0.5200643539428711;1
9491;VTN4_20220723_153000_011.wav;0;0.18194778263568878;1
9492;VTN4_20220723_153000_012.wav;0;0.9572501182556152;1
9493;VTN4_20220723_153000_013.wav;0;0.842776358127594;1
9494;VTN4_20220723_153000_014.wav;0;0.3083913028240204;1
9495;VTN4_20220723_153000_015.wav;0;0.6952624320983887;1
9496;VTN4_20220723_153000_016.wav;0;0.7609046101570129;1
9497;VTN4_20220723_153000_017.wav;0;0.2601398527622223;1
9498;VTN4_20220723_153000_018.wav;0;0.7102015614509583;1
9499;VTN4_20220723_153000_019.wav;0;0.31187042593955994;1
9500;VTN4_20220727_210000_000.wav;1;0.9447048902511597;1
9501;VTN4_20220727_210000_001.wav;1;0.33025291562080383;1
9502;VTN4_20220727_210000_002.wav;1;0.6925309300422668;1
9503;VTN4_20220727_210000_003.wav;1;0.9450424909591675;1
9504;VTN4_20220727_210000_004.wav;1;0.4904137849807739;1
9505;VTN4_20220727_210000_005.wav;0;0.1459837108850479;0
9506;VTN4_20220727_210000_006.wav;0;0.09968593716621399;0
9507;VTN4_20220727_210000_007.wav;0;0.02169552631676197;0
9508;VTN4_20220727_210000_008.wav;0;0.0030791324097663164;0
9509;VTN4_20220727_210000_009.wav;1;0.010687771253287792;1
9510;VTN4_20220727_210000_010.wav;1;0.041894037276506424;1
9511;VTN4_20220727_210000_011.wav;1;0.9444001913070679;1
9512;VTN4_20220727_210000_012.wav;1;0.599600613117218;1
9513;VTN4_20220727_210000_013.wav;1;0.025029895827174187;1
9514;VTN4_20220727_210000_014.wav;1;0.057220809161663055;1
9515;VTN4_20220727_210000_015.wav;1;0.006983188446611166;1
9516;VTN4_20220727_210000_016.wav;1;0.007599174045026302;1
9517;VTN4_20220727_210000_017.wav;1;0.255913645029068;1
9518;VTN4_20220727_210000_018.wav;1;0.03278490900993347;1
9519;VTN4_20220727_210000_019.wav;1;0.013652712106704712;1
9520;VTN4_20220802_093000_000.wav;1;0.8929813504219055;1
9521;VTN4_20220802_093000_001.wav;1;0.9689364433288574;1
9522;VTN4_20220802_093000_002.wav;1;0.31105977296829224;1
9523;VTN4_20220802_093000_003.wav;1;0.9353277683258057;1
9524;VTN4_20220802_093000_004.wav;1;0.700141966342926;1
9525;VTN4_20220802_093000_005.wav;1;0.8478797078132629;1
9526;VTN4_20220802_093000_006.wav;1;0.8804476857185364;1
9527;VTN4_20220802_093000_007.wav;1;0.5095664858818054;1
9528;VTN4_20220802_093000_008.wav;1;0.9892832040786743;1
9529;VTN4_20220802_093000_009.wav;1;0.9413871765136719;1
9530;VTN4_20220802_093000_010.wav;1;0.7772057056427002;1
9531;VTN4_20220802_093000_011.wav;1;0.9322121739387512;1
9532;VTN4_20220802_093000_012.wav;1;0.41778573393821716;1
9533;VTN4_20220802_093000_013.wav;1;0.8269334435462952;1
9534;VTN4_20220802_093000_014.wav;1;0.9924337863922119;1
9535;VTN4_20220802_093000_015.wav;1;0.9890649318695068;1
9536;VTN4_20220802_093000_016.wav;1;0.9624637365341187;1
9537;VTN4_20220802_093000_017.wav;1;0.9215160012245178;1
9538;VTN4_20220802_093000_018.wav;1;0.9663083553314209;1
9539;VTN4_20220802_093000_019.wav;1;0.09172949939966202;1
9540;VTN4_20220802_203000_000.wav;0;0.10434529930353165;0
9541;VTN4_20220802_203000_001.wav;0;0.0037966498639434576;0
9542;VTN4_20220802_203000_002.wav;0;0.006909646559506655;0
9543;VTN4_20220802_203000_003.wav;0;0.0050064632669091225;0
9544;VTN4_20220802_203000_004.wav;0;0.0012534549459815025;0
9545;VTN4_20220802_203000_005.wav;0;0.00580228166654706;0
9546;VTN4_20220802_203000_006.wav;0;3.736412327270955e-05;0
9547;VTN4_20220802_203000_007.wav;0;0.0003792885399889201;0
9548;VTN4_20220802_203000_008.wav;0;0.009684937074780464;0
9549;VTN4_20220802_203000_009.wav;0;0.11448078602552414;1
9550;VTN4_20220802_203000_010.wav;0;0.013561147265136242;1
9551;VTN4_20220802_203000_011.wav;0;0.7345197796821594;1
9552;VTN4_20220802_203000_012.wav;0;0.0805172473192215;1
9553;VTN4_20220802_203000_013.wav;0;0.6100073456764221;1
9554;VTN4_20220802_203000_014.wav;0;0.0074266958981752396;1
9555;VTN4_20220802_203000_015.wav;0;0.011724472045898438;1
9556;VTN4_20220802_203000_016.wav;0;0.004121627192944288;0
9557;VTN4_20220802_203000_017.wav;0;0.0009332008194178343;0
9558;VTN4_20220802_203000_018.wav;0;0.00017602731531951576;0
9559;VTN4_20220802_203000_019.wav;0;0.037229880690574646;0
9560;VTN4_20220803_060000_000.wav;0;0.9467437863349915;0
9561;VTN4_20220803_060000_001.wav;0;0.7614533305168152;0
9562;VTN4_20220803_060000_002.wav;0;0.9086514115333557;0
9563;VTN4_20220803_060000_003.wav;0;0.7034366130828857;0
9564;VTN4_20220803_060000_004.wav;0;0.5687330961227417;0
9565;VTN4_20220803_060000_005.wav;0;0.2683413028717041;0
9566;VTN4_20220803_060000_006.wav;0;0.8928256034851074;0
9567;VTN4_20220803_060000_007.wav;0;0.803786039352417;0
9568;VTN4_20220803_060000_008.wav;0;0.29235202074050903;0
9569;VTN4_20220803_060000_009.wav;0;0.5099579691886902;0
9570;VTN4_20220803_060000_010.wav;0;0.9386868476867676;0
9571;VTN4_20220803_060000_011.wav;0;0.44215402007102966;0
9572;VTN4_20220803_060000_012.wav;0;0.16362936794757843;0
9573;VTN4_20220803_060000_013.wav;0;0.03971380367875099;0
9574;VTN4_20220803_060000_014.wav;0;0.032772671431303024;0
9575;VTN4_20220803_060000_015.wav;0;0.14805324375629425;0
9576;VTN4_20220803_060000_016.wav;0;0.02289673686027527;0
9577;VTN4_20220803_060000_017.wav;0;0.020497623831033707;0
9578;VTN4_20220803_060000_018.wav;0;0.04354095831513405;0
9579;VTN4_20220803_060000_019.wav;0;0.1703794002532959;0
9580;VTN4_20220803_131500_000.wav;1;0.9935362935066223;1
9581;VTN4_20220803_131500_001.wav;1;0.9964441657066345;1
9582;VTN4_20220803_131500_002.wav;1;0.9857558608055115;1
9583;VTN4_20220803_131500_003.wav;1;0.9864051938056946;1
9584;VTN4_20220803_131500_004.wav;1;0.9916989803314209;1
9585;VTN4_20220803_131500_005.wav;1;0.966141402721405;1
9586;VTN4_20220803_131500_006.wav;0;0.8598008155822754;0
9587;VTN4_20220803_131500_007.wav;1;0.9808679223060608;1
9588;VTN4_20220803_131500_008.wav;1;0.9830232262611389;1
9589;VTN4_20220803_131500_009.wav;1;0.9911276698112488;1
9590;VTN4_20220803_131500_010.wav;1;0.9859150648117065;1
9591;VTN4_20220803_131500_011.wav;0;0.946647047996521;0
9592;VTN4_20220803_131500_012.wav;1;0.10054034739732742;1
9593;VTN4_20220803_131500_013.wav;1;0.9529466032981873;1
9594;VTN4_20220803_131500_014.wav;1;0.9879381060600281;1
9595;VTN4_20220803_131500_015.wav;1;0.9906443357467651;1
9596;VTN4_20220803_131500_016.wav;1;0.9980385899543762;1
9597;VTN4_20220803_131500_017.wav;1;0.9802491068840027;1
9598;VTN4_20220803_131500_018.wav;1;0.9911895990371704;1
9599;VTN4_20220803_131500_019.wav;1;0.97805255651474;1
9600;VTN4_20220804_161500_000.wav;0;0.9554754495620728;0
9601;VTN4_20220804_161500_001.wav;0;0.9890822172164917;0
9602;VTN4_20220804_161500_002.wav;0;0.8124752640724182;0
9603;VTN4_20220804_161500_003.wav;0;0.9863709807395935;0
9604;VTN4_20220804_161500_004.wav;0;0.7030702233314514;0
9605;VTN4_20220804_161500_005.wav;0;0.891639232635498;0
9606;VTN4_20220804_161500_006.wav;0;0.8579768538475037;0
9607;VTN4_20220804_161500_007.wav;0;0.9786645770072937;1
9608;VTN4_20220804_161500_008.wav;0;0.9162659645080566;1
9609;VTN4_20220804_161500_009.wav;0;0.9803339838981628;1
9610;VTN4_20220804_161500_010.wav;0;0.9867098927497864;1
9611;VTN4_20220804_161500_011.wav;0;0.8526715040206909;1
9612;VTN4_20220804_161500_012.wav;0;0.8367231488227844;1
9613;VTN4_20220804_161500_013.wav;0;0.9107053279876709;1
9614;VTN4_20220804_161500_014.wav;0;0.9931344985961914;1
9615;VTN4_20220804_161500_015.wav;0;0.9859259724617004;1
9616;VTN4_20220804_161500_016.wav;0;0.8679382801055908;0
9617;VTN4_20220804_161500_017.wav;0;0.9879376292228699;0
9618;VTN4_20220804_161500_018.wav;0;0.9793654680252075;0
9619;VTN4_20220804_161500_019.wav;0;0.9071739912033081;0
9620;VTN4_20220806_010000_000.wav;0;0.1371084451675415;0
9621;VTN4_20220806_010000_001.wav;0;0.25030776858329773;0
9622;VTN4_20220806_010000_002.wav;0;0.1640424132347107;0
9623;VTN4_20220806_010000_003.wav;0;0.43595635890960693;0
9624;VTN4_20220806_010000_004.wav;0;0.19141007959842682;0
9625;VTN4_20220806_010000_005.wav;0;0.4657404124736786;0
9626;VTN4_20220806_010000_006.wav;0;0.646733283996582;0
9627;VTN4_20220806_010000_007.wav;0;0.8233852982521057;0
9628;VTN4_20220806_010000_008.wav;0;0.15562331676483154;0
9629;VTN4_20220806_010000_009.wav;0;0.8390841484069824;0
9630;VTN4_20220806_010000_010.wav;0;0.7152361273765564;0
9631;VTN4_20220806_010000_011.wav;0;0.8798306584358215;0
9632;VTN4_20220806_010000_012.wav;0;0.9243002533912659;0
9633;VTN4_20220806_010000_013.wav;0;0.4281586706638336;0
9634;VTN4_20220806_010000_014.wav;0;0.07123062014579773;0
9635;VTN4_20220806_010000_015.wav;0;0.1743066906929016;0
9636;VTN4_20220806_010000_016.wav;0;0.1078951358795166;0
9637;VTN4_20220806_010000_017.wav;0;0.16489844024181366;0
9638;VTN4_20220806_010000_018.wav;0;0.10707472264766693;0
9639;VTN4_20220806_010000_019.wav;0;0.35116782784461975;0
9640;VTN4_20220809_220000_000.wav;0;0.9452956914901733;0
9641;VTN4_20220809_220000_001.wav;0;0.872146725654602;0
9642;VTN4_20220809_220000_002.wav;0;0.9163520336151123;0
9643;VTN4_20220809_220000_003.wav;0;0.5296390652656555;0
9644;VTN4_20220809_220000_004.wav;0;0.16765204071998596;0
9645;VTN4_20220809_220000_005.wav;0;0.7680255174636841;0
9646;VTN4_20220809_220000_006.wav;0;0.9315881133079529;0
9647;VTN4_20220809_220000_007.wav;0;0.7871069312095642;0
9648;VTN4_20220809_220000_008.wav;0;0.6114349961280823;0
9649;VTN4_20220809_220000_009.wav;0;0.5055525302886963;0
9650;VTN4_20220809_220000_010.wav;0;0.33086010813713074;0
9651;VTN4_20220809_220000_011.wav;0;0.7607954144477844;0
9652;VTN4_20220809_220000_012.wav;0;0.4473293423652649;0
9653;VTN4_20220809_220000_013.wav;0;0.3056769371032715;0
9654;VTN4_20220809_220000_014.wav;0;0.104849673807621;0
9655;VTN4_20220809_220000_015.wav;0;0.17727822065353394;0
9656;VTN4_20220809_220000_016.wav;0;0.07016965001821518;0
9657;VTN4_20220809_220000_017.wav;0;0.7135822772979736;0
9658;VTN4_20220809_220000_018.wav;0;0.2355806827545166;0
9659;VTN4_20220809_220000_019.wav;0;0.3000195026397705;0
9660;VTN4_20220813_054500_000.wav;1;0.9755378365516663;1
9661;VTN4_20220813_054500_001.wav;0;0.9938046932220459;0
9662;VTN4_20220813_054500_002.wav;0;0.9959206581115723;0
9663;VTN4_20220813_054500_003.wav;0;0.9914757013320923;0
9664;VTN4_20220813_054500_004.wav;0;0.7831106781959534;0
9665;VTN4_20220813_054500_005.wav;0;0.9823968410491943;0
9666;VTN4_20220813_054500_006.wav;0;0.9741020202636719;0
9667;VTN4_20220813_054500_007.wav;0;0.8867332935333252;0
9668;VTN4_20220813_054500_008.wav;0;0.9545168280601501;0
9669;VTN4_20220813_054500_009.wav;0;0.9607831239700317;0
9670;VTN4_20220813_054500_010.wav;1;0.9355319142341614;1
9671;VTN4_20220813_054500_011.wav;1;0.9741524457931519;1
9672;VTN4_20220813_054500_012.wav;1;0.9080278277397156;1
9673;VTN4_20220813_054500_013.wav;1;0.9225295186042786;1
9674;VTN4_20220813_054500_014.wav;0;0.978095531463623;0
9675;VTN4_20220813_054500_015.wav;0;0.9818389415740967;0
9676;VTN4_20220813_054500_016.wav;0;0.9886991381645203;0
9677;VTN4_20220813_054500_017.wav;0;0.9944822788238525;0
9678;VTN4_20220813_054500_018.wav;0;0.9391561150550842;0
9679;VTN4_20220813_054500_019.wav;0;0.9486356973648071;0
9680;VTN4_20220816_060000_000.wav;0;0.23401381075382233;0
9681;VTN4_20220816_060000_001.wav;0;0.8480143547058105;0
9682;VTN4_20220816_060000_002.wav;0;0.9735773205757141;0
9683;VTN4_20220816_060000_003.wav;0;0.9584960341453552;0
9684;VTN4_20220816_060000_004.wav;0;0.9677113890647888;0
9685;VTN4_20220816_060000_005.wav;0;0.9494087100028992;1
9686;VTN4_20220816_060000_006.wav;0;0.8182483315467834;1
9687;VTN4_20220816_060000_007.wav;0;0.932217538356781;1
9688;VTN4_20220816_060000_008.wav;0;0.9529920816421509;1
9689;VTN4_20220816_060000_009.wav;0;0.9703221917152405;1
9690;VTN4_20220816_060000_010.wav;0;0.9619867205619812;1
9691;VTN4_20220816_060000_011.wav;1;0.9834610223770142;1
9692;VTN4_20220816_060000_012.wav;1;0.9923916459083557;1
9693;VTN4_20220816_060000_013.wav;1;0.980119526386261;1
9694;VTN4_20220816_060000_014.wav;1;0.9918338060379028;1
9695;VTN4_20220816_060000_015.wav;1;0.9878453612327576;1
9696;VTN4_20220816_060000_016.wav;1;0.9591633677482605;1
9697;VTN4_20220816_060000_017.wav;1;0.8648010492324829;1
9698;VTN4_20220816_060000_018.wav;1;0.9833464622497559;1
9699;VTN4_20220816_060000_019.wav;0;0.9789602756500244;0
