;filename;truth;score;trueEngine
0;ARM3_20220505_100000_000.wav;0;0.08587460964918137;0
1;ARM3_20220505_100000_001.wav;0;0.06589773297309875;0
2;ARM3_20220505_100000_002.wav;0;0.047542497515678406;0
3;ARM3_20220505_100000_003.wav;0;0.11652056127786636;0
4;ARM3_20220505_100000_004.wav;0;0.03950319439172745;0
5;ARM3_20220505_100000_005.wav;0;0.06009021773934364;0
6;ARM3_20220505_100000_006.wav;0;0.14358139038085938;0
7;ARM3_20220505_100000_007.wav;0;0.2581664025783539;0
8;ARM3_20220505_100000_008.wav;0;0.07067599892616272;0
9;ARM3_20220505_100000_009.wav;0;0.1255662739276886;0
10;ARM3_20220505_100000_010.wav;0;0.43516895174980164;0
11;ARM3_20220505_100000_011.wav;0;0.134253591299057;0
12;ARM3_20220505_100000_012.wav;0;0.28845447301864624;0
13;ARM3_20220505_100000_013.wav;0;0.057180292904376984;0
14;ARM3_20220505_100000_014.wav;0;0.17318855226039886;0
15;ARM3_20220505_100000_015.wav;0;0.08663829416036606;0
16;ARM3_20220505_100000_016.wav;0;0.06592750549316406;0
17;ARM3_20220505_100000_017.wav;0;0.17326174676418304;0
18;ARM3_20220505_100000_018.wav;0;0.027387740090489388;0
19;ARM3_20220505_100000_019.wav;0;0.06660913676023483;0
20;ARM3_20220505_190000_000.wav;0;0.9026476740837097;0
21;ARM3_20220505_190000_001.wav;0;0.774808406829834;0
22;ARM3_20220505_190000_002.wav;0;0.6516597867012024;0
23;ARM3_20220505_190000_003.wav;0;0.31720882654190063;0
24;ARM3_20220505_190000_004.wav;0;0.010372516699135303;0
25;ARM3_20220505_190000_005.wav;0;0.0861554741859436;0
26;ARM3_20220505_190000_006.wav;0;0.03489017114043236;0
27;ARM3_20220505_190000_007.wav;0;0.038640812039375305;0
28;ARM3_20220505_190000_008.wav;0;0.036622364073991776;0
29;ARM3_20220505_190000_009.wav;0;0.012343754060566425;0
30;ARM3_20220505_190000_010.wav;0;0.09776721149682999;0
31;ARM3_20220505_190000_011.wav;0;0.04254789277911186;0
32;ARM3_20220505_190000_012.wav;0;0.14181223511695862;0
33;ARM3_20220505_190000_013.wav;0;0.027427436783909798;0
34;ARM3_20220505_190000_014.wav;0;0.007506206631660461;0
35;ARM3_20220505_190000_015.wav;0;0.17113740742206573;0
36;ARM3_20220505_190000_016.wav;0;0.11783014237880707;0
37;ARM3_20220505_190000_017.wav;0;0.030158650130033493;0
38;ARM3_20220505_190000_018.wav;0;0.032181303948163986;0
39;ARM3_20220505_190000_019.wav;0;0.014316755346953869;0
40;ARM3_20220506_030000_000.wav;0;0.041975997388362885;0
41;ARM3_20220506_030000_001.wav;0;0.036619849503040314;0
42;ARM3_20220506_030000_002.wav;0;0.0515826977789402;0
43;ARM3_20220506_030000_003.wav;0;0.10176010429859161;0
44;ARM3_20220506_030000_004.wav;0;0.032335326075553894;0
45;ARM3_20220506_030000_005.wav;0;0.049751318991184235;0
46;ARM3_20220506_030000_006.wav;0;0.05177408084273338;0
47;ARM3_20220506_030000_007.wav;0;0.10495142638683319;0
48;ARM3_20220506_030000_008.wav;0;0.037833765149116516;0
49;ARM3_20220506_030000_009.wav;0;0.04061901569366455;0
50;ARM3_20220506_030000_010.wav;0;0.03483011573553085;0
51;ARM3_20220506_030000_011.wav;0;0.0551491342484951;0
52;ARM3_20220506_030000_012.wav;0;0.04037744924426079;0
53;ARM3_20220506_030000_013.wav;0;0.052457526326179504;0
54;ARM3_20220506_030000_014.wav;0;0.050741296261548996;0
55;ARM3_20220506_030000_015.wav;0;0.041421350091695786;0
56;ARM3_20220506_030000_016.wav;0;0.0608849823474884;0
57;ARM3_20220506_030000_017.wav;0;0.036872461438179016;0
58;ARM3_20220506_030000_018.wav;0;0.057206884026527405;0
59;ARM3_20220506_030000_019.wav;0;0.04454158619046211;0
60;ARM3_20220506_184500_000.wav;0;0.10098908841609955;0
61;ARM3_20220506_184500_001.wav;0;0.2205769419670105;0
62;ARM3_20220506_184500_002.wav;0;0.059442173689603806;0
63;ARM3_20220506_184500_003.wav;0;0.12020429968833923;0
64;ARM3_20220506_184500_004.wav;0;0.08260340243577957;0
65;ARM3_20220506_184500_005.wav;0;0.13378643989562988;0
66;ARM3_20220506_184500_006.wav;0;0.10613119602203369;0
67;ARM3_20220506_184500_007.wav;0;0.0301440991461277;0
68;ARM3_20220506_184500_008.wav;0;0.11207836121320724;0
69;ARM3_20220506_184500_009.wav;0;0.2759306728839874;0
70;ARM3_20220506_184500_010.wav;0;0.13259130716323853;0
71;ARM3_20220506_184500_011.wav;0;0.09991391748189926;0
72;ARM3_20220506_184500_012.wav;0;0.07956735044717789;0
73;ARM3_20220506_184500_013.wav;0;0.09040205925703049;0
74;ARM3_20220506_184500_014.wav;0;0.044521264731884;0
75;ARM3_20220506_184500_015.wav;0;0.09906162321567535;0
76;ARM3_20220506_184500_016.wav;0;0.10910172015428543;0
77;ARM3_20220506_184500_017.wav;0;0.2504352629184723;0
78;ARM3_20220506_184500_018.wav;0;0.08120313286781311;0
79;ARM3_20220506_184500_019.wav;0;0.07201571762561798;0
80;ARM3_20220510_213000_000.wav;0;0.11589591950178146;0
81;ARM3_20220510_213000_001.wav;0;0.22295114398002625;0
82;ARM3_20220510_213000_002.wav;0;0.08948064595460892;0
83;ARM3_20220510_213000_003.wav;0;0.13267628848552704;0
84;ARM3_20220510_213000_004.wav;0;0.1317501813173294;0
85;ARM3_20220510_213000_005.wav;0;0.1352454125881195;0
86;ARM3_20220510_213000_006.wav;0;0.13281241059303284;0
87;ARM3_20220510_213000_007.wav;0;0.1456853300333023;0
88;ARM3_20220510_213000_008.wav;0;0.1153963953256607;0
89;ARM3_20220510_213000_009.wav;0;0.11345361918210983;0
90;ARM3_20220510_213000_010.wav;0;0.04345058277249336;0
91;ARM3_20220510_213000_011.wav;0;0.05021356791257858;0
92;ARM3_20220510_213000_012.wav;0;0.04583936557173729;0
93;ARM3_20220510_213000_013.wav;0;0.13773535192012787;0
94;ARM3_20220510_213000_014.wav;0;0.03541724383831024;0
95;ARM3_20220510_213000_015.wav;0;0.050532661378383636;0
96;ARM3_20220510_213000_016.wav;0;0.11098382622003555;0
97;ARM3_20220510_213000_017.wav;0;0.05073689669370651;0
98;ARM3_20220510_213000_018.wav;0;0.047251131385564804;0
99;ARM3_20220510_213000_019.wav;0;0.1367107480764389;0
100;ARM3_20220513_093000_000.wav;0;0.7991440892219543;0
101;ARM3_20220513_093000_001.wav;0;0.355323851108551;0
102;ARM3_20220513_093000_002.wav;0;0.13719657063484192;0
103;ARM3_20220513_093000_003.wav;0;0.10104843974113464;0
104;ARM3_20220513_093000_004.wav;0;0.025960901752114296;0
105;ARM3_20220513_093000_005.wav;0;0.08471040427684784;0
106;ARM3_20220513_093000_006.wav;0;0.30320361256599426;0
107;ARM3_20220513_093000_007.wav;0;0.05826658755540848;0
108;ARM3_20220513_093000_008.wav;0;0.12435111403465271;0
109;ARM3_20220513_093000_009.wav;0;0.026508139446377754;0
110;ARM3_20220513_093000_010.wav;0;0.01703655533492565;0
111;ARM3_20220513_093000_011.wav;0;0.046572908759117126;0
112;ARM3_20220513_093000_012.wav;0;0.019341792911291122;0
113;ARM3_20220513_093000_013.wav;0;0.06102697551250458;0
114;ARM3_20220513_093000_014.wav;0;0.04013821482658386;0
115;ARM3_20220513_093000_015.wav;0;0.03283269330859184;0
116;ARM3_20220513_093000_016.wav;0;0.030259590595960617;0
117;ARM3_20220513_093000_017.wav;0;0.008074798621237278;0
118;ARM3_20220513_093000_018.wav;0;0.015248006209731102;0
119;ARM3_20220513_093000_019.wav;0;0.026010524481534958;0
120;ARM3_20220519_131500_000.wav;0;0.07491189986467361;0
121;ARM3_20220519_131500_001.wav;0;0.1682301163673401;0
122;ARM3_20220519_131500_002.wav;0;0.13521765172481537;0
123;ARM3_20220519_131500_003.wav;0;0.0880126953125;0
124;ARM3_20220519_131500_004.wav;0;0.41405653953552246;0
125;ARM3_20220519_131500_005.wav;0;0.04918994382023811;0
126;ARM3_20220519_131500_006.wav;0;0.2611337900161743;0
127;ARM3_20220519_131500_007.wav;0;0.18588903546333313;0
128;ARM3_20220519_131500_008.wav;0;0.14209109544754028;0
129;ARM3_20220519_131500_009.wav;0;0.15646754205226898;0
130;ARM3_20220519_131500_010.wav;0;0.17018048465251923;0
131;ARM3_20220519_131500_011.wav;0;0.14760249853134155;0
132;ARM3_20220519_131500_012.wav;0;0.12403368949890137;0
133;ARM3_20220519_131500_013.wav;0;0.24770274758338928;0
134;ARM3_20220519_131500_014.wav;0;0.06877759099006653;0
135;ARM3_20220519_131500_015.wav;0;0.08599881082773209;0
136;ARM3_20220519_131500_016.wav;0;0.1557043045759201;0
137;ARM3_20220519_131500_017.wav;0;0.418478786945343;0
138;ARM3_20220519_131500_018.wav;0;0.15463076531887054;0
139;ARM3_20220519_131500_019.wav;0;0.19155295193195343;0
140;ARM3_20220521_031500_000.wav;0;0.20134404301643372;0
141;ARM3_20220521_031500_001.wav;0;0.10823031514883041;0
142;ARM3_20220521_031500_002.wav;0;0.08437147736549377;0
143;ARM3_20220521_031500_003.wav;0;0.1354227364063263;0
144;ARM3_20220521_031500_004.wav;0;0.348238080739975;0
145;ARM3_20220521_031500_005.wav;0;0.1356813907623291;0
146;ARM3_20220521_031500_006.wav;0;0.1286412626504898;0
147;ARM3_20220521_031500_007.wav;0;0.13656000792980194;0
148;ARM3_20220521_031500_008.wav;0;0.1119961217045784;0
149;ARM3_20220521_031500_009.wav;0;0.08942142128944397;0
150;ARM3_20220521_031500_010.wav;0;0.08920153230428696;0
151;ARM3_20220521_031500_011.wav;0;0.13728897273540497;0
152;ARM3_20220521_031500_012.wav;0;0.10566199570894241;0
153;ARM3_20220521_031500_013.wav;0;0.49028536677360535;0
154;ARM3_20220521_031500_014.wav;0;0.12126754969358444;0
155;ARM3_20220521_031500_015.wav;0;0.42920950055122375;0
156;ARM3_20220521_031500_016.wav;0;0.09560616314411163;0
157;ARM3_20220521_031500_017.wav;0;0.17638973891735077;0
158;ARM3_20220521_031500_018.wav;0;0.11102176457643509;0
159;ARM3_20220521_031500_019.wav;0;0.19787941873073578;0
160;ARM3_20220522_153000_000.wav;0;0.17243044078350067;0
161;ARM3_20220522_153000_001.wav;0;0.21583694219589233;0
162;ARM3_20220522_153000_002.wav;0;0.22404982149600983;0
163;ARM3_20220522_153000_003.wav;0;0.22096771001815796;0
164;ARM3_20220522_153000_004.wav;0;0.29726681113243103;0
165;ARM3_20220522_153000_005.wav;0;0.5320389866828918;0
166;ARM3_20220522_153000_006.wav;0;0.20849129557609558;0
167;ARM3_20220522_153000_007.wav;0;0.1353992521762848;0
168;ARM3_20220522_153000_008.wav;0;0.1500542163848877;0
169;ARM3_20220522_153000_009.wav;0;0.12325859069824219;0
170;ARM3_20220522_153000_010.wav;0;0.10410803556442261;0
171;ARM3_20220522_153000_011.wav;0;0.14989498257637024;0
172;ARM3_20220522_153000_012.wav;0;0.08552679419517517;0
173;ARM3_20220522_153000_013.wav;0;0.2611769735813141;0
174;ARM3_20220522_153000_014.wav;0;0.13855139911174774;0
175;ARM3_20220522_153000_015.wav;0;0.3280673623085022;0
176;ARM3_20220522_153000_016.wav;0;0.1308869868516922;0
177;ARM3_20220522_153000_017.wav;0;0.23608167469501495;0
178;ARM3_20220522_153000_018.wav;0;0.16951371729373932;0
179;ARM3_20220522_153000_019.wav;0;0.20669840276241302;0
180;ARM3_20220523_164500_000.wav;0;0.17543572187423706;0
181;ARM3_20220523_164500_001.wav;0;0.14327947795391083;0
182;ARM3_20220523_164500_002.wav;0;0.5387460589408875;0
183;ARM3_20220523_164500_003.wav;0;0.1284637600183487;0
184;ARM3_20220523_164500_004.wav;0;0.2365751415491104;0
185;ARM3_20220523_164500_005.wav;0;0.1281459480524063;0
186;ARM3_20220523_164500_006.wav;0;0.14170469343662262;0
187;ARM3_20220523_164500_007.wav;0;0.08151748776435852;0
188;ARM3_20220523_164500_008.wav;0;0.14696985483169556;0
189;ARM3_20220523_164500_009.wav;0;0.3419111669063568;0
190;ARM3_20220523_164500_010.wav;0;0.1264495849609375;0
191;ARM3_20220523_164500_011.wav;0;0.162800133228302;0
192;ARM3_20220523_164500_012.wav;0;0.08486482501029968;0
193;ARM3_20220523_164500_013.wav;0;0.09327998757362366;0
194;ARM3_20220523_164500_014.wav;0;0.6451708078384399;0
195;ARM3_20220523_164500_015.wav;0;0.23483526706695557;0
196;ARM3_20220523_164500_016.wav;0;0.18826107680797577;0
197;ARM3_20220523_164500_017.wav;0;0.18771427869796753;0
198;ARM3_20220523_164500_018.wav;0;0.1275850236415863;0
199;ARM3_20220523_164500_019.wav;0;0.20168091356754303;0
200;ARM3_20220527_033000_000.wav;0;0.13398133218288422;0
201;ARM3_20220527_033000_001.wav;0;0.10232347995042801;0
202;ARM3_20220527_033000_002.wav;0;0.16011576354503632;0
203;ARM3_20220527_033000_003.wav;0;0.1933407485485077;0
204;ARM3_20220527_033000_004.wav;0;0.16505169868469238;0
205;ARM3_20220527_033000_005.wav;0;0.12724384665489197;0
206;ARM3_20220527_033000_006.wav;0;0.1134440153837204;0
207;ARM3_20220527_033000_007.wav;0;0.12074253708124161;0
208;ARM3_20220527_033000_008.wav;0;0.08929521590471268;0
209;ARM3_20220527_033000_009.wav;0;0.1414308100938797;0
210;ARM3_20220527_033000_010.wav;0;0.12469392269849777;0
211;ARM3_20220527_033000_011.wav;0;0.12205970287322998;0
212;ARM3_20220527_033000_012.wav;0;0.13124006986618042;0
213;ARM3_20220527_033000_013.wav;0;0.16760411858558655;0
214;ARM3_20220527_033000_014.wav;0;0.1760747730731964;0
215;ARM3_20220527_033000_015.wav;0;0.267560213804245;0
216;ARM3_20220527_033000_016.wav;0;0.21505951881408691;0
217;ARM3_20220527_033000_017.wav;0;0.27853137254714966;0
218;ARM3_20220527_033000_018.wav;0;0.12911444902420044;0
219;ARM3_20220527_033000_019.wav;0;0.18050062656402588;0
220;ARM3_20220529_063000_000.wav;0;0.12266252189874649;0
221;ARM3_20220529_063000_001.wav;0;0.07732872664928436;0
222;ARM3_20220529_063000_002.wav;0;0.07190971821546555;0
223;ARM3_20220529_063000_003.wav;0;0.1505485624074936;0
224;ARM3_20220529_063000_004.wav;0;0.13426199555397034;0
225;ARM3_20220529_063000_005.wav;0;0.4334754943847656;0
226;ARM3_20220529_063000_006.wav;0;0.32746365666389465;0
227;ARM3_20220529_063000_007.wav;0;0.6602258682250977;0
228;ARM3_20220529_063000_008.wav;0;0.6043639779090881;0
229;ARM3_20220529_063000_009.wav;0;0.15521903336048126;0
230;ARM3_20220529_063000_010.wav;0;0.09678170830011368;0
231;ARM3_20220529_063000_011.wav;0;0.601570725440979;0
232;ARM3_20220529_063000_012.wav;0;0.1444839984178543;0
233;ARM3_20220529_063000_013.wav;0;0.56075519323349;0
234;ARM3_20220529_063000_014.wav;0;0.14070403575897217;0
235;ARM3_20220529_063000_015.wav;0;0.19018851220607758;0
236;ARM3_20220529_063000_016.wav;0;0.13861246407032013;0
237;ARM3_20220529_063000_017.wav;0;0.07784280925989151;0
238;ARM3_20220529_063000_018.wav;0;0.26982468366622925;0
239;ARM3_20220529_063000_019.wav;0;0.1425778716802597;0
240;ARM3_20220603_161500_000.wav;0;0.10002926737070084;0
241;ARM3_20220603_161500_001.wav;0;0.16586865484714508;0
242;ARM3_20220603_161500_002.wav;0;0.10405716300010681;0
243;ARM3_20220603_161500_003.wav;0;0.13488028943538666;0
244;ARM3_20220603_161500_004.wav;0;0.2658263146877289;0
245;ARM3_20220603_161500_005.wav;0;0.12847568094730377;0
246;ARM3_20220603_161500_006.wav;0;0.1235649362206459;0
247;ARM3_20220603_161500_007.wav;0;0.13373245298862457;0
248;ARM3_20220603_161500_008.wav;0;0.25065794587135315;0
249;ARM3_20220603_161500_009.wav;0;0.16793139278888702;0
250;ARM3_20220603_161500_010.wav;0;0.08536004275083542;0
251;ARM3_20220603_161500_011.wav;0;0.16474556922912598;0
252;ARM3_20220603_161500_012.wav;0;0.1560155153274536;0
253;ARM3_20220603_161500_013.wav;0;0.17016252875328064;0
254;ARM3_20220603_161500_014.wav;0;0.12097190320491791;0
255;ARM3_20220603_161500_015.wav;0;0.2832402288913727;0
256;ARM3_20220603_161500_016.wav;0;0.09369292855262756;0
257;ARM3_20220603_161500_017.wav;0;0.3142050802707672;0
258;ARM3_20220603_161500_018.wav;0;0.3481839895248413;0
259;ARM3_20220603_161500_019.wav;0;0.19238333404064178;0
260;ARM3_20220605_113000_000.wav;0;0.06460350751876831;0
261;ARM3_20220605_113000_001.wav;0;0.21719704568386078;0
262;ARM3_20220605_113000_002.wav;0;0.10564320534467697;0
263;ARM3_20220605_113000_003.wav;0;0.161962628364563;0
264;ARM3_20220605_113000_004.wav;0;0.1428380012512207;0
265;ARM3_20220605_113000_005.wav;0;0.19984617829322815;0
266;ARM3_20220605_113000_006.wav;0;0.28694960474967957;0
267;ARM3_20220605_113000_007.wav;0;0.22766758501529694;0
268;ARM3_20220605_113000_008.wav;0;0.8289958238601685;0
269;ARM3_20220605_113000_009.wav;0;0.06309649348258972;0
270;ARM3_20220605_113000_010.wav;0;0.07643874734640121;0
271;ARM3_20220605_113000_011.wav;0;0.1575358808040619;0
272;ARM3_20220605_113000_012.wav;0;0.13850338757038116;0
273;ARM3_20220605_113000_013.wav;0;0.14999978244304657;0
274;ARM3_20220605_113000_014.wav;0;0.10971575975418091;0
275;ARM3_20220605_113000_015.wav;0;0.3122471570968628;0
276;ARM3_20220605_113000_016.wav;0;0.22583405673503876;0
277;ARM3_20220605_113000_017.wav;0;0.19586536288261414;0
278;ARM3_20220605_113000_018.wav;0;0.25511592626571655;0
279;ARM3_20220605_113000_019.wav;0;0.27388766407966614;0
280;ARM3_20220606_021500_000.wav;0;0.5210496187210083;0
281;ARM3_20220606_021500_001.wav;0;0.09459970891475677;0
282;ARM3_20220606_021500_002.wav;0;0.11919346451759338;0
283;ARM3_20220606_021500_003.wav;0;0.0989934653043747;0
284;ARM3_20220606_021500_004.wav;0;0.19434238970279694;0
285;ARM3_20220606_021500_005.wav;0;0.11695517599582672;0
286;ARM3_20220606_021500_006.wav;0;0.2180815488100052;0
287;ARM3_20220606_021500_007.wav;0;0.29127824306488037;0
288;ARM3_20220606_021500_008.wav;0;0.0959983617067337;0
289;ARM3_20220606_021500_009.wav;0;0.1441182643175125;0
290;ARM3_20220606_021500_010.wav;0;0.13349394500255585;0
291;ARM3_20220606_021500_011.wav;0;0.1296149641275406;0
292;ARM3_20220606_021500_012.wav;0;0.11265230923891068;0
293;ARM3_20220606_021500_013.wav;0;0.14231768250465393;0
294;ARM3_20220606_021500_014.wav;0;0.207591250538826;0
295;ARM3_20220606_021500_015.wav;0;0.10543683916330338;0
296;ARM3_20220606_021500_016.wav;0;0.13200773298740387;0
297;ARM3_20220606_021500_017.wav;0;0.1540757715702057;0
298;ARM3_20220606_021500_018.wav;0;0.2702578604221344;0
299;ARM3_20220606_021500_019.wav;0;0.1836160570383072;0
300;ARM3_20220611_123000_000.wav;0;0.3936748504638672;0
301;ARM3_20220611_123000_001.wav;0;0.35220181941986084;0
302;ARM3_20220611_123000_002.wav;0;0.5327668786048889;0
303;ARM3_20220611_123000_003.wav;0;0.22231188416481018;0
304;ARM3_20220611_123000_004.wav;0;0.21352215111255646;0
305;ARM3_20220611_123000_005.wav;0;0.5171522498130798;0
306;ARM3_20220611_123000_006.wav;0;0.7518977522850037;0
307;ARM3_20220611_123000_007.wav;0;0.30408838391304016;0
308;ARM3_20220611_123000_008.wav;0;0.8948818445205688;0
309;ARM3_20220611_123000_009.wav;0;0.6417131423950195;0
310;ARM3_20220611_123000_010.wav;0;0.8943984508514404;0
311;ARM3_20220611_123000_011.wav;0;0.8447217345237732;0
312;ARM3_20220611_123000_012.wav;0;0.31426703929901123;0
313;ARM3_20220611_123000_013.wav;0;0.23147965967655182;0
314;ARM3_20220611_123000_014.wav;0;0.5587198138237;0
315;ARM3_20220611_123000_015.wav;0;0.4253004789352417;0
316;ARM3_20220611_123000_016.wav;0;0.8726924061775208;0
317;ARM3_20220611_123000_017.wav;0;0.8886106610298157;0
318;ARM3_20220611_123000_018.wav;0;0.9651164412498474;0
319;ARM3_20220611_123000_019.wav;0;0.496921181678772;0
320;ARM3_20220612_030000_000.wav;0;0.08556433022022247;0
321;ARM3_20220612_030000_001.wav;0;0.050965815782547;0
322;ARM3_20220612_030000_002.wav;0;0.05027017742395401;0
323;ARM3_20220612_030000_003.wav;0;0.08983814716339111;0
324;ARM3_20220612_030000_004.wav;0;0.09945891797542572;0
325;ARM3_20220612_030000_005.wav;0;0.06478507816791534;0
326;ARM3_20220612_030000_006.wav;0;0.03400044143199921;0
327;ARM3_20220612_030000_007.wav;0;0.03859817981719971;0
328;ARM3_20220612_030000_008.wav;0;0.03886387124657631;0
329;ARM3_20220612_030000_009.wav;0;0.061991892755031586;0
330;ARM3_20220612_030000_010.wav;0;0.044477157294750214;0
331;ARM3_20220612_030000_011.wav;0;0.03080412931740284;0
332;ARM3_20220612_030000_012.wav;0;0.055874474346637726;0
333;ARM3_20220612_030000_013.wav;0;0.08376625925302505;0
334;ARM3_20220612_030000_014.wav;0;0.15525080263614655;0
335;ARM3_20220612_030000_015.wav;0;0.12287532538175583;0
336;ARM3_20220612_030000_016.wav;0;0.1826944351196289;0
337;ARM3_20220612_030000_017.wav;0;0.12388631701469421;0
338;ARM3_20220612_030000_018.wav;0;0.12362769991159439;0
339;ARM3_20220612_030000_019.wav;0;0.08608309924602509;0
340;ARM3_20220616_204500_000.wav;0;0.08495563268661499;0
341;ARM3_20220616_204500_001.wav;0;0.019522972404956818;0
342;ARM3_20220616_204500_002.wav;0;0.07755568623542786;0
343;ARM3_20220616_204500_003.wav;0;0.07338908314704895;0
344;ARM3_20220616_204500_004.wav;0;0.05828841030597687;0
345;ARM3_20220616_204500_005.wav;0;0.045101746916770935;0
346;ARM3_20220616_204500_006.wav;0;0.11325110495090485;0
347;ARM3_20220616_204500_007.wav;0;0.041314199566841125;0
348;ARM3_20220616_204500_008.wav;0;0.10840228945016861;0
349;ARM3_20220616_204500_009.wav;0;0.2578127980232239;0
350;ARM3_20220616_204500_010.wav;0;0.7506210803985596;0
351;ARM3_20220616_204500_011.wav;0;0.044193822890520096;0
352;ARM3_20220616_204500_012.wav;0;0.13577887415885925;0
353;ARM3_20220616_204500_013.wav;0;0.07304387539625168;0
354;ARM3_20220616_204500_014.wav;0;0.11585842818021774;0
355;ARM3_20220616_204500_015.wav;0;0.0683307945728302;0
356;ARM3_20220616_204500_016.wav;0;0.06438127905130386;0
357;ARM3_20220616_204500_017.wav;0;0.10565991699695587;0
358;ARM3_20220616_204500_018.wav;0;0.06513914465904236;0
359;ARM3_20220616_204500_019.wav;0;0.12811963260173798;0
360;ARM3_20220617_054500_000.wav;0;0.8582432866096497;0
361;ARM3_20220617_054500_001.wav;0;0.36322423815727234;0
362;ARM3_20220617_054500_002.wav;0;0.14273574948310852;0
363;ARM3_20220617_054500_003.wav;0;0.7788550853729248;0
364;ARM3_20220617_054500_004.wav;0;0.3900205194950104;0
365;ARM3_20220617_054500_005.wav;0;0.12085341662168503;0
366;ARM3_20220617_054500_006.wav;0;0.7004501223564148;0
367;ARM3_20220617_054500_007.wav;0;0.6496315598487854;0
368;ARM3_20220617_054500_008.wav;0;0.17508497834205627;0
369;ARM3_20220617_054500_009.wav;0;0.07371693849563599;0
370;ARM3_20220617_054500_010.wav;0;0.9280912280082703;0
371;ARM3_20220617_054500_011.wav;0;0.24297936260700226;0
372;ARM3_20220617_054500_012.wav;0;0.2602815628051758;0
373;ARM3_20220617_054500_013.wav;0;0.37629687786102295;0
374;ARM3_20220617_054500_014.wav;0;0.7664672136306763;0
375;ARM3_20220617_054500_015.wav;0;0.5150128602981567;0
376;ARM3_20220617_054500_016.wav;0;0.4098321795463562;0
377;ARM3_20220617_054500_017.wav;0;0.44042038917541504;0
378;ARM3_20220617_054500_018.wav;0;0.2704165279865265;0
379;ARM3_20220617_054500_019.wav;0;0.4821167588233948;0
380;ARM3_20220622_184500_000.wav;0;0.019652877002954483;0
381;ARM3_20220622_184500_001.wav;0;0.012798993848264217;0
382;ARM3_20220622_184500_002.wav;0;0.4799630641937256;0
383;ARM3_20220622_184500_003.wav;0;0.12298661470413208;0
384;ARM3_20220622_184500_004.wav;0;0.08811109513044357;0
385;ARM3_20220622_184500_005.wav;0;0.23065432906150818;0
386;ARM3_20220622_184500_006.wav;0;0.15307460725307465;0
387;ARM3_20220622_184500_007.wav;0;0.17336595058441162;0
388;ARM3_20220622_184500_008.wav;0;0.11378537118434906;0
389;ARM3_20220622_184500_009.wav;0;0.21538959443569183;0
390;ARM3_20220622_184500_010.wav;0;0.11416292935609818;0
391;ARM3_20220622_184500_011.wav;0;0.14431096613407135;0
392;ARM3_20220622_184500_012.wav;0;0.1911466419696808;0
393;ARM3_20220622_184500_013.wav;0;0.04478779435157776;0
394;ARM3_20220622_184500_014.wav;0;0.19967563450336456;0
395;ARM3_20220622_184500_015.wav;0;0.1179782822728157;0
396;ARM3_20220622_184500_016.wav;0;0.12694582343101501;0
397;ARM3_20220622_184500_017.wav;0;0.09683270752429962;0
398;ARM3_20220622_184500_018.wav;0;0.05708463862538338;0
399;ARM3_20220622_184500_019.wav;0;0.04685604199767113;0
400;ARM3_20220623_130000_000.wav;0;0.11638008058071136;0
401;ARM3_20220623_130000_001.wav;0;0.10837005823850632;0
402;ARM3_20220623_130000_002.wav;0;0.16904917359352112;0
403;ARM3_20220623_130000_003.wav;0;0.2478029876947403;0
404;ARM3_20220623_130000_004.wav;0;0.09514851868152618;0
405;ARM3_20220623_130000_005.wav;0;0.15796224772930145;0
406;ARM3_20220623_130000_006.wav;0;0.15120555460453033;0
407;ARM3_20220623_130000_007.wav;0;0.14842556416988373;0
408;ARM3_20220623_130000_008.wav;0;0.3353881239891052;0
409;ARM3_20220623_130000_009.wav;0;0.15125517547130585;0
410;ARM3_20220623_130000_010.wav;0;0.12292121350765228;0
411;ARM3_20220623_130000_011.wav;0;0.12487035989761353;0
412;ARM3_20220623_130000_012.wav;0;0.4016014337539673;0
413;ARM3_20220623_130000_013.wav;0;0.12578676640987396;0
414;ARM3_20220623_130000_014.wav;0;0.2788945734500885;0
415;ARM3_20220623_130000_015.wav;0;0.5241596102714539;0
416;ARM3_20220623_130000_016.wav;0;0.29027822613716125;0
417;ARM3_20220623_130000_017.wav;0;0.10196086019277573;0
418;ARM3_20220623_130000_018.wav;0;0.17649655044078827;0
419;ARM3_20220623_130000_019.wav;0;0.14413957297801971;0
420;ARM3_20220624_193000_000.wav;0;0.08873250335454941;0
421;ARM3_20220624_193000_001.wav;0;0.07915763556957245;0
422;ARM3_20220624_193000_002.wav;0;0.060380347073078156;0
423;ARM3_20220624_193000_003.wav;0;0.04488246887922287;0
424;ARM3_20220624_193000_004.wav;0;0.30217546224594116;0
425;ARM3_20220624_193000_005.wav;0;0.1573064774274826;0
426;ARM3_20220624_193000_006.wav;0;0.1613641381263733;0
427;ARM3_20220624_193000_007.wav;0;0.07251790910959244;0
428;ARM3_20220624_193000_008.wav;0;0.07561498135328293;0
429;ARM3_20220624_193000_009.wav;0;0.09353163093328476;0
430;ARM3_20220624_193000_010.wav;0;0.09265738725662231;0
431;ARM3_20220624_193000_011.wav;0;0.15551602840423584;0
432;ARM3_20220624_193000_012.wav;0;0.13720130920410156;0
433;ARM3_20220624_193000_013.wav;0;0.09306196868419647;0
434;ARM3_20220624_193000_014.wav;0;0.12593215703964233;0
435;ARM3_20220624_193000_015.wav;0;0.3601463735103607;0
436;ARM3_20220624_193000_016.wav;0;0.6528384685516357;0
437;ARM3_20220624_193000_017.wav;0;0.7235716581344604;0
438;ARM3_20220624_193000_018.wav;0;0.11358343064785004;0
439;ARM3_20220624_193000_019.wav;0;0.11085378378629684;0
440;ARM3_20220628_101500_000.wav;0;0.09367529302835464;0
441;ARM3_20220628_101500_001.wav;0;0.08062653988599777;0
442;ARM3_20220628_101500_002.wav;0;0.13305331766605377;0
443;ARM3_20220628_101500_003.wav;0;0.09179386496543884;0
444;ARM3_20220628_101500_004.wav;0;0.15507595241069794;0
445;ARM3_20220628_101500_005.wav;0;0.07942818850278854;0
446;ARM3_20220628_101500_006.wav;0;0.10878128558397293;0
447;ARM3_20220628_101500_007.wav;0;0.09893184155225754;0
448;ARM3_20220628_101500_008.wav;0;0.120417520403862;0
449;ARM3_20220628_101500_009.wav;0;0.11523649096488953;0
450;ARM3_20220628_101500_010.wav;0;0.38264960050582886;0
451;ARM3_20220628_101500_011.wav;0;0.15312360227108002;0
452;ARM3_20220628_101500_012.wav;0;0.13539767265319824;0
453;ARM3_20220628_101500_013.wav;0;0.2024584412574768;0
454;ARM3_20220628_101500_014.wav;0;0.1940387487411499;0
455;ARM3_20220628_101500_015.wav;0;0.7774999141693115;0
456;ARM3_20220628_101500_016.wav;0;0.14542905986309052;0
457;ARM3_20220628_101500_017.wav;0;0.5341477394104004;0
458;ARM3_20220628_101500_018.wav;0;0.21196430921554565;0
459;ARM3_20220628_101500_019.wav;0;0.22791196405887604;0
460;ARM3_20220629_091500_000.wav;0;0.6817084550857544;0
461;ARM3_20220629_091500_001.wav;0;0.11449038237333298;0
462;ARM3_20220629_091500_002.wav;0;0.2240677773952484;0
463;ARM3_20220629_091500_003.wav;0;0.2999468743801117;0
464;ARM3_20220629_091500_004.wav;0;0.0835067480802536;0
465;ARM3_20220629_091500_005.wav;0;0.28196731209754944;0
466;ARM3_20220629_091500_006.wav;0;0.36034753918647766;0
467;ARM3_20220629_091500_007.wav;0;0.05432175099849701;0
468;ARM3_20220629_091500_008.wav;0;0.34225985407829285;0
469;ARM3_20220629_091500_009.wav;0;0.1923135370016098;0
470;ARM3_20220629_091500_010.wav;0;0.2791961431503296;0
471;ARM3_20220629_091500_011.wav;0;0.25641706585884094;0
472;ARM3_20220629_091500_012.wav;0;0.11715417355298996;0
473;ARM3_20220629_091500_013.wav;0;0.25968068838119507;0
474;ARM3_20220629_091500_014.wav;0;0.2588885724544525;0
475;ARM3_20220629_091500_015.wav;0;0.30269744992256165;0
476;ARM3_20220629_091500_016.wav;0;0.11015517264604568;0
477;ARM3_20220629_091500_017.wav;0;0.3027903139591217;0
478;ARM3_20220629_091500_018.wav;0;0.24776829779148102;0
479;ARM3_20220629_091500_019.wav;0;0.1429901123046875;0
480;ARM3_20220706_183000_000.wav;0;0.1732020229101181;0
481;ARM3_20220706_183000_001.wav;0;0.35382935404777527;0
482;ARM3_20220706_183000_002.wav;0;0.1628914177417755;0
483;ARM3_20220706_183000_003.wav;0;0.15587738156318665;0
484;ARM3_20220706_183000_004.wav;0;0.20353735983371735;0
485;ARM3_20220706_183000_005.wav;0;0.17290568351745605;0
486;ARM3_20220706_183000_006.wav;0;0.16652342677116394;0
487;ARM3_20220706_183000_007.wav;0;0.12978030741214752;0
488;ARM3_20220706_183000_008.wav;0;0.10908888280391693;0
489;ARM3_20220706_183000_009.wav;0;0.1637377142906189;0
490;ARM3_20220706_183000_010.wav;0;0.38208043575286865;0
491;ARM3_20220706_183000_011.wav;0;0.17151275277137756;0
492;ARM3_20220706_183000_012.wav;0;0.23742960393428802;0
493;ARM3_20220706_183000_013.wav;0;0.1339239627122879;0
494;ARM3_20220706_183000_014.wav;0;0.15385714173316956;0
495;ARM3_20220706_183000_015.wav;0;0.12639282643795013;0
496;ARM3_20220706_183000_016.wav;0;0.11567340791225433;0
497;ARM3_20220706_183000_017.wav;0;0.12943226099014282;0
498;ARM3_20220706_183000_018.wav;0;0.2573370635509491;0
499;ARM3_20220706_183000_019.wav;0;0.2362932562828064;0
500;ARM3_20220708_211500_000.wav;0;0.19709047675132751;0
501;ARM3_20220708_211500_001.wav;0;0.1852710098028183;0
502;ARM3_20220708_211500_002.wav;0;0.22675225138664246;0
503;ARM3_20220708_211500_003.wav;0;0.39596691727638245;0
504;ARM3_20220708_211500_004.wav;0;0.06831645220518112;0
505;ARM3_20220708_211500_005.wav;0;0.12515898048877716;0
506;ARM3_20220708_211500_006.wav;0;0.13469886779785156;0
507;ARM3_20220708_211500_007.wav;0;0.12049999088048935;0
508;ARM3_20220708_211500_008.wav;0;0.12444571405649185;0
509;ARM3_20220708_211500_009.wav;0;0.117855504155159;0
510;ARM3_20220708_211500_010.wav;0;0.16172263026237488;0
511;ARM3_20220708_211500_011.wav;0;0.16919031739234924;0
512;ARM3_20220708_211500_012.wav;0;0.1261679083108902;0
513;ARM3_20220708_211500_013.wav;0;0.22696155309677124;0
514;ARM3_20220708_211500_014.wav;0;0.08741487562656403;0
515;ARM3_20220708_211500_015.wav;0;0.1348627805709839;0
516;ARM3_20220708_211500_016.wav;0;0.13225272297859192;0
517;ARM3_20220708_211500_017.wav;0;0.09255217015743256;0
518;ARM3_20220708_211500_018.wav;0;0.08141230791807175;0
519;ARM3_20220708_211500_019.wav;0;0.16549645364284515;0
520;ARM3_20220709_143000_000.wav;0;0.11790050566196442;0
521;ARM3_20220709_143000_001.wav;0;0.20560166239738464;0
522;ARM3_20220709_143000_002.wav;0;0.19041645526885986;0
523;ARM3_20220709_143000_003.wav;0;0.27290770411491394;0
524;ARM3_20220709_143000_004.wav;0;0.18143537640571594;0
525;ARM3_20220709_143000_005.wav;0;0.07065055519342422;0
526;ARM3_20220709_143000_006.wav;0;0.13200455904006958;0
527;ARM3_20220709_143000_007.wav;0;0.23150122165679932;0
528;ARM3_20220709_143000_008.wav;0;0.12574085593223572;0
529;ARM3_20220709_143000_009.wav;0;0.17635367810726166;0
530;ARM3_20220709_143000_010.wav;0;0.10203956067562103;0
531;ARM3_20220709_143000_011.wav;0;0.21287624537944794;0
532;ARM3_20220709_143000_012.wav;0;0.1530817747116089;0
533;ARM3_20220709_143000_013.wav;0;0.11139177531003952;0
534;ARM3_20220709_143000_014.wav;0;0.12215404957532883;0
535;ARM3_20220709_143000_015.wav;0;0.11339086294174194;0
536;ARM3_20220709_143000_016.wav;0;0.11229032278060913;0
537;ARM3_20220709_143000_017.wav;0;0.10294540226459503;0
538;ARM3_20220709_143000_018.wav;0;0.15241360664367676;0
539;ARM3_20220709_143000_019.wav;0;0.2555933892726898;0
540;ARM3_20220711_044500_000.wav;0;0.049187734723091125;0
541;ARM3_20220711_044500_001.wav;0;0.11980865150690079;0
542;ARM3_20220711_044500_002.wav;0;0.13954927027225494;0
543;ARM3_20220711_044500_003.wav;0;0.08817802369594574;0
544;ARM3_20220711_044500_004.wav;0;0.13877838850021362;0
545;ARM3_20220711_044500_005.wav;0;0.12308552116155624;0
546;ARM3_20220711_044500_006.wav;0;0.13075348734855652;0
547;ARM3_20220711_044500_007.wav;0;0.12673808634281158;0
548;ARM3_20220711_044500_008.wav;0;0.13140392303466797;0
549;ARM3_20220711_044500_009.wav;0;0.09245195239782333;0
550;ARM3_20220711_044500_010.wav;0;0.05192914232611656;0
551;ARM3_20220711_044500_011.wav;0;0.13043801486492157;0
552;ARM3_20220711_044500_012.wav;0;0.1274840086698532;0
553;ARM3_20220711_044500_013.wav;0;0.1459326148033142;0
554;ARM3_20220711_044500_014.wav;0;0.16920354962348938;0
555;ARM3_20220711_044500_015.wav;0;0.1251077800989151;0
556;ARM3_20220711_044500_016.wav;0;0.14582964777946472;0
557;ARM3_20220711_044500_017.wav;0;0.17569999396800995;0
558;ARM3_20220711_044500_018.wav;0;0.12569665908813477;0
559;ARM3_20220711_044500_019.wav;0;0.11902794986963272;0
560;ARM3_20220713_044500_000.wav;0;0.1576082408428192;0
561;ARM3_20220713_044500_001.wav;0;0.12974797189235687;0
562;ARM3_20220713_044500_002.wav;0;0.11459784209728241;0
563;ARM3_20220713_044500_003.wav;0;0.15831361711025238;0
564;ARM3_20220713_044500_004.wav;0;0.6404251456260681;0
565;ARM3_20220713_044500_005.wav;0;0.11234094202518463;0
566;ARM3_20220713_044500_006.wav;0;0.119795061647892;0
567;ARM3_20220713_044500_007.wav;0;0.12034932523965836;0
568;ARM3_20220713_044500_008.wav;0;0.7626172304153442;0
569;ARM3_20220713_044500_009.wav;0;0.11360061913728714;0
570;ARM3_20220713_044500_010.wav;0;0.12655839323997498;0
571;ARM3_20220713_044500_011.wav;0;0.1357763111591339;0
572;ARM3_20220713_044500_012.wav;0;0.14464853703975677;0
573;ARM3_20220713_044500_013.wav;0;0.14554020762443542;0
574;ARM3_20220713_044500_014.wav;0;0.09247630834579468;0
575;ARM3_20220713_044500_015.wav;0;0.16282323002815247;0
576;ARM3_20220713_044500_016.wav;0;0.2460646629333496;0
577;ARM3_20220713_044500_017.wav;0;0.15208622813224792;0
578;ARM3_20220713_044500_018.wav;0;0.13676726818084717;0
579;ARM3_20220713_044500_019.wav;0;0.1640828400850296;0
580;ARM3_20220715_154500_000.wav;0;0.047524403780698776;0
581;ARM3_20220715_154500_001.wav;0;0.05637166649103165;0
582;ARM3_20220715_154500_002.wav;0;0.037825483828783035;0
583;ARM3_20220715_154500_003.wav;0;0.03844118490815163;0
584;ARM3_20220715_154500_004.wav;0;0.04794088751077652;0
585;ARM3_20220715_154500_005.wav;0;0.06103329360485077;0
586;ARM3_20220715_154500_006.wav;0;0.05844361335039139;0
587;ARM3_20220715_154500_007.wav;0;0.12678788602352142;0
588;ARM3_20220715_154500_008.wav;0;0.1923826038837433;0
589;ARM3_20220715_154500_009.wav;0;0.09302939474582672;0
590;ARM3_20220715_154500_010.wav;0;0.0063306973315775394;0
591;ARM3_20220715_154500_011.wav;0;0.0694841742515564;0
592;ARM3_20220715_154500_012.wav;0;0.0809386819601059;0
593;ARM3_20220715_154500_013.wav;0;0.16306911408901215;0
594;ARM3_20220715_154500_014.wav;0;0.09552919119596481;0
595;ARM3_20220715_154500_015.wav;0;0.10106992721557617;0
596;ARM3_20220715_154500_016.wav;0;0.12762001156806946;0
597;ARM3_20220715_154500_017.wav;0;0.15900246798992157;0
598;ARM3_20220715_154500_018.wav;0;0.10722503066062927;0
599;ARM3_20220715_154500_019.wav;0;0.09977363795042038;0
600;ARM3_20220721_070000_000.wav;0;0.9706698060035706;0
601;ARM3_20220721_070000_001.wav;0;0.9531049132347107;0
602;ARM3_20220721_070000_002.wav;0;0.921094536781311;0
603;ARM3_20220721_070000_003.wav;0;0.9722927212715149;0
604;ARM3_20220721_070000_004.wav;0;0.822731614112854;0
605;ARM3_20220721_070000_005.wav;0;0.27312034368515015;0
606;ARM3_20220721_070000_006.wav;0;0.8543374538421631;0
607;ARM3_20220721_070000_007.wav;0;0.5745158791542053;0
608;ARM3_20220721_070000_008.wav;0;0.11152207106351852;0
609;ARM3_20220721_070000_009.wav;0;0.10734201222658157;0
610;ARM3_20220721_070000_010.wav;0;0.1142144501209259;0
611;ARM3_20220721_070000_011.wav;0;0.09953735768795013;0
612;ARM3_20220721_070000_012.wav;0;0.09890958666801453;0
613;ARM3_20220721_070000_013.wav;0;0.11597694456577301;0
614;ARM3_20220721_070000_014.wav;0;0.20405074954032898;0
615;ARM3_20220721_070000_015.wav;0;0.11372806876897812;0
616;ARM3_20220721_070000_016.wav;0;0.10816951096057892;0
617;ARM3_20220721_070000_017.wav;0;0.11031127721071243;0
618;ARM3_20220721_070000_018.wav;0;0.31363964080810547;0
619;ARM3_20220721_070000_019.wav;0;0.10336221009492874;0
620;ARM3_20220722_031500_000.wav;0;0.28830599784851074;0
621;ARM3_20220722_031500_001.wav;0;0.15422490239143372;0
622;ARM3_20220722_031500_002.wav;0;0.12219764292240143;0
623;ARM3_20220722_031500_003.wav;0;0.15998637676239014;0
624;ARM3_20220722_031500_004.wav;0;0.12890224158763885;0
625;ARM3_20220722_031500_005.wav;0;0.159348264336586;0
626;ARM3_20220722_031500_006.wav;0;0.16093549132347107;0
627;ARM3_20220722_031500_007.wav;0;0.12174014747142792;0
628;ARM3_20220722_031500_008.wav;0;0.15579059720039368;0
629;ARM3_20220722_031500_009.wav;0;0.14284805953502655;0
630;ARM3_20220722_031500_010.wav;0;0.1026574894785881;0
631;ARM3_20220722_031500_011.wav;0;0.252330482006073;0
632;ARM3_20220722_031500_012.wav;0;0.11838868260383606;0
633;ARM3_20220722_031500_013.wav;0;0.17490801215171814;0
634;ARM3_20220722_031500_014.wav;0;0.19040042161941528;0
635;ARM3_20220722_031500_015.wav;0;0.1471356600522995;0
636;ARM3_20220722_031500_016.wav;0;0.15818199515342712;0
637;ARM3_20220722_031500_017.wav;0;0.1424635797739029;0
638;ARM3_20220722_031500_018.wav;0;0.15135999023914337;0
639;ARM3_20220722_031500_019.wav;0;0.1397586315870285;0
640;ARM3_20220723_081500_000.wav;0;0.9921886920928955;0
641;ARM3_20220723_081500_001.wav;0;0.9931121468544006;0
642;ARM3_20220723_081500_002.wav;0;0.9833996891975403;0
643;ARM3_20220723_081500_003.wav;0;0.9942247271537781;0
644;ARM3_20220723_081500_004.wav;0;0.9878431558609009;0
645;ARM3_20220723_081500_005.wav;0;0.9669961929321289;0
646;ARM3_20220723_081500_006.wav;0;0.5357861518859863;0
647;ARM3_20220723_081500_007.wav;0;0.2955523431301117;0
648;ARM3_20220723_081500_008.wav;0;0.9551130533218384;0
649;ARM3_20220723_081500_009.wav;0;0.9743115305900574;0
650;ARM3_20220723_081500_010.wav;0;0.929021418094635;0
651;ARM3_20220723_081500_011.wav;0;0.9833994507789612;0
652;ARM3_20220723_081500_012.wav;0;0.9286295771598816;0
653;ARM3_20220723_081500_013.wav;0;0.8935410380363464;0
654;ARM3_20220723_081500_014.wav;0;0.770295262336731;0
655;ARM3_20220723_081500_015.wav;0;0.44580143690109253;0
656;ARM3_20220723_081500_016.wav;0;0.8239277005195618;0
657;ARM3_20220723_081500_017.wav;0;0.335833340883255;0
658;ARM3_20220723_081500_018.wav;0;0.06862710416316986;0
659;ARM3_20220723_081500_019.wav;0;0.904060959815979;0
660;ARM3_20220723_180000_000.wav;0;0.6536656618118286;0
661;ARM3_20220723_180000_001.wav;0;0.1223207488656044;0
662;ARM3_20220723_180000_002.wav;0;0.153998464345932;0
663;ARM3_20220723_180000_003.wav;0;0.13635949790477753;0
664;ARM3_20220723_180000_004.wav;0;0.12029246985912323;0
665;ARM3_20220723_180000_005.wav;0;0.1161465048789978;0
666;ARM3_20220723_180000_006.wav;0;0.12930428981781006;0
667;ARM3_20220723_180000_007.wav;0;0.6867203116416931;0
668;ARM3_20220723_180000_008.wav;0;0.07927336543798447;0
669;ARM3_20220723_180000_009.wav;0;0.11575911194086075;0
670;ARM3_20220723_180000_010.wav;0;0.31188860535621643;0
671;ARM3_20220723_180000_011.wav;0;0.6528909206390381;0
672;ARM3_20220723_180000_012.wav;0;0.11556236445903778;0
673;ARM3_20220723_180000_013.wav;0;0.2638561725616455;0
674;ARM3_20220723_180000_014.wav;0;0.1770402044057846;0
675;ARM3_20220723_180000_015.wav;0;0.07538644224405289;0
676;ARM3_20220723_180000_016.wav;0;0.1485566794872284;0
677;ARM3_20220723_180000_017.wav;0;0.07230435311794281;0
678;ARM3_20220723_180000_018.wav;0;0.25264260172843933;0
679;ARM3_20220723_180000_019.wav;0;0.2643654942512512;0
680;ARM3_20220726_153000_000.wav;0;0.08943308889865875;0
681;ARM3_20220726_153000_001.wav;0;0.23114165663719177;0
682;ARM3_20220726_153000_002.wav;0;0.11617110669612885;0
683;ARM3_20220726_153000_003.wav;0;0.19719041883945465;0
684;ARM3_20220726_153000_004.wav;0;0.19079817831516266;0
685;ARM3_20220726_153000_005.wav;0;0.14871357381343842;0
686;ARM3_20220726_153000_006.wav;0;0.1993274837732315;0
687;ARM3_20220726_153000_007.wav;0;0.14394840598106384;0
688;ARM3_20220726_153000_008.wav;0;0.3776948153972626;0
689;ARM3_20220726_153000_009.wav;0;0.568802535533905;0
690;ARM3_20220726_153000_010.wav;0;0.13811352849006653;0
691;ARM3_20220726_153000_011.wav;0;0.18665386736392975;0
692;ARM3_20220726_153000_012.wav;0;0.19936150312423706;0
693;ARM3_20220726_153000_013.wav;0;0.24028505384922028;0
694;ARM3_20220726_153000_014.wav;0;0.06169813498854637;0
695;ARM3_20220726_153000_015.wav;0;0.15791352093219757;0
696;ARM3_20220726_153000_016.wav;0;0.035336632281541824;0
697;ARM3_20220726_153000_017.wav;0;0.07263996452093124;0
698;ARM3_20220726_153000_018.wav;0;0.077362060546875;0
699;ARM3_20220726_153000_019.wav;0;0.09694024920463562;0
700;ARM3_20220728_110000_000.wav;0;0.11909221857786179;0
701;ARM3_20220728_110000_001.wav;0;0.0746002346277237;0
702;ARM3_20220728_110000_002.wav;0;0.05281190946698189;0
703;ARM3_20220728_110000_003.wav;0;0.37405991554260254;0
704;ARM3_20220728_110000_004.wav;0;0.14632950723171234;0
705;ARM3_20220728_110000_005.wav;0;0.01677178591489792;0
706;ARM3_20220728_110000_006.wav;0;0.03859754279255867;0
707;ARM3_20220728_110000_007.wav;0;0.07595675438642502;0
708;ARM3_20220728_110000_008.wav;0;0.04713962972164154;0
709;ARM3_20220728_110000_009.wav;0;0.1194201335310936;0
710;ARM3_20220728_110000_010.wav;0;0.1222536489367485;0
711;ARM3_20220728_110000_011.wav;0;0.28223350644111633;0
712;ARM3_20220728_110000_012.wav;0;0.05415676534175873;0
713;ARM3_20220728_110000_013.wav;0;0.1680161952972412;0
714;ARM3_20220728_110000_014.wav;0;0.23146982491016388;0
715;ARM3_20220728_110000_015.wav;0;0.076973557472229;0
716;ARM3_20220728_110000_016.wav;0;0.046485625207424164;0
717;ARM3_20220728_110000_017.wav;0;0.12042952328920364;0
718;ARM3_20220728_110000_018.wav;0;0.09850772470235825;0
719;ARM3_20220728_110000_019.wav;0;0.16106359660625458;0
720;ARM3_20220804_013000_000.wav;0;0.06766871362924576;0
721;ARM3_20220804_013000_001.wav;0;0.1486939638853073;0
722;ARM3_20220804_013000_002.wav;0;0.10858231782913208;0
723;ARM3_20220804_013000_003.wav;0;0.12309399992227554;0
724;ARM3_20220804_013000_004.wav;0;0.09239982068538666;0
725;ARM3_20220804_013000_005.wav;0;0.10939310491085052;0
726;ARM3_20220804_013000_006.wav;0;0.13892997801303864;0
727;ARM3_20220804_013000_007.wav;0;0.10651740431785583;0
728;ARM3_20220804_013000_008.wav;0;0.13535897433757782;0
729;ARM3_20220804_013000_009.wav;0;0.15224097669124603;0
730;ARM3_20220804_013000_010.wav;0;0.105775848031044;0
731;ARM3_20220804_013000_011.wav;0;0.04992843419313431;0
732;ARM3_20220804_013000_012.wav;0;0.13458268344402313;0
733;ARM3_20220804_013000_013.wav;0;0.15271034836769104;0
734;ARM3_20220804_013000_014.wav;0;0.12262245267629623;0
735;ARM3_20220804_013000_015.wav;0;0.12197402119636536;0
736;ARM3_20220804_013000_016.wav;0;0.08913521468639374;0
737;ARM3_20220804_013000_017.wav;0;0.06886802613735199;0
738;ARM3_20220804_013000_018.wav;0;0.10687442868947983;0
739;ARM3_20220804_013000_019.wav;0;0.08934426307678223;0
740;ARM3_20220805_100000_000.wav;0;0.27585139870643616;0
741;ARM3_20220805_100000_001.wav;0;0.3996444046497345;0
742;ARM3_20220805_100000_002.wav;0;0.16850773990154266;0
743;ARM3_20220805_100000_003.wav;0;0.8712947368621826;0
744;ARM3_20220805_100000_004.wav;0;0.24495264887809753;0
745;ARM3_20220805_100000_005.wav;0;0.7312520146369934;0
746;ARM3_20220805_100000_006.wav;0;0.13071537017822266;0
747;ARM3_20220805_100000_007.wav;0;0.16418159008026123;0
748;ARM3_20220805_100000_008.wav;0;0.9264401793479919;0
749;ARM3_20220805_100000_009.wav;0;0.5451894998550415;0
750;ARM3_20220805_100000_010.wav;0;0.9663094878196716;0
751;ARM3_20220805_100000_011.wav;0;0.8352826833724976;0
752;ARM3_20220805_100000_012.wav;0;0.09946460276842117;0
753;ARM3_20220805_100000_013.wav;0;0.1304735243320465;0
754;ARM3_20220805_100000_014.wav;0;0.2302253097295761;0
755;ARM3_20220805_100000_015.wav;0;0.4620523750782013;0
756;ARM3_20220805_100000_016.wav;0;0.22611947357654572;0
757;ARM3_20220805_100000_017.wav;0;0.13350284099578857;0
758;ARM3_20220805_100000_018.wav;0;0.11726745218038559;0
759;ARM3_20220805_100000_019.wav;0;0.21720457077026367;0
760;ARM3_20220806_124500_000.wav;0;0.8998793959617615;0
761;ARM3_20220806_124500_001.wav;0;0.9017257690429688;0
762;ARM3_20220806_124500_002.wav;0;0.19734515249729156;0
763;ARM3_20220806_124500_003.wav;0;0.7930302619934082;0
764;ARM3_20220806_124500_004.wav;0;0.9541357755661011;0
765;ARM3_20220806_124500_005.wav;0;0.9667038917541504;0
766;ARM3_20220806_124500_006.wav;0;0.932328999042511;0
767;ARM3_20220806_124500_007.wav;0;0.9889886975288391;0
768;ARM3_20220806_124500_008.wav;0;0.971584141254425;0
769;ARM3_20220806_124500_009.wav;0;0.9590014219284058;0
770;ARM3_20220806_124500_010.wav;0;0.9378937482833862;0
771;ARM3_20220806_124500_011.wav;0;0.8974263072013855;0
772;ARM3_20220806_124500_012.wav;0;0.7324378490447998;0
773;ARM3_20220806_124500_013.wav;0;0.8261778950691223;0
774;ARM3_20220806_124500_014.wav;0;0.8352169990539551;0
775;ARM3_20220806_124500_015.wav;0;0.8219411969184875;0
776;ARM3_20220806_124500_016.wav;0;0.8854969143867493;0
777;ARM3_20220806_124500_017.wav;0;0.9298365712165833;0
778;ARM3_20220806_124500_018.wav;0;0.8345519304275513;0
779;ARM3_20220806_124500_019.wav;0;0.9254472255706787;0
780;ARM3_20220806_141500_000.wav;0;0.16920693218708038;0
781;ARM3_20220806_141500_001.wav;0;0.12426891177892685;0
782;ARM3_20220806_141500_002.wav;0;0.3883879482746124;0
783;ARM3_20220806_141500_003.wav;0;0.1325329840183258;0
784;ARM3_20220806_141500_004.wav;0;0.10879233479499817;0
785;ARM3_20220806_141500_005.wav;0;0.14558586478233337;0
786;ARM3_20220806_141500_006.wav;0;0.09989690035581589;0
787;ARM3_20220806_141500_007.wav;0;0.17596952617168427;0
788;ARM3_20220806_141500_008.wav;0;0.10012052953243256;0
789;ARM3_20220806_141500_009.wav;0;0.08797704428434372;0
790;ARM3_20220806_141500_010.wav;0;0.10910546779632568;0
791;ARM3_20220806_141500_011.wav;0;0.08637450635433197;0
792;ARM3_20220806_141500_012.wav;0;0.12176737189292908;0
793;ARM3_20220806_141500_013.wav;0;0.22662405669689178;0
794;ARM3_20220806_141500_014.wav;0;0.12635353207588196;0
795;ARM3_20220806_141500_015.wav;0;0.10276862978935242;0
796;ARM3_20220806_141500_016.wav;0;0.14096683263778687;0
797;ARM3_20220806_141500_017.wav;0;0.098709836602211;0
798;ARM3_20220806_141500_018.wav;0;0.12338154762983322;0
799;ARM3_20220806_141500_019.wav;0;0.15381920337677002;0
800;ARM3_20220806_200000_000.wav;0;0.14302873611450195;0
801;ARM3_20220806_200000_001.wav;0;0.11473047733306885;0
802;ARM3_20220806_200000_002.wav;0;0.14544019103050232;0
803;ARM3_20220806_200000_003.wav;0;0.10769785940647125;0
804;ARM3_20220806_200000_004.wav;0;0.08325837552547455;0
805;ARM3_20220806_200000_005.wav;0;0.03316641226410866;0
806;ARM3_20220806_200000_006.wav;0;0.013519175350666046;0
807;ARM3_20220806_200000_007.wav;0;0.05641414225101471;0
808;ARM3_20220806_200000_008.wav;0;0.06738156080245972;0
809;ARM3_20220806_200000_009.wav;0;0.09144996851682663;0
810;ARM3_20220806_200000_010.wav;0;0.11024077981710434;0
811;ARM3_20220806_200000_011.wav;0;0.07083804160356522;0
812;ARM3_20220806_200000_012.wav;0;0.10957550257444382;0
813;ARM3_20220806_200000_013.wav;0;0.2407117486000061;0
814;ARM3_20220806_200000_014.wav;0;0.11335919797420502;0
815;ARM3_20220806_200000_015.wav;0;0.12747764587402344;0
816;ARM3_20220806_200000_016.wav;0;0.18404632806777954;0
817;ARM3_20220806_200000_017.wav;0;0.21296542882919312;0
818;ARM3_20220806_200000_018.wav;0;0.0896313264966011;0
819;ARM3_20220806_200000_019.wav;0;0.06567461788654327;0
820;ARM3_20220808_001500_000.wav;0;0.05180051550269127;0
821;ARM3_20220808_001500_001.wav;0;0.04733418673276901;0
822;ARM3_20220808_001500_002.wav;0;0.11452416330575943;0
823;ARM3_20220808_001500_003.wav;0;0.10671763867139816;0
824;ARM3_20220808_001500_004.wav;0;0.12162403017282486;0
825;ARM3_20220808_001500_005.wav;0;0.09133186936378479;0
826;ARM3_20220808_001500_006.wav;0;0.12009498476982117;0
827;ARM3_20220808_001500_007.wav;0;0.14262062311172485;0
828;ARM3_20220808_001500_008.wav;0;0.11854352056980133;0
829;ARM3_20220808_001500_009.wav;0;0.10460871458053589;0
830;ARM3_20220808_001500_010.wav;0;0.08058904856443405;0
831;ARM3_20220808_001500_011.wav;0;0.1297474354505539;0
832;ARM3_20220808_001500_012.wav;0;0.05528474226593971;0
833;ARM3_20220808_001500_013.wav;0;0.08329401165246964;0
834;ARM3_20220808_001500_014.wav;0;0.06433549523353577;0
835;ARM3_20220808_001500_015.wav;0;0.08866358548402786;0
836;ARM3_20220808_001500_016.wav;0;0.33914321660995483;0
837;ARM3_20220808_001500_017.wav;0;0.06251867860555649;0
838;ARM3_20220808_001500_018.wav;0;0.05138985067605972;0
839;ARM3_20220808_001500_019.wav;0;0.07941797375679016;0
840;ARM3_20220810_230000_000.wav;0;0.12394362688064575;0
841;ARM3_20220810_230000_001.wav;0;0.15506485104560852;0
842;ARM3_20220810_230000_002.wav;0;0.27866247296333313;0
843;ARM3_20220810_230000_003.wav;0;0.20134392380714417;0
844;ARM3_20220810_230000_004.wav;0;0.14075003564357758;0
845;ARM3_20220810_230000_005.wav;0;0.11934030801057816;0
846;ARM3_20220810_230000_006.wav;0;0.11820098012685776;0
847;ARM3_20220810_230000_007.wav;0;0.22078026831150055;0
848;ARM3_20220810_230000_008.wav;0;0.092356376349926;0
849;ARM3_20220810_230000_009.wav;0;0.09405472129583359;0
850;ARM3_20220810_230000_010.wav;0;0.1351473331451416;0
851;ARM3_20220810_230000_011.wav;0;0.10675030201673508;0
852;ARM3_20220810_230000_012.wav;0;0.1390824019908905;0
853;ARM3_20220810_230000_013.wav;0;0.1297549456357956;0
854;ARM3_20220810_230000_014.wav;0;0.1337105631828308;0
855;ARM3_20220810_230000_015.wav;0;0.10904046893119812;0
856;ARM3_20220810_230000_016.wav;0;0.13509537279605865;0
857;ARM3_20220810_230000_017.wav;0;0.13116610050201416;0
858;ARM3_20220810_230000_018.wav;0;0.13747848570346832;0
859;ARM3_20220810_230000_019.wav;0;0.14383864402770996;0
860;ARM3_20220812_023000_000.wav;0;0.21128493547439575;0
861;ARM3_20220812_023000_001.wav;0;0.12472401559352875;0
862;ARM3_20220812_023000_002.wav;0;0.13420791923999786;0
863;ARM3_20220812_023000_003.wav;0;0.11654096096754074;0
864;ARM3_20220812_023000_004.wav;0;0.21307167410850525;0
865;ARM3_20220812_023000_005.wav;0;0.1431763470172882;0
866;ARM3_20220812_023000_006.wav;0;0.12880568206310272;0
867;ARM3_20220812_023000_007.wav;0;0.1191011294722557;0
868;ARM3_20220812_023000_008.wav;0;0.1070728749036789;0
869;ARM3_20220812_023000_009.wav;0;0.22558200359344482;0
870;ARM3_20220812_023000_010.wav;0;0.15266984701156616;0
871;ARM3_20220812_023000_011.wav;0;0.15062950551509857;0
872;ARM3_20220812_023000_012.wav;0;0.13757413625717163;0
873;ARM3_20220812_023000_013.wav;0;0.1472175568342209;0
874;ARM3_20220812_023000_014.wav;0;0.13904784619808197;0
875;ARM3_20220812_023000_015.wav;0;0.15157610177993774;0
876;ARM3_20220812_023000_016.wav;0;0.14763307571411133;0
877;ARM3_20220812_023000_017.wav;0;0.09823381155729294;0
878;ARM3_20220812_023000_018.wav;0;0.11922995746135712;0
879;ARM3_20220812_023000_019.wav;0;0.1010240763425827;0
880;ARM3_20220812_103000_000.wav;0;0.13125385344028473;0
881;ARM3_20220812_103000_001.wav;0;0.6572829484939575;0
882;ARM3_20220812_103000_002.wav;0;0.33021166920661926;0
883;ARM3_20220812_103000_003.wav;0;0.12535791099071503;0
884;ARM3_20220812_103000_004.wav;0;0.40029212832450867;0
885;ARM3_20220812_103000_005.wav;0;0.7675220370292664;0
886;ARM3_20220812_103000_006.wav;0;0.43134093284606934;0
887;ARM3_20220812_103000_007.wav;0;0.2282337248325348;0
888;ARM3_20220812_103000_008.wav;0;0.4329244792461395;0
889;ARM3_20220812_103000_009.wav;0;0.23467643558979034;0
890;ARM3_20220812_103000_010.wav;0;0.4254448413848877;0
891;ARM3_20220812_103000_011.wav;0;0.44354328513145447;0
892;ARM3_20220812_103000_012.wav;0;0.17660148441791534;0
893;ARM3_20220812_103000_013.wav;0;0.398068368434906;0
894;ARM3_20220812_103000_014.wav;0;0.46420490741729736;0
895;ARM3_20220812_103000_015.wav;0;0.3113657832145691;0
896;ARM3_20220812_103000_016.wav;0;0.46817928552627563;0
897;ARM3_20220812_103000_017.wav;0;0.9357167482376099;0
898;ARM3_20220812_103000_018.wav;0;0.43181005120277405;0
899;ARM3_20220812_103000_019.wav;0;0.9275346994400024;0
900;ARM3_20220814_200000_000.wav;0;0.26714280247688293;0
901;ARM3_20220814_200000_001.wav;0;0.0867738127708435;0
902;ARM3_20220814_200000_002.wav;0;0.5794039964675903;0
903;ARM3_20220814_200000_003.wav;0;0.06226986646652222;0
904;ARM3_20220814_200000_004.wav;0;0.2592490017414093;0
905;ARM3_20220814_200000_005.wav;0;0.3442491292953491;0
906;ARM3_20220814_200000_006.wav;0;0.24631015956401825;0
907;ARM3_20220814_200000_007.wav;0;0.7037049531936646;0
908;ARM3_20220814_200000_008.wav;0;0.1964116245508194;0
909;ARM3_20220814_200000_009.wav;0;0.4536934196949005;0
910;ARM3_20220814_200000_010.wav;0;0.5707736611366272;0
911;ARM3_20220814_200000_011.wav;0;0.29141923785209656;0
912;ARM3_20220814_200000_012.wav;0;0.38723912835121155;0
913;ARM3_20220814_200000_013.wav;0;0.10420611500740051;0
914;ARM3_20220814_200000_014.wav;0;0.2152818888425827;0
915;ARM3_20220814_200000_015.wav;0;0.08100627362728119;0
916;ARM3_20220814_200000_016.wav;0;0.06916473060846329;0
917;ARM3_20220814_200000_017.wav;0;0.11886651813983917;0
918;ARM3_20220814_200000_018.wav;0;0.10816650092601776;0
919;ARM3_20220814_200000_019.wav;0;0.05760002136230469;0
920;ARM3_20220815_150000_000.wav;0;0.14626440405845642;0
921;ARM3_20220815_150000_001.wav;0;0.13391746580600739;0
922;ARM3_20220815_150000_002.wav;0;0.23334164917469025;0
923;ARM3_20220815_150000_003.wav;0;0.07775700837373734;0
924;ARM3_20220815_150000_004.wav;0;0.18426617980003357;0
925;ARM3_20220815_150000_005.wav;0;0.23440781235694885;0
926;ARM3_20220815_150000_006.wav;0;0.38851049542427063;0
927;ARM3_20220815_150000_007.wav;0;0.9832314252853394;0
928;ARM3_20220815_150000_008.wav;0;0.8247741460800171;0
929;ARM3_20220815_150000_009.wav;0;0.9615005850791931;0
930;ARM3_20220815_150000_010.wav;0;0.9821658730506897;0
931;ARM3_20220815_150000_011.wav;0;0.9668335914611816;0
932;ARM3_20220815_150000_012.wav;0;0.9806391596794128;0
933;ARM3_20220815_150000_013.wav;0;0.9701060652732849;0
934;ARM3_20220815_150000_014.wav;0;0.9769285321235657;0
935;ARM3_20220815_150000_015.wav;0;0.949816882610321;0
936;ARM3_20220815_150000_016.wav;0;0.9790361523628235;0
937;ARM3_20220815_150000_017.wav;0;0.9016700387001038;0
938;ARM3_20220815_150000_018.wav;0;0.9820282459259033;0
939;ARM3_20220815_150000_019.wav;0;0.9652568101882935;0
940;ARM3_20220817_060000_000.wav;0;0.27053287625312805;0
941;ARM3_20220817_060000_001.wav;0;0.1622576266527176;0
942;ARM3_20220817_060000_002.wav;0;0.16850560903549194;0
943;ARM3_20220817_060000_003.wav;0;0.2650667726993561;0
944;ARM3_20220817_060000_004.wav;0;0.5850269198417664;0
945;ARM3_20220817_060000_005.wav;0;0.18605713546276093;0
946;ARM3_20220817_060000_006.wav;0;0.48254257440567017;0
947;ARM3_20220817_060000_007.wav;0;0.21653059124946594;0
948;ARM3_20220817_060000_008.wav;0;0.13298337161540985;0
949;ARM3_20220817_060000_009.wav;0;0.6518630385398865;0
950;ARM3_20220817_060000_010.wav;0;0.20144708454608917;0
951;ARM3_20220817_060000_011.wav;0;0.5811944007873535;0
952;ARM3_20220817_060000_012.wav;0;0.14320342242717743;0
953;ARM3_20220817_060000_013.wav;0;0.09534111618995667;0
954;ARM3_20220817_060000_014.wav;0;0.14886325597763062;0
955;ARM3_20220817_060000_015.wav;0;0.19732750952243805;0
956;ARM3_20220817_060000_016.wav;0;0.4358065128326416;0
957;ARM3_20220817_060000_017.wav;0;0.16393792629241943;0
958;ARM3_20220817_060000_018.wav;0;0.27644428610801697;0
959;ARM3_20220817_060000_019.wav;0;0.2132287472486496;0
960;MER1_20220617_161500_000.wav;0;0.8377073407173157;0
961;MER1_20220617_161500_001.wav;0;0.31894606351852417;0
962;MER1_20220617_161500_002.wav;0;0.6611207723617554;0
963;MER1_20220617_161500_003.wav;0;0.6335197687149048;0
964;MER1_20220617_161500_004.wav;0;0.8810867071151733;0
965;MER1_20220617_161500_005.wav;0;0.6022461652755737;0
966;MER1_20220617_161500_006.wav;0;0.9106954336166382;0
967;MER1_20220617_161500_007.wav;0;0.6934733986854553;0
968;MER1_20220617_161500_008.wav;0;0.7743709683418274;0
969;MER1_20220617_161500_009.wav;0;0.9497119188308716;0
970;MER1_20220617_161500_010.wav;0;0.684553861618042;0
971;MER1_20220617_161500_011.wav;0;0.9642541408538818;0
972;MER1_20220617_161500_012.wav;0;0.6980418562889099;0
973;MER1_20220617_161500_013.wav;0;0.9177069664001465;0
974;MER1_20220617_161500_014.wav;0;0.8068583607673645;0
975;MER1_20220617_161500_015.wav;0;0.37033069133758545;0
976;MER1_20220617_161500_016.wav;0;0.6537512540817261;0
977;MER1_20220617_161500_017.wav;0;0.7601626515388489;0
978;MER1_20220617_161500_018.wav;0;0.37859398126602173;0
979;MER1_20220617_161500_019.wav;0;0.9200279712677002;0
980;MER1_20220617_171500_000.wav;0;0.3764747679233551;0
981;MER1_20220617_171500_001.wav;0;0.7956934571266174;0
982;MER1_20220617_171500_002.wav;0;0.917182207107544;0
983;MER1_20220617_171500_003.wav;0;0.9104007482528687;0
984;MER1_20220617_171500_004.wav;0;0.8854026198387146;0
985;MER1_20220617_171500_005.wav;0;0.5866948962211609;0
986;MER1_20220617_171500_006.wav;0;0.7345583438873291;0
987;MER1_20220617_171500_007.wav;0;0.31368350982666016;0
988;MER1_20220617_171500_008.wav;0;0.731105625629425;0
989;MER1_20220617_171500_009.wav;0;0.9034411311149597;0
990;MER1_20220617_171500_010.wav;0;0.8619467616081238;0
991;MER1_20220617_171500_011.wav;0;0.7606610655784607;0
992;MER1_20220617_171500_012.wav;0;0.9620853662490845;0
993;MER1_20220617_171500_013.wav;0;0.8766613006591797;0
994;MER1_20220617_171500_014.wav;0;0.7246114611625671;0
995;MER1_20220617_171500_015.wav;0;0.888731062412262;0
996;MER1_20220617_171500_016.wav;0;0.7961982488632202;0
997;MER1_20220617_171500_017.wav;0;0.8768517971038818;0
998;MER1_20220617_171500_018.wav;0;0.7769496440887451;0
999;MER1_20220617_171500_019.wav;0;0.2809635400772095;0
1000;MER1_20220619_083000_000.wav;0;0.670224130153656;0
1001;MER1_20220619_083000_001.wav;0;0.7140474915504456;0
1002;MER1_20220619_083000_002.wav;0;0.5929070711135864;0
1003;MER1_20220619_083000_003.wav;0;0.4609762132167816;0
1004;MER1_20220619_083000_004.wav;0;0.7849612832069397;0
1005;MER1_20220619_083000_005.wav;0;0.27624666690826416;0
1006;MER1_20220619_083000_006.wav;0;0.5623140931129456;0
1007;MER1_20220619_083000_007.wav;0;0.7940818667411804;0
1008;MER1_20220619_083000_008.wav;0;0.9044108986854553;0
1009;MER1_20220619_083000_009.wav;0;0.9710977077484131;0
1010;MER1_20220619_083000_010.wav;0;0.9276893734931946;0
1011;MER1_20220619_083000_011.wav;0;0.9669017195701599;0
1012;MER1_20220619_083000_012.wav;0;0.763209342956543;0
1013;MER1_20220619_083000_013.wav;0;0.7491278648376465;0
1014;MER1_20220619_083000_014.wav;0;0.9865173101425171;0
1015;MER1_20220619_083000_015.wav;0;0.949835479259491;0
1016;MER1_20220619_083000_016.wav;0;0.5577830672264099;0
1017;MER1_20220619_083000_017.wav;0;0.6931100487709045;0
1018;MER1_20220619_083000_018.wav;0;0.4830496311187744;0
1019;MER1_20220619_083000_019.wav;0;0.9741070866584778;0
1020;MER1_20220619_214500_000.wav;0;0.6548166275024414;0
1021;MER1_20220619_214500_001.wav;0;0.789077877998352;0
1022;MER1_20220619_214500_002.wav;0;0.5793389081954956;0
1023;MER1_20220619_214500_003.wav;0;0.27162981033325195;0
1024;MER1_20220619_214500_004.wav;0;0.4037930369377136;0
1025;MER1_20220619_214500_005.wav;0;0.5161607265472412;0
1026;MER1_20220619_214500_006.wav;0;0.43816182017326355;0
1027;MER1_20220619_214500_007.wav;0;0.7356241345405579;0
1028;MER1_20220619_214500_008.wav;0;0.8759828805923462;0
1029;MER1_20220619_214500_009.wav;0;0.434320867061615;0
1030;MER1_20220619_214500_010.wav;0;0.8003383278846741;0
1031;MER1_20220619_214500_011.wav;0;0.5231865048408508;0
1032;MER1_20220619_214500_012.wav;0;0.6876581311225891;0
1033;MER1_20220619_214500_013.wav;0;0.44915831089019775;0
1034;MER1_20220619_214500_014.wav;0;0.39754289388656616;0
1035;MER1_20220619_214500_015.wav;0;0.7701234817504883;0
1036;MER1_20220619_214500_016.wav;0;0.8580586910247803;0
1037;MER1_20220619_214500_017.wav;0;0.918030858039856;0
1038;MER1_20220619_214500_018.wav;0;0.6132346987724304;0
1039;MER1_20220619_214500_019.wav;0;0.7469501495361328;0
1040;MER1_20220619_220000_000.wav;0;0.8749590516090393;0
1041;MER1_20220619_220000_001.wav;0;0.6936142444610596;0
1042;MER1_20220619_220000_002.wav;0;0.6101818680763245;0
1043;MER1_20220619_220000_003.wav;0;0.704998791217804;0
1044;MER1_20220619_220000_004.wav;0;0.7714422345161438;0
1045;MER1_20220619_220000_005.wav;0;0.7165441513061523;0
1046;MER1_20220619_220000_006.wav;0;0.15973831713199615;0
1047;MER1_20220619_220000_007.wav;0;0.5149568915367126;0
1048;MER1_20220619_220000_008.wav;0;0.3189631700515747;0
1049;MER1_20220619_220000_009.wav;0;0.931154727935791;0
1050;MER1_20220619_220000_010.wav;0;0.4869716167449951;0
1051;MER1_20220619_220000_011.wav;0;0.7200977802276611;0
1052;MER1_20220619_220000_012.wav;0;0.7548989057540894;0
1053;MER1_20220619_220000_013.wav;0;0.6771699786186218;0
1054;MER1_20220619_220000_014.wav;0;0.8061591386795044;0
1055;MER1_20220619_220000_015.wav;0;0.8371461033821106;0
1056;MER1_20220619_220000_016.wav;0;0.8992600440979004;0
1057;MER1_20220619_220000_017.wav;0;0.8540573120117188;0
1058;MER1_20220619_220000_018.wav;0;0.38493213057518005;0
1059;MER1_20220619_220000_019.wav;0;0.5731292366981506;0
1060;MER1_20220621_014500_000.wav;0;0.9329966902732849;0
1061;MER1_20220621_014500_001.wav;0;0.5672473311424255;0
1062;MER1_20220621_014500_002.wav;0;0.12191382050514221;0
1063;MER1_20220621_014500_003.wav;0;0.9294325113296509;0
1064;MER1_20220621_014500_004.wav;0;0.5196714401245117;0
1065;MER1_20220621_014500_005.wav;0;0.7089315056800842;0
1066;MER1_20220621_014500_006.wav;0;0.7176304459571838;0
1067;MER1_20220621_014500_007.wav;0;0.2521474361419678;0
1068;MER1_20220621_014500_008.wav;0;0.7692859768867493;0
1069;MER1_20220621_014500_009.wav;0;0.49281707406044006;0
1070;MER1_20220621_014500_010.wav;0;0.7422806024551392;0
1071;MER1_20220621_014500_011.wav;0;0.6856188774108887;0
1072;MER1_20220621_014500_012.wav;0;0.5065070986747742;0
1073;MER1_20220621_014500_013.wav;0;0.3913861811161041;0
1074;MER1_20220621_014500_014.wav;0;0.7427383065223694;0
1075;MER1_20220621_014500_015.wav;0;0.33029550313949585;0
1076;MER1_20220621_014500_016.wav;0;0.7745327353477478;0
1077;MER1_20220621_014500_017.wav;0;0.16314880549907684;0
1078;MER1_20220621_014500_018.wav;0;0.5297117829322815;0
1079;MER1_20220621_014500_019.wav;0;0.8767718076705933;0
1080;MER1_20220621_054500_000.wav;0;0.7632256150245667;0
1081;MER1_20220621_054500_001.wav;0;0.8680403232574463;0
1082;MER1_20220621_054500_002.wav;0;0.6701753735542297;0
1083;MER1_20220621_054500_003.wav;0;0.5400203466415405;0
1084;MER1_20220621_054500_004.wav;0;0.7058950662612915;0
1085;MER1_20220621_054500_005.wav;0;0.8531632423400879;0
1086;MER1_20220621_054500_006.wav;0;0.9320171475410461;0
1087;MER1_20220621_054500_007.wav;0;0.7931345105171204;0
1088;MER1_20220621_054500_008.wav;0;0.5703950524330139;0
1089;MER1_20220621_054500_009.wav;0;0.33622512221336365;0
1090;MER1_20220621_054500_010.wav;0;0.5749382972717285;0
1091;MER1_20220621_054500_011.wav;0;0.5014110803604126;0
1092;MER1_20220621_054500_012.wav;0;0.22032545506954193;0
1093;MER1_20220621_054500_013.wav;0;0.5906835794448853;0
1094;MER1_20220621_054500_014.wav;0;0.2223455160856247;0
1095;MER1_20220621_054500_015.wav;0;0.8342989087104797;0
1096;MER1_20220621_054500_016.wav;0;0.49926555156707764;0
1097;MER1_20220621_054500_017.wav;0;0.48656508326530457;0
1098;MER1_20220621_054500_018.wav;0;0.6472823619842529;0
1099;MER1_20220621_054500_019.wav;0;0.8813237547874451;0
1100;MER1_20220621_114500_000.wav;0;0.8655481338500977;0
1101;MER1_20220621_114500_001.wav;0;0.9688238501548767;0
1102;MER1_20220621_114500_002.wav;0;0.6531755924224854;0
1103;MER1_20220621_114500_003.wav;0;0.7332296967506409;0
1104;MER1_20220621_114500_004.wav;0;0.5662940740585327;0
1105;MER1_20220621_114500_005.wav;0;0.8199965357780457;0
1106;MER1_20220621_114500_006.wav;0;0.8611872792243958;0
1107;MER1_20220621_114500_007.wav;0;0.9131122827529907;0
1108;MER1_20220621_114500_008.wav;0;0.6164417862892151;0
1109;MER1_20220621_114500_009.wav;0;0.9204350709915161;0
1110;MER1_20220621_114500_010.wav;0;0.7889419794082642;0
1111;MER1_20220621_114500_011.wav;0;0.8839561939239502;0
1112;MER1_20220621_114500_012.wav;0;0.7977660894393921;0
1113;MER1_20220621_114500_013.wav;0;0.9014803171157837;0
1114;MER1_20220621_114500_014.wav;0;0.7993230819702148;0
1115;MER1_20220621_114500_015.wav;0;0.9502137899398804;0
1116;MER1_20220621_114500_016.wav;0;0.7348223328590393;0
1117;MER1_20220621_114500_017.wav;0;0.6562641859054565;0
1118;MER1_20220621_114500_018.wav;0;0.35628750920295715;0
1119;MER1_20220621_114500_019.wav;0;0.9011492133140564;0
1120;MER1_20220623_040000_000.wav;0;0.2584225535392761;0
1121;MER1_20220623_040000_001.wav;0;0.5713472962379456;0
1122;MER1_20220623_040000_002.wav;0;0.374927282333374;0
1123;MER1_20220623_040000_003.wav;0;0.3326623737812042;0
1124;MER1_20220623_040000_004.wav;0;0.6386735439300537;0
1125;MER1_20220623_040000_005.wav;0;0.14528928697109222;0
1126;MER1_20220623_040000_006.wav;0;0.7036324143409729;0
1127;MER1_20220623_040000_007.wav;0;0.7123802900314331;0
1128;MER1_20220623_040000_008.wav;0;0.5987000465393066;0
1129;MER1_20220623_040000_009.wav;0;0.40072178840637207;0
1130;MER1_20220623_040000_010.wav;0;0.8141119480133057;0
1131;MER1_20220623_040000_011.wav;0;0.3515678942203522;0
1132;MER1_20220623_040000_012.wav;0;0.5017435550689697;0
1133;MER1_20220623_040000_013.wav;0;0.19079799950122833;0
1134;MER1_20220623_040000_014.wav;0;0.5918113589286804;0
1135;MER1_20220623_040000_015.wav;0;0.6869387030601501;0
1136;MER1_20220623_040000_016.wav;0;0.8490645885467529;0
1137;MER1_20220623_040000_017.wav;0;0.5155854225158691;0
1138;MER1_20220623_040000_018.wav;0;0.23578277230262756;0
1139;MER1_20220623_040000_019.wav;0;0.5382912158966064;0
1140;MER1_20220625_103000_000.wav;0;0.7817165851593018;0
1141;MER1_20220625_103000_001.wav;0;0.7243725657463074;0
1142;MER1_20220625_103000_002.wav;0;0.4624396860599518;0
1143;MER1_20220625_103000_003.wav;0;0.6428518891334534;0
1144;MER1_20220625_103000_004.wav;0;0.6310266852378845;0
1145;MER1_20220625_103000_005.wav;0;0.5178890228271484;0
1146;MER1_20220625_103000_006.wav;0;0.524978756904602;0
1147;MER1_20220625_103000_007.wav;0;0.5892191529273987;0
1148;MER1_20220625_103000_008.wav;0;0.6036490797996521;0
1149;MER1_20220625_103000_009.wav;0;0.6946098208427429;0
1150;MER1_20220625_103000_010.wav;0;0.7400368452072144;0
1151;MER1_20220625_103000_011.wav;0;0.8368270397186279;0
1152;MER1_20220625_103000_012.wav;0;0.5463873744010925;0
1153;MER1_20220625_103000_013.wav;0;0.5858346223831177;0
1154;MER1_20220625_103000_014.wav;0;0.22903944551944733;0
1155;MER1_20220625_103000_015.wav;0;0.11706837266683578;0
1156;MER1_20220625_103000_016.wav;0;0.47400882840156555;0
1157;MER1_20220625_103000_017.wav;0;0.6922935843467712;0
1158;MER1_20220625_103000_018.wav;0;0.5791423916816711;0
1159;MER1_20220625_103000_019.wav;0;0.24285024404525757;0
1160;MER1_20220625_160000_000.wav;0;0.43027955293655396;0
1161;MER1_20220625_160000_001.wav;0;0.757439374923706;0
1162;MER1_20220625_160000_002.wav;0;0.8432639837265015;0
1163;MER1_20220625_160000_003.wav;0;0.6923544406890869;0
1164;MER1_20220625_160000_004.wav;0;0.30101412534713745;0
1165;MER1_20220625_160000_005.wav;0;0.606427788734436;0
1166;MER1_20220625_160000_006.wav;0;0.33663079142570496;0
1167;MER1_20220625_160000_007.wav;0;0.2030838280916214;0
1168;MER1_20220625_160000_008.wav;0;0.20012882351875305;0
1169;MER1_20220625_160000_009.wav;0;0.3949446976184845;0
1170;MER1_20220625_160000_010.wav;0;0.3697797656059265;0
1171;MER1_20220625_160000_011.wav;0;0.4747798442840576;0
1172;MER1_20220625_160000_012.wav;0;0.46229347586631775;0
1173;MER1_20220625_160000_013.wav;0;0.5399854183197021;0
1174;MER1_20220625_160000_014.wav;0;0.27006468176841736;0
1175;MER1_20220625_160000_015.wav;0;0.6439054012298584;0
1176;MER1_20220625_160000_016.wav;0;0.7313932180404663;0
1177;MER1_20220625_160000_017.wav;0;0.7500910758972168;0
1178;MER1_20220625_160000_018.wav;0;0.2538159191608429;0
1179;MER1_20220625_160000_019.wav;0;0.618948221206665;0
1180;MER1_20220625_234500_000.wav;0;0.6621001958847046;0
1181;MER1_20220625_234500_001.wav;0;0.7860326170921326;0
1182;MER1_20220625_234500_002.wav;0;0.6460363268852234;0
1183;MER1_20220625_234500_003.wav;0;0.566080629825592;0
1184;MER1_20220625_234500_004.wav;0;0.439632385969162;0
1185;MER1_20220625_234500_005.wav;0;0.5256780385971069;0
1186;MER1_20220625_234500_006.wav;0;0.7147530913352966;0
1187;MER1_20220625_234500_007.wav;0;0.4623658359050751;0
1188;MER1_20220625_234500_008.wav;0;0.8921812176704407;0
1189;MER1_20220625_234500_009.wav;0;0.8198086023330688;0
1190;MER1_20220625_234500_010.wav;0;0.7059974074363708;0
1191;MER1_20220625_234500_011.wav;0;0.6488704085350037;0
1192;MER1_20220625_234500_012.wav;0;0.5788975954055786;0
1193;MER1_20220625_234500_013.wav;0;0.678076982498169;0
1194;MER1_20220625_234500_014.wav;0;0.6930241584777832;0
1195;MER1_20220625_234500_015.wav;0;0.6012448668479919;0
1196;MER1_20220625_234500_016.wav;0;0.8497597575187683;0
1197;MER1_20220625_234500_017.wav;0;0.5655154585838318;0
1198;MER1_20220625_234500_018.wav;0;0.5291922688484192;0
1199;MER1_20220625_234500_019.wav;0;0.9101539850234985;0
1200;MER1_20220701_134500_000.wav;0;0.14809441566467285;0
1201;MER1_20220701_134500_001.wav;0;0.6284245252609253;0
1202;MER1_20220701_134500_002.wav;0;0.9356176853179932;0
1203;MER1_20220701_134500_003.wav;0;0.7451170086860657;0
1204;MER1_20220701_134500_004.wav;0;0.36561140418052673;0
1205;MER1_20220701_134500_005.wav;0;0.34562888741493225;0
1206;MER1_20220701_134500_006.wav;0;0.9272903800010681;0
1207;MER1_20220701_134500_007.wav;0;0.9547027945518494;0
1208;MER1_20220701_134500_008.wav;0;0.7982675433158875;0
1209;MER1_20220701_134500_009.wav;0;0.9804570078849792;0
1210;MER1_20220701_134500_010.wav;0;0.7125393748283386;0
1211;MER1_20220701_134500_011.wav;0;0.5565170645713806;0
1212;MER1_20220701_134500_012.wav;0;0.6216944456100464;0
1213;MER1_20220701_134500_013.wav;0;0.5806394219398499;0
1214;MER1_20220701_134500_014.wav;0;0.9060696959495544;0
1215;MER1_20220701_134500_015.wav;0;0.5529700517654419;0
1216;MER1_20220701_134500_016.wav;0;0.975822925567627;0
1217;MER1_20220701_134500_017.wav;0;0.4217504560947418;0
1218;MER1_20220701_134500_018.wav;0;0.8545311093330383;0
1219;MER1_20220701_134500_019.wav;0;0.3231261968612671;0
1220;MER1_20220703_064500_000.wav;0;0.9011341333389282;0
1221;MER1_20220703_064500_001.wav;0;0.509316623210907;0
1222;MER1_20220703_064500_002.wav;0;0.7702996134757996;0
1223;MER1_20220703_064500_003.wav;0;0.6888468861579895;0
1224;MER1_20220703_064500_004.wav;0;0.5551576614379883;0
1225;MER1_20220703_064500_005.wav;0;0.6120741963386536;0
1226;MER1_20220703_064500_006.wav;0;0.6705828905105591;0
1227;MER1_20220703_064500_007.wav;0;0.4741579592227936;0
1228;MER1_20220703_064500_008.wav;0;0.2472071796655655;0
1229;MER1_20220703_064500_009.wav;0;0.7186493873596191;0
1230;MER1_20220703_064500_010.wav;0;0.8545162081718445;0
1231;MER1_20220703_064500_011.wav;0;0.39861050248146057;0
1232;MER1_20220703_064500_012.wav;0;0.7854400873184204;0
1233;MER1_20220703_064500_013.wav;0;0.1761234551668167;0
1234;MER1_20220703_064500_014.wav;0;0.521229088306427;0
1235;MER1_20220703_064500_015.wav;0;0.849273681640625;0
1236;MER1_20220703_064500_016.wav;0;0.6050962805747986;0
1237;MER1_20220703_064500_017.wav;0;0.27811023592948914;0
1238;MER1_20220703_064500_018.wav;0;0.39826852083206177;0
1239;MER1_20220703_064500_019.wav;0;0.6586650013923645;0
1240;MER1_20220703_080000_000.wav;0;0.9476824998855591;0
1241;MER1_20220703_080000_001.wav;0;0.9633141756057739;0
1242;MER1_20220703_080000_002.wav;0;0.9013208150863647;0
1243;MER1_20220703_080000_003.wav;0;0.9509928226470947;0
1244;MER1_20220703_080000_004.wav;0;0.9165401458740234;0
1245;MER1_20220703_080000_005.wav;0;0.9490388035774231;0
1246;MER1_20220703_080000_006.wav;0;0.9456446170806885;0
1247;MER1_20220703_080000_007.wav;0;0.8889811038970947;0
1248;MER1_20220703_080000_008.wav;0;0.9293651580810547;0
1249;MER1_20220703_080000_009.wav;0;0.9630818963050842;0
1250;MER1_20220703_080000_010.wav;0;0.9473493695259094;0
1251;MER1_20220703_080000_011.wav;0;0.9569507241249084;0
1252;MER1_20220703_080000_012.wav;0;0.9491962194442749;0
1253;MER1_20220703_080000_013.wav;0;0.8804992437362671;0
1254;MER1_20220703_080000_014.wav;0;0.9231290817260742;0
1255;MER1_20220703_080000_015.wav;0;0.9142155647277832;0
1256;MER1_20220703_080000_016.wav;0;0.9394733309745789;0
1257;MER1_20220703_080000_017.wav;0;0.9144593477249146;0
1258;MER1_20220703_080000_018.wav;0;0.8912976384162903;0
1259;MER1_20220703_080000_019.wav;0;0.9165559411048889;0
1260;MER1_20220705_114500_000.wav;0;0.3399398922920227;0
1261;MER1_20220705_114500_001.wav;0;0.5069006681442261;0
1262;MER1_20220705_114500_002.wav;0;0.400628924369812;0
1263;MER1_20220705_114500_003.wav;0;0.8234906792640686;0
1264;MER1_20220705_114500_004.wav;0;0.3289262652397156;0
1265;MER1_20220705_114500_005.wav;0;0.8666390180587769;0
1266;MER1_20220705_114500_006.wav;0;0.9239048361778259;0
1267;MER1_20220705_114500_007.wav;0;0.8003650307655334;0
1268;MER1_20220705_114500_008.wav;0;0.9425954222679138;0
1269;MER1_20220705_114500_009.wav;0;0.8372068405151367;0
1270;MER1_20220705_114500_010.wav;0;0.8560130000114441;0
1271;MER1_20220705_114500_011.wav;0;0.45023876428604126;0
1272;MER1_20220705_114500_012.wav;0;0.5474872589111328;0
1273;MER1_20220705_114500_013.wav;0;0.6607821583747864;0
1274;MER1_20220705_114500_014.wav;0;0.7838284969329834;0
1275;MER1_20220705_114500_015.wav;0;0.6862951517105103;0
1276;MER1_20220705_114500_016.wav;0;0.3108660876750946;0
1277;MER1_20220705_114500_017.wav;0;0.681676983833313;0
1278;MER1_20220705_114500_018.wav;0;0.8227269649505615;0
1279;MER1_20220705_114500_019.wav;0;0.959347128868103;0
1280;MER1_20220717_131500_000.wav;0;0.7716612815856934;0
1281;MER1_20220717_131500_001.wav;0;0.7763691544532776;0
1282;MER1_20220717_131500_002.wav;0;0.8494691252708435;0
1283;MER1_20220717_131500_003.wav;0;0.4378644526004791;0
1284;MER1_20220717_131500_004.wav;0;0.708003044128418;0
1285;MER1_20220717_131500_005.wav;0;0.9017676711082458;0
1286;MER1_20220717_131500_006.wav;0;0.7222716808319092;0
1287;MER1_20220717_131500_007.wav;0;0.7437483072280884;0
1288;MER1_20220717_131500_008.wav;0;0.6121013760566711;0
1289;MER1_20220717_131500_009.wav;0;0.7220378518104553;0
1290;MER1_20220717_131500_010.wav;0;0.9546509981155396;0
1291;MER1_20220717_131500_011.wav;0;0.9506335258483887;0
1292;MER1_20220717_131500_012.wav;0;0.8819611072540283;0
1293;MER1_20220717_131500_013.wav;0;0.4805227816104889;0
1294;MER1_20220717_131500_014.wav;0;0.4241344630718231;0
1295;MER1_20220717_131500_015.wav;0;0.4001903533935547;0
1296;MER1_20220717_131500_016.wav;0;0.6601748466491699;0
1297;MER1_20220717_131500_017.wav;0;0.6537792086601257;0
1298;MER1_20220717_131500_018.wav;0;0.5933812260627747;0
1299;MER1_20220717_131500_019.wav;0;0.9600719809532166;0
1300;MER1_20220717_233000_000.wav;0;0.2671607434749603;0
1301;MER1_20220717_233000_001.wav;0;0.2348286658525467;0
1302;MER1_20220717_233000_002.wav;0;0.5342475175857544;0
1303;MER1_20220717_233000_003.wav;0;0.37190869450569153;0
1304;MER1_20220717_233000_004.wav;0;0.3206302523612976;0
1305;MER1_20220717_233000_005.wav;0;0.5497856736183167;0
1306;MER1_20220717_233000_006.wav;0;0.5570549964904785;0
1307;MER1_20220717_233000_007.wav;0;0.27527517080307007;0
1308;MER1_20220717_233000_008.wav;0;0.5725879669189453;0
1309;MER1_20220717_233000_009.wav;0;0.46247559785842896;0
1310;MER1_20220717_233000_010.wav;0;0.3596411943435669;0
1311;MER1_20220717_233000_011.wav;0;0.3888358473777771;0
1312;MER1_20220717_233000_012.wav;0;0.36388376355171204;0
1313;MER1_20220717_233000_013.wav;0;0.29650643467903137;0
1314;MER1_20220717_233000_014.wav;0;0.3958316445350647;0
1315;MER1_20220717_233000_015.wav;0;0.5509827733039856;0
1316;MER1_20220717_233000_016.wav;0;0.6651564836502075;0
1317;MER1_20220717_233000_017.wav;0;0.37392276525497437;0
1318;MER1_20220717_233000_018.wav;0;0.595036506652832;0
1319;MER1_20220717_233000_019.wav;0;0.5582572221755981;0
1320;MER1_20220719_040000_000.wav;0;0.9003801941871643;0
1321;MER1_20220719_040000_001.wav;0;0.7620711326599121;0
1322;MER1_20220719_040000_002.wav;0;0.9498311877250671;0
1323;MER1_20220719_040000_003.wav;0;0.8293144702911377;0
1324;MER1_20220719_040000_004.wav;0;0.9029855728149414;0
1325;MER1_20220719_040000_005.wav;0;0.4710811376571655;0
1326;MER1_20220719_040000_006.wav;0;0.9387915730476379;0
1327;MER1_20220719_040000_007.wav;0;0.9091367125511169;0
1328;MER1_20220719_040000_008.wav;0;0.8796998262405396;0
1329;MER1_20220719_040000_009.wav;0;0.8890862464904785;0
1330;MER1_20220719_040000_010.wav;0;0.8361637592315674;0
1331;MER1_20220719_040000_011.wav;0;0.9367576837539673;0
1332;MER1_20220719_040000_012.wav;0;0.8604346513748169;0
1333;MER1_20220719_040000_013.wav;0;0.7793350219726562;0
1334;MER1_20220719_040000_014.wav;0;0.9332365989685059;0
1335;MER1_20220719_040000_015.wav;0;0.8227447271347046;0
1336;MER1_20220719_040000_016.wav;0;0.8213214874267578;0
1337;MER1_20220719_040000_017.wav;0;0.9138501286506653;0
1338;MER1_20220719_040000_018.wav;0;0.9113612174987793;0
1339;MER1_20220719_040000_019.wav;0;0.5732437372207642;0
1340;MER1_20220719_184500_000.wav;0;0.9548607468605042;1
1341;MER1_20220719_184500_001.wav;0;0.9790292978286743;1
1342;MER1_20220719_184500_002.wav;0;0.9438604712486267;1
1343;MER1_20220719_184500_003.wav;0;0.9131075143814087;1
1344;MER1_20220719_184500_004.wav;0;0.9689323902130127;1
1345;MER1_20220719_184500_005.wav;0;0.9272772669792175;1
1346;MER1_20220719_184500_006.wav;0;0.8763071298599243;1
1347;MER1_20220719_184500_007.wav;0;0.901553750038147;1
1348;MER1_20220719_184500_008.wav;0;0.8991323113441467;1
1349;MER1_20220719_184500_009.wav;0;0.9817251563072205;1
1350;MER1_20220719_184500_010.wav;0;0.9671797156333923;1
1351;MER1_20220719_184500_011.wav;0;0.9793848991394043;1
1352;MER1_20220719_184500_012.wav;0;0.9700674414634705;1
1353;MER1_20220719_184500_013.wav;0;0.9776641726493835;1
1354;MER1_20220719_184500_014.wav;0;0.9598644971847534;1
1355;MER1_20220719_184500_015.wav;0;0.9677634239196777;1
1356;MER1_20220719_184500_016.wav;0;0.9820114374160767;1
1357;MER1_20220719_184500_017.wav;0;0.9639864563941956;1
1358;MER1_20220719_184500_018.wav;0;0.9455729722976685;1
1359;MER1_20220719_184500_019.wav;0;0.9268551468849182;1
1360;MER1_20220719_220000_000.wav;0;0.9170127511024475;0
1361;MER1_20220719_220000_001.wav;0;0.8508442640304565;0
1362;MER1_20220719_220000_002.wav;0;0.8732486963272095;0
1363;MER1_20220719_220000_003.wav;0;0.6872149705886841;0
1364;MER1_20220719_220000_004.wav;0;0.9407699108123779;0
1365;MER1_20220719_220000_005.wav;0;0.8844512701034546;0
1366;MER1_20220719_220000_006.wav;0;0.9392802119255066;0
1367;MER1_20220719_220000_007.wav;0;0.8362281918525696;0
1368;MER1_20220719_220000_008.wav;0;0.9222446084022522;0
1369;MER1_20220719_220000_009.wav;0;0.9742238521575928;0
1370;MER1_20220719_220000_010.wav;0;0.5173199772834778;0
1371;MER1_20220719_220000_011.wav;0;0.8006296753883362;0
1372;MER1_20220719_220000_012.wav;0;0.6818729639053345;0
1373;MER1_20220719_220000_013.wav;0;0.20863115787506104;0
1374;MER1_20220719_220000_014.wav;0;0.9059840440750122;0
1375;MER1_20220719_220000_015.wav;0;0.6083628535270691;0
1376;MER1_20220719_220000_016.wav;0;0.9172874093055725;0
1377;MER1_20220719_220000_017.wav;0;0.7865484356880188;0
1378;MER1_20220719_220000_018.wav;0;0.7672535181045532;0
1379;MER1_20220719_220000_019.wav;0;0.7137437462806702;0
1380;MER1_20220723_053000_000.wav;0;0.7759134769439697;0
1381;MER1_20220723_053000_001.wav;0;0.6399613618850708;0
1382;MER1_20220723_053000_002.wav;0;0.8339784145355225;0
1383;MER1_20220723_053000_003.wav;0;0.9252209067344666;0
1384;MER1_20220723_053000_004.wav;0;0.9534136652946472;0
1385;MER1_20220723_053000_005.wav;0;0.973924458026886;0
1386;MER1_20220723_053000_006.wav;0;0.9622305035591125;0
1387;MER1_20220723_053000_007.wav;0;0.8686299920082092;0
1388;MER1_20220723_053000_008.wav;0;0.8188750743865967;0
1389;MER1_20220723_053000_009.wav;0;0.9593580961227417;0
1390;MER1_20220723_053000_010.wav;0;0.9903600215911865;0
1391;MER1_20220723_053000_011.wav;0;0.9810773730278015;0
1392;MER1_20220723_053000_012.wav;0;0.9433116316795349;0
1393;MER1_20220723_053000_013.wav;0;0.9369854927062988;0
1394;MER1_20220723_053000_014.wav;0;0.9927483201026917;0
1395;MER1_20220723_053000_015.wav;0;0.9863007068634033;0
1396;MER1_20220723_053000_016.wav;0;0.985314130783081;0
1397;MER1_20220723_053000_017.wav;0;0.964410662651062;0
1398;MER1_20220723_053000_018.wav;0;0.9674763083457947;0
1399;MER1_20220723_053000_019.wav;0;0.940298855304718;0
1400;MER1_20220725_023000_000.wav;0;0.9361840486526489;0
1401;MER1_20220725_023000_001.wav;0;0.6516700387001038;0
1402;MER1_20220725_023000_002.wav;0;0.8680918216705322;0
1403;MER1_20220725_023000_003.wav;0;0.953830897808075;0
1404;MER1_20220725_023000_004.wav;0;0.7453758120536804;0
1405;MER1_20220725_023000_005.wav;0;0.8300749659538269;0
1406;MER1_20220725_023000_006.wav;0;0.8308161497116089;0
1407;MER1_20220725_023000_007.wav;0;0.910610556602478;0
1408;MER1_20220725_023000_008.wav;0;0.7295358777046204;0
1409;MER1_20220725_023000_009.wav;0;0.8410323262214661;0
1410;MER1_20220725_023000_010.wav;0;0.6893715262413025;0
1411;MER1_20220725_023000_011.wav;0;0.7103354334831238;0
1412;MER1_20220725_023000_012.wav;0;0.9243060350418091;0
1413;MER1_20220725_023000_013.wav;0;0.8090811371803284;0
1414;MER1_20220725_023000_014.wav;0;0.8947473168373108;0
1415;MER1_20220725_023000_015.wav;0;0.41854310035705566;0
1416;MER1_20220725_023000_016.wav;0;0.92453932762146;0
1417;MER1_20220725_023000_017.wav;0;0.8399918675422668;0
1418;MER1_20220725_023000_018.wav;0;0.9262253642082214;0
1419;MER1_20220725_023000_019.wav;0;0.9197896122932434;0
1420;MER1_20220725_130000_000.wav;0;0.9429824948310852;0
1421;MER1_20220725_130000_001.wav;0;0.8614944815635681;0
1422;MER1_20220725_130000_002.wav;0;0.9293325543403625;0
1423;MER1_20220725_130000_003.wav;0;0.9598633646965027;0
1424;MER1_20220725_130000_004.wav;0;0.6525595188140869;0
1425;MER1_20220725_130000_005.wav;0;0.894227921962738;0
1426;MER1_20220725_130000_006.wav;0;0.7051230669021606;0
1427;MER1_20220725_130000_007.wav;0;0.9591277241706848;0
1428;MER1_20220725_130000_008.wav;0;0.9746168255805969;0
1429;MER1_20220725_130000_009.wav;0;0.9450289607048035;0
1430;MER1_20220725_130000_010.wav;0;0.9527454972267151;0
1431;MER1_20220725_130000_011.wav;0;0.9068986177444458;0
1432;MER1_20220725_130000_012.wav;0;0.8904411196708679;0
1433;MER1_20220725_130000_013.wav;0;0.8805604577064514;0
1434;MER1_20220725_130000_014.wav;0;0.7071259617805481;0
1435;MER1_20220725_130000_015.wav;0;0.950874924659729;1
1436;MER1_20220725_130000_016.wav;0;0.9555138349533081;1
1437;MER1_20220725_130000_017.wav;0;0.9750108122825623;1
1438;MER1_20220725_130000_018.wav;0;0.9527640342712402;0
1439;MER1_20220725_130000_019.wav;0;0.8230928778648376;0
1440;MER1_20220802_074500_000.wav;0;0.9696818590164185;0
1441;MER1_20220802_074500_001.wav;0;0.9389145374298096;1
1442;MER1_20220802_074500_002.wav;0;0.9743422269821167;1
1443;MER1_20220802_074500_003.wav;0;0.8811642527580261;1
1444;MER1_20220802_074500_004.wav;0;0.9339135885238647;1
1445;MER1_20220802_074500_005.wav;0;0.7861939668655396;1
1446;MER1_20220802_074500_006.wav;0;0.990236222743988;1
1447;MER1_20220802_074500_007.wav;0;0.9623013734817505;1
1448;MER1_20220802_074500_008.wav;0;0.9744619727134705;1
1449;MER1_20220802_074500_009.wav;0;0.9500842094421387;1
1450;MER1_20220802_074500_010.wav;0;0.9655570387840271;0
1451;MER1_20220802_074500_011.wav;0;0.6430349349975586;0
1452;MER1_20220802_074500_012.wav;0;0.8770299553871155;0
1453;MER1_20220802_074500_013.wav;0;0.9552119374275208;0
1454;MER1_20220802_074500_014.wav;0;0.9334492683410645;0
1455;MER1_20220802_074500_015.wav;0;0.6972887516021729;0
1456;MER1_20220802_074500_016.wav;0;0.7891620397567749;0
1457;MER1_20220802_074500_017.wav;0;0.834320604801178;0
1458;MER1_20220802_074500_018.wav;0;0.9377256631851196;0
1459;MER1_20220802_074500_019.wav;0;0.9412992000579834;0
1460;MER1_20220802_223000_000.wav;0;0.6324532628059387;0
1461;MER1_20220802_223000_001.wav;0;0.5753085017204285;0
1462;MER1_20220802_223000_002.wav;0;0.7049726247787476;0
1463;MER1_20220802_223000_003.wav;0;0.6069056987762451;0
1464;MER1_20220802_223000_004.wav;0;0.27811700105667114;0
1465;MER1_20220802_223000_005.wav;0;0.5696826577186584;0
1466;MER1_20220802_223000_006.wav;0;0.8534693121910095;0
1467;MER1_20220802_223000_007.wav;0;0.7947570085525513;0
1468;MER1_20220802_223000_008.wav;0;0.7081871032714844;0
1469;MER1_20220802_223000_009.wav;0;0.7115203142166138;0
1470;MER1_20220802_223000_010.wav;0;0.8548129200935364;0
1471;MER1_20220802_223000_011.wav;0;0.6690459847450256;0
1472;MER1_20220802_223000_012.wav;0;0.856898844242096;0
1473;MER1_20220802_223000_013.wav;0;0.7031731009483337;0
1474;MER1_20220802_223000_014.wav;0;0.7080426812171936;0
1475;MER1_20220802_223000_015.wav;0;0.7439530491828918;0
1476;MER1_20220802_223000_016.wav;0;0.7933303117752075;0
1477;MER1_20220802_223000_017.wav;0;0.7814329862594604;0
1478;MER1_20220802_223000_018.wav;0;0.7504193782806396;0
1479;MER1_20220802_223000_019.wav;0;0.7022096514701843;0
1480;MER1_20220804_010000_000.wav;0;0.8297548890113831;0
1481;MER1_20220804_010000_001.wav;0;0.9365702867507935;0
1482;MER1_20220804_010000_002.wav;0;0.749679684638977;0
1483;MER1_20220804_010000_003.wav;0;0.9086801409721375;0
1484;MER1_20220804_010000_004.wav;0;0.9154224395751953;0
1485;MER1_20220804_010000_005.wav;0;0.7833667993545532;0
1486;MER1_20220804_010000_006.wav;0;0.8854052424430847;0
1487;MER1_20220804_010000_007.wav;0;0.5581557750701904;0
1488;MER1_20220804_010000_008.wav;0;0.777216374874115;0
1489;MER1_20220804_010000_009.wav;0;0.5979358553886414;0
1490;MER1_20220804_010000_010.wav;0;0.5863533020019531;0
1491;MER1_20220804_010000_011.wav;0;0.9353272914886475;0
1492;MER1_20220804_010000_012.wav;0;0.9376043081283569;0
1493;MER1_20220804_010000_013.wav;0;0.8724400401115417;0
1494;MER1_20220804_010000_014.wav;0;0.8487034440040588;0
1495;MER1_20220804_010000_015.wav;0;0.6640321612358093;0
1496;MER1_20220804_010000_016.wav;0;0.8259457349777222;0
1497;MER1_20220804_010000_017.wav;0;0.8264594674110413;0
1498;MER1_20220804_010000_018.wav;0;0.5934425592422485;0
1499;MER1_20220804_010000_019.wav;0;0.7321192622184753;0
1500;MER1_20220808_231500_000.wav;0;0.40851476788520813;0
1501;MER1_20220808_231500_001.wav;0;0.5489080548286438;0
1502;MER1_20220808_231500_002.wav;0;0.6525027751922607;0
1503;MER1_20220808_231500_003.wav;0;0.6254608035087585;0
1504;MER1_20220808_231500_004.wav;0;0.6280383467674255;0
1505;MER1_20220808_231500_005.wav;0;0.8085914850234985;0
1506;MER1_20220808_231500_006.wav;0;0.8422409892082214;0
1507;MER1_20220808_231500_007.wav;0;0.602950394153595;0
1508;MER1_20220808_231500_008.wav;0;0.8955426216125488;0
1509;MER1_20220808_231500_009.wav;0;0.5840385556221008;0
1510;MER1_20220808_231500_010.wav;0;0.8528233766555786;0
1511;MER1_20220808_231500_011.wav;0;0.6719329357147217;0
1512;MER1_20220808_231500_012.wav;0;0.8270514011383057;0
1513;MER1_20220808_231500_013.wav;0;0.7701859474182129;0
1514;MER1_20220808_231500_014.wav;0;0.8095250129699707;0
1515;MER1_20220808_231500_015.wav;0;0.541298508644104;0
1516;MER1_20220808_231500_016.wav;0;0.8758552670478821;0
1517;MER1_20220808_231500_017.wav;0;0.6786717176437378;0
1518;MER1_20220808_231500_018.wav;0;0.37592586874961853;0
1519;MER1_20220808_231500_019.wav;0;0.48130249977111816;0
1520;MER1_20220810_170000_000.wav;0;0.8424285054206848;0
1521;MER1_20220810_170000_001.wav;0;0.9751151204109192;0
1522;MER1_20220810_170000_002.wav;0;0.9125654101371765;0
1523;MER1_20220810_170000_003.wav;0;0.7726154923439026;0
1524;MER1_20220810_170000_004.wav;0;0.9167464971542358;0
1525;MER1_20220810_170000_005.wav;0;0.8132086396217346;0
1526;MER1_20220810_170000_006.wav;0;0.9728873372077942;0
1527;MER1_20220810_170000_007.wav;0;0.9529392719268799;0
1528;MER1_20220810_170000_008.wav;0;0.9790028929710388;0
1529;MER1_20220810_170000_009.wav;0;0.8924827575683594;0
1530;MER1_20220810_170000_010.wav;0;0.9413451552391052;0
1531;MER1_20220810_170000_011.wav;0;0.7150668501853943;0
1532;MER1_20220810_170000_012.wav;0;0.9028148651123047;0
1533;MER1_20220810_170000_013.wav;0;0.9735257029533386;0
1534;MER1_20220810_170000_014.wav;0;0.9160479307174683;0
1535;MER1_20220810_170000_015.wav;0;0.9738941192626953;0
1536;MER1_20220810_170000_016.wav;0;0.9134313464164734;0
1537;MER1_20220810_170000_017.wav;0;0.8958510160446167;0
1538;MER1_20220810_170000_018.wav;0;0.36488428711891174;0
1539;MER1_20220810_170000_019.wav;0;0.9519752860069275;0
1540;MER1_20220812_101500_000.wav;0;0.6378535032272339;0
1541;MER1_20220812_101500_001.wav;0;0.13969624042510986;0
1542;MER1_20220812_101500_002.wav;0;0.6015799045562744;0
1543;MER1_20220812_101500_003.wav;0;0.6905828714370728;0
1544;MER1_20220812_101500_004.wav;0;0.7978258728981018;0
1545;MER1_20220812_101500_005.wav;0;0.8340989351272583;0
1546;MER1_20220812_101500_006.wav;0;0.5656452775001526;0
1547;MER1_20220812_101500_007.wav;0;0.7664520740509033;0
1548;MER1_20220812_101500_008.wav;0;0.7018351554870605;0
1549;MER1_20220812_101500_009.wav;0;0.5526372194290161;0
1550;MER1_20220812_101500_010.wav;0;0.5825927257537842;0
1551;MER1_20220812_101500_011.wav;0;0.8384039402008057;0
1552;MER1_20220812_101500_012.wav;0;0.9190995693206787;0
1553;MER1_20220812_101500_013.wav;0;0.5011450052261353;0
1554;MER1_20220812_101500_014.wav;0;0.34515273571014404;0
1555;MER1_20220812_101500_015.wav;0;0.8599126935005188;0
1556;MER1_20220812_101500_016.wav;0;0.8289135098457336;0
1557;MER1_20220812_101500_017.wav;0;0.7439030408859253;0
1558;MER1_20220812_101500_018.wav;0;0.29637038707733154;0
1559;MER1_20220812_101500_019.wav;0;0.8163388967514038;0
1560;MER1_20220816_231500_000.wav;0;0.7692365646362305;0
1561;MER1_20220816_231500_001.wav;0;0.7240287661552429;0
1562;MER1_20220816_231500_002.wav;0;0.3873009979724884;0
1563;MER1_20220816_231500_003.wav;0;0.47052013874053955;0
1564;MER1_20220816_231500_004.wav;0;0.5602838397026062;0
1565;MER1_20220816_231500_005.wav;0;0.34319373965263367;0
1566;MER1_20220816_231500_006.wav;0;0.4767906963825226;0
1567;MER1_20220816_231500_007.wav;0;0.31423041224479675;0
1568;MER1_20220816_231500_008.wav;0;0.5283582806587219;0
1569;MER1_20220816_231500_009.wav;0;0.643780529499054;0
1570;MER1_20220816_231500_010.wav;0;0.4916318356990814;0
1571;MER1_20220816_231500_011.wav;0;0.34882691502571106;0
1572;MER1_20220816_231500_012.wav;0;0.5595734715461731;0
1573;MER1_20220816_231500_013.wav;0;0.34101036190986633;0
1574;MER1_20220816_231500_014.wav;0;0.2092665731906891;0
1575;MER1_20220816_231500_015.wav;0;0.31932133436203003;0
1576;MER1_20220816_231500_016.wav;0;0.9097476005554199;0
1577;MER1_20220816_231500_017.wav;0;0.19030995666980743;0
1578;MER1_20220816_231500_018.wav;0;0.7319073677062988;0
1579;MER1_20220816_231500_019.wav;0;0.5762673616409302;0
1580;MER1_20220820_151500_000.wav;0;0.1156521588563919;0
1581;MER1_20220820_151500_001.wav;0;0.21768058836460114;0
1582;MER1_20220820_151500_002.wav;0;0.7353144288063049;0
1583;MER1_20220820_151500_003.wav;0;0.561007022857666;0
1584;MER1_20220820_151500_004.wav;0;0.6771305799484253;0
1585;MER1_20220820_151500_005.wav;0;0.4128188192844391;0
1586;MER1_20220820_151500_006.wav;0;0.6952394843101501;0
1587;MER1_20220820_151500_007.wav;0;0.7129800319671631;0
1588;MER1_20220820_151500_008.wav;0;0.6860275864601135;0
1589;MER1_20220820_151500_009.wav;0;0.44016751646995544;0
1590;MER1_20220820_151500_010.wav;0;0.2574600279331207;0
1591;MER1_20220820_151500_011.wav;0;0.3479130268096924;0
1592;MER1_20220820_151500_012.wav;0;0.7881376147270203;0
1593;MER1_20220820_151500_013.wav;0;0.8963054418563843;0
1594;MER1_20220820_151500_014.wav;0;0.6599803566932678;0
1595;MER1_20220820_151500_015.wav;0;0.7830114960670471;0
1596;MER1_20220820_151500_016.wav;0;0.30289018154144287;0
1597;MER1_20220820_151500_017.wav;0;0.6035628318786621;0
1598;MER1_20220820_151500_018.wav;0;0.6586488485336304;0
1599;MER1_20220820_151500_019.wav;0;0.5247936844825745;0
1600;MER1_20220822_163000_000.wav;0;0.7743183970451355;0
1601;MER1_20220822_163000_001.wav;0;0.6255086660385132;0
1602;MER1_20220822_163000_002.wav;0;0.6930596232414246;0
1603;MER1_20220822_163000_003.wav;0;0.7568223476409912;0
1604;MER1_20220822_163000_004.wav;0;0.6189671754837036;0
1605;MER1_20220822_163000_005.wav;0;0.38732197880744934;0
1606;MER1_20220822_163000_006.wav;0;0.601833164691925;0
1607;MER1_20220822_163000_007.wav;0;0.06898939609527588;0
1608;MER1_20220822_163000_008.wav;0;0.22839632630348206;0
1609;MER1_20220822_163000_009.wav;0;0.8057593703269958;0
1610;MER1_20220822_163000_010.wav;0;0.7054216861724854;0
1611;MER1_20220822_163000_011.wav;0;0.380966454744339;0
1612;MER1_20220822_163000_012.wav;0;0.5474092960357666;0
1613;MER1_20220822_163000_013.wav;0;0.3770312964916229;0
1614;MER1_20220822_163000_014.wav;0;0.3391720950603485;0
1615;MER1_20220822_163000_015.wav;0;0.7357162237167358;0
1616;MER1_20220822_163000_016.wav;0;0.8332159519195557;0
1617;MER1_20220822_163000_017.wav;0;0.28820809721946716;0
1618;MER1_20220822_163000_018.wav;0;0.5633537769317627;0
1619;MER1_20220822_163000_019.wav;0;0.7945749759674072;0
1620;MER1_20220824_073000_000.wav;0;0.5716825723648071;0
1621;MER1_20220824_073000_001.wav;0;0.7736729979515076;0
1622;MER1_20220824_073000_002.wav;0;0.6499635577201843;0
1623;MER1_20220824_073000_003.wav;0;0.6860138773918152;0
1624;MER1_20220824_073000_004.wav;0;0.799871027469635;0
1625;MER1_20220824_073000_005.wav;0;0.48905888199806213;0
1626;MER1_20220824_073000_006.wav;0;0.6848495006561279;0
1627;MER1_20220824_073000_007.wav;0;0.7652856707572937;0
1628;MER1_20220824_073000_008.wav;0;0.22781269252300262;0
1629;MER1_20220824_073000_009.wav;0;0.6680057048797607;0
1630;MER1_20220824_073000_010.wav;0;0.7049828767776489;0
1631;MER1_20220824_073000_011.wav;0;0.7317579984664917;0
1632;MER1_20220824_073000_012.wav;0;0.6948634386062622;0
1633;MER1_20220824_073000_013.wav;0;0.36451980471611023;0
1634;MER1_20220824_073000_014.wav;0;0.8712117671966553;0
1635;MER1_20220824_073000_015.wav;0;0.5449373126029968;0
1636;MER1_20220824_073000_016.wav;0;0.14149318635463715;0
1637;MER1_20220824_073000_017.wav;0;0.8145759105682373;0
1638;MER1_20220824_073000_018.wav;0;0.4009605944156647;0
1639;MER1_20220824_073000_019.wav;0;0.31632259488105774;0
1640;MER1_20220830_014500_000.wav;0;0.7722165584564209;0
1641;MER1_20220830_014500_001.wav;0;0.8441478610038757;0
1642;MER1_20220830_014500_002.wav;0;0.8287104368209839;0
1643;MER1_20220830_014500_003.wav;0;0.4859398305416107;0
1644;MER1_20220830_014500_004.wav;0;0.17938938736915588;0
1645;MER1_20220830_014500_005.wav;0;0.1729360967874527;0
1646;MER1_20220830_014500_006.wav;0;0.37689077854156494;0
1647;MER1_20220830_014500_007.wav;0;0.8460339903831482;0
1648;MER1_20220830_014500_008.wav;0;0.5573151707649231;0
1649;MER1_20220830_014500_009.wav;0;0.3403351902961731;0
1650;MER1_20220830_014500_010.wav;0;0.763163685798645;0
1651;MER1_20220830_014500_011.wav;0;0.43645021319389343;0
1652;MER1_20220830_014500_012.wav;0;0.6117216348648071;0
1653;MER1_20220830_014500_013.wav;0;0.6203568577766418;0
1654;MER1_20220830_014500_014.wav;0;0.6684554815292358;0
1655;MER1_20220830_014500_015.wav;0;0.5637486577033997;0
1656;MER1_20220830_014500_016.wav;0;0.801615834236145;0
1657;MER1_20220830_014500_017.wav;0;0.5008382201194763;0
1658;MER1_20220830_014500_018.wav;0;0.7200162410736084;0
1659;MER1_20220830_014500_019.wav;0;0.6214345097541809;0
1660;MER1_20220830_021500_000.wav;0;0.5489077568054199;0
1661;MER1_20220830_021500_001.wav;0;0.3007969260215759;0
1662;MER1_20220830_021500_002.wav;0;0.7256706357002258;0
1663;MER1_20220830_021500_003.wav;0;0.5238755345344543;0
1664;MER1_20220830_021500_004.wav;0;0.8511807322502136;0
1665;MER1_20220830_021500_005.wav;0;0.718346893787384;0
1666;MER1_20220830_021500_006.wav;0;0.49577757716178894;0
1667;MER1_20220830_021500_007.wav;0;0.6724827885627747;0
1668;MER1_20220830_021500_008.wav;0;0.4786888062953949;0
1669;MER1_20220830_021500_009.wav;0;0.8245886564254761;0
1670;MER1_20220830_021500_010.wav;0;0.5837494730949402;0
1671;MER1_20220830_021500_011.wav;0;0.23344068229198456;0
1672;MER1_20220830_021500_012.wav;0;0.5288185477256775;0
1673;MER1_20220830_021500_013.wav;0;0.5635350346565247;0
1674;MER1_20220830_021500_014.wav;0;0.20141303539276123;0
1675;MER1_20220830_021500_015.wav;0;0.7256563901901245;0
1676;MER1_20220830_021500_016.wav;0;0.57803875207901;0
1677;MER1_20220830_021500_017.wav;0;0.5995889902114868;0
1678;MER1_20220830_021500_018.wav;0;0.639868438243866;0
1679;MER1_20220830_021500_019.wav;0;0.8472545742988586;0
1680;MER1_20220901_001500_000.wav;0;0.20779801905155182;0
1681;MER1_20220901_001500_001.wav;0;0.5427799224853516;0
1682;MER1_20220901_001500_002.wav;0;0.6070491075515747;0
1683;MER1_20220901_001500_003.wav;0;0.6340905427932739;0
1684;MER1_20220901_001500_004.wav;0;0.5394922494888306;0
1685;MER1_20220901_001500_005.wav;0;0.6022322177886963;0
1686;MER1_20220901_001500_006.wav;0;0.6102480292320251;0
1687;MER1_20220901_001500_007.wav;0;0.853726327419281;0
1688;MER1_20220901_001500_008.wav;0;0.6170981526374817;0
1689;MER1_20220901_001500_009.wav;0;0.5904125571250916;0
1690;MER1_20220901_001500_010.wav;0;0.8442582488059998;0
1691;MER1_20220901_001500_011.wav;0;0.880786120891571;0
1692;MER1_20220901_001500_012.wav;0;0.3788561224937439;0
1693;MER1_20220901_001500_013.wav;0;0.6629142165184021;0
1694;MER1_20220901_001500_014.wav;0;0.832139253616333;0
1695;MER1_20220901_001500_015.wav;0;0.43121135234832764;0
1696;MER1_20220901_001500_016.wav;0;0.6672847270965576;0
1697;MER1_20220901_001500_017.wav;0;0.495169073343277;0
1698;MER1_20220901_001500_018.wav;0;0.4138253927230835;0
1699;MER1_20220901_001500_019.wav;0;0.5825855731964111;0
1700;MER1_20220901_130000_000.wav;0;0.7865551710128784;0
1701;MER1_20220901_130000_001.wav;0;0.20931211113929749;0
1702;MER1_20220901_130000_002.wav;0;0.8427165746688843;0
1703;MER1_20220901_130000_003.wav;0;0.3071792721748352;0
1704;MER1_20220901_130000_004.wav;0;0.45284536480903625;0
1705;MER1_20220901_130000_005.wav;0;0.8207067847251892;0
1706;MER1_20220901_130000_006.wav;0;0.7593199610710144;0
1707;MER1_20220901_130000_007.wav;0;0.27166837453842163;0
1708;MER1_20220901_130000_008.wav;0;0.892419159412384;0
1709;MER1_20220901_130000_009.wav;0;0.8014345765113831;0
1710;MER1_20220901_130000_010.wav;0;0.8212022185325623;0
1711;MER1_20220901_130000_011.wav;0;0.6070896983146667;0
1712;MER1_20220901_130000_012.wav;0;0.42984578013420105;0
1713;MER1_20220901_130000_013.wav;0;0.8904415965080261;0
1714;MER1_20220901_130000_014.wav;0;0.8339219689369202;0
1715;MER1_20220901_130000_015.wav;0;0.7464073896408081;0
1716;MER1_20220901_130000_016.wav;0;0.8945625424385071;0
1717;MER1_20220901_130000_017.wav;0;0.2818213701248169;0
1718;MER1_20220901_130000_018.wav;0;0.18496786057949066;0
1719;MER1_20220901_130000_019.wav;0;0.8147412538528442;0
1720;MER1_20220901_140000_000.wav;0;0.44450342655181885;0
1721;MER1_20220901_140000_001.wav;0;0.8091601729393005;0
1722;MER1_20220901_140000_002.wav;0;0.40635839104652405;0
1723;MER1_20220901_140000_003.wav;0;0.7836296558380127;0
1724;MER1_20220901_140000_004.wav;0;0.6891338229179382;0
1725;MER1_20220901_140000_005.wav;0;0.528722882270813;0
1726;MER1_20220901_140000_006.wav;0;0.569567084312439;0
1727;MER1_20220901_140000_007.wav;0;0.8474326729774475;0
1728;MER1_20220901_140000_008.wav;0;0.8393807411193848;0
1729;MER1_20220901_140000_009.wav;0;0.5284596085548401;0
1730;MER1_20220901_140000_010.wav;0;0.6507502198219299;0
1731;MER1_20220901_140000_011.wav;0;0.15370355546474457;0
1732;MER1_20220901_140000_012.wav;0;0.7235114574432373;0
1733;MER1_20220901_140000_013.wav;0;0.48185843229293823;0
1734;MER1_20220901_140000_014.wav;0;0.5940030217170715;0
1735;MER1_20220901_140000_015.wav;0;0.9484348893165588;0
1736;MER1_20220901_140000_016.wav;0;0.9025499820709229;0
1737;MER1_20220901_140000_017.wav;0;0.7981093525886536;0
1738;MER1_20220901_140000_018.wav;0;0.6502794623374939;0
1739;MER1_20220901_140000_019.wav;0;0.7865975499153137;0
1740;MER1_20220901_150000_000.wav;0;0.8785496354103088;0
1741;MER1_20220901_150000_001.wav;0;0.25965771079063416;0
1742;MER1_20220901_150000_002.wav;0;0.725744903087616;0
1743;MER1_20220901_150000_003.wav;0;0.5488187670707703;0
1744;MER1_20220901_150000_004.wav;0;0.4253428280353546;0
1745;MER1_20220901_150000_005.wav;0;0.7892887592315674;0
1746;MER1_20220901_150000_006.wav;0;0.20781093835830688;0
1747;MER1_20220901_150000_007.wav;0;0.5032139420509338;0
1748;MER1_20220901_150000_008.wav;0;0.7890040874481201;0
1749;MER1_20220901_150000_009.wav;0;0.4638241231441498;0
1750;MER1_20220901_150000_010.wav;0;0.8585473895072937;0
1751;MER1_20220901_150000_011.wav;0;0.6935295462608337;0
1752;MER1_20220901_150000_012.wav;0;0.5286670327186584;0
1753;MER1_20220901_150000_013.wav;0;0.5491009950637817;0
1754;MER1_20220901_150000_014.wav;0;0.4209479093551636;0
1755;MER1_20220901_150000_015.wav;0;0.9288455843925476;0
1756;MER1_20220901_150000_016.wav;0;0.8898494243621826;0
1757;MER1_20220901_150000_017.wav;0;0.1851421296596527;0
1758;MER1_20220901_150000_018.wav;0;0.847894549369812;0
1759;MER1_20220901_150000_019.wav;0;0.6541556119918823;0
1760;MER1_20220901_230000_000.wav;0;0.8404984474182129;0
1761;MER1_20220901_230000_001.wav;0;0.8075400590896606;0
1762;MER1_20220901_230000_002.wav;0;0.36206185817718506;0
1763;MER1_20220901_230000_003.wav;0;0.8695770502090454;0
1764;MER1_20220901_230000_004.wav;0;0.5929704904556274;0
1765;MER1_20220901_230000_005.wav;0;0.7992995381355286;0
1766;MER1_20220901_230000_006.wav;0;0.8618984222412109;0
1767;MER1_20220901_230000_007.wav;0;0.8707440495491028;0
1768;MER1_20220901_230000_008.wav;0;0.495337575674057;0
1769;MER1_20220901_230000_009.wav;0;0.7128464579582214;0
1770;MER1_20220901_230000_010.wav;0;0.7666721343994141;0
1771;MER1_20220901_230000_011.wav;0;0.7402669787406921;0
1772;MER1_20220901_230000_012.wav;0;0.36309680342674255;0
1773;MER1_20220901_230000_013.wav;0;0.2330467253923416;0
1774;MER1_20220901_230000_014.wav;0;0.45247316360473633;0
1775;MER1_20220901_230000_015.wav;0;0.47205713391304016;0
1776;MER1_20220901_230000_016.wav;0;0.8184533715248108;0
1777;MER1_20220901_230000_017.wav;0;0.8568987846374512;0
1778;MER1_20220901_230000_018.wav;0;0.5453920960426331;0
1779;MER1_20220901_230000_019.wav;0;0.5564912557601929;0
1780;MER1_20220903_050000_000.wav;0;0.898078978061676;0
1781;MER1_20220903_050000_001.wav;0;0.7710695862770081;0
1782;MER1_20220903_050000_002.wav;0;0.7948627471923828;0
1783;MER1_20220903_050000_003.wav;0;0.7015050649642944;0
1784;MER1_20220903_050000_004.wav;0;0.8701289892196655;0
1785;MER1_20220903_050000_005.wav;0;0.4286836087703705;0
1786;MER1_20220903_050000_006.wav;0;0.4021625816822052;0
1787;MER1_20220903_050000_007.wav;0;0.5113386511802673;0
1788;MER1_20220903_050000_008.wav;0;0.6759264469146729;0
1789;MER1_20220903_050000_009.wav;0;0.3683476448059082;0
1790;MER1_20220903_050000_010.wav;0;0.7518463730812073;0
1791;MER1_20220903_050000_011.wav;0;0.8397324681282043;0
1792;MER1_20220903_050000_012.wav;0;0.7532110810279846;0
1793;MER1_20220903_050000_013.wav;0;0.4988083839416504;0
1794;MER1_20220903_050000_014.wav;0;0.7271186113357544;0
1795;MER1_20220903_050000_015.wav;0;0.9166080355644226;0
1796;MER1_20220903_050000_016.wav;0;0.5941299200057983;0
1797;MER1_20220903_050000_017.wav;0;0.5649908781051636;0
1798;MER1_20220903_050000_018.wav;0;0.8798494935035706;0
1799;MER1_20220903_050000_019.wav;0;0.8347904682159424;0
1800;MER1_20220903_074500_000.wav;0;0.7391998171806335;0
1801;MER1_20220903_074500_001.wav;0;0.492931991815567;0
1802;MER1_20220903_074500_002.wav;0;0.47183656692504883;0
1803;MER1_20220903_074500_003.wav;0;0.8386403322219849;0
1804;MER1_20220903_074500_004.wav;0;0.8559150695800781;0
1805;MER1_20220903_074500_005.wav;0;0.7530544400215149;0
1806;MER1_20220903_074500_006.wav;0;0.5778453946113586;0
1807;MER1_20220903_074500_007.wav;0;0.9461441040039062;0
1808;MER1_20220903_074500_008.wav;0;0.5046698451042175;0
1809;MER1_20220903_074500_009.wav;0;0.7735795378684998;0
1810;MER1_20220903_074500_010.wav;0;0.7385140061378479;0
1811;MER1_20220903_074500_011.wav;0;0.8335520029067993;0
1812;MER1_20220903_074500_012.wav;0;0.432062566280365;0
1813;MER1_20220903_074500_013.wav;0;0.8603384494781494;0
1814;MER1_20220903_074500_014.wav;0;0.8494744896888733;0
1815;MER1_20220903_074500_015.wav;0;0.46580466628074646;0
1816;MER1_20220903_074500_016.wav;0;0.7327213883399963;0
1817;MER1_20220903_074500_017.wav;0;0.7315691113471985;0
1818;MER1_20220903_074500_018.wav;0;0.792293906211853;0
1819;MER1_20220903_074500_019.wav;0;0.6396402716636658;0
1820;MER1_20220903_080000_000.wav;0;0.8873621225357056;0
1821;MER1_20220903_080000_001.wav;0;0.7180644273757935;0
1822;MER1_20220903_080000_002.wav;0;0.9530994892120361;0
1823;MER1_20220903_080000_003.wav;0;0.9253955483436584;0
1824;MER1_20220903_080000_004.wav;0;0.9442179799079895;0
1825;MER1_20220903_080000_005.wav;0;0.8884122371673584;0
1826;MER1_20220903_080000_006.wav;0;0.9512698650360107;0
1827;MER1_20220903_080000_007.wav;0;0.5812897086143494;0
1828;MER1_20220903_080000_008.wav;0;0.7513584494590759;0
1829;MER1_20220903_080000_009.wav;0;0.6252437233924866;0
1830;MER1_20220903_080000_010.wav;0;0.27852118015289307;0
1831;MER1_20220903_080000_011.wav;0;0.8149231672286987;0
1832;MER1_20220903_080000_012.wav;0;0.2835606634616852;0
1833;MER1_20220903_080000_013.wav;0;0.6756992340087891;0
1834;MER1_20220903_080000_014.wav;0;0.9912870526313782;0
1835;MER1_20220903_080000_015.wav;0;0.9327593445777893;0
1836;MER1_20220903_080000_016.wav;0;0.9182883501052856;0
1837;MER1_20220903_080000_017.wav;0;0.4822744131088257;0
1838;MER1_20220903_080000_018.wav;0;0.7986702919006348;0
1839;MER1_20220903_080000_019.wav;0;0.8517162799835205;0
1840;MER1_20220903_113000_000.wav;0;0.7689740061759949;0
1841;MER1_20220903_113000_001.wav;0;0.8102837800979614;0
1842;MER1_20220903_113000_002.wav;0;0.8343307971954346;0
1843;MER1_20220903_113000_003.wav;0;0.7952229380607605;0
1844;MER1_20220903_113000_004.wav;0;0.39053818583488464;0
1845;MER1_20220903_113000_005.wav;0;0.7145012021064758;0
1846;MER1_20220903_113000_006.wav;0;0.8453294038772583;0
1847;MER1_20220903_113000_007.wav;0;0.9114968180656433;0
1848;MER1_20220903_113000_008.wav;0;0.8725128173828125;0
1849;MER1_20220903_113000_009.wav;0;0.26837557554244995;0
1850;MER1_20220903_113000_010.wav;0;0.40884092450141907;0
1851;MER1_20220903_113000_011.wav;0;0.7750140428543091;0
1852;MER1_20220903_113000_012.wav;0;0.75270676612854;0
1853;MER1_20220903_113000_013.wav;0;0.5051676630973816;0
1854;MER1_20220903_113000_014.wav;0;0.90580815076828;0
1855;MER1_20220903_113000_015.wav;0;0.9012906551361084;0
1856;MER1_20220903_113000_016.wav;0;0.5415157675743103;0
1857;MER1_20220903_113000_017.wav;0;0.8230493068695068;0
1858;MER1_20220903_113000_018.wav;0;0.7332828640937805;0
1859;MER1_20220903_113000_019.wav;0;0.5740037560462952;0
1860;MER1_20220903_184500_000.wav;0;0.7943201065063477;1
1861;MER1_20220903_184500_001.wav;0;0.5262468457221985;1
1862;MER1_20220903_184500_002.wav;0;0.8437187075614929;1
1863;MER1_20220903_184500_003.wav;0;0.959102988243103;1
1864;MER1_20220903_184500_004.wav;0;0.9357978701591492;1
1865;MER1_20220903_184500_005.wav;0;0.9546924829483032;1
1866;MER1_20220903_184500_006.wav;0;0.8747206926345825;1
1867;MER1_20220903_184500_007.wav;0;0.9736106395721436;1
1868;MER1_20220903_184500_008.wav;0;0.7982611060142517;1
1869;MER1_20220903_184500_009.wav;0;0.8564426302909851;1
1870;MER1_20220903_184500_010.wav;0;0.774391770362854;1
1871;MER1_20220903_184500_011.wav;0;0.6110736131668091;1
1872;MER1_20220903_184500_012.wav;0;0.9512946009635925;1
1873;MER1_20220903_184500_013.wav;0;0.9220426082611084;1
1874;MER1_20220903_184500_014.wav;0;0.9475334882736206;1
1875;MER1_20220903_184500_015.wav;0;0.9555312395095825;1
1876;MER1_20220903_184500_016.wav;0;0.5755448937416077;1
1877;MER1_20220903_184500_017.wav;0;0.9133991003036499;1
1878;MER1_20220903_184500_018.wav;0;0.9289661645889282;1
1879;MER1_20220903_184500_019.wav;0;0.9279562830924988;1
1880;MER1_20220903_230000_000.wav;0;0.7164825201034546;0
1881;MER1_20220903_230000_001.wav;0;0.34747225046157837;0
1882;MER1_20220903_230000_002.wav;0;0.6188297271728516;0
1883;MER1_20220903_230000_003.wav;0;0.3138422667980194;0
1884;MER1_20220903_230000_004.wav;0;0.5480633974075317;0
1885;MER1_20220903_230000_005.wav;0;0.8188638091087341;0
1886;MER1_20220903_230000_006.wav;0;0.8924720287322998;0
1887;MER1_20220903_230000_007.wav;0;0.5895529985427856;0
1888;MER1_20220903_230000_008.wav;0;0.4913668632507324;0
1889;MER1_20220903_230000_009.wav;0;0.6244660019874573;0
1890;MER1_20220903_230000_010.wav;0;0.7985188364982605;0
1891;MER1_20220903_230000_011.wav;0;0.5637866258621216;0
1892;MER1_20220903_230000_012.wav;0;0.4567447602748871;0
1893;MER1_20220903_230000_013.wav;0;0.4889780282974243;0
1894;MER1_20220903_230000_014.wav;0;0.42554983496665955;0
1895;MER1_20220903_230000_015.wav;0;0.8197337985038757;0
1896;MER1_20220903_230000_016.wav;0;0.7062985897064209;0
1897;MER1_20220903_230000_017.wav;0;0.28507089614868164;0
1898;MER1_20220903_230000_018.wav;0;0.6738001108169556;0
1899;MER1_20220903_230000_019.wav;0;0.6354478597640991;0
1900;MER1_20220905_051500_000.wav;0;0.7522218227386475;0
1901;MER1_20220905_051500_001.wav;0;0.799817681312561;0
1902;MER1_20220905_051500_002.wav;0;0.8726704716682434;0
1903;MER1_20220905_051500_003.wav;0;0.901242196559906;0
1904;MER1_20220905_051500_004.wav;0;0.9431352615356445;0
1905;MER1_20220905_051500_005.wav;0;0.7381457090377808;0
1906;MER1_20220905_051500_006.wav;0;0.7477380633354187;0
1907;MER1_20220905_051500_007.wav;0;0.6717426776885986;0
1908;MER1_20220905_051500_008.wav;0;0.6454700827598572;0
1909;MER1_20220905_051500_009.wav;0;0.834452748298645;0
1910;MER1_20220905_051500_010.wav;0;0.7938677072525024;0
1911;MER1_20220905_051500_011.wav;0;0.8805450797080994;0
1912;MER1_20220905_051500_012.wav;0;0.9226292371749878;0
1913;MER1_20220905_051500_013.wav;0;0.733376145362854;0
1914;MER1_20220905_051500_014.wav;0;0.6840440630912781;0
1915;MER1_20220905_051500_015.wav;0;0.844535768032074;0
1916;MER1_20220905_051500_016.wav;0;0.7905506491661072;0
1917;MER1_20220905_051500_017.wav;0;0.6793521642684937;0
1918;MER1_20220905_051500_018.wav;0;0.7666588425636292;0
1919;MER1_20220905_051500_019.wav;0;0.7428226470947266;0
1920;MER4_20220617_000000_000.wav;0;0.6604227423667908;0
1921;MER4_20220617_000000_001.wav;0;0.8144040703773499;0
1922;MER4_20220617_000000_002.wav;0;0.33939340710639954;0
1923;MER4_20220617_000000_003.wav;0;0.6570841670036316;0
1924;MER4_20220617_000000_004.wav;0;0.7090965509414673;0
1925;MER4_20220617_000000_005.wav;0;0.7502553462982178;0
1926;MER4_20220617_000000_006.wav;0;0.5294886231422424;0
1927;MER4_20220617_000000_007.wav;0;0.6655007004737854;0
1928;MER4_20220617_000000_008.wav;0;0.7632404565811157;0
1929;MER4_20220617_000000_009.wav;0;0.3474999964237213;0
1930;MER4_20220617_000000_010.wav;0;0.5498345494270325;0
1931;MER4_20220617_000000_011.wav;0;0.40606510639190674;0
1932;MER4_20220617_000000_012.wav;0;0.7101098299026489;0
1933;MER4_20220617_000000_013.wav;0;0.737678587436676;0
1934;MER4_20220617_000000_014.wav;0;0.5056602358818054;0
1935;MER4_20220617_000000_015.wav;0;0.3823333978652954;0
1936;MER4_20220617_000000_016.wav;0;0.6562275290489197;0
1937;MER4_20220617_000000_017.wav;0;0.7060518860816956;0
1938;MER4_20220617_000000_018.wav;0;0.873202919960022;0
1939;MER4_20220617_000000_019.wav;0;0.583191990852356;0
1940;MER4_20220617_093000_000.wav;0;0.7488091588020325;0
1941;MER4_20220617_093000_001.wav;0;0.9611247181892395;0
1942;MER4_20220617_093000_002.wav;0;0.9459092617034912;0
1943;MER4_20220617_093000_003.wav;0;0.932171642780304;0
1944;MER4_20220617_093000_004.wav;0;0.8939491510391235;0
1945;MER4_20220617_093000_005.wav;0;0.9350517392158508;0
1946;MER4_20220617_093000_006.wav;0;0.8760438561439514;0
1947;MER4_20220617_093000_007.wav;0;0.6282355189323425;0
1948;MER4_20220617_093000_008.wav;0;0.9569961428642273;0
1949;MER4_20220617_093000_009.wav;0;0.9861235618591309;0
1950;MER4_20220617_093000_010.wav;0;0.9503515958786011;0
1951;MER4_20220617_093000_011.wav;0;0.6396702527999878;0
1952;MER4_20220617_093000_012.wav;0;0.9019811749458313;0
1953;MER4_20220617_093000_013.wav;0;0.7104984521865845;0
1954;MER4_20220617_093000_014.wav;0;0.7423192262649536;0
1955;MER4_20220617_093000_015.wav;0;0.9659251570701599;0
1956;MER4_20220617_093000_016.wav;0;0.8729647397994995;0
1957;MER4_20220617_093000_017.wav;0;0.9177261590957642;0
1958;MER4_20220617_093000_018.wav;0;0.7246181964874268;0
1959;MER4_20220617_093000_019.wav;0;0.9125850796699524;0
1960;MER4_20220619_181500_000.wav;0;0.7935537695884705;0
1961;MER4_20220619_181500_001.wav;0;0.8973694443702698;0
1962;MER4_20220619_181500_002.wav;0;0.5563563704490662;0
1963;MER4_20220619_181500_003.wav;0;0.8780271410942078;0
1964;MER4_20220619_181500_004.wav;0;0.11790148913860321;0
1965;MER4_20220619_181500_005.wav;0;0.8127602934837341;0
1966;MER4_20220619_181500_006.wav;0;0.8997034430503845;0
1967;MER4_20220619_181500_007.wav;0;0.6465653777122498;0
1968;MER4_20220619_181500_008.wav;0;0.820248544216156;0
1969;MER4_20220619_181500_009.wav;0;0.8365492224693298;0
1970;MER4_20220619_181500_010.wav;0;0.4727325439453125;0
1971;MER4_20220619_181500_011.wav;0;0.6885384917259216;0
1972;MER4_20220619_181500_012.wav;0;0.7541029453277588;0
1973;MER4_20220619_181500_013.wav;0;0.8129469752311707;0
1974;MER4_20220619_181500_014.wav;0;0.317035436630249;0
1975;MER4_20220619_181500_015.wav;0;0.6681756377220154;0
1976;MER4_20220619_181500_016.wav;0;0.9028122425079346;0
1977;MER4_20220619_181500_017.wav;0;0.5266113877296448;0
1978;MER4_20220619_181500_018.wav;0;0.39692074060440063;0
1979;MER4_20220619_181500_019.wav;0;0.8829883337020874;0
1980;MER4_20220621_013000_000.wav;0;0.7474216818809509;0
1981;MER4_20220621_013000_001.wav;0;0.9055971503257751;0
1982;MER4_20220621_013000_002.wav;0;0.7288069725036621;0
1983;MER4_20220621_013000_003.wav;0;0.8606347441673279;0
1984;MER4_20220621_013000_004.wav;0;0.822084367275238;0
1985;MER4_20220621_013000_005.wav;0;0.9181804656982422;0
1986;MER4_20220621_013000_006.wav;0;0.8103117346763611;0
1987;MER4_20220621_013000_007.wav;0;0.9132633805274963;0
1988;MER4_20220621_013000_008.wav;0;0.9250137209892273;0
1989;MER4_20220621_013000_009.wav;0;0.9686199426651001;0
1990;MER4_20220621_013000_010.wav;0;0.8919296264648438;0
1991;MER4_20220621_013000_011.wav;0;0.8643090128898621;0
1992;MER4_20220621_013000_012.wav;0;0.7640823721885681;0
1993;MER4_20220621_013000_013.wav;0;0.8448991179466248;0
1994;MER4_20220621_013000_014.wav;0;0.7812405824661255;0
1995;MER4_20220621_013000_015.wav;0;0.7356169819831848;0
1996;MER4_20220621_013000_016.wav;0;0.787726640701294;0
1997;MER4_20220621_013000_017.wav;0;0.8945829272270203;0
1998;MER4_20220621_013000_018.wav;0;0.7398939728736877;0
1999;MER4_20220621_013000_019.wav;0;0.6799889802932739;0
2000;MER4_20220621_040000_000.wav;0;0.8726954460144043;0
2001;MER4_20220621_040000_001.wav;0;0.8234001994132996;0
2002;MER4_20220621_040000_002.wav;0;0.8416416645050049;0
2003;MER4_20220621_040000_003.wav;0;0.8885027766227722;0
2004;MER4_20220621_040000_004.wav;0;0.9222506284713745;0
2005;MER4_20220621_040000_005.wav;0;0.7843246459960938;0
2006;MER4_20220621_040000_006.wav;0;0.8618813157081604;0
2007;MER4_20220621_040000_007.wav;0;0.8500185608863831;0
2008;MER4_20220621_040000_008.wav;0;0.8532628417015076;0
2009;MER4_20220621_040000_009.wav;0;0.7802772521972656;0
2010;MER4_20220621_040000_010.wav;0;0.8015845417976379;0
2011;MER4_20220621_040000_011.wav;0;0.6533302664756775;0
2012;MER4_20220621_040000_012.wav;0;0.6745124459266663;0
2013;MER4_20220621_040000_013.wav;0;0.40937620401382446;0
2014;MER4_20220621_040000_014.wav;0;0.4086358845233917;0
2015;MER4_20220621_040000_015.wav;0;0.8249653577804565;0
2016;MER4_20220621_040000_016.wav;0;0.7353953123092651;0
2017;MER4_20220621_040000_017.wav;0;0.5745663046836853;0
2018;MER4_20220621_040000_018.wav;0;0.46919289231300354;0
2019;MER4_20220621_040000_019.wav;0;0.5719507336616516;0
2020;MER4_20220621_131500_000.wav;0;0.17547106742858887;0
2021;MER4_20220621_131500_001.wav;0;0.9534530639648438;0
2022;MER4_20220621_131500_002.wav;0;0.6231838464736938;0
2023;MER4_20220621_131500_003.wav;0;0.4503404200077057;0
2024;MER4_20220621_131500_004.wav;0;0.35880351066589355;0
2025;MER4_20220621_131500_005.wav;0;0.9182764887809753;0
2026;MER4_20220621_131500_006.wav;0;0.41397929191589355;0
2027;MER4_20220621_131500_007.wav;0;0.6545932292938232;0
2028;MER4_20220621_131500_008.wav;0;0.6902393698692322;0
2029;MER4_20220621_131500_009.wav;0;0.46966391801834106;0
2030;MER4_20220621_131500_010.wav;0;0.4047938883304596;0
2031;MER4_20220621_131500_011.wav;0;0.6405317187309265;0
2032;MER4_20220621_131500_012.wav;0;0.9026740789413452;0
2033;MER4_20220621_131500_013.wav;0;0.16425201296806335;0
2034;MER4_20220621_131500_014.wav;0;0.5082094073295593;0
2035;MER4_20220621_131500_015.wav;0;0.9162561297416687;0
2036;MER4_20220621_131500_016.wav;0;0.6970269680023193;0
2037;MER4_20220621_131500_017.wav;0;0.3611886501312256;0
2038;MER4_20220621_131500_018.wav;0;0.8766442537307739;0
2039;MER4_20220621_131500_019.wav;0;0.4055086374282837;0
2040;MER4_20220621_234500_000.wav;0;0.7336521744728088;0
2041;MER4_20220621_234500_001.wav;0;0.30817943811416626;0
2042;MER4_20220621_234500_002.wav;0;0.7482683658599854;0
2043;MER4_20220621_234500_003.wav;0;0.27932778000831604;0
2044;MER4_20220621_234500_004.wav;0;0.627306342124939;0
2045;MER4_20220621_234500_005.wav;0;0.9339804649353027;0
2046;MER4_20220621_234500_006.wav;0;0.7844529747962952;0
2047;MER4_20220621_234500_007.wav;0;0.5696778893470764;0
2048;MER4_20220621_234500_008.wav;0;0.2760833501815796;0
2049;MER4_20220621_234500_009.wav;0;0.34891340136528015;0
2050;MER4_20220621_234500_010.wav;0;0.4305720925331116;0
2051;MER4_20220621_234500_011.wav;0;0.39064836502075195;0
2052;MER4_20220621_234500_012.wav;0;0.4225679337978363;0
2053;MER4_20220621_234500_013.wav;0;0.2076994776725769;0
2054;MER4_20220621_234500_014.wav;0;0.1582038551568985;0
2055;MER4_20220621_234500_015.wav;0;0.6043955683708191;0
2056;MER4_20220621_234500_016.wav;0;0.6839573383331299;0
2057;MER4_20220621_234500_017.wav;0;0.22906385362148285;0
2058;MER4_20220621_234500_018.wav;0;0.101068414747715;0
2059;MER4_20220621_234500_019.wav;0;0.10292266309261322;0
2060;MER4_20220623_084500_000.wav;0;0.2692633867263794;0
2061;MER4_20220623_084500_001.wav;0;0.18418766558170319;0
2062;MER4_20220623_084500_002.wav;0;0.3094039559364319;0
2063;MER4_20220623_084500_003.wav;0;0.7295531034469604;0
2064;MER4_20220623_084500_004.wav;0;0.33944177627563477;0
2065;MER4_20220623_084500_005.wav;0;0.3759634792804718;0
2066;MER4_20220623_084500_006.wav;0;0.402278333902359;0
2067;MER4_20220623_084500_007.wav;0;0.5679118633270264;0
2068;MER4_20220623_084500_008.wav;0;0.4153379499912262;0
2069;MER4_20220623_084500_009.wav;0;0.5589600801467896;0
2070;MER4_20220623_084500_010.wav;0;0.7919985055923462;0
2071;MER4_20220623_084500_011.wav;0;0.6632199883460999;0
2072;MER4_20220623_084500_012.wav;0;0.2821124196052551;0
2073;MER4_20220623_084500_013.wav;0;0.26517054438591003;0
2074;MER4_20220623_084500_014.wav;0;0.1266588419675827;0
2075;MER4_20220623_084500_015.wav;0;0.5837794542312622;0
2076;MER4_20220623_084500_016.wav;0;0.5324019193649292;0
2077;MER4_20220623_084500_017.wav;0;0.4238000214099884;0
2078;MER4_20220623_084500_018.wav;0;0.57955002784729;0
2079;MER4_20220623_084500_019.wav;0;0.2688537538051605;0
2080;MER4_20220623_171500_000.wav;0;0.6920751929283142;0
2081;MER4_20220623_171500_001.wav;0;0.7774704098701477;0
2082;MER4_20220623_171500_002.wav;0;0.48343151807785034;0
2083;MER4_20220623_171500_003.wav;0;0.17057743668556213;0
2084;MER4_20220623_171500_004.wav;0;0.728738009929657;0
2085;MER4_20220623_171500_005.wav;0;0.7333583235740662;0
2086;MER4_20220623_171500_006.wav;0;0.2538112699985504;0
2087;MER4_20220623_171500_007.wav;0;0.6248787045478821;0
2088;MER4_20220623_171500_008.wav;0;0.1826314479112625;0
2089;MER4_20220623_171500_009.wav;0;0.19022220373153687;0
2090;MER4_20220623_171500_010.wav;0;0.8329046964645386;0
2091;MER4_20220623_171500_011.wav;0;0.3459205627441406;0
2092;MER4_20220623_171500_012.wav;0;0.36243870854377747;0
2093;MER4_20220623_171500_013.wav;0;0.16051585972309113;0
2094;MER4_20220623_171500_014.wav;0;0.3657264709472656;0
2095;MER4_20220623_171500_015.wav;0;0.14853978157043457;0
2096;MER4_20220623_171500_016.wav;0;0.5498834848403931;0
2097;MER4_20220623_171500_017.wav;0;0.5119448900222778;0
2098;MER4_20220623_171500_018.wav;0;0.18336144089698792;0
2099;MER4_20220623_171500_019.wav;0;0.23506176471710205;0
2100;MER4_20220625_131500_000.wav;0;0.24751867353916168;0
2101;MER4_20220625_131500_001.wav;0;0.3246932327747345;0
2102;MER4_20220625_131500_002.wav;0;0.23997493088245392;0
2103;MER4_20220625_131500_003.wav;0;0.33446842432022095;0
2104;MER4_20220625_131500_004.wav;0;0.22309795022010803;0
2105;MER4_20220625_131500_005.wav;0;0.579993486404419;0
2106;MER4_20220625_131500_006.wav;0;0.5772130489349365;0
2107;MER4_20220625_131500_007.wav;0;0.8410826921463013;0
2108;MER4_20220625_131500_008.wav;0;0.4689760208129883;0
2109;MER4_20220625_131500_009.wav;0;0.20279023051261902;0
2110;MER4_20220625_131500_010.wav;0;0.28603899478912354;0
2111;MER4_20220625_131500_011.wav;0;0.5440958738327026;0
2112;MER4_20220625_131500_012.wav;0;0.44890129566192627;0
2113;MER4_20220625_131500_013.wav;0;0.39350008964538574;0
2114;MER4_20220625_131500_014.wav;0;0.6231561899185181;0
2115;MER4_20220625_131500_015.wav;0;0.2978265881538391;0
2116;MER4_20220625_131500_016.wav;0;0.3875312805175781;0
2117;MER4_20220625_131500_017.wav;0;0.3030918538570404;0
2118;MER4_20220625_131500_018.wav;0;0.19760912656784058;0
2119;MER4_20220625_131500_019.wav;0;0.7592940926551819;0
2120;MER4_20220625_231500_000.wav;0;0.39594948291778564;0
2121;MER4_20220625_231500_001.wav;0;0.20445063710212708;0
2122;MER4_20220625_231500_002.wav;0;0.25884780287742615;0
2123;MER4_20220625_231500_003.wav;0;0.22708266973495483;0
2124;MER4_20220625_231500_004.wav;0;0.34415456652641296;0
2125;MER4_20220625_231500_005.wav;0;0.25706619024276733;0
2126;MER4_20220625_231500_006.wav;0;0.14281128346920013;0
2127;MER4_20220625_231500_007.wav;0;0.20330487191677094;0
2128;MER4_20220625_231500_008.wav;0;0.3901202082633972;0
2129;MER4_20220625_231500_009.wav;0;0.06392129510641098;0
2130;MER4_20220625_231500_010.wav;0;0.10499312728643417;0
2131;MER4_20220625_231500_011.wav;0;0.1877886950969696;0
2132;MER4_20220625_231500_012.wav;0;0.5870086550712585;0
2133;MER4_20220625_231500_013.wav;0;0.18156713247299194;0
2134;MER4_20220625_231500_014.wav;0;0.31930485367774963;0
2135;MER4_20220625_231500_015.wav;0;0.683997631072998;0
2136;MER4_20220625_231500_016.wav;0;0.15737919509410858;0
2137;MER4_20220625_231500_017.wav;0;0.271043986082077;0
2138;MER4_20220625_231500_018.wav;0;0.18713726103305817;0
2139;MER4_20220625_231500_019.wav;0;0.2991299331188202;0
2140;MER4_20220629_103000_000.wav;0;0.22117820382118225;0
2141;MER4_20220629_103000_001.wav;0;0.2629305124282837;0
2142;MER4_20220629_103000_002.wav;0;0.35042446851730347;0
2143;MER4_20220629_103000_003.wav;0;0.19466973841190338;0
2144;MER4_20220629_103000_004.wav;0;0.22757358849048615;0
2145;MER4_20220629_103000_005.wav;0;0.6798890233039856;0
2146;MER4_20220629_103000_006.wav;0;0.8294404149055481;0
2147;MER4_20220629_103000_007.wav;0;0.13544175028800964;0
2148;MER4_20220629_103000_008.wav;0;0.2489158660173416;0
2149;MER4_20220629_103000_009.wav;0;0.20441946387290955;0
2150;MER4_20220629_103000_010.wav;0;0.30273908376693726;0
2151;MER4_20220629_103000_011.wav;0;0.1916920393705368;0
2152;MER4_20220629_103000_012.wav;0;0.589480996131897;0
2153;MER4_20220629_103000_013.wav;0;0.418369323015213;0
2154;MER4_20220629_103000_014.wav;0;0.5068652629852295;0
2155;MER4_20220629_103000_015.wav;0;0.7190423011779785;0
2156;MER4_20220629_103000_016.wav;0;0.4047241508960724;0
2157;MER4_20220629_103000_017.wav;0;0.30811455845832825;0
2158;MER4_20220629_103000_018.wav;0;0.23070964217185974;0
2159;MER4_20220629_103000_019.wav;0;0.24818526208400726;0
2160;MER4_20220703_234500_000.wav;0;0.11717920750379562;0
2161;MER4_20220703_234500_001.wav;0;0.2848087549209595;0
2162;MER4_20220703_234500_002.wav;0;0.1188623309135437;0
2163;MER4_20220703_234500_003.wav;0;0.6022783517837524;0
2164;MER4_20220703_234500_004.wav;0;0.4750308096408844;0
2165;MER4_20220703_234500_005.wav;0;0.7111741900444031;0
2166;MER4_20220703_234500_006.wav;0;0.4834551513195038;0
2167;MER4_20220703_234500_007.wav;0;0.4613034725189209;0
2168;MER4_20220703_234500_008.wav;0;0.43755844235420227;0
2169;MER4_20220703_234500_009.wav;0;0.23696359992027283;0
2170;MER4_20220703_234500_010.wav;0;0.2645307183265686;0
2171;MER4_20220703_234500_011.wav;0;0.5490010976791382;0
2172;MER4_20220703_234500_012.wav;0;0.38891229033470154;0
2173;MER4_20220703_234500_013.wav;0;0.3627900183200836;0
2174;MER4_20220703_234500_014.wav;0;0.6656731367111206;0
2175;MER4_20220703_234500_015.wav;0;0.1375429779291153;0
2176;MER4_20220703_234500_016.wav;0;0.22596260905265808;0
2177;MER4_20220703_234500_017.wav;0;0.3301156759262085;0
2178;MER4_20220703_234500_018.wav;0;0.6738464832305908;0
2179;MER4_20220703_234500_019.wav;0;0.6238215565681458;0
2180;MER4_20220705_051500_000.wav;0;0.7692286968231201;0
2181;MER4_20220705_051500_001.wav;0;0.3182967007160187;0
2182;MER4_20220705_051500_002.wav;0;0.5368503332138062;0
2183;MER4_20220705_051500_003.wav;0;0.5342554450035095;0
2184;MER4_20220705_051500_004.wav;0;0.6793075203895569;0
2185;MER4_20220705_051500_005.wav;0;0.06502629816532135;0
2186;MER4_20220705_051500_006.wav;0;0.10692483931779861;0
2187;MER4_20220705_051500_007.wav;0;0.6449706554412842;0
2188;MER4_20220705_051500_008.wav;0;0.5258958339691162;0
2189;MER4_20220705_051500_009.wav;0;0.5143645405769348;0
2190;MER4_20220705_051500_010.wav;0;0.42932698130607605;0
2191;MER4_20220705_051500_011.wav;0;0.4569084048271179;0
2192;MER4_20220705_051500_012.wav;0;0.7263436317443848;0
2193;MER4_20220705_051500_013.wav;0;0.11351146548986435;0
2194;MER4_20220705_051500_014.wav;0;0.5944246649742126;0
2195;MER4_20220705_051500_015.wav;0;0.6662086844444275;0
2196;MER4_20220705_051500_016.wav;0;0.20322169363498688;0
2197;MER4_20220705_051500_017.wav;0;0.6496583223342896;0
2198;MER4_20220705_051500_018.wav;0;0.22323745489120483;0
2199;MER4_20220705_051500_019.wav;0;0.23558658361434937;0
2200;MER4_20220705_104500_000.wav;0;0.8765005469322205;0
2201;MER4_20220705_104500_001.wav;0;0.861784815788269;0
2202;MER4_20220705_104500_002.wav;0;0.3110085725784302;0
2203;MER4_20220705_104500_003.wav;0;0.4138568341732025;0
2204;MER4_20220705_104500_004.wav;0;0.17481541633605957;0
2205;MER4_20220705_104500_005.wav;0;0.7964170575141907;0
2206;MER4_20220705_104500_006.wav;0;0.36051422357559204;0
2207;MER4_20220705_104500_007.wav;0;0.385729044675827;0
2208;MER4_20220705_104500_008.wav;0;0.670504093170166;0
2209;MER4_20220705_104500_009.wav;0;0.7607512474060059;0
2210;MER4_20220705_104500_010.wav;0;0.6985509395599365;0
2211;MER4_20220705_104500_011.wav;0;0.7536223530769348;0
2212;MER4_20220705_104500_012.wav;0;0.3280017375946045;0
2213;MER4_20220705_104500_013.wav;0;0.6895160675048828;0
2214;MER4_20220705_104500_014.wav;0;0.5479458570480347;0
2215;MER4_20220705_104500_015.wav;0;0.26521724462509155;0
2216;MER4_20220705_104500_016.wav;0;0.5334017276763916;0
2217;MER4_20220705_104500_017.wav;0;0.45278117060661316;0
2218;MER4_20220705_104500_018.wav;0;0.7037098407745361;0
2219;MER4_20220705_104500_019.wav;0;0.4046168625354767;0
2220;MER4_20220705_131500_000.wav;0;0.6604249477386475;0
2221;MER4_20220705_131500_001.wav;0;0.7860613465309143;0
2222;MER4_20220705_131500_002.wav;0;0.19306790828704834;0
2223;MER4_20220705_131500_003.wav;0;0.49004682898521423;0
2224;MER4_20220705_131500_004.wav;0;0.15994353592395782;0
2225;MER4_20220705_131500_005.wav;0;0.46983611583709717;0
2226;MER4_20220705_131500_006.wav;0;0.4234437048435211;0
2227;MER4_20220705_131500_007.wav;0;0.46661755442619324;0
2228;MER4_20220705_131500_008.wav;0;0.16521485149860382;0
2229;MER4_20220705_131500_009.wav;0;0.5050371289253235;0
2230;MER4_20220705_131500_010.wav;0;0.5759357810020447;0
2231;MER4_20220705_131500_011.wav;0;0.14453302323818207;0
2232;MER4_20220705_131500_012.wav;0;0.23425281047821045;0
2233;MER4_20220705_131500_013.wav;0;0.11569615453481674;0
2234;MER4_20220705_131500_014.wav;0;0.3754367232322693;0
2235;MER4_20220705_131500_015.wav;0;0.31355753540992737;0
2236;MER4_20220705_131500_016.wav;0;0.42452409863471985;0
2237;MER4_20220705_131500_017.wav;0;0.3048107326030731;0
2238;MER4_20220705_131500_018.wav;0;0.21701322495937347;0
2239;MER4_20220705_131500_019.wav;0;0.3102148175239563;0
2240;MER4_20220707_090000_000.wav;0;0.1763324737548828;0
2241;MER4_20220707_090000_001.wav;0;0.6166319251060486;0
2242;MER4_20220707_090000_002.wav;0;0.44292593002319336;0
2243;MER4_20220707_090000_003.wav;0;0.6610532402992249;0
2244;MER4_20220707_090000_004.wav;0;0.5017189383506775;0
2245;MER4_20220707_090000_005.wav;0;0.25600191950798035;0
2246;MER4_20220707_090000_006.wav;0;0.32932576537132263;0
2247;MER4_20220707_090000_007.wav;0;0.4321593940258026;0
2248;MER4_20220707_090000_008.wav;0;0.7561353445053101;0
2249;MER4_20220707_090000_009.wav;0;0.9236716628074646;0
2250;MER4_20220707_090000_010.wav;0;0.32454714179039;0
2251;MER4_20220707_090000_011.wav;0;0.5388293266296387;0
2252;MER4_20220707_090000_012.wav;0;0.7520982623100281;0
2253;MER4_20220707_090000_013.wav;0;0.9191661477088928;0
2254;MER4_20220707_090000_014.wav;0;0.6199156045913696;0
2255;MER4_20220707_090000_015.wav;0;0.11754603683948517;0
2256;MER4_20220707_090000_016.wav;0;0.1146538183093071;0
2257;MER4_20220707_090000_017.wav;0;0.49251487851142883;0
2258;MER4_20220707_090000_018.wav;0;0.3996625244617462;0
2259;MER4_20220707_090000_019.wav;0;0.34574010968208313;0
2260;MER4_20220713_040000_000.wav;0;0.1917165070772171;0
2261;MER4_20220713_040000_001.wav;0;0.32964202761650085;0
2262;MER4_20220713_040000_002.wav;0;0.30745285749435425;0
2263;MER4_20220713_040000_003.wav;0;0.19524988532066345;0
2264;MER4_20220713_040000_004.wav;0;0.10936056822538376;0
2265;MER4_20220713_040000_005.wav;0;0.22171059250831604;0
2266;MER4_20220713_040000_006.wav;0;0.6602892875671387;0
2267;MER4_20220713_040000_007.wav;0;0.5732313394546509;0
2268;MER4_20220713_040000_008.wav;0;0.581180989742279;0
2269;MER4_20220713_040000_009.wav;0;0.2558307647705078;0
2270;MER4_20220713_040000_010.wav;0;0.14216190576553345;0
2271;MER4_20220713_040000_011.wav;0;0.12755915522575378;0
2272;MER4_20220713_040000_012.wav;0;0.7992615699768066;0
2273;MER4_20220713_040000_013.wav;0;0.6671751737594604;0
2274;MER4_20220713_040000_014.wav;0;0.1382257491350174;0
2275;MER4_20220713_040000_015.wav;0;0.47177040576934814;0
2276;MER4_20220713_040000_016.wav;0;0.14978304505348206;0
2277;MER4_20220713_040000_017.wav;0;0.03246458247303963;0
2278;MER4_20220713_040000_018.wav;0;0.1828557550907135;0
2279;MER4_20220713_040000_019.wav;0;0.06994976103305817;0
2280;MER4_20220713_170000_000.wav;0;0.3044906258583069;0
2281;MER4_20220713_170000_001.wav;0;0.3574819266796112;0
2282;MER4_20220713_170000_002.wav;0;0.34048905968666077;0
2283;MER4_20220713_170000_003.wav;0;0.6075308918952942;0
2284;MER4_20220713_170000_004.wav;0;0.39537298679351807;0
2285;MER4_20220713_170000_005.wav;0;0.23084397614002228;0
2286;MER4_20220713_170000_006.wav;0;0.26384028792381287;0
2287;MER4_20220713_170000_007.wav;0;0.39174801111221313;0
2288;MER4_20220713_170000_008.wav;0;0.307086706161499;0
2289;MER4_20220713_170000_009.wav;0;0.6936633586883545;0
2290;MER4_20220713_170000_010.wav;0;0.17992791533470154;0
2291;MER4_20220713_170000_011.wav;0;0.3256757855415344;0
2292;MER4_20220713_170000_012.wav;0;0.8947811126708984;0
2293;MER4_20220713_170000_013.wav;0;0.3746786415576935;0
2294;MER4_20220713_170000_014.wav;0;0.2839336693286896;0
2295;MER4_20220713_170000_015.wav;0;0.21184992790222168;0
2296;MER4_20220713_170000_016.wav;0;0.47839921712875366;0
2297;MER4_20220713_170000_017.wav;0;0.09733625501394272;0
2298;MER4_20220713_170000_018.wav;0;0.27280887961387634;0
2299;MER4_20220713_170000_019.wav;0;0.4992666244506836;0
2300;MER4_20220717_104500_000.wav;0;0.6760424971580505;0
2301;MER4_20220717_104500_001.wav;0;0.8902021646499634;0
2302;MER4_20220717_104500_002.wav;0;0.8113390207290649;0
2303;MER4_20220717_104500_003.wav;0;0.2782856822013855;0
2304;MER4_20220717_104500_004.wav;0;0.16494612395763397;0
2305;MER4_20220717_104500_005.wav;0;0.10963741689920425;0
2306;MER4_20220717_104500_006.wav;0;0.3183458149433136;0
2307;MER4_20220717_104500_007.wav;0;0.3497655689716339;0
2308;MER4_20220717_104500_008.wav;0;0.1246313750743866;0
2309;MER4_20220717_104500_009.wav;0;0.523694634437561;0
2310;MER4_20220717_104500_010.wav;0;0.23507994413375854;0
2311;MER4_20220717_104500_011.wav;0;0.29791727662086487;0
2312;MER4_20220717_104500_012.wav;0;0.6645265221595764;0
2313;MER4_20220717_104500_013.wav;0;0.1908910870552063;0
2314;MER4_20220717_104500_014.wav;0;0.18831326067447662;0
2315;MER4_20220717_104500_015.wav;0;0.43442240357398987;0
2316;MER4_20220717_104500_016.wav;0;0.2894669473171234;0
2317;MER4_20220717_104500_017.wav;0;0.39645448327064514;0
2318;MER4_20220717_104500_018.wav;0;0.20637471973896027;0
2319;MER4_20220717_104500_019.wav;0;0.6071866750717163;0
2320;MER4_20220725_140000_000.wav;0;0.20521226525306702;0
2321;MER4_20220725_140000_001.wav;0;0.24518679082393646;0
2322;MER4_20220725_140000_002.wav;0;0.11445914208889008;0
2323;MER4_20220725_140000_003.wav;0;0.27486076951026917;0
2324;MER4_20220725_140000_004.wav;0;0.1775967925786972;0
2325;MER4_20220725_140000_005.wav;0;0.2741064727306366;0
2326;MER4_20220725_140000_006.wav;0;0.11861590296030045;0
2327;MER4_20220725_140000_007.wav;0;0.15108443796634674;0
2328;MER4_20220725_140000_008.wav;0;0.17849186062812805;0
2329;MER4_20220725_140000_009.wav;0;0.3488483726978302;0
2330;MER4_20220725_140000_010.wav;0;0.16566920280456543;0
2331;MER4_20220725_140000_011.wav;0;0.16470548510551453;0
2332;MER4_20220725_140000_012.wav;0;0.2443692535161972;0
2333;MER4_20220725_140000_013.wav;0;0.6578121781349182;0
2334;MER4_20220725_140000_014.wav;0;0.5850247144699097;0
2335;MER4_20220725_140000_015.wav;0;0.23334543406963348;0
2336;MER4_20220725_140000_016.wav;0;0.17726947367191315;0
2337;MER4_20220725_140000_017.wav;0;0.11139785498380661;0
2338;MER4_20220725_140000_018.wav;0;0.1388455331325531;0
2339;MER4_20220725_140000_019.wav;0;0.5495815873146057;0
2340;MER4_20220729_000000_000.wav;0;0.1274890899658203;0
2341;MER4_20220729_000000_001.wav;0;0.16495779156684875;0
2342;MER4_20220729_000000_002.wav;0;0.12790143489837646;0
2343;MER4_20220729_000000_003.wav;0;0.19658979773521423;0
2344;MER4_20220729_000000_004.wav;0;0.16296836733818054;0
2345;MER4_20220729_000000_005.wav;0;0.11446848511695862;0
2346;MER4_20220729_000000_006.wav;0;0.2816998362541199;0
2347;MER4_20220729_000000_007.wav;0;0.14448221027851105;0
2348;MER4_20220729_000000_008.wav;0;0.09438762813806534;0
2349;MER4_20220729_000000_009.wav;0;0.13378974795341492;0
2350;MER4_20220729_000000_010.wav;0;0.3898347020149231;0
2351;MER4_20220729_000000_011.wav;0;0.24677009880542755;0
2352;MER4_20220729_000000_012.wav;0;0.4171231985092163;0
2353;MER4_20220729_000000_013.wav;0;0.30382436513900757;0
2354;MER4_20220729_000000_014.wav;0;0.9005324840545654;0
2355;MER4_20220729_000000_015.wav;0;0.1855228692293167;0
2356;MER4_20220729_000000_016.wav;0;0.10076569020748138;0
2357;MER4_20220729_000000_017.wav;0;0.07183005660772324;0
2358;MER4_20220729_000000_018.wav;0;0.07011823356151581;0
2359;MER4_20220729_000000_019.wav;0;0.22740527987480164;0
2360;MER4_20220729_223000_000.wav;0;0.09675918519496918;0
2361;MER4_20220729_223000_001.wav;0;0.5237520933151245;0
2362;MER4_20220729_223000_002.wav;0;0.2942894697189331;0
2363;MER4_20220729_223000_003.wav;0;0.26325565576553345;0
2364;MER4_20220729_223000_004.wav;0;0.3225371241569519;0
2365;MER4_20220729_223000_005.wav;0;0.14989520609378815;0
2366;MER4_20220729_223000_006.wav;0;0.15545889735221863;0
2367;MER4_20220729_223000_007.wav;0;0.09789306670427322;0
2368;MER4_20220729_223000_008.wav;0;0.19811555743217468;0
2369;MER4_20220729_223000_009.wav;0;0.07891451567411423;0
2370;MER4_20220729_223000_010.wav;0;0.4810117483139038;0
2371;MER4_20220729_223000_011.wav;0;0.07804828882217407;0
2372;MER4_20220729_223000_012.wav;0;0.08052029460668564;0
2373;MER4_20220729_223000_013.wav;0;0.06779947876930237;0
2374;MER4_20220729_223000_014.wav;0;0.14804497361183167;0
2375;MER4_20220729_223000_015.wav;0;0.0831763967871666;0
2376;MER4_20220729_223000_016.wav;0;0.4212268590927124;0
2377;MER4_20220729_223000_017.wav;0;0.059159453958272934;0
2378;MER4_20220729_223000_018.wav;0;0.5356367230415344;0
2379;MER4_20220729_223000_019.wav;0;0.4031614363193512;0
2380;MER4_20220731_220000_000.wav;0;0.3036949634552002;0
2381;MER4_20220731_220000_001.wav;0;0.1666482537984848;0
2382;MER4_20220731_220000_002.wav;0;0.09691084176301956;0
2383;MER4_20220731_220000_003.wav;0;0.23253388702869415;0
2384;MER4_20220731_220000_004.wav;0;0.12470532208681107;0
2385;MER4_20220731_220000_005.wav;0;0.111351378262043;0
2386;MER4_20220731_220000_006.wav;0;0.078607939183712;0
2387;MER4_20220731_220000_007.wav;0;0.0703313872218132;0
2388;MER4_20220731_220000_008.wav;0;0.16935943067073822;0
2389;MER4_20220731_220000_009.wav;0;0.32017481327056885;0
2390;MER4_20220731_220000_010.wav;0;0.1295212209224701;0
2391;MER4_20220731_220000_011.wav;0;0.516680896282196;0
2392;MER4_20220731_220000_012.wav;0;0.2635915279388428;0
2393;MER4_20220731_220000_013.wav;0;0.07118191570043564;0
2394;MER4_20220731_220000_014.wav;0;0.12137490510940552;0
2395;MER4_20220731_220000_015.wav;0;0.2094355672597885;0
2396;MER4_20220731_220000_016.wav;0;0.13972783088684082;0
2397;MER4_20220731_220000_017.wav;0;0.22033566236495972;0
2398;MER4_20220731_220000_018.wav;0;0.1039133071899414;0
2399;MER4_20220731_220000_019.wav;0;0.12263719737529755;0
2400;MER4_20220802_021500_000.wav;0;0.30515193939208984;0
2401;MER4_20220802_021500_001.wav;0;0.13530755043029785;0
2402;MER4_20220802_021500_002.wav;0;0.0995161235332489;0
2403;MER4_20220802_021500_003.wav;0;0.7598896622657776;0
2404;MER4_20220802_021500_004.wav;0;0.37830331921577454;0
2405;MER4_20220802_021500_005.wav;0;0.20641376078128815;0
2406;MER4_20220802_021500_006.wav;0;0.3083060681819916;0
2407;MER4_20220802_021500_007.wav;0;0.14203627407550812;0
2408;MER4_20220802_021500_008.wav;0;0.13065320253372192;0
2409;MER4_20220802_021500_009.wav;0;0.17063884437084198;0
2410;MER4_20220802_021500_010.wav;0;0.19005565345287323;0
2411;MER4_20220802_021500_011.wav;0;0.18918082118034363;0
2412;MER4_20220802_021500_012.wav;0;0.1604079157114029;0
2413;MER4_20220802_021500_013.wav;0;0.2175723761320114;0
2414;MER4_20220802_021500_014.wav;0;0.1464649885892868;0
2415;MER4_20220802_021500_015.wav;0;0.142953023314476;0
2416;MER4_20220802_021500_016.wav;0;0.16098156571388245;0
2417;MER4_20220802_021500_017.wav;0;0.2676894962787628;0
2418;MER4_20220802_021500_018.wav;0;0.168511763215065;0
2419;MER4_20220802_021500_019.wav;0;0.11594424396753311;0
2420;MER4_20220804_113000_000.wav;0;0.7705089449882507;0
2421;MER4_20220804_113000_001.wav;0;0.34792423248291016;0
2422;MER4_20220804_113000_002.wav;0;0.4023721516132355;0
2423;MER4_20220804_113000_003.wav;0;0.6706566214561462;0
2424;MER4_20220804_113000_004.wav;0;0.2630749046802521;0
2425;MER4_20220804_113000_005.wav;0;0.33089369535446167;0
2426;MER4_20220804_113000_006.wav;0;0.7257798314094543;0
2427;MER4_20220804_113000_007.wav;0;0.47168996930122375;0
2428;MER4_20220804_113000_008.wav;0;0.37951767444610596;0
2429;MER4_20220804_113000_009.wav;0;0.47324562072753906;0
2430;MER4_20220804_113000_010.wav;0;0.5721747875213623;0
2431;MER4_20220804_113000_011.wav;0;0.941836416721344;0
2432;MER4_20220804_113000_012.wav;0;0.8201903104782104;0
2433;MER4_20220804_113000_013.wav;0;0.4978213310241699;0
2434;MER4_20220804_113000_014.wav;0;0.23188695311546326;0
2435;MER4_20220804_113000_015.wav;0;0.18726886808872223;0
2436;MER4_20220804_113000_016.wav;0;0.19846569001674652;0
2437;MER4_20220804_113000_017.wav;0;0.18870431184768677;0
2438;MER4_20220804_113000_018.wav;0;0.23761489987373352;0
2439;MER4_20220804_113000_019.wav;0;0.4170527458190918;0
2440;MER4_20220806_114500_000.wav;0;0.9470548033714294;0
2441;MER4_20220806_114500_001.wav;0;0.2527957558631897;0
2442;MER4_20220806_114500_002.wav;0;0.11797017604112625;0
2443;MER4_20220806_114500_003.wav;0;0.10208021104335785;0
2444;MER4_20220806_114500_004.wav;0;0.2732255756855011;0
2445;MER4_20220806_114500_005.wav;0;0.15470293164253235;0
2446;MER4_20220806_114500_006.wav;0;0.08326762169599533;0
2447;MER4_20220806_114500_007.wav;0;0.2752566337585449;0
2448;MER4_20220806_114500_008.wav;0;0.1519143432378769;0
2449;MER4_20220806_114500_009.wav;0;0.1509638875722885;0
2450;MER4_20220806_114500_010.wav;0;0.35110118985176086;0
2451;MER4_20220806_114500_011.wav;0;0.3845904767513275;0
2452;MER4_20220806_114500_012.wav;0;0.291505366563797;0
2453;MER4_20220806_114500_013.wav;0;0.15529608726501465;0
2454;MER4_20220806_114500_014.wav;0;0.14746332168579102;0
2455;MER4_20220806_114500_015.wav;0;0.17782016098499298;0
2456;MER4_20220806_114500_016.wav;0;0.3295072615146637;0
2457;MER4_20220806_114500_017.wav;0;0.06574569642543793;0
2458;MER4_20220806_114500_018.wav;0;0.42079952359199524;0
2459;MER4_20220806_114500_019.wav;0;0.08248274028301239;0
2460;MER4_20220814_173000_000.wav;0;0.46156126260757446;0
2461;MER4_20220814_173000_001.wav;0;0.38665086030960083;0
2462;MER4_20220814_173000_002.wav;0;0.6200965046882629;0
2463;MER4_20220814_173000_003.wav;0;0.6233654022216797;0
2464;MER4_20220814_173000_004.wav;0;0.3949013650417328;0
2465;MER4_20220814_173000_005.wav;0;0.6802584528923035;0
2466;MER4_20220814_173000_006.wav;0;0.7992573380470276;0
2467;MER4_20220814_173000_007.wav;0;0.42760857939720154;0
2468;MER4_20220814_173000_008.wav;0;0.6497488617897034;0
2469;MER4_20220814_173000_009.wav;0;0.12486126273870468;0
2470;MER4_20220814_173000_010.wav;0;0.17770236730575562;0
2471;MER4_20220814_173000_011.wav;0;0.6713133454322815;0
2472;MER4_20220814_173000_012.wav;0;0.8758389949798584;0
2473;MER4_20220814_173000_013.wav;0;0.13049928843975067;0
2474;MER4_20220814_173000_014.wav;0;0.857090950012207;0
2475;MER4_20220814_173000_015.wav;0;0.13149458169937134;0
2476;MER4_20220814_173000_016.wav;0;0.7710947394371033;0
2477;MER4_20220814_173000_017.wav;0;0.8016854524612427;0
2478;MER4_20220814_173000_018.wav;0;0.7727330327033997;0
2479;MER4_20220814_173000_019.wav;0;0.7431601881980896;0
2480;MER4_20220816_053000_000.wav;0;0.36241430044174194;0
2481;MER4_20220816_053000_001.wav;0;0.12111848592758179;0
2482;MER4_20220816_053000_002.wav;0;0.147247776389122;0
2483;MER4_20220816_053000_003.wav;0;0.11594214290380478;0
2484;MER4_20220816_053000_004.wav;0;0.6937127113342285;0
2485;MER4_20220816_053000_005.wav;0;0.1774647831916809;0
2486;MER4_20220816_053000_006.wav;0;0.12707045674324036;0
2487;MER4_20220816_053000_007.wav;0;0.4489628076553345;0
2488;MER4_20220816_053000_008.wav;0;0.14015883207321167;0
2489;MER4_20220816_053000_009.wav;0;0.13073354959487915;0
2490;MER4_20220816_053000_010.wav;0;0.352737158536911;0
2491;MER4_20220816_053000_011.wav;0;0.1992778182029724;0
2492;MER4_20220816_053000_012.wav;0;0.18649578094482422;0
2493;MER4_20220816_053000_013.wav;0;0.2363770455121994;0
2494;MER4_20220816_053000_014.wav;0;0.09683823585510254;0
2495;MER4_20220816_053000_015.wav;0;0.15679533779621124;0
2496;MER4_20220816_053000_016.wav;0;0.4977066218852997;0
2497;MER4_20220816_053000_017.wav;0;0.8016399145126343;0
2498;MER4_20220816_053000_018.wav;0;0.13519613444805145;0
2499;MER4_20220816_053000_019.wav;0;0.13655848801136017;0
2500;MER4_20220816_104500_000.wav;0;0.24314360320568085;0
2501;MER4_20220816_104500_001.wav;0;0.4739173948764801;0
2502;MER4_20220816_104500_002.wav;0;0.18579994142055511;0
2503;MER4_20220816_104500_003.wav;0;0.12233547121286392;0
2504;MER4_20220816_104500_004.wav;0;0.2719418406486511;0
2505;MER4_20220816_104500_005.wav;0;0.4986967444419861;0
2506;MER4_20220816_104500_006.wav;0;0.41485530138015747;0
2507;MER4_20220816_104500_007.wav;0;0.27598071098327637;0
2508;MER4_20220816_104500_008.wav;0;0.135553777217865;0
2509;MER4_20220816_104500_009.wav;0;0.13112811744213104;0
2510;MER4_20220816_104500_010.wav;0;0.33435800671577454;0
2511;MER4_20220816_104500_011.wav;0;0.45881202816963196;0
2512;MER4_20220816_104500_012.wav;0;0.4781787693500519;0
2513;MER4_20220816_104500_013.wav;0;0.155329629778862;0
2514;MER4_20220816_104500_014.wav;0;0.9308624863624573;0
2515;MER4_20220816_104500_015.wav;0;0.9934440851211548;0
2516;MER4_20220816_104500_016.wav;0;0.9797868728637695;0
2517;MER4_20220816_104500_017.wav;0;0.9833739995956421;0
2518;MER4_20220816_104500_018.wav;0;0.9939336180686951;0
2519;MER4_20220816_104500_019.wav;0;0.9886085987091064;0
2520;MER4_20220820_190000_000.wav;0;0.8152221441268921;0
2521;MER4_20220820_190000_001.wav;0;0.8734307289123535;0
2522;MER4_20220820_190000_002.wav;0;0.7736717462539673;0
2523;MER4_20220820_190000_003.wav;0;0.1449742615222931;0
2524;MER4_20220820_190000_004.wav;0;0.33523014187812805;0
2525;MER4_20220820_190000_005.wav;0;0.23394179344177246;0
2526;MER4_20220820_190000_006.wav;0;0.31629908084869385;0
2527;MER4_20220820_190000_007.wav;0;0.8937293291091919;0
2528;MER4_20220820_190000_008.wav;0;0.8527260422706604;0
2529;MER4_20220820_190000_009.wav;0;0.41232216358184814;0
2530;MER4_20220820_190000_010.wav;0;0.23075781762599945;0
2531;MER4_20220820_190000_011.wav;0;0.6548959612846375;0
2532;MER4_20220820_190000_012.wav;0;0.2851507067680359;0
2533;MER4_20220820_190000_013.wav;0;0.5996461510658264;0
2534;MER4_20220820_190000_014.wav;0;0.7109306454658508;0
2535;MER4_20220820_190000_015.wav;0;0.4056073725223541;0
2536;MER4_20220820_190000_016.wav;0;0.9010767340660095;0
2537;MER4_20220820_190000_017.wav;0;0.38704031705856323;0
2538;MER4_20220820_190000_018.wav;0;0.5866158604621887;0
2539;MER4_20220820_190000_019.wav;0;0.6724051833152771;0
2540;MER4_20220822_150000_000.wav;0;0.474498450756073;0
2541;MER4_20220822_150000_001.wav;0;0.17948821187019348;0
2542;MER4_20220822_150000_002.wav;0;0.6419849395751953;0
2543;MER4_20220822_150000_003.wav;0;0.05450337752699852;0
2544;MER4_20220822_150000_004.wav;0;0.4822494089603424;0
2545;MER4_20220822_150000_005.wav;0;0.24038977921009064;0
2546;MER4_20220822_150000_006.wav;0;0.2456003576517105;0
2547;MER4_20220822_150000_007.wav;0;0.4636467695236206;0
2548;MER4_20220822_150000_008.wav;0;0.6588456630706787;0
2549;MER4_20220822_150000_009.wav;0;0.2614990174770355;0
2550;MER4_20220822_150000_010.wav;0;0.5045445561408997;0
2551;MER4_20220822_150000_011.wav;0;0.11819031834602356;0
2552;MER4_20220822_150000_012.wav;0;0.17184802889823914;0
2553;MER4_20220822_150000_013.wav;0;0.20227313041687012;0
2554;MER4_20220822_150000_014.wav;0;0.246925950050354;0
2555;MER4_20220822_150000_015.wav;0;0.3912769556045532;0
2556;MER4_20220822_150000_016.wav;0;0.590774416923523;0
2557;MER4_20220822_150000_017.wav;0;0.1947774589061737;0
2558;MER4_20220822_150000_018.wav;0;0.09432332217693329;0
2559;MER4_20220822_150000_019.wav;0;0.032476380467414856;0
2560;MER4_20220826_200000_000.wav;0;0.04864766448736191;0
2561;MER4_20220826_200000_001.wav;0;0.03723352402448654;0
2562;MER4_20220826_200000_002.wav;0;0.04615781083703041;0
2563;MER4_20220826_200000_003.wav;0;0.0759204626083374;0
2564;MER4_20220826_200000_004.wav;0;0.0392511822283268;0
2565;MER4_20220826_200000_005.wav;0;0.11300718039274216;0
2566;MER4_20220826_200000_006.wav;0;0.0491778664290905;0
2567;MER4_20220826_200000_007.wav;0;0.03531881421804428;0
2568;MER4_20220826_200000_008.wav;0;0.03290433809161186;0
2569;MER4_20220826_200000_009.wav;0;0.051673371344804764;0
2570;MER4_20220826_200000_010.wav;0;0.03387890011072159;0
2571;MER4_20220826_200000_011.wav;0;0.03339243307709694;0
2572;MER4_20220826_200000_012.wav;0;0.06792768836021423;0
2573;MER4_20220826_200000_013.wav;0;0.6666862964630127;0
2574;MER4_20220826_200000_014.wav;0;0.17028246819972992;0
2575;MER4_20220826_200000_015.wav;0;0.19002102315425873;0
2576;MER4_20220826_200000_016.wav;0;0.050244152545928955;0
2577;MER4_20220826_200000_017.wav;0;0.17023220658302307;0
2578;MER4_20220826_200000_018.wav;0;0.10559108853340149;0
2579;MER4_20220826_200000_019.wav;0;0.14808496832847595;0
2580;MER4_20220828_014500_000.wav;0;0.04472532495856285;0
2581;MER4_20220828_014500_001.wav;0;0.03945194184780121;0
2582;MER4_20220828_014500_002.wav;0;0.05419242009520531;0
2583;MER4_20220828_014500_003.wav;0;0.059822216629981995;0
2584;MER4_20220828_014500_004.wav;0;0.03778320178389549;0
2585;MER4_20220828_014500_005.wav;0;0.03529566898941994;0
2586;MER4_20220828_014500_006.wav;0;0.0402822345495224;0
2587;MER4_20220828_014500_007.wav;0;0.05591816455125809;0
2588;MER4_20220828_014500_008.wav;0;0.033737875521183014;0
2589;MER4_20220828_014500_009.wav;0;0.03295639157295227;0
2590;MER4_20220828_014500_010.wav;0;0.07055120170116425;0
2591;MER4_20220828_014500_011.wav;0;0.041280347853899;0
2592;MER4_20220828_014500_012.wav;0;0.029658492654561996;0
2593;MER4_20220828_014500_013.wav;0;0.027269834652543068;0
2594;MER4_20220828_014500_014.wav;0;0.044757287949323654;0
2595;MER4_20220828_014500_015.wav;0;0.03521992638707161;0
2596;MER4_20220828_014500_016.wav;0;0.03129883110523224;0
2597;MER4_20220828_014500_017.wav;0;0.034994009882211685;0
2598;MER4_20220828_014500_018.wav;0;0.031460657715797424;0
2599;MER4_20220828_014500_019.wav;0;0.03459053114056587;0
2600;MER4_20220828_234500_000.wav;0;0.04852438345551491;0
2601;MER4_20220828_234500_001.wav;0;0.07993262261152267;0
2602;MER4_20220828_234500_002.wav;0;0.040072452276945114;0
2603;MER4_20220828_234500_003.wav;0;0.20854608714580536;0
2604;MER4_20220828_234500_004.wav;0;0.074857197701931;0
2605;MER4_20220828_234500_005.wav;0;0.08566906303167343;0
2606;MER4_20220828_234500_006.wav;0;0.11524930596351624;0
2607;MER4_20220828_234500_007.wav;0;0.10527548938989639;0
2608;MER4_20220828_234500_008.wav;0;0.09889785945415497;0
2609;MER4_20220828_234500_009.wav;0;0.1347888559103012;0
2610;MER4_20220828_234500_010.wav;0;0.14026597142219543;0
2611;MER4_20220828_234500_011.wav;0;0.12753739953041077;0
2612;MER4_20220828_234500_012.wav;0;0.10254333913326263;0
2613;MER4_20220828_234500_013.wav;0;0.14998243749141693;0
2614;MER4_20220828_234500_014.wav;0;0.09599635004997253;0
2615;MER4_20220828_234500_015.wav;0;0.14549195766448975;0
2616;MER4_20220828_234500_016.wav;0;0.1359052062034607;0
2617;MER4_20220828_234500_017.wav;0;0.12075040489435196;0
2618;MER4_20220828_234500_018.wav;0;0.12572167813777924;0
2619;MER4_20220828_234500_019.wav;0;0.1410617232322693;0
2620;MER4_20220830_171500_000.wav;0;0.04544949531555176;0
2621;MER4_20220830_171500_001.wav;0;0.08548390865325928;0
2622;MER4_20220830_171500_002.wav;0;0.22037866711616516;0
2623;MER4_20220830_171500_003.wav;0;0.04949517920613289;0
2624;MER4_20220830_171500_004.wav;0;0.04311405494809151;0
2625;MER4_20220830_171500_005.wav;0;0.04742975905537605;0
2626;MER4_20220830_171500_006.wav;0;0.04696914553642273;0
2627;MER4_20220830_171500_007.wav;0;0.04568617045879364;0
2628;MER4_20220830_171500_008.wav;0;0.053218334913253784;0
2629;MER4_20220830_171500_009.wav;0;0.10890350490808487;0
2630;MER4_20220830_171500_010.wav;0;0.045081183314323425;0
2631;MER4_20220830_171500_011.wav;0;0.04370517656207085;0
2632;MER4_20220830_171500_012.wav;0;0.07368562370538712;0
2633;MER4_20220830_171500_013.wav;0;0.05881711468100548;0
2634;MER4_20220830_171500_014.wav;0;0.07267101854085922;0
2635;MER4_20220830_171500_015.wav;0;0.2833903133869171;0
2636;MER4_20220830_171500_016.wav;0;0.16364821791648865;0
2637;MER4_20220830_171500_017.wav;0;0.14264023303985596;0
2638;MER4_20220830_171500_018.wav;0;0.1669226437807083;0
2639;MER4_20220830_171500_019.wav;0;0.10311576724052429;0
2640;MER4_20220901_111500_000.wav;0;0.15002486109733582;0
2641;MER4_20220901_111500_001.wav;0;0.15515485405921936;0
2642;MER4_20220901_111500_002.wav;0;0.09435178339481354;0
2643;MER4_20220901_111500_003.wav;0;0.3017479181289673;0
2644;MER4_20220901_111500_004.wav;0;0.16745205223560333;0
2645;MER4_20220901_111500_005.wav;0;0.1826268583536148;0
2646;MER4_20220901_111500_006.wav;0;0.1529492884874344;0
2647;MER4_20220901_111500_007.wav;0;0.10215689986944199;0
2648;MER4_20220901_111500_008.wav;0;0.3410821259021759;0
2649;MER4_20220901_111500_009.wav;0;0.12949202954769135;0
2650;MER4_20220901_111500_010.wav;0;0.17154181003570557;0
2651;MER4_20220901_111500_011.wav;0;0.10155219584703445;0
2652;MER4_20220901_111500_012.wav;0;0.1313086450099945;0
2653;MER4_20220901_111500_013.wav;0;0.1496722400188446;0
2654;MER4_20220901_111500_014.wav;0;0.14394620060920715;0
2655;MER4_20220901_111500_015.wav;0;0.16119198501110077;0
2656;MER4_20220901_111500_016.wav;0;0.07257121056318283;0
2657;MER4_20220901_111500_017.wav;0;0.12524093687534332;0
2658;MER4_20220901_111500_018.wav;0;0.327132910490036;0
2659;MER4_20220901_111500_019.wav;0;0.031158795580267906;0
2660;MER4_20220901_120000_000.wav;0;0.13940875232219696;0
2661;MER4_20220901_120000_001.wav;0;0.08865848183631897;0
2662;MER4_20220901_120000_002.wav;0;0.1123846024274826;0
2663;MER4_20220901_120000_003.wav;0;0.19789238274097443;0
2664;MER4_20220901_120000_004.wav;0;0.13157647848129272;0
2665;MER4_20220901_120000_005.wav;0;0.11030728369951248;0
2666;MER4_20220901_120000_006.wav;0;0.15517295897006989;0
2667;MER4_20220901_120000_007.wav;0;0.16256868839263916;0
2668;MER4_20220901_120000_008.wav;0;0.15804627537727356;0
2669;MER4_20220901_120000_009.wav;0;0.32782408595085144;0
2670;MER4_20220901_120000_010.wav;0;0.13099715113639832;0
2671;MER4_20220901_120000_011.wav;0;0.1656780242919922;0
2672;MER4_20220901_120000_012.wav;0;0.16232697665691376;0
2673;MER4_20220901_120000_013.wav;0;0.18370933830738068;0
2674;MER4_20220901_120000_014.wav;0;0.14328217506408691;0
2675;MER4_20220901_120000_015.wav;0;0.04861965402960777;0
2676;MER4_20220901_120000_016.wav;0;0.1384129673242569;0
2677;MER4_20220901_120000_017.wav;0;0.10495419800281525;0
2678;MER4_20220901_120000_018.wav;0;0.10043373703956604;0
2679;MER4_20220901_120000_019.wav;0;0.08629230409860611;0
2680;MER4_20220901_184500_000.wav;0;0.6656124591827393;0
2681;MER4_20220901_184500_001.wav;0;0.4233066141605377;0
2682;MER4_20220901_184500_002.wav;0;0.08912965655326843;0
2683;MER4_20220901_184500_003.wav;0;0.07065162062644958;0
2684;MER4_20220901_184500_004.wav;0;0.1815321296453476;0
2685;MER4_20220901_184500_005.wav;0;0.15885595977306366;0
2686;MER4_20220901_184500_006.wav;0;0.13368259370326996;0
2687;MER4_20220901_184500_007.wav;0;0.04082806780934334;0
2688;MER4_20220901_184500_008.wav;0;0.5179211497306824;0
2689;MER4_20220901_184500_009.wav;0;0.11137253791093826;0
2690;MER4_20220901_184500_010.wav;0;0.2661799490451813;0
2691;MER4_20220901_184500_011.wav;0;0.5281818509101868;0
2692;MER4_20220901_184500_012.wav;0;0.11313708871603012;0
2693;MER4_20220901_184500_013.wav;0;0.051288437098264694;0
2694;MER4_20220901_184500_014.wav;0;0.033513110131025314;0
2695;MER4_20220901_184500_015.wav;0;0.04759069159626961;0
2696;MER4_20220901_184500_016.wav;0;0.02493089810013771;0
2697;MER4_20220901_184500_017.wav;0;0.024862442165613174;0
2698;MER4_20220901_184500_018.wav;0;0.009702752344310284;0
2699;MER4_20220901_184500_019.wav;0;0.023461537435650826;0
2700;MER4_20220903_014500_000.wav;0;0.07935082167387009;0
2701;MER4_20220903_014500_001.wav;0;0.07907680422067642;0
2702;MER4_20220903_014500_002.wav;0;0.059851888567209244;0
2703;MER4_20220903_014500_003.wav;0;0.04892220348119736;0
2704;MER4_20220903_014500_004.wav;0;0.07242517173290253;0
2705;MER4_20220903_014500_005.wav;0;0.108269102871418;0
2706;MER4_20220903_014500_006.wav;0;0.040998999029397964;0
2707;MER4_20220903_014500_007.wav;0;0.07628311961889267;0
2708;MER4_20220903_014500_008.wav;0;0.16406947374343872;0
2709;MER4_20220903_014500_009.wav;0;0.15402036905288696;0
2710;MER4_20220903_014500_010.wav;0;0.099859319627285;0
2711;MER4_20220903_014500_011.wav;0;0.11160024255514145;0
2712;MER4_20220903_014500_012.wav;0;0.11026447266340256;0
2713;MER4_20220903_014500_013.wav;0;0.06350859999656677;0
2714;MER4_20220903_014500_014.wav;0;0.08509507030248642;0
2715;MER4_20220903_014500_015.wav;0;0.08224382996559143;0
2716;MER4_20220903_014500_016.wav;0;0.1648656576871872;0
2717;MER4_20220903_014500_017.wav;0;0.31457966566085815;0
2718;MER4_20220903_014500_018.wav;0;0.18092507123947144;0
2719;MER4_20220903_014500_019.wav;0;0.14899539947509766;0
2720;MER4_20220903_124500_000.wav;0;0.12582658231258392;0
2721;MER4_20220903_124500_001.wav;0;0.08875066041946411;0
2722;MER4_20220903_124500_002.wav;0;0.1144290417432785;0
2723;MER4_20220903_124500_003.wav;0;0.12685100734233856;0
2724;MER4_20220903_124500_004.wav;0;0.18739092350006104;0
2725;MER4_20220903_124500_005.wav;0;0.1498376876115799;0
2726;MER4_20220903_124500_006.wav;0;0.17300449311733246;0
2727;MER4_20220903_124500_007.wav;0;0.13363876938819885;0
2728;MER4_20220903_124500_008.wav;0;0.09166024625301361;0
2729;MER4_20220903_124500_009.wav;0;0.14483675360679626;0
2730;MER4_20220903_124500_010.wav;0;0.12699103355407715;0
2731;MER4_20220903_124500_011.wav;0;0.15011513233184814;0
2732;MER4_20220903_124500_012.wav;0;0.1480167806148529;0
2733;MER4_20220903_124500_013.wav;0;0.13041502237319946;0
2734;MER4_20220903_124500_014.wav;0;0.06967935711145401;0
2735;MER4_20220903_124500_015.wav;0;0.14563895761966705;0
2736;MER4_20220903_124500_016.wav;0;0.15273627638816833;0
2737;MER4_20220903_124500_017.wav;0;0.13555821776390076;0
2738;MER4_20220903_124500_018.wav;0;0.11266758292913437;0
2739;MER4_20220903_124500_019.wav;0;0.283153235912323;0
2740;MER4_20220903_144500_000.wav;0;0.11514080315828323;0
2741;MER4_20220903_144500_001.wav;0;0.12370438128709793;0
2742;MER4_20220903_144500_002.wav;0;0.09572972357273102;0
2743;MER4_20220903_144500_003.wav;0;0.13101226091384888;0
2744;MER4_20220903_144500_004.wav;0;0.16309267282485962;0
2745;MER4_20220903_144500_005.wav;0;0.13172562420368195;0
2746;MER4_20220903_144500_006.wav;0;0.15073230862617493;0
2747;MER4_20220903_144500_007.wav;0;0.1436229944229126;0
2748;MER4_20220903_144500_008.wav;0;0.21686705946922302;0
2749;MER4_20220903_144500_009.wav;0;0.16634172201156616;0
2750;MER4_20220903_144500_010.wav;0;0.16866885125637054;0
2751;MER4_20220903_144500_011.wav;0;0.2988101840019226;0
2752;MER4_20220903_144500_012.wav;0;0.1874484121799469;0
2753;MER4_20220903_144500_013.wav;0;0.17026358842849731;0
2754;MER4_20220903_144500_014.wav;0;0.16775360703468323;0
2755;MER4_20220903_144500_015.wav;0;0.34222695231437683;0
2756;MER4_20220903_144500_016.wav;0;0.21094517409801483;0
2757;MER4_20220903_144500_017.wav;0;0.14377236366271973;0
2758;MER4_20220903_144500_018.wav;0;0.1177789643406868;0
2759;MER4_20220903_144500_019.wav;0;0.13177649676799774;0
2760;MER4_20220903_200000_000.wav;0;0.06629905849695206;0
2761;MER4_20220903_200000_001.wav;0;0.21057970821857452;0
2762;MER4_20220903_200000_002.wav;0;0.10304787009954453;0
2763;MER4_20220903_200000_003.wav;0;0.0937449261546135;0
2764;MER4_20220903_200000_004.wav;0;0.18622609972953796;0
2765;MER4_20220903_200000_005.wav;0;0.06252309679985046;0
2766;MER4_20220903_200000_006.wav;0;0.1108463853597641;0
2767;MER4_20220903_200000_007.wav;0;0.09856098145246506;0
2768;MER4_20220903_200000_008.wav;0;0.14538763463497162;0
2769;MER4_20220903_200000_009.wav;0;0.07221267372369766;0
2770;MER4_20220903_200000_010.wav;0;0.11861688643693924;0
2771;MER4_20220903_200000_011.wav;0;0.12399941682815552;0
2772;MER4_20220903_200000_012.wav;0;0.049001313745975494;0
2773;MER4_20220903_200000_013.wav;0;0.4196109175682068;0
2774;MER4_20220903_200000_014.wav;0;0.1577649712562561;0
2775;MER4_20220903_200000_015.wav;0;0.13373354077339172;0
2776;MER4_20220903_200000_016.wav;0;0.606797993183136;0
2777;MER4_20220903_200000_017.wav;0;0.2988737225532532;0
2778;MER4_20220903_200000_018.wav;0;0.08757245540618896;0
2779;MER4_20220903_200000_019.wav;0;0.06979421526193619;0
2780;MER4_20220905_010000_000.wav;0;0.14176824688911438;0
2781;MER4_20220905_010000_001.wav;0;0.17539390921592712;0
2782;MER4_20220905_010000_002.wav;0;0.1274328976869583;0
2783;MER4_20220905_010000_003.wav;0;0.11361946910619736;0
2784;MER4_20220905_010000_004.wav;0;0.12349347025156021;0
2785;MER4_20220905_010000_005.wav;0;0.27839726209640503;0
2786;MER4_20220905_010000_006.wav;0;0.07415778934955597;0
2787;MER4_20220905_010000_007.wav;0;0.10468864440917969;0
2788;MER4_20220905_010000_008.wav;0;0.09884190559387207;0
2789;MER4_20220905_010000_009.wav;0;0.12532161176204681;0
2790;MER4_20220905_010000_010.wav;0;0.10187426954507828;0
2791;MER4_20220905_010000_011.wav;0;0.12721233069896698;0
2792;MER4_20220905_010000_012.wav;0;0.16338735818862915;0
2793;MER4_20220905_010000_013.wav;0;0.19940058887004852;0
2794;MER4_20220905_010000_014.wav;0;0.18666037917137146;0
2795;MER4_20220905_010000_015.wav;0;0.14039765298366547;0
2796;MER4_20220905_010000_016.wav;0;0.16568376123905182;0
2797;MER4_20220905_010000_017.wav;0;0.14693886041641235;0
2798;MER4_20220905_010000_018.wav;0;0.12795178592205048;0
2799;MER4_20220905_010000_019.wav;0;0.14821891486644745;0
2800;MER4_20220905_034500_000.wav;0;0.17709359526634216;0
2801;MER4_20220905_034500_001.wav;0;0.15177233517169952;0
2802;MER4_20220905_034500_002.wav;0;0.15510332584381104;0
2803;MER4_20220905_034500_003.wav;0;0.128744438290596;0
2804;MER4_20220905_034500_004.wav;0;0.1304333657026291;0
2805;MER4_20220905_034500_005.wav;0;0.1461406946182251;0
2806;MER4_20220905_034500_006.wav;0;0.07606914639472961;0
2807;MER4_20220905_034500_007.wav;0;0.06844599545001984;0
2808;MER4_20220905_034500_008.wav;0;0.15374885499477386;0
2809;MER4_20220905_034500_009.wav;0;0.15724419057369232;0
2810;MER4_20220905_034500_010.wav;0;0.18200118839740753;0
2811;MER4_20220905_034500_011.wav;0;0.2891867160797119;0
2812;MER4_20220905_034500_012.wav;0;0.1713244467973709;0
2813;MER4_20220905_034500_013.wav;0;0.23490490019321442;0
2814;MER4_20220905_034500_014.wav;0;0.13027960062026978;0
2815;MER4_20220905_034500_015.wav;0;0.22159652411937714;0
2816;MER4_20220905_034500_016.wav;0;0.1453259289264679;0
2817;MER4_20220905_034500_017.wav;0;0.4395540654659271;0
2818;MER4_20220905_034500_018.wav;0;0.37647509574890137;0
2819;MER4_20220905_034500_019.wav;0;0.3123215138912201;0
2820;MER4_20220905_080000_000.wav;0;0.18834494054317474;0
2821;MER4_20220905_080000_001.wav;0;0.21065272390842438;0
2822;MER4_20220905_080000_002.wav;0;0.7038665413856506;0
2823;MER4_20220905_080000_003.wav;0;0.1294359266757965;0
2824;MER4_20220905_080000_004.wav;0;0.5469333529472351;0
2825;MER4_20220905_080000_005.wav;0;0.36676186323165894;0
2826;MER4_20220905_080000_006.wav;0;0.1419599950313568;0
2827;MER4_20220905_080000_007.wav;0;0.15830467641353607;0
2828;MER4_20220905_080000_008.wav;0;0.24882188439369202;0
2829;MER4_20220905_080000_009.wav;0;0.21504758298397064;0
2830;MER4_20220905_080000_010.wav;0;0.2150903046131134;0
2831;MER4_20220905_080000_011.wav;0;0.4101767838001251;0
2832;MER4_20220905_080000_012.wav;0;0.4804441034793854;0
2833;MER4_20220905_080000_013.wav;0;0.28146815299987793;0
2834;MER4_20220905_080000_014.wav;0;0.568697988986969;0
2835;MER4_20220905_080000_015.wav;0;0.28917554020881653;0
2836;MER4_20220905_080000_016.wav;0;0.5330029726028442;0
2837;MER4_20220905_080000_017.wav;0;0.17195215821266174;0
2838;MER4_20220905_080000_018.wav;0;0.1123146191239357;0
2839;MER4_20220905_080000_019.wav;0;0.6716572642326355;0
2840;MER4_20220905_103000_000.wav;0;0.6438993215560913;0
2841;MER4_20220905_103000_001.wav;0;0.7307059168815613;0
2842;MER4_20220905_103000_002.wav;0;0.8277626633644104;0
2843;MER4_20220905_103000_003.wav;0;0.3236621022224426;0
2844;MER4_20220905_103000_004.wav;0;0.5636548399925232;0
2845;MER4_20220905_103000_005.wav;0;0.6203437447547913;0
2846;MER4_20220905_103000_006.wav;0;0.4826049208641052;0
2847;MER4_20220905_103000_007.wav;0;0.30872392654418945;0
2848;MER4_20220905_103000_008.wav;0;0.5614538192749023;0
2849;MER4_20220905_103000_009.wav;0;0.6729372143745422;0
2850;MER4_20220905_103000_010.wav;0;0.6841057538986206;0
2851;MER4_20220905_103000_011.wav;0;0.5504046082496643;0
2852;MER4_20220905_103000_012.wav;0;0.9063806533813477;0
2853;MER4_20220905_103000_013.wav;0;0.9430171251296997;0
2854;MER4_20220905_103000_014.wav;0;0.1865834891796112;0
2855;MER4_20220905_103000_015.wav;0;0.7672237157821655;0
2856;MER4_20220905_103000_016.wav;0;0.9816255569458008;0
2857;MER4_20220905_103000_017.wav;0;0.6797524094581604;0
2858;MER4_20220905_103000_018.wav;0;0.4666721820831299;0
2859;MER4_20220905_103000_019.wav;0;0.8646080493927002;0
2860;MER5_20220619_060000_000.wav;0;0.04832054302096367;0
2861;MER5_20220619_060000_001.wav;0;0.05080268904566765;0
2862;MER5_20220619_060000_002.wav;0;0.07995841652154922;0
2863;MER5_20220619_060000_003.wav;0;0.11128894239664078;0
2864;MER5_20220619_060000_004.wav;0;0.2916930019855499;0
2865;MER5_20220619_060000_005.wav;0;0.09507130831480026;0
2866;MER5_20220619_060000_006.wav;0;0.08641687035560608;0
2867;MER5_20220619_060000_007.wav;0;0.12979023158550262;0
2868;MER5_20220619_060000_008.wav;0;0.08451128751039505;0
2869;MER5_20220619_060000_009.wav;0;0.08073600381612778;0
2870;MER5_20220619_060000_010.wav;0;0.15903086960315704;0
2871;MER5_20220619_060000_011.wav;0;0.2770878076553345;0
2872;MER5_20220619_060000_012.wav;0;0.30215007066726685;0
2873;MER5_20220619_060000_013.wav;0;0.24264147877693176;0
2874;MER5_20220619_060000_014.wav;0;0.13570170104503632;0
2875;MER5_20220619_060000_015.wav;0;0.11293140798807144;0
2876;MER5_20220619_060000_016.wav;0;0.09806407243013382;0
2877;MER5_20220619_060000_017.wav;0;0.07840541750192642;0
2878;MER5_20220619_060000_018.wav;0;0.30693987011909485;0
2879;MER5_20220619_060000_019.wav;0;0.14571167528629303;0
2880;MER5_20220619_070000_000.wav;0;0.14425908029079437;0
2881;MER5_20220619_070000_001.wav;0;0.13705046474933624;0
2882;MER5_20220619_070000_002.wav;0;0.2635537087917328;0
2883;MER5_20220619_070000_003.wav;0;0.08153918385505676;0
2884;MER5_20220619_070000_004.wav;0;0.13409151136875153;0
2885;MER5_20220619_070000_005.wav;0;0.1328304558992386;0
2886;MER5_20220619_070000_006.wav;0;0.09616386890411377;0
2887;MER5_20220619_070000_007.wav;0;0.06843073666095734;0
2888;MER5_20220619_070000_008.wav;0;0.08884547650814056;0
2889;MER5_20220619_070000_009.wav;0;0.09029072523117065;0
2890;MER5_20220619_070000_010.wav;0;0.15375639498233795;0
2891;MER5_20220619_070000_011.wav;0;0.16348157823085785;0
2892;MER5_20220619_070000_012.wav;0;0.11268949508666992;0
2893;MER5_20220619_070000_013.wav;0;0.17988109588623047;0
2894;MER5_20220619_070000_014.wav;0;0.14580568671226501;0
2895;MER5_20220619_070000_015.wav;0;0.13088379800319672;0
2896;MER5_20220619_070000_016.wav;0;0.1817210465669632;0
2897;MER5_20220619_070000_017.wav;0;0.4166410565376282;0
2898;MER5_20220619_070000_018.wav;0;0.14176876842975616;0
2899;MER5_20220619_070000_019.wav;0;0.123688243329525;0
2900;MER5_20220621_044500_000.wav;0;0.5443004965782166;0
2901;MER5_20220621_044500_001.wav;0;0.503368079662323;0
2902;MER5_20220621_044500_002.wav;0;0.1895342618227005;0
2903;MER5_20220621_044500_003.wav;0;0.6455778479576111;0
2904;MER5_20220621_044500_004.wav;0;0.6765283346176147;0
2905;MER5_20220621_044500_005.wav;0;0.6337687969207764;0
2906;MER5_20220621_044500_006.wav;0;0.5652581453323364;0
2907;MER5_20220621_044500_007.wav;0;0.7855610251426697;0
2908;MER5_20220621_044500_008.wav;0;0.13054364919662476;0
2909;MER5_20220621_044500_009.wav;0;0.4333069324493408;0
2910;MER5_20220621_044500_010.wav;0;0.8656650185585022;0
2911;MER5_20220621_044500_011.wav;0;0.6165496706962585;0
2912;MER5_20220621_044500_012.wav;0;0.7805388569831848;0
2913;MER5_20220621_044500_013.wav;0;0.6416376829147339;0
2914;MER5_20220621_044500_014.wav;0;0.6215988993644714;0
2915;MER5_20220621_044500_015.wav;0;0.5222244262695312;0
2916;MER5_20220621_044500_016.wav;0;0.10070142894983292;0
2917;MER5_20220621_044500_017.wav;0;0.2624781131744385;0
2918;MER5_20220621_044500_018.wav;0;0.3615472912788391;0
2919;MER5_20220621_044500_019.wav;0;0.1062287911772728;0
2920;MER5_20220623_000000_000.wav;0;0.11179518699645996;0
2921;MER5_20220623_000000_001.wav;0;0.42581817507743835;0
2922;MER5_20220623_000000_002.wav;0;0.6129148602485657;0
2923;MER5_20220623_000000_003.wav;0;0.5934635400772095;0
2924;MER5_20220623_000000_004.wav;0;0.15894350409507751;0
2925;MER5_20220623_000000_005.wav;0;0.382999986410141;0
2926;MER5_20220623_000000_006.wav;0;0.4761316776275635;0
2927;MER5_20220623_000000_007.wav;0;0.24955637753009796;0
2928;MER5_20220623_000000_008.wav;0;0.2190682739019394;0
2929;MER5_20220623_000000_009.wav;0;0.20750175416469574;0
2930;MER5_20220623_000000_010.wav;0;0.40664827823638916;0
2931;MER5_20220623_000000_011.wav;0;0.30514952540397644;0
2932;MER5_20220623_000000_012.wav;0;0.15704414248466492;0
2933;MER5_20220623_000000_013.wav;0;0.11109331250190735;0
2934;MER5_20220623_000000_014.wav;0;0.39188799262046814;0
2935;MER5_20220623_000000_015.wav;0;0.251078724861145;0
2936;MER5_20220623_000000_016.wav;0;0.1741560995578766;0
2937;MER5_20220623_000000_017.wav;0;0.3494086265563965;0
2938;MER5_20220623_000000_018.wav;0;0.4339257776737213;0
2939;MER5_20220623_000000_019.wav;0;0.2619740068912506;0
2940;MER5_20220625_011500_000.wav;0;0.12166862934827805;0
2941;MER5_20220625_011500_001.wav;0;0.2557910978794098;0
2942;MER5_20220625_011500_002.wav;0;0.3137347996234894;0
2943;MER5_20220625_011500_003.wav;0;0.09153895080089569;0
2944;MER5_20220625_011500_004.wav;0;0.43097585439682007;0
2945;MER5_20220625_011500_005.wav;0;0.20831170678138733;0
2946;MER5_20220625_011500_006.wav;0;0.4505448341369629;0
2947;MER5_20220625_011500_007.wav;0;0.40111052989959717;0
2948;MER5_20220625_011500_008.wav;0;0.10468952357769012;0
2949;MER5_20220625_011500_009.wav;0;0.07574929296970367;0
2950;MER5_20220625_011500_010.wav;0;0.5267021656036377;0
2951;MER5_20220625_011500_011.wav;0;0.7383179664611816;0
2952;MER5_20220625_011500_012.wav;0;0.8242732882499695;0
2953;MER5_20220625_011500_013.wav;0;0.7311273813247681;0
2954;MER5_20220625_011500_014.wav;0;0.7496854066848755;0
2955;MER5_20220625_011500_015.wav;0;0.8603515028953552;0
2956;MER5_20220625_011500_016.wav;0;0.48874714970588684;0
2957;MER5_20220625_011500_017.wav;0;0.6208075284957886;0
2958;MER5_20220625_011500_018.wav;0;0.7633546590805054;0
2959;MER5_20220625_011500_019.wav;0;0.7714574337005615;0
2960;MER5_20220625_131500_000.wav;0;0.8765831589698792;0
2961;MER5_20220625_131500_001.wav;0;0.949366569519043;0
2962;MER5_20220625_131500_002.wav;0;0.898838996887207;0
2963;MER5_20220625_131500_003.wav;0;0.9390012621879578;0
2964;MER5_20220625_131500_004.wav;0;0.9682784676551819;0
2965;MER5_20220625_131500_005.wav;0;0.8197907209396362;0
2966;MER5_20220625_131500_006.wav;0;0.8104705214500427;0
2967;MER5_20220625_131500_007.wav;0;0.7635719776153564;0
2968;MER5_20220625_131500_008.wav;0;0.778053343296051;0
2969;MER5_20220625_131500_009.wav;0;0.0898699089884758;0
2970;MER5_20220625_131500_010.wav;0;0.5927997827529907;0
2971;MER5_20220625_131500_011.wav;0;0.36368289589881897;0
2972;MER5_20220625_131500_012.wav;0;0.3401337265968323;0
2973;MER5_20220625_131500_013.wav;0;0.17954714596271515;0
2974;MER5_20220625_131500_014.wav;0;0.4136234223842621;0
2975;MER5_20220625_131500_015.wav;0;0.2703503966331482;0
2976;MER5_20220625_131500_016.wav;0;0.40704768896102905;0
2977;MER5_20220625_131500_017.wav;0;0.5412777066230774;0
2978;MER5_20220625_131500_018.wav;0;0.663878321647644;0
2979;MER5_20220625_131500_019.wav;0;0.9272079467773438;0
2980;MER5_20220627_221500_000.wav;0;0.7611295580863953;0
2981;MER5_20220627_221500_001.wav;0;0.23148903250694275;0
2982;MER5_20220627_221500_002.wav;0;0.5862855911254883;0
2983;MER5_20220627_221500_003.wav;0;0.7251789569854736;0
2984;MER5_20220627_221500_004.wav;0;0.27224108576774597;0
2985;MER5_20220627_221500_005.wav;0;0.59004145860672;0
2986;MER5_20220627_221500_006.wav;0;0.08925049751996994;0
2987;MER5_20220627_221500_007.wav;0;0.8309375643730164;0
2988;MER5_20220627_221500_008.wav;0;0.4232516884803772;0
2989;MER5_20220627_221500_009.wav;0;0.4445437788963318;0
2990;MER5_20220627_221500_010.wav;0;0.19293400645256042;0
2991;MER5_20220627_221500_011.wav;0;0.3946886658668518;0
2992;MER5_20220627_221500_012.wav;0;0.4039175510406494;0
2993;MER5_20220627_221500_013.wav;0;0.2624785006046295;0
2994;MER5_20220627_221500_014.wav;0;0.2658757269382477;0
2995;MER5_20220627_221500_015.wav;0;0.3329426646232605;0
2996;MER5_20220627_221500_016.wav;0;0.7322152853012085;0
2997;MER5_20220627_221500_017.wav;0;0.6350555419921875;0
2998;MER5_20220627_221500_018.wav;0;0.33364230394363403;0
2999;MER5_20220627_221500_019.wav;0;0.10701113194227219;0
3000;MER5_20220629_071500_000.wav;0;0.971659779548645;0
3001;MER5_20220629_071500_001.wav;0;0.980873167514801;0
3002;MER5_20220629_071500_002.wav;0;0.9913937449455261;0
3003;MER5_20220629_071500_003.wav;0;0.9660431742668152;0
3004;MER5_20220629_071500_004.wav;0;0.8744181394577026;0
3005;MER5_20220629_071500_005.wav;0;0.9695515036582947;0
3006;MER5_20220629_071500_006.wav;0;0.9754383563995361;0
3007;MER5_20220629_071500_007.wav;0;0.9764974117279053;0
3008;MER5_20220629_071500_008.wav;0;0.9911943674087524;0
3009;MER5_20220629_071500_009.wav;0;0.9431766271591187;0
3010;MER5_20220629_071500_010.wav;0;0.9482316374778748;0
3011;MER5_20220629_071500_011.wav;0;0.9326463937759399;0
3012;MER5_20220629_071500_012.wav;0;0.9410034418106079;0
3013;MER5_20220629_071500_013.wav;0;0.9395092129707336;0
3014;MER5_20220629_071500_014.wav;0;0.9683285355567932;0
3015;MER5_20220629_071500_015.wav;0;0.8979014158248901;0
3016;MER5_20220629_071500_016.wav;0;0.9584154486656189;0
3017;MER5_20220629_071500_017.wav;0;0.9785861968994141;0
3018;MER5_20220629_071500_018.wav;0;0.9486638903617859;0
3019;MER5_20220629_071500_019.wav;0;0.9481567144393921;0
3020;MER5_20220629_121500_000.wav;0;0.2761719226837158;0
3021;MER5_20220629_121500_001.wav;0;0.4921685755252838;0
3022;MER5_20220629_121500_002.wav;0;0.17818056046962738;0
3023;MER5_20220629_121500_003.wav;0;0.362641841173172;0
3024;MER5_20220629_121500_004.wav;0;0.3096911907196045;0
3025;MER5_20220629_121500_005.wav;0;0.3453212380409241;0
3026;MER5_20220629_121500_006.wav;0;0.37659984827041626;0
3027;MER5_20220629_121500_007.wav;0;0.18717746436595917;0
3028;MER5_20220629_121500_008.wav;0;0.023171570152044296;0
3029;MER5_20220629_121500_009.wav;0;0.4632647931575775;0
3030;MER5_20220629_121500_010.wav;0;0.13844850659370422;0
3031;MER5_20220629_121500_011.wav;0;0.2357264906167984;0
3032;MER5_20220629_121500_012.wav;0;0.3487218916416168;0
3033;MER5_20220629_121500_013.wav;0;0.653653085231781;0
3034;MER5_20220629_121500_014.wav;0;0.2787170708179474;0
3035;MER5_20220629_121500_015.wav;0;0.4419093430042267;0
3036;MER5_20220629_121500_016.wav;0;0.8077915906906128;0
3037;MER5_20220629_121500_017.wav;0;0.41336265206336975;0
3038;MER5_20220629_121500_018.wav;0;0.41427960991859436;0
3039;MER5_20220629_121500_019.wav;0;0.23549947142601013;0
3040;MER5_20220629_134500_000.wav;0;0.14396561682224274;0
3041;MER5_20220629_134500_001.wav;0;0.0580885075032711;0
3042;MER5_20220629_134500_002.wav;0;0.763350248336792;0
3043;MER5_20220629_134500_003.wav;0;0.1692626178264618;0
3044;MER5_20220629_134500_004.wav;0;0.7307084798812866;0
3045;MER5_20220629_134500_005.wav;0;0.28955748677253723;0
3046;MER5_20220629_134500_006.wav;0;0.3820245862007141;0
3047;MER5_20220629_134500_007.wav;0;0.5647889375686646;0
3048;MER5_20220629_134500_008.wav;0;0.10647373646497726;0
3049;MER5_20220629_134500_009.wav;0;0.2491125464439392;0
3050;MER5_20220629_134500_010.wav;0;0.22410517930984497;0
3051;MER5_20220629_134500_011.wav;0;0.4609586298465729;0
3052;MER5_20220629_134500_012.wav;0;0.7242968082427979;0
3053;MER5_20220629_134500_013.wav;0;0.6174396276473999;0
3054;MER5_20220629_134500_014.wav;0;0.5091627240180969;0
3055;MER5_20220629_134500_015.wav;0;0.18146269023418427;0
3056;MER5_20220629_134500_016.wav;0;0.17720600962638855;0
3057;MER5_20220629_134500_017.wav;0;0.0645221471786499;0
3058;MER5_20220629_134500_018.wav;0;0.07549671828746796;0
3059;MER5_20220629_134500_019.wav;0;0.0404728464782238;0
3060;MER5_20220629_193000_000.wav;0;0.7257779836654663;0
3061;MER5_20220629_193000_001.wav;0;0.42907968163490295;0
3062;MER5_20220629_193000_002.wav;0;0.12113796174526215;0
3063;MER5_20220629_193000_003.wav;0;0.5079678893089294;0
3064;MER5_20220629_193000_004.wav;0;0.3314302861690521;0
3065;MER5_20220629_193000_005.wav;0;0.4766547679901123;0
3066;MER5_20220629_193000_006.wav;0;0.7537781000137329;0
3067;MER5_20220629_193000_007.wav;0;0.6035096645355225;0
3068;MER5_20220629_193000_008.wav;0;0.31056132912635803;0
3069;MER5_20220629_193000_009.wav;0;0.4692314863204956;0
3070;MER5_20220629_193000_010.wav;0;0.7172747850418091;0
3071;MER5_20220629_193000_011.wav;0;0.09724672138690948;0
3072;MER5_20220629_193000_012.wav;0;0.9085046052932739;0
3073;MER5_20220629_193000_013.wav;0;0.9292000532150269;0
3074;MER5_20220629_193000_014.wav;0;0.9806928038597107;0
3075;MER5_20220629_193000_015.wav;0;0.9153204560279846;0
3076;MER5_20220629_193000_016.wav;0;0.9013071656227112;0
3077;MER5_20220629_193000_017.wav;0;0.6357895731925964;0
3078;MER5_20220629_193000_018.wav;0;0.7668715715408325;0
3079;MER5_20220629_193000_019.wav;0;0.922437310218811;0
3080;MER5_20220629_230000_000.wav;0;0.8743545413017273;0
3081;MER5_20220629_230000_001.wav;0;0.9418414831161499;0
3082;MER5_20220629_230000_002.wav;0;0.6586224436759949;0
3083;MER5_20220629_230000_003.wav;0;0.8301611542701721;0
3084;MER5_20220629_230000_004.wav;0;0.8367254137992859;0
3085;MER5_20220629_230000_005.wav;0;0.8857670426368713;0
3086;MER5_20220629_230000_006.wav;0;0.8833824992179871;0
3087;MER5_20220629_230000_007.wav;0;0.955289363861084;0
3088;MER5_20220629_230000_008.wav;0;0.8472735285758972;0
3089;MER5_20220629_230000_009.wav;0;0.8535768985748291;0
3090;MER5_20220629_230000_010.wav;0;0.8566082715988159;0
3091;MER5_20220629_230000_011.wav;0;0.9133536219596863;0
3092;MER5_20220629_230000_012.wav;0;0.8961507081985474;0
3093;MER5_20220629_230000_013.wav;0;0.9160918593406677;0
3094;MER5_20220629_230000_014.wav;0;0.9200140237808228;0
3095;MER5_20220629_230000_015.wav;0;0.9188995957374573;0
3096;MER5_20220629_230000_016.wav;0;0.6630479097366333;0
3097;MER5_20220629_230000_017.wav;0;0.9310359954833984;0
3098;MER5_20220629_230000_018.wav;0;0.9249058961868286;0
3099;MER5_20220629_230000_019.wav;0;0.8077112436294556;0
3100;MER5_20220701_201500_000.wav;0;0.8275898694992065;0
3101;MER5_20220701_201500_001.wav;0;0.6602897047996521;0
3102;MER5_20220701_201500_002.wav;0;0.9238563179969788;0
3103;MER5_20220701_201500_003.wav;0;0.9361497163772583;0
3104;MER5_20220701_201500_004.wav;0;0.968800961971283;0
3105;MER5_20220701_201500_005.wav;0;0.9182755947113037;0
3106;MER5_20220701_201500_006.wav;0;0.749343991279602;0
3107;MER5_20220701_201500_007.wav;0;0.9338096380233765;0
3108;MER5_20220701_201500_008.wav;0;0.9280332922935486;0
3109;MER5_20220701_201500_009.wav;0;0.8925459980964661;0
3110;MER5_20220701_201500_010.wav;0;0.9315760731697083;0
3111;MER5_20220701_201500_011.wav;0;0.9423772692680359;0
3112;MER5_20220701_201500_012.wav;0;0.8361645936965942;0
3113;MER5_20220701_201500_013.wav;0;0.948975145816803;0
3114;MER5_20220701_201500_014.wav;0;0.9180889129638672;0
3115;MER5_20220701_201500_015.wav;0;0.9567766189575195;0
3116;MER5_20220701_201500_016.wav;0;0.9212702512741089;0
3117;MER5_20220701_201500_017.wav;0;0.8409523963928223;0
3118;MER5_20220701_201500_018.wav;0;0.8899438381195068;0
3119;MER5_20220701_201500_019.wav;0;0.8562979102134705;0
3120;MER5_20220703_044500_000.wav;0;0.8022470474243164;0
3121;MER5_20220703_044500_001.wav;0;0.8972728848457336;0
3122;MER5_20220703_044500_002.wav;0;0.910734236240387;0
3123;MER5_20220703_044500_003.wav;0;0.9692378044128418;0
3124;MER5_20220703_044500_004.wav;0;0.8690986633300781;0
3125;MER5_20220703_044500_005.wav;0;0.9382966160774231;0
3126;MER5_20220703_044500_006.wav;0;0.8954835534095764;0
3127;MER5_20220703_044500_007.wav;0;0.9867457747459412;0
3128;MER5_20220703_044500_008.wav;0;0.8227552771568298;0
3129;MER5_20220703_044500_009.wav;0;0.978260338306427;0
3130;MER5_20220703_044500_010.wav;0;0.9630510210990906;0
3131;MER5_20220703_044500_011.wav;0;0.5419713258743286;0
3132;MER5_20220703_044500_012.wav;0;0.9255929589271545;0
3133;MER5_20220703_044500_013.wav;0;0.9281404614448547;0
3134;MER5_20220703_044500_014.wav;0;0.9629138708114624;0
3135;MER5_20220703_044500_015.wav;0;0.9797623753547668;0
3136;MER5_20220703_044500_016.wav;0;0.8234923481941223;0
3137;MER5_20220703_044500_017.wav;0;0.7963365912437439;0
3138;MER5_20220703_044500_018.wav;0;0.9448317289352417;0
3139;MER5_20220703_044500_019.wav;0;0.9238191843032837;0
3140;MER5_20220705_091500_000.wav;0;0.8717567324638367;0
3141;MER5_20220705_091500_001.wav;0;0.9062726497650146;0
3142;MER5_20220705_091500_002.wav;0;0.9448515176773071;0
3143;MER5_20220705_091500_003.wav;0;0.8596908450126648;0
3144;MER5_20220705_091500_004.wav;0;0.9559299945831299;0
3145;MER5_20220705_091500_005.wav;0;0.936940610408783;0
3146;MER5_20220705_091500_006.wav;0;0.9693766832351685;0
3147;MER5_20220705_091500_007.wav;0;0.9301068782806396;0
3148;MER5_20220705_091500_008.wav;0;0.954904317855835;0
3149;MER5_20220705_091500_009.wav;0;0.9786442518234253;0
3150;MER5_20220705_091500_010.wav;0;0.9458595514297485;0
3151;MER5_20220705_091500_011.wav;0;0.9542697072029114;0
3152;MER5_20220705_091500_012.wav;0;0.9810311198234558;0
3153;MER5_20220705_091500_013.wav;0;0.9528263807296753;0
3154;MER5_20220705_091500_014.wav;0;0.9468994736671448;0
3155;MER5_20220705_091500_015.wav;0;0.9321374893188477;0
3156;MER5_20220705_091500_016.wav;0;0.9521083831787109;0
3157;MER5_20220705_091500_017.wav;0;0.8261721134185791;0
3158;MER5_20220705_091500_018.wav;0;0.9516981244087219;0
3159;MER5_20220705_091500_019.wav;0;0.9588121175765991;0
3160;MER5_20220711_164500_000.wav;0;0.8746362328529358;0
3161;MER5_20220711_164500_001.wav;0;0.85929274559021;0
3162;MER5_20220711_164500_002.wav;0;0.9328991770744324;0
3163;MER5_20220711_164500_003.wav;0;0.9130494594573975;0
3164;MER5_20220711_164500_004.wav;0;0.9314203262329102;0
3165;MER5_20220711_164500_005.wav;0;0.9668106436729431;0
3166;MER5_20220711_164500_006.wav;0;0.9124796390533447;0
3167;MER5_20220711_164500_007.wav;0;0.9722976684570312;0
3168;MER5_20220711_164500_008.wav;0;0.8428599238395691;0
3169;MER5_20220711_164500_009.wav;0;0.9767816662788391;0
3170;MER5_20220711_164500_010.wav;0;0.9189017415046692;0
3171;MER5_20220711_164500_011.wav;0;0.9252731800079346;0
3172;MER5_20220711_164500_012.wav;0;0.9767846465110779;0
3173;MER5_20220711_164500_013.wav;0;0.9688178300857544;0
3174;MER5_20220711_164500_014.wav;0;0.5909605026245117;0
3175;MER5_20220711_164500_015.wav;0;0.9270349740982056;0
3176;MER5_20220711_164500_016.wav;0;0.9246270656585693;0
3177;MER5_20220711_164500_017.wav;0;0.9849880337715149;0
3178;MER5_20220711_164500_018.wav;0;0.9522682428359985;0
3179;MER5_20220711_164500_019.wav;0;0.8898900151252747;0
3180;MER5_20220711_191500_000.wav;0;0.8644621968269348;0
3181;MER5_20220711_191500_001.wav;0;0.9725869297981262;0
3182;MER5_20220711_191500_002.wav;0;0.8808786273002625;0
3183;MER5_20220711_191500_003.wav;0;0.8886843323707581;0
3184;MER5_20220711_191500_004.wav;0;0.7725083827972412;0
3185;MER5_20220711_191500_005.wav;0;0.9760736227035522;0
3186;MER5_20220711_191500_006.wav;0;0.9305504560470581;0
3187;MER5_20220711_191500_007.wav;0;0.3227091431617737;0
3188;MER5_20220711_191500_008.wav;0;0.8085839152336121;0
3189;MER5_20220711_191500_009.wav;0;0.9371564388275146;0
3190;MER5_20220711_191500_010.wav;0;0.8711770176887512;0
3191;MER5_20220711_191500_011.wav;0;0.8521915674209595;0
3192;MER5_20220711_191500_012.wav;0;0.8915280103683472;0
3193;MER5_20220711_191500_013.wav;0;0.8980124592781067;0
3194;MER5_20220711_191500_014.wav;0;0.14310555160045624;0
3195;MER5_20220711_191500_015.wav;0;0.9022260308265686;0
3196;MER5_20220711_191500_016.wav;0;0.8413922190666199;0
3197;MER5_20220711_191500_017.wav;0;0.9446092247962952;0
3198;MER5_20220711_191500_018.wav;0;0.9646912813186646;0
3199;MER5_20220711_191500_019.wav;0;0.3829996883869171;0
3200;MER5_20220717_150000_000.wav;0;0.7664530873298645;0
3201;MER5_20220717_150000_001.wav;0;0.30158528685569763;0
3202;MER5_20220717_150000_002.wav;0;0.8274314999580383;0
3203;MER5_20220717_150000_003.wav;0;0.2960948944091797;0
3204;MER5_20220717_150000_004.wav;0;0.712506890296936;0
3205;MER5_20220717_150000_005.wav;0;0.8249632120132446;0
3206;MER5_20220717_150000_006.wav;0;0.8594380617141724;0
3207;MER5_20220717_150000_007.wav;0;0.34187689423561096;0
3208;MER5_20220717_150000_008.wav;0;0.244899183511734;0
3209;MER5_20220717_150000_009.wav;0;0.7249460816383362;0
3210;MER5_20220717_150000_010.wav;0;0.7227151393890381;0
3211;MER5_20220717_150000_011.wav;0;0.8574603199958801;0
3212;MER5_20220717_150000_012.wav;0;0.5125799179077148;0
3213;MER5_20220717_150000_013.wav;0;0.23941558599472046;0
3214;MER5_20220717_150000_014.wav;0;0.711348295211792;0
3215;MER5_20220717_150000_015.wav;0;0.37791648507118225;0
3216;MER5_20220717_150000_016.wav;0;0.3998267352581024;0
3217;MER5_20220717_150000_017.wav;0;0.2652992308139801;0
3218;MER5_20220717_150000_018.wav;0;0.8693646192550659;0
3219;MER5_20220717_150000_019.wav;0;0.2634483575820923;0
3220;MER5_20220719_081500_000.wav;0;0.8464261293411255;0
3221;MER5_20220719_081500_001.wav;0;0.30345526337623596;0
3222;MER5_20220719_081500_002.wav;0;0.3731437921524048;0
3223;MER5_20220719_081500_003.wav;0;0.8998351693153381;0
3224;MER5_20220719_081500_004.wav;0;0.4056585431098938;0
3225;MER5_20220719_081500_005.wav;0;0.86136794090271;0
3226;MER5_20220719_081500_006.wav;0;0.6323632001876831;0
3227;MER5_20220719_081500_007.wav;0;0.8837101459503174;0
3228;MER5_20220719_081500_008.wav;0;0.8240907192230225;0
3229;MER5_20220719_081500_009.wav;0;0.745851457118988;0
3230;MER5_20220719_081500_010.wav;0;0.4833582043647766;0
3231;MER5_20220719_081500_011.wav;0;0.19216221570968628;0
3232;MER5_20220719_081500_012.wav;0;0.30306756496429443;0
3233;MER5_20220719_081500_013.wav;0;0.5574751496315002;0
3234;MER5_20220719_081500_014.wav;0;0.8813618421554565;0
3235;MER5_20220719_081500_015.wav;0;0.645589292049408;0
3236;MER5_20220719_081500_016.wav;0;0.9085102677345276;0
3237;MER5_20220719_081500_017.wav;0;0.9143008589744568;0
3238;MER5_20220719_081500_018.wav;0;0.8707177639007568;0
3239;MER5_20220719_081500_019.wav;0;0.7992563843727112;0
3240;MER5_20220721_211500_000.wav;0;0.2746330797672272;0
3241;MER5_20220721_211500_001.wav;0;0.33116769790649414;0
3242;MER5_20220721_211500_002.wav;0;0.5905770063400269;0
3243;MER5_20220721_211500_003.wav;0;0.4888942539691925;0
3244;MER5_20220721_211500_004.wav;0;0.19896149635314941;0
3245;MER5_20220721_211500_005.wav;0;0.15486688911914825;0
3246;MER5_20220721_211500_006.wav;0;0.1894974410533905;0
3247;MER5_20220721_211500_007.wav;0;0.3561895191669464;0
3248;MER5_20220721_211500_008.wav;0;0.27269014716148376;0
3249;MER5_20220721_211500_009.wav;0;0.14935627579689026;0
3250;MER5_20220721_211500_010.wav;0;0.12970960140228271;0
3251;MER5_20220721_211500_011.wav;0;0.17978821694850922;0
3252;MER5_20220721_211500_012.wav;0;0.6764121055603027;0
3253;MER5_20220721_211500_013.wav;0;0.8378744721412659;0
3254;MER5_20220721_211500_014.wav;0;0.8191480040550232;0
3255;MER5_20220721_211500_015.wav;0;0.5157589316368103;0
3256;MER5_20220721_211500_016.wav;0;0.404977023601532;0
3257;MER5_20220721_211500_017.wav;0;0.8135718703269958;0
3258;MER5_20220721_211500_018.wav;0;0.5906051397323608;0
3259;MER5_20220721_211500_019.wav;0;0.6317378282546997;0
3260;MER5_20220723_001500_000.wav;0;0.7414961457252502;0
3261;MER5_20220723_001500_001.wav;0;0.15910153090953827;0
3262;MER5_20220723_001500_002.wav;0;0.2496219277381897;0
3263;MER5_20220723_001500_003.wav;0;0.20856350660324097;0
3264;MER5_20220723_001500_004.wav;0;0.4654649794101715;0
3265;MER5_20220723_001500_005.wav;0;0.48327508568763733;0
3266;MER5_20220723_001500_006.wav;0;0.16181311011314392;0
3267;MER5_20220723_001500_007.wav;0;0.3197125494480133;0
3268;MER5_20220723_001500_008.wav;0;0.6498324871063232;0
3269;MER5_20220723_001500_009.wav;0;0.1411946564912796;0
3270;MER5_20220723_001500_010.wav;0;0.7366699576377869;0
3271;MER5_20220723_001500_011.wav;0;0.22199781239032745;0
3272;MER5_20220723_001500_012.wav;0;0.2509782910346985;0
3273;MER5_20220723_001500_013.wav;0;0.24103735387325287;0
3274;MER5_20220723_001500_014.wav;0;0.24867740273475647;0
3275;MER5_20220723_001500_015.wav;0;0.6787460446357727;0
3276;MER5_20220723_001500_016.wav;0;0.7190234661102295;0
3277;MER5_20220723_001500_017.wav;0;0.4398581087589264;0
3278;MER5_20220723_001500_018.wav;0;0.3801126778125763;0
3279;MER5_20220723_001500_019.wav;0;0.1484619677066803;0
3280;MER5_20220725_144500_000.wav;0;0.920712411403656;0
3281;MER5_20220725_144500_001.wav;0;0.21518494188785553;0
3282;MER5_20220725_144500_002.wav;0;0.9356442093849182;0
3283;MER5_20220725_144500_003.wav;0;0.9296495318412781;0
3284;MER5_20220725_144500_004.wav;0;0.5535412430763245;0
3285;MER5_20220725_144500_005.wav;0;0.557072639465332;0
3286;MER5_20220725_144500_006.wav;0;0.8326821327209473;0
3287;MER5_20220725_144500_007.wav;0;0.19111715257167816;0
3288;MER5_20220725_144500_008.wav;0;0.8823239803314209;0
3289;MER5_20220725_144500_009.wav;0;0.8612180352210999;0
3290;MER5_20220725_144500_010.wav;0;0.9279165863990784;0
3291;MER5_20220725_144500_011.wav;0;0.17952926456928253;0
3292;MER5_20220725_144500_012.wav;0;0.6004652380943298;0
3293;MER5_20220725_144500_013.wav;0;0.6423527598381042;0
3294;MER5_20220725_144500_014.wav;0;0.2516450881958008;0
3295;MER5_20220725_144500_015.wav;0;0.8961053490638733;0
3296;MER5_20220725_144500_016.wav;0;0.5055803656578064;0
3297;MER5_20220725_144500_017.wav;0;0.8828055262565613;0
3298;MER5_20220725_144500_018.wav;0;0.15484383702278137;0
3299;MER5_20220725_144500_019.wav;0;0.3765193223953247;0
3300;MER5_20220729_100000_000.wav;0;0.8749271631240845;0
3301;MER5_20220729_100000_001.wav;0;0.786104679107666;0
3302;MER5_20220729_100000_002.wav;0;0.662662148475647;0
3303;MER5_20220729_100000_003.wav;0;0.05749531090259552;0
3304;MER5_20220729_100000_004.wav;0;0.26997193694114685;0
3305;MER5_20220729_100000_005.wav;0;0.5322960615158081;0
3306;MER5_20220729_100000_006.wav;0;0.8275428414344788;0
3307;MER5_20220729_100000_007.wav;0;0.06727476418018341;0
3308;MER5_20220729_100000_008.wav;0;0.40272170305252075;0
3309;MER5_20220729_100000_009.wav;0;0.8310680389404297;0
3310;MER5_20220729_100000_010.wav;0;0.7547352910041809;0
3311;MER5_20220729_100000_011.wav;0;0.6956641674041748;0
3312;MER5_20220729_100000_012.wav;0;0.6123132109642029;0
3313;MER5_20220729_100000_013.wav;0;0.2560124397277832;0
3314;MER5_20220729_100000_014.wav;0;0.5033695697784424;0
3315;MER5_20220729_100000_015.wav;0;0.13430628180503845;0
3316;MER5_20220729_100000_016.wav;0;0.8285205960273743;0
3317;MER5_20220729_100000_017.wav;0;0.609980046749115;0
3318;MER5_20220729_100000_018.wav;0;0.7241995930671692;0
3319;MER5_20220729_100000_019.wav;0;0.2985478937625885;0
3320;MER5_20220731_043000_000.wav;0;0.9118182063102722;0
3321;MER5_20220731_043000_001.wav;0;0.8789353966712952;0
3322;MER5_20220731_043000_002.wav;0;0.8726523518562317;0
3323;MER5_20220731_043000_003.wav;0;0.8435113430023193;0
3324;MER5_20220731_043000_004.wav;0;0.9748552441596985;0
3325;MER5_20220731_043000_005.wav;0;0.9367083311080933;0
3326;MER5_20220731_043000_006.wav;0;0.9579260349273682;0
3327;MER5_20220731_043000_007.wav;0;0.9455647468566895;0
3328;MER5_20220731_043000_008.wav;0;0.952384352684021;0
3329;MER5_20220731_043000_009.wav;0;0.9741060733795166;0
3330;MER5_20220731_043000_010.wav;0;0.9738835096359253;0
3331;MER5_20220731_043000_011.wav;0;0.9645349979400635;0
3332;MER5_20220731_043000_012.wav;0;0.9651463627815247;0
3333;MER5_20220731_043000_013.wav;0;0.9499900937080383;0
3334;MER5_20220731_043000_014.wav;0;0.9852911233901978;0
3335;MER5_20220731_043000_015.wav;0;0.9864121675491333;0
3336;MER5_20220731_043000_016.wav;0;0.9689474105834961;0
3337;MER5_20220731_043000_017.wav;0;0.9644288420677185;0
3338;MER5_20220731_043000_018.wav;0;0.969723641872406;0
3339;MER5_20220731_043000_019.wav;0;0.9527946710586548;0
3340;MER5_20220802_051500_000.wav;0;0.28439199924468994;0
3341;MER5_20220802_051500_001.wav;0;0.38849982619285583;0
3342;MER5_20220802_051500_002.wav;0;0.76749587059021;0
3343;MER5_20220802_051500_003.wav;0;0.4063344895839691;0
3344;MER5_20220802_051500_004.wav;0;0.26655349135398865;0
3345;MER5_20220802_051500_005.wav;0;0.7036073207855225;0
3346;MER5_20220802_051500_006.wav;0;0.5665987133979797;0
3347;MER5_20220802_051500_007.wav;0;0.19142943620681763;0
3348;MER5_20220802_051500_008.wav;0;0.6409550309181213;0
3349;MER5_20220802_051500_009.wav;0;0.2931739389896393;0
3350;MER5_20220802_051500_010.wav;0;0.775213360786438;0
3351;MER5_20220802_051500_011.wav;0;0.5315052270889282;0
3352;MER5_20220802_051500_012.wav;0;0.18329226970672607;0
3353;MER5_20220802_051500_013.wav;0;0.7808874249458313;0
3354;MER5_20220802_051500_014.wav;0;0.665737509727478;0
3355;MER5_20220802_051500_015.wav;0;0.33994337916374207;0
3356;MER5_20220802_051500_016.wav;0;0.7423696517944336;0
3357;MER5_20220802_051500_017.wav;0;0.41903629899024963;0
3358;MER5_20220802_051500_018.wav;0;0.3184222877025604;0
3359;MER5_20220802_051500_019.wav;0;0.8411372303962708;0
3360;MER5_20220802_101500_000.wav;0;0.6453284621238708;0
3361;MER5_20220802_101500_001.wav;0;0.7363613843917847;0
3362;MER5_20220802_101500_002.wav;0;0.671151876449585;0
3363;MER5_20220802_101500_003.wav;0;0.8159908652305603;0
3364;MER5_20220802_101500_004.wav;0;0.7946970462799072;0
3365;MER5_20220802_101500_005.wav;0;0.6497945785522461;0
3366;MER5_20220802_101500_006.wav;0;0.5904462337493896;0
3367;MER5_20220802_101500_007.wav;0;0.14681312441825867;0
3368;MER5_20220802_101500_008.wav;0;0.861707329750061;0
3369;MER5_20220802_101500_009.wav;0;0.8021816611289978;0
3370;MER5_20220802_101500_010.wav;0;0.8045417070388794;1
3371;MER5_20220802_101500_011.wav;0;0.6389009952545166;1
3372;MER5_20220802_101500_012.wav;0;0.8669047951698303;1
3373;MER5_20220802_101500_013.wav;0;0.7723601460456848;1
3374;MER5_20220802_101500_014.wav;0;0.9159213900566101;1
3375;MER5_20220802_101500_015.wav;0;0.7878825664520264;1
3376;MER5_20220802_101500_016.wav;0;0.9575936794281006;1
3377;MER5_20220802_101500_017.wav;0;0.9474921822547913;1
3378;MER5_20220802_101500_018.wav;0;0.9838567972183228;1
3379;MER5_20220802_101500_019.wav;0;0.9868907332420349;1
3380;MER5_20220802_124500_000.wav;0;0.1872245818376541;0
3381;MER5_20220802_124500_001.wav;0;0.32484427094459534;0
3382;MER5_20220802_124500_002.wav;0;0.29584836959838867;0
3383;MER5_20220802_124500_003.wav;0;0.41537928581237793;0
3384;MER5_20220802_124500_004.wav;0;0.8351052403450012;0
3385;MER5_20220802_124500_005.wav;0;0.605739414691925;0
3386;MER5_20220802_124500_006.wav;0;0.9022358059883118;0
3387;MER5_20220802_124500_007.wav;0;0.49248307943344116;0
3388;MER5_20220802_124500_008.wav;0;0.7768072485923767;0
3389;MER5_20220802_124500_009.wav;0;0.39251869916915894;0
3390;MER5_20220802_124500_010.wav;0;0.9007146954536438;0
3391;MER5_20220802_124500_011.wav;0;0.23527495563030243;0
3392;MER5_20220802_124500_012.wav;0;0.5956313610076904;0
3393;MER5_20220802_124500_013.wav;0;0.5299510359764099;0
3394;MER5_20220802_124500_014.wav;0;0.7802137136459351;0
3395;MER5_20220802_124500_015.wav;0;0.5158766508102417;0
3396;MER5_20220802_124500_016.wav;0;0.8399554491043091;0
3397;MER5_20220802_124500_017.wav;0;0.7568908333778381;0
3398;MER5_20220802_124500_018.wav;0;0.933657169342041;0
3399;MER5_20220802_124500_019.wav;0;0.4246973395347595;0
3400;MER5_20220804_201500_000.wav;0;0.2914469838142395;0
3401;MER5_20220804_201500_001.wav;0;0.691117525100708;0
3402;MER5_20220804_201500_002.wav;0;0.908585786819458;0
3403;MER5_20220804_201500_003.wav;0;0.7191265821456909;0
3404;MER5_20220804_201500_004.wav;0;0.7053490877151489;0
3405;MER5_20220804_201500_005.wav;0;0.8710569143295288;0
3406;MER5_20220804_201500_006.wav;0;0.8656094074249268;0
3407;MER5_20220804_201500_007.wav;0;0.8247518539428711;0
3408;MER5_20220804_201500_008.wav;0;0.3556723892688751;0
3409;MER5_20220804_201500_009.wav;0;0.24129696190357208;0
3410;MER5_20220804_201500_010.wav;0;0.5807008147239685;0
3411;MER5_20220804_201500_011.wav;0;0.6266455054283142;0
3412;MER5_20220804_201500_012.wav;0;0.4895373284816742;0
3413;MER5_20220804_201500_013.wav;0;0.3799889087677002;0
3414;MER5_20220804_201500_014.wav;0;0.8267146348953247;0
3415;MER5_20220804_201500_015.wav;0;0.6911963820457458;0
3416;MER5_20220804_201500_016.wav;0;0.7669299244880676;0
3417;MER5_20220804_201500_017.wav;0;0.590941309928894;0
3418;MER5_20220804_201500_018.wav;0;0.15436916053295135;0
3419;MER5_20220804_201500_019.wav;0;0.371148020029068;0
3420;MER5_20220804_211500_000.wav;0;0.7045514583587646;0
3421;MER5_20220804_211500_001.wav;0;0.7965404987335205;0
3422;MER5_20220804_211500_002.wav;0;0.7393736839294434;0
3423;MER5_20220804_211500_003.wav;0;0.47519731521606445;0
3424;MER5_20220804_211500_004.wav;0;0.6966210603713989;0
3425;MER5_20220804_211500_005.wav;0;0.2147112935781479;0
3426;MER5_20220804_211500_006.wav;0;0.4259985387325287;0
3427;MER5_20220804_211500_007.wav;0;0.3524240255355835;0
3428;MER5_20220804_211500_008.wav;0;0.8052704930305481;0
3429;MER5_20220804_211500_009.wav;0;0.5505607724189758;0
3430;MER5_20220804_211500_010.wav;0;0.5036506652832031;0
3431;MER5_20220804_211500_011.wav;0;0.8193876147270203;0
3432;MER5_20220804_211500_012.wav;0;0.40015673637390137;0
3433;MER5_20220804_211500_013.wav;0;0.6814034581184387;0
3434;MER5_20220804_211500_014.wav;0;0.6409189105033875;0
3435;MER5_20220804_211500_015.wav;0;0.4898802936077118;0
3436;MER5_20220804_211500_016.wav;0;0.3921627104282379;0
3437;MER5_20220804_211500_017.wav;0;0.32532045245170593;0
3438;MER5_20220804_211500_018.wav;0;0.7966766357421875;0
3439;MER5_20220804_211500_019.wav;0;0.7904369235038757;0
3440;MER5_20220810_101500_000.wav;0;0.6646166443824768;0
3441;MER5_20220810_101500_001.wav;0;0.14629113674163818;0
3442;MER5_20220810_101500_002.wav;0;0.8973944187164307;0
3443;MER5_20220810_101500_003.wav;0;0.5416284799575806;0
3444;MER5_20220810_101500_004.wav;0;0.22962044179439545;0
3445;MER5_20220810_101500_005.wav;0;0.6500706672668457;0
3446;MER5_20220810_101500_006.wav;0;0.5973376035690308;0
3447;MER5_20220810_101500_007.wav;0;0.7625609636306763;0
3448;MER5_20220810_101500_008.wav;0;0.27848637104034424;0
3449;MER5_20220810_101500_009.wav;0;0.3599157929420471;0
3450;MER5_20220810_101500_010.wav;0;0.9316040277481079;0
3451;MER5_20220810_101500_011.wav;0;0.42692890763282776;0
3452;MER5_20220810_101500_012.wav;0;0.29332685470581055;0
3453;MER5_20220810_101500_013.wav;0;0.6046367287635803;0
3454;MER5_20220810_101500_014.wav;0;0.32752108573913574;0
3455;MER5_20220810_101500_015.wav;0;0.24559320509433746;0
3456;MER5_20220810_101500_016.wav;0;0.4823315441608429;0
3457;MER5_20220810_101500_017.wav;0;0.7931433916091919;0
3458;MER5_20220810_101500_018.wav;0;0.8027859330177307;0
3459;MER5_20220810_101500_019.wav;0;0.8168148994445801;0
3460;MER5_20220812_223000_000.wav;0;0.8891003131866455;0
3461;MER5_20220812_223000_001.wav;0;0.46558868885040283;0
3462;MER5_20220812_223000_002.wav;0;0.5051388740539551;0
3463;MER5_20220812_223000_003.wav;0;0.8626142740249634;0
3464;MER5_20220812_223000_004.wav;0;0.867348849773407;0
3465;MER5_20220812_223000_005.wav;0;0.5669316649436951;0
3466;MER5_20220812_223000_006.wav;0;0.27022409439086914;0
3467;MER5_20220812_223000_007.wav;0;0.5271549820899963;0
3468;MER5_20220812_223000_008.wav;0;0.6083031892776489;0
3469;MER5_20220812_223000_009.wav;0;0.6740336418151855;0
3470;MER5_20220812_223000_010.wav;0;0.8412563800811768;0
3471;MER5_20220812_223000_011.wav;0;0.9664236903190613;0
3472;MER5_20220812_223000_012.wav;0;0.8947786688804626;0
3473;MER5_20220812_223000_013.wav;0;0.92519611120224;0
3474;MER5_20220812_223000_014.wav;0;0.9015334248542786;0
3475;MER5_20220812_223000_015.wav;0;0.7116804718971252;0
3476;MER5_20220812_223000_016.wav;0;0.7670674324035645;0
3477;MER5_20220812_223000_017.wav;0;0.7063882946968079;0
3478;MER5_20220812_223000_018.wav;0;0.4205745756626129;0
3479;MER5_20220812_223000_019.wav;0;0.811227023601532;0
3480;MER5_20220814_004500_000.wav;0;0.7632243633270264;0
3481;MER5_20220814_004500_001.wav;0;0.373155802488327;0
3482;MER5_20220814_004500_002.wav;0;0.610791027545929;0
3483;MER5_20220814_004500_003.wav;0;0.8202686905860901;0
3484;MER5_20220814_004500_004.wav;0;0.7981775403022766;0
3485;MER5_20220814_004500_005.wav;0;0.6336404085159302;0
3486;MER5_20220814_004500_006.wav;0;0.6780263185501099;0
3487;MER5_20220814_004500_007.wav;0;0.5036333799362183;0
3488;MER5_20220814_004500_008.wav;0;0.23366819322109222;0
3489;MER5_20220814_004500_009.wav;0;0.8475949168205261;0
3490;MER5_20220814_004500_010.wav;0;0.7980074286460876;0
3491;MER5_20220814_004500_011.wav;0;0.7662972211837769;0
3492;MER5_20220814_004500_012.wav;0;0.7323786020278931;0
3493;MER5_20220814_004500_013.wav;0;0.4586241543292999;0
3494;MER5_20220814_004500_014.wav;0;0.7891141772270203;0
3495;MER5_20220814_004500_015.wav;0;0.30869629979133606;0
3496;MER5_20220814_004500_016.wav;0;0.4167300760746002;0
3497;MER5_20220814_004500_017.wav;0;0.48355039954185486;0
3498;MER5_20220814_004500_018.wav;0;0.4443778693675995;0
3499;MER5_20220814_004500_019.wav;0;0.8423595428466797;0
3500;MER5_20220814_113000_000.wav;0;0.8908567428588867;0
3501;MER5_20220814_113000_001.wav;0;0.9653139114379883;0
3502;MER5_20220814_113000_002.wav;0;0.6612359881401062;0
3503;MER5_20220814_113000_003.wav;0;0.7010576725006104;0
3504;MER5_20220814_113000_004.wav;0;0.8394804000854492;0
3505;MER5_20220814_113000_005.wav;0;0.7861496210098267;0
3506;MER5_20220814_113000_006.wav;0;0.8404098153114319;0
3507;MER5_20220814_113000_007.wav;0;0.37436655163764954;0
3508;MER5_20220814_113000_008.wav;0;0.11269893497228622;0
3509;MER5_20220814_113000_009.wav;0;0.3215808570384979;0
3510;MER5_20220814_113000_010.wav;0;0.4331793785095215;0
3511;MER5_20220814_113000_011.wav;0;0.27163445949554443;0
3512;MER5_20220814_113000_012.wav;0;0.4361572861671448;0
3513;MER5_20220814_113000_013.wav;0;0.7010582089424133;0
3514;MER5_20220814_113000_014.wav;0;0.6716585755348206;0
3515;MER5_20220814_113000_015.wav;0;0.8056604862213135;0
3516;MER5_20220814_113000_016.wav;0;0.24386495351791382;0
3517;MER5_20220814_113000_017.wav;0;0.5669935345649719;0
3518;MER5_20220814_113000_018.wav;0;0.6029640436172485;0
3519;MER5_20220814_113000_019.wav;0;0.7223959565162659;0
3520;MER5_20220820_123000_000.wav;0;0.3897399306297302;0
3521;MER5_20220820_123000_001.wav;0;0.5037862658500671;0
3522;MER5_20220820_123000_002.wav;0;0.8683995604515076;0
3523;MER5_20220820_123000_003.wav;0;0.7987459897994995;0
3524;MER5_20220820_123000_004.wav;0;0.8856589198112488;0
3525;MER5_20220820_123000_005.wav;0;0.9856002330780029;0
3526;MER5_20220820_123000_006.wav;0;0.8358278274536133;0
3527;MER5_20220820_123000_007.wav;0;0.9484837055206299;0
3528;MER5_20220820_123000_008.wav;0;0.3376259505748749;0
3529;MER5_20220820_123000_009.wav;0;0.6246649622917175;0
3530;MER5_20220820_123000_010.wav;0;0.2755485475063324;0
3531;MER5_20220820_123000_011.wav;0;0.8488758206367493;0
3532;MER5_20220820_123000_012.wav;0;0.45698124170303345;0
3533;MER5_20220820_123000_013.wav;0;0.4014279544353485;0
3534;MER5_20220820_123000_014.wav;0;0.3176182508468628;0
3535;MER5_20220820_123000_015.wav;0;0.88848876953125;0
3536;MER5_20220820_123000_016.wav;0;0.8539108037948608;0
3537;MER5_20220820_123000_017.wav;0;0.9399588108062744;0
3538;MER5_20220820_123000_018.wav;0;0.9258701801300049;0
3539;MER5_20220820_123000_019.wav;0;0.7593592405319214;0
3540;MER5_20220828_041500_000.wav;0;0.7800377607345581;0
3541;MER5_20220828_041500_001.wav;0;0.8468589782714844;0
3542;MER5_20220828_041500_002.wav;0;0.9385256767272949;0
3543;MER5_20220828_041500_003.wav;0;0.9740461111068726;0
3544;MER5_20220828_041500_004.wav;0;0.8948609232902527;0
3545;MER5_20220828_041500_005.wav;0;0.8832901120185852;0
3546;MER5_20220828_041500_006.wav;0;0.9516253471374512;0
3547;MER5_20220828_041500_007.wav;0;0.9814565181732178;0
3548;MER5_20220828_041500_008.wav;0;0.9445890188217163;0
3549;MER5_20220828_041500_009.wav;0;0.4614325761795044;0
3550;MER5_20220828_041500_010.wav;0;0.9564415216445923;0
3551;MER5_20220828_041500_011.wav;0;0.9429863691329956;0
3552;MER5_20220828_041500_012.wav;0;0.7412188649177551;0
3553;MER5_20220828_041500_013.wav;0;0.9406054019927979;0
3554;MER5_20220828_041500_014.wav;0;0.8831866383552551;0
3555;MER5_20220828_041500_015.wav;0;0.988466739654541;0
3556;MER5_20220828_041500_016.wav;0;0.9301127791404724;0
3557;MER5_20220828_041500_017.wav;0;0.9551788568496704;0
3558;MER5_20220828_041500_018.wav;0;0.9508237242698669;0
3559;MER5_20220828_041500_019.wav;0;0.7351866960525513;0
3560;MER5_20220830_174500_000.wav;0;0.5562268495559692;0
3561;MER5_20220830_174500_001.wav;0;0.8401266932487488;0
3562;MER5_20220830_174500_002.wav;0;0.7670055627822876;0
3563;MER5_20220830_174500_003.wav;0;0.7486327290534973;0
3564;MER5_20220830_174500_004.wav;0;0.4224288761615753;0
3565;MER5_20220830_174500_005.wav;0;0.6577591896057129;0
3566;MER5_20220830_174500_006.wav;0;0.915997326374054;0
3567;MER5_20220830_174500_007.wav;0;0.9136427044868469;0
3568;MER5_20220830_174500_008.wav;0;0.3415628671646118;0
3569;MER5_20220830_174500_009.wav;0;0.8623057007789612;0
3570;MER5_20220830_174500_010.wav;0;0.7024997472763062;0
3571;MER5_20220830_174500_011.wav;0;0.27931684255599976;0
3572;MER5_20220830_174500_012.wav;0;0.9204357862472534;0
3573;MER5_20220830_174500_013.wav;0;0.9239690899848938;0
3574;MER5_20220830_174500_014.wav;0;0.6446114182472229;0
3575;MER5_20220830_174500_015.wav;0;0.9666367173194885;0
3576;MER5_20220830_174500_016.wav;0;0.272937148809433;0
3577;MER5_20220830_174500_017.wav;0;0.957320511341095;0
3578;MER5_20220830_174500_018.wav;0;0.8786247968673706;0
3579;MER5_20220830_174500_019.wav;0;0.5278335213661194;0
3580;MER5_20220901_041500_000.wav;0;0.4075031578540802;0
3581;MER5_20220901_041500_001.wav;0;0.7268226146697998;0
3582;MER5_20220901_041500_002.wav;0;0.16048090159893036;0
3583;MER5_20220901_041500_003.wav;0;0.8477144837379456;0
3584;MER5_20220901_041500_004.wav;0;0.4062998592853546;0
3585;MER5_20220901_041500_005.wav;0;0.645643413066864;0
3586;MER5_20220901_041500_006.wav;0;0.7914520502090454;0
3587;MER5_20220901_041500_007.wav;0;0.5117368698120117;0
3588;MER5_20220901_041500_008.wav;0;0.7623040676116943;0
3589;MER5_20220901_041500_009.wav;0;0.6964854598045349;0
3590;MER5_20220901_041500_010.wav;0;0.9422973394393921;0
3591;MER5_20220901_041500_011.wav;0;0.20853489637374878;0
3592;MER5_20220901_041500_012.wav;0;0.882961094379425;0
3593;MER5_20220901_041500_013.wav;0;0.9239320158958435;0
3594;MER5_20220901_041500_014.wav;0;0.42882680892944336;0
3595;MER5_20220901_041500_015.wav;0;0.6921109557151794;0
3596;MER5_20220901_041500_016.wav;0;0.852477490901947;0
3597;MER5_20220901_041500_017.wav;0;0.883021891117096;0
3598;MER5_20220901_041500_018.wav;0;0.4817124605178833;0
3599;MER5_20220901_041500_019.wav;0;0.7611580491065979;0
3600;MER5_20220901_071500_000.wav;0;0.7317507863044739;0
3601;MER5_20220901_071500_001.wav;0;0.9827636480331421;0
3602;MER5_20220901_071500_002.wav;0;0.973420262336731;0
3603;MER5_20220901_071500_003.wav;0;0.9260494709014893;0
3604;MER5_20220901_071500_004.wav;0;0.9471843838691711;0
3605;MER5_20220901_071500_005.wav;0;0.9852904081344604;0
3606;MER5_20220901_071500_006.wav;0;0.9828365445137024;0
3607;MER5_20220901_071500_007.wav;0;0.9759435653686523;0
3608;MER5_20220901_071500_008.wav;0;0.9773664474487305;0
3609;MER5_20220901_071500_009.wav;0;0.9830265641212463;0
3610;MER5_20220901_071500_010.wav;0;0.8891030550003052;0
3611;MER5_20220901_071500_011.wav;0;0.972935140132904;0
3612;MER5_20220901_071500_012.wav;0;0.8743096590042114;0
3613;MER5_20220901_071500_013.wav;0;0.8040959239006042;0
3614;MER5_20220901_071500_014.wav;0;0.9111877083778381;0
3615;MER5_20220901_071500_015.wav;0;0.9465160965919495;0
3616;MER5_20220901_071500_016.wav;0;0.8687556982040405;0
3617;MER5_20220901_071500_017.wav;0;0.8213871121406555;0
3618;MER5_20220901_071500_018.wav;0;0.8055878281593323;0
3619;MER5_20220901_071500_019.wav;0;0.82721346616745;0
3620;MER5_20220901_083000_000.wav;0;0.5041251182556152;0
3621;MER5_20220901_083000_001.wav;0;0.37620434165000916;0
3622;MER5_20220901_083000_002.wav;0;0.8429428339004517;0
3623;MER5_20220901_083000_003.wav;0;0.7066932320594788;0
3624;MER5_20220901_083000_004.wav;0;0.8282206654548645;0
3625;MER5_20220901_083000_005.wav;0;0.5264209508895874;0
3626;MER5_20220901_083000_006.wav;0;0.5514248013496399;0
3627;MER5_20220901_083000_007.wav;0;0.4132716655731201;0
3628;MER5_20220901_083000_008.wav;0;0.46446239948272705;0
3629;MER5_20220901_083000_009.wav;0;0.9582501649856567;0
3630;MER5_20220901_083000_010.wav;0;0.05736134946346283;0
3631;MER5_20220901_083000_011.wav;0;0.7865390181541443;0
3632;MER5_20220901_083000_012.wav;0;0.893943727016449;0
3633;MER5_20220901_083000_013.wav;0;0.794449508190155;0
3634;MER5_20220901_083000_014.wav;0;0.8287036418914795;0
3635;MER5_20220901_083000_015.wav;0;0.936650276184082;0
3636;MER5_20220901_083000_016.wav;0;0.7670280337333679;0
3637;MER5_20220901_083000_017.wav;0;0.794554591178894;0
3638;MER5_20220901_083000_018.wav;0;0.9492250084877014;0
3639;MER5_20220901_083000_019.wav;0;0.5279901027679443;0
3640;MER5_20220901_131500_000.wav;0;0.8764428496360779;0
3641;MER5_20220901_131500_001.wav;0;0.7903227210044861;0
3642;MER5_20220901_131500_002.wav;0;0.7620101571083069;0
3643;MER5_20220901_131500_003.wav;0;0.3925618529319763;0
3644;MER5_20220901_131500_004.wav;0;0.5562520027160645;0
3645;MER5_20220901_131500_005.wav;0;0.7080787420272827;0
3646;MER5_20220901_131500_006.wav;0;0.7663241028785706;0
3647;MER5_20220901_131500_007.wav;0;0.8781399726867676;0
3648;MER5_20220901_131500_008.wav;0;0.7040597200393677;0
3649;MER5_20220901_131500_009.wav;0;0.7457102537155151;0
3650;MER5_20220901_131500_010.wav;0;0.747668445110321;0
3651;MER5_20220901_131500_011.wav;0;0.9522286653518677;0
3652;MER5_20220901_131500_012.wav;0;0.8201571106910706;0
3653;MER5_20220901_131500_013.wav;0;0.8177652359008789;0
3654;MER5_20220901_131500_014.wav;0;0.9264799356460571;0
3655;MER5_20220901_131500_015.wav;0;0.7139339447021484;0
3656;MER5_20220901_131500_016.wav;0;0.8995511531829834;0
3657;MER5_20220901_131500_017.wav;0;0.6803673505783081;0
3658;MER5_20220901_131500_018.wav;0;0.2049853652715683;0
3659;MER5_20220901_131500_019.wav;0;0.7877650856971741;0
3660;MER5_20220901_170000_000.wav;0;0.6439048051834106;0
3661;MER5_20220901_170000_001.wav;0;0.7141709327697754;0
3662;MER5_20220901_170000_002.wav;0;0.9047688841819763;0
3663;MER5_20220901_170000_003.wav;0;0.8212058544158936;0
3664;MER5_20220901_170000_004.wav;0;0.2872081398963928;0
3665;MER5_20220901_170000_005.wav;0;0.6159086227416992;0
3666;MER5_20220901_170000_006.wav;0;0.9490480422973633;0
3667;MER5_20220901_170000_007.wav;0;0.7255638837814331;0
3668;MER5_20220901_170000_008.wav;0;0.7015823125839233;0
3669;MER5_20220901_170000_009.wav;0;0.852864146232605;0
3670;MER5_20220901_170000_010.wav;0;0.902633011341095;0
3671;MER5_20220901_170000_011.wav;0;0.9200682044029236;0
3672;MER5_20220901_170000_012.wav;0;0.4919446110725403;0
3673;MER5_20220901_170000_013.wav;0;0.8802387118339539;0
3674;MER5_20220901_170000_014.wav;0;0.9037884473800659;0
3675;MER5_20220901_170000_015.wav;0;0.7890401482582092;0
3676;MER5_20220901_170000_016.wav;0;0.6088536381721497;0
3677;MER5_20220901_170000_017.wav;0;0.9680721163749695;0
3678;MER5_20220901_170000_018.wav;0;0.2944100499153137;0
3679;MER5_20220901_170000_019.wav;0;0.9710162281990051;0
3680;MER5_20220901_174500_000.wav;0;0.9559731483459473;0
3681;MER5_20220901_174500_001.wav;0;0.9484241604804993;0
3682;MER5_20220901_174500_002.wav;0;0.9804456830024719;0
3683;MER5_20220901_174500_003.wav;0;0.808440625667572;0
3684;MER5_20220901_174500_004.wav;0;0.9534010887145996;0
3685;MER5_20220901_174500_005.wav;0;0.6861061453819275;0
3686;MER5_20220901_174500_006.wav;0;0.17667151987552643;0
3687;MER5_20220901_174500_007.wav;0;0.9431827664375305;0
3688;MER5_20220901_174500_008.wav;0;0.6091139912605286;0
3689;MER5_20220901_174500_009.wav;0;0.928232729434967;0
3690;MER5_20220901_174500_010.wav;0;0.9790341258049011;0
3691;MER5_20220901_174500_011.wav;0;0.8325300216674805;0
3692;MER5_20220901_174500_012.wav;0;0.6848552227020264;0
3693;MER5_20220901_174500_013.wav;0;0.9185695648193359;0
3694;MER5_20220901_174500_014.wav;0;0.6519572138786316;0
3695;MER5_20220901_174500_015.wav;0;0.39800339937210083;0
3696;MER5_20220901_174500_016.wav;0;0.8290143609046936;0
3697;MER5_20220901_174500_017.wav;0;0.9607911705970764;0
3698;MER5_20220901_174500_018.wav;0;0.9648146629333496;0
3699;MER5_20220901_174500_019.wav;0;0.8388937711715698;0
3700;MER5_20220901_204500_000.wav;0;0.7414941787719727;0
3701;MER5_20220901_204500_001.wav;0;0.8066327571868896;0
3702;MER5_20220901_204500_002.wav;0;0.5403498411178589;0
3703;MER5_20220901_204500_003.wav;0;0.7750371694564819;0
3704;MER5_20220901_204500_004.wav;0;0.6926999092102051;0
3705;MER5_20220901_204500_005.wav;0;0.7584388256072998;0
3706;MER5_20220901_204500_006.wav;0;0.5903124809265137;0
3707;MER5_20220901_204500_007.wav;0;0.5842962861061096;0
3708;MER5_20220901_204500_008.wav;0;0.8782197833061218;0
3709;MER5_20220901_204500_009.wav;0;0.7332067489624023;0
3710;MER5_20220901_204500_010.wav;0;0.5250374674797058;0
3711;MER5_20220901_204500_011.wav;0;0.5764955878257751;0
3712;MER5_20220901_204500_012.wav;0;0.7100748419761658;0
3713;MER5_20220901_204500_013.wav;0;0.8414849042892456;0
3714;MER5_20220901_204500_014.wav;0;0.6804828643798828;0
3715;MER5_20220901_204500_015.wav;0;0.6651308536529541;0
3716;MER5_20220901_204500_016.wav;0;0.4163440465927124;0
3717;MER5_20220901_204500_017.wav;0;0.23173493146896362;0
3718;MER5_20220901_204500_018.wav;0;0.49717092514038086;0
3719;MER5_20220901_204500_019.wav;0;0.5889422297477722;0
3720;MER5_20220903_041500_000.wav;0;0.9679725766181946;0
3721;MER5_20220903_041500_001.wav;0;0.8808594942092896;0
3722;MER5_20220903_041500_002.wav;0;0.9046057462692261;0
3723;MER5_20220903_041500_003.wav;0;0.8970261216163635;0
3724;MER5_20220903_041500_004.wav;0;0.929269015789032;0
3725;MER5_20220903_041500_005.wav;0;0.8794983625411987;0
3726;MER5_20220903_041500_006.wav;0;0.9118251204490662;0
3727;MER5_20220903_041500_007.wav;0;0.9044572710990906;0
3728;MER5_20220903_041500_008.wav;0;0.9304563403129578;0
3729;MER5_20220903_041500_009.wav;0;0.9537860155105591;0
3730;MER5_20220903_041500_010.wav;0;0.9045953750610352;0
3731;MER5_20220903_041500_011.wav;0;0.9638197422027588;0
3732;MER5_20220903_041500_012.wav;0;0.9420098662376404;0
3733;MER5_20220903_041500_013.wav;0;0.8975958824157715;0
3734;MER5_20220903_041500_014.wav;0;0.8794972896575928;0
3735;MER5_20220903_041500_015.wav;0;0.9305569529533386;0
3736;MER5_20220903_041500_016.wav;0;0.9291060566902161;0
3737;MER5_20220903_041500_017.wav;0;0.9106385111808777;0
3738;MER5_20220903_041500_018.wav;0;0.9721512794494629;0
3739;MER5_20220903_041500_019.wav;0;0.9665428400039673;0
3740;MER5_20220903_094500_000.wav;0;0.5017163157463074;0
3741;MER5_20220903_094500_001.wav;0;0.9519312977790833;0
3742;MER5_20220903_094500_002.wav;0;0.5298587083816528;0
3743;MER5_20220903_094500_003.wav;0;0.907200276851654;0
3744;MER5_20220903_094500_004.wav;0;0.7921656966209412;0
3745;MER5_20220903_094500_005.wav;0;0.9075090289115906;0
3746;MER5_20220903_094500_006.wav;0;0.37747228145599365;0
3747;MER5_20220903_094500_007.wav;0;0.8416556119918823;0
3748;MER5_20220903_094500_008.wav;0;0.8357771039009094;0
3749;MER5_20220903_094500_009.wav;0;0.9405199289321899;0
3750;MER5_20220903_094500_010.wav;0;0.7167364954948425;0
3751;MER5_20220903_094500_011.wav;0;0.7343904972076416;0
3752;MER5_20220903_094500_012.wav;0;0.9418208599090576;0
3753;MER5_20220903_094500_013.wav;0;0.7538618445396423;0
3754;MER5_20220903_094500_014.wav;0;0.6183968186378479;0
3755;MER5_20220903_094500_015.wav;0;0.44905415177345276;0
3756;MER5_20220903_094500_016.wav;0;0.3544585108757019;0
3757;MER5_20220903_094500_017.wav;0;0.6781960129737854;0
3758;MER5_20220903_094500_018.wav;0;0.9428229928016663;0
3759;MER5_20220903_094500_019.wav;0;0.40559816360473633;0
3760;MER5_20220903_200000_000.wav;0;0.9110321402549744;0
3761;MER5_20220903_200000_001.wav;0;0.38184016942977905;0
3762;MER5_20220903_200000_002.wav;0;0.8051084280014038;0
3763;MER5_20220903_200000_003.wav;0;0.1322585791349411;0
3764;MER5_20220903_200000_004.wav;0;0.3607094883918762;0
3765;MER5_20220903_200000_005.wav;0;0.7881768345832825;0
3766;MER5_20220903_200000_006.wav;0;0.8488137125968933;0
3767;MER5_20220903_200000_007.wav;0;0.5318619012832642;0
3768;MER5_20220903_200000_008.wav;0;0.76146000623703;0
3769;MER5_20220903_200000_009.wav;0;0.8734055757522583;0
3770;MER5_20220903_200000_010.wav;0;0.8672464489936829;0
3771;MER5_20220903_200000_011.wav;0;0.8053736090660095;0
3772;MER5_20220903_200000_012.wav;0;0.8603571653366089;0
3773;MER5_20220903_200000_013.wav;0;0.22469936311244965;0
3774;MER5_20220903_200000_014.wav;0;0.5541536211967468;0
3775;MER5_20220903_200000_015.wav;0;0.8527894020080566;0
3776;MER5_20220903_200000_016.wav;0;0.8346008062362671;0
3777;MER5_20220903_200000_017.wav;0;0.8103874921798706;0
3778;MER5_20220903_200000_018.wav;0;0.9638522863388062;0
3779;MER5_20220903_200000_019.wav;0;0.962911069393158;0
3780;MER5_20220903_203000_000.wav;0;0.15974608063697815;0
3781;MER5_20220903_203000_001.wav;0;0.27760782837867737;0
3782;MER5_20220903_203000_002.wav;0;0.3667948246002197;0
3783;MER5_20220903_203000_003.wav;0;0.7254003286361694;0
3784;MER5_20220903_203000_004.wav;0;0.4222732186317444;0
3785;MER5_20220903_203000_005.wav;0;0.5744850635528564;0
3786;MER5_20220903_203000_006.wav;0;0.7160618901252747;0
3787;MER5_20220903_203000_007.wav;0;0.3406168520450592;0
3788;MER5_20220903_203000_008.wav;0;0.3247436285018921;0
3789;MER5_20220903_203000_009.wav;0;0.28510770201683044;0
3790;MER5_20220903_203000_010.wav;0;0.32303106784820557;0
3791;MER5_20220903_203000_011.wav;0;0.6921546459197998;0
3792;MER5_20220903_203000_012.wav;0;0.17086096107959747;0
3793;MER5_20220903_203000_013.wav;0;0.806197464466095;0
3794;MER5_20220903_203000_014.wav;0;0.6753507256507874;0
3795;MER5_20220903_203000_015.wav;0;0.8720375299453735;0
3796;MER5_20220903_203000_016.wav;0;0.49426791071891785;0
3797;MER5_20220903_203000_017.wav;0;0.49680498242378235;0
3798;MER5_20220903_203000_018.wav;0;0.7501987218856812;0
3799;MER5_20220903_203000_019.wav;0;0.7901314496994019;0
3800;MER5_20220905_033000_000.wav;0;0.747727632522583;0
3801;MER5_20220905_033000_001.wav;0;0.24158966541290283;0
3802;MER5_20220905_033000_002.wav;0;0.5930514335632324;0
3803;MER5_20220905_033000_003.wav;0;0.6491141319274902;0
3804;MER5_20220905_033000_004.wav;0;0.3293980062007904;0
3805;MER5_20220905_033000_005.wav;0;0.3945372402667999;0
3806;MER5_20220905_033000_006.wav;0;0.14015255868434906;0
3807;MER5_20220905_033000_007.wav;0;0.16319184005260468;0
3808;MER5_20220905_033000_008.wav;0;0.27008071541786194;0
3809;MER5_20220905_033000_009.wav;0;0.1380859762430191;0
3810;MER5_20220905_033000_010.wav;0;0.4277949929237366;0
3811;MER5_20220905_033000_011.wav;0;0.5075792074203491;0
3812;MER5_20220905_033000_012.wav;0;0.8513457179069519;0
3813;MER5_20220905_033000_013.wav;0;0.5675657391548157;0
3814;MER5_20220905_033000_014.wav;0;0.09738488495349884;0
3815;MER5_20220905_033000_015.wav;0;0.20162050426006317;0
3816;MER5_20220905_033000_016.wav;0;0.8474120497703552;0
3817;MER5_20220905_033000_017.wav;0;0.7827731966972351;0
3818;MER5_20220905_033000_018.wav;0;0.5720537304878235;0
3819;MER5_20220905_033000_019.wav;0;0.4484696090221405;0
3820;MER7_20220617_110000_000.wav;0;0.7718598246574402;0
3821;MER7_20220617_110000_001.wav;0;0.8817087411880493;0
3822;MER7_20220617_110000_002.wav;0;0.2711997926235199;0
3823;MER7_20220617_110000_003.wav;0;0.7190085649490356;0
3824;MER7_20220617_110000_004.wav;0;0.5106886625289917;0
3825;MER7_20220617_110000_005.wav;0;0.46447932720184326;0
3826;MER7_20220617_110000_006.wav;0;0.8709008097648621;0
3827;MER7_20220617_110000_007.wav;0;0.6895288228988647;0
3828;MER7_20220617_110000_008.wav;0;0.9421802759170532;0
3829;MER7_20220617_110000_009.wav;0;0.7446259260177612;0
3830;MER7_20220617_110000_010.wav;0;0.48218604922294617;0
3831;MER7_20220617_110000_011.wav;0;0.9203813672065735;0
3832;MER7_20220617_110000_012.wav;0;0.9683019518852234;0
3833;MER7_20220617_110000_013.wav;0;0.9758517742156982;0
3834;MER7_20220617_110000_014.wav;0;0.8126822710037231;0
3835;MER7_20220617_110000_015.wav;0;0.9459870457649231;0
3836;MER7_20220617_110000_016.wav;0;0.897095799446106;0
3837;MER7_20220617_110000_017.wav;0;0.701063871383667;0
3838;MER7_20220617_110000_018.wav;0;0.892009973526001;0
3839;MER7_20220617_110000_019.wav;0;0.8960293531417847;0
3840;MER7_20220619_071500_000.wav;0;0.18430016934871674;0
3841;MER7_20220619_071500_001.wav;0;0.1154257282614708;0
3842;MER7_20220619_071500_002.wav;0;0.24139000475406647;0
3843;MER7_20220619_071500_003.wav;0;0.5628827214241028;0
3844;MER7_20220619_071500_004.wav;0;0.2580561935901642;0
3845;MER7_20220619_071500_005.wav;0;0.893760085105896;0
3846;MER7_20220619_071500_006.wav;0;0.5058019757270813;0
3847;MER7_20220619_071500_007.wav;0;0.5461059808731079;0
3848;MER7_20220619_071500_008.wav;0;0.647479772567749;0
3849;MER7_20220619_071500_009.wav;0;0.6787018179893494;0
3850;MER7_20220619_071500_010.wav;0;0.1297024041414261;0
3851;MER7_20220619_071500_011.wav;0;0.5304173231124878;0
3852;MER7_20220619_071500_012.wav;0;0.8905682563781738;0
3853;MER7_20220619_071500_013.wav;0;0.9758673906326294;0
3854;MER7_20220619_071500_014.wav;0;0.9870558977127075;0
3855;MER7_20220619_071500_015.wav;0;0.9602795243263245;0
3856;MER7_20220619_071500_016.wav;0;0.8872724175453186;0
3857;MER7_20220619_071500_017.wav;0;0.825736403465271;0
3858;MER7_20220619_071500_018.wav;0;0.9455721378326416;0
3859;MER7_20220619_071500_019.wav;0;0.5194376111030579;0
3860;MER7_20220621_010000_000.wav;0;0.16817481815814972;0
3861;MER7_20220621_010000_001.wav;0;0.11521177738904953;0
3862;MER7_20220621_010000_002.wav;0;0.11048002541065216;0
3863;MER7_20220621_010000_003.wav;0;0.15680967271327972;0
3864;MER7_20220621_010000_004.wav;0;0.2065783143043518;0
3865;MER7_20220621_010000_005.wav;0;0.2805553674697876;0
3866;MER7_20220621_010000_006.wav;0;0.22801153361797333;0
3867;MER7_20220621_010000_007.wav;0;0.2238609939813614;0
3868;MER7_20220621_010000_008.wav;0;0.1571580171585083;0
3869;MER7_20220621_010000_009.wav;0;0.45178863406181335;0
3870;MER7_20220621_010000_010.wav;0;0.23162728548049927;0
3871;MER7_20220621_010000_011.wav;0;0.43325674533843994;0
3872;MER7_20220621_010000_012.wav;0;0.16020506620407104;0
3873;MER7_20220621_010000_013.wav;0;0.16120950877666473;0
3874;MER7_20220621_010000_014.wav;0;0.15202869474887848;0
3875;MER7_20220621_010000_015.wav;0;0.15509764850139618;0
3876;MER7_20220621_010000_016.wav;0;0.1768321841955185;0
3877;MER7_20220621_010000_017.wav;0;0.13381364941596985;0
3878;MER7_20220621_010000_018.wav;0;0.15629205107688904;0
3879;MER7_20220621_010000_019.wav;0;0.44061315059661865;0
3880;MER7_20220621_091500_000.wav;0;0.24701282382011414;0
3881;MER7_20220621_091500_001.wav;0;0.1350463330745697;0
3882;MER7_20220621_091500_002.wav;0;0.2693605422973633;0
3883;MER7_20220621_091500_003.wav;0;0.2404966503381729;0
3884;MER7_20220621_091500_004.wav;0;0.1594323068857193;0
3885;MER7_20220621_091500_005.wav;0;0.3505914807319641;0
3886;MER7_20220621_091500_006.wav;0;0.3645290732383728;0
3887;MER7_20220621_091500_007.wav;0;0.18473637104034424;0
3888;MER7_20220621_091500_008.wav;0;0.16027770936489105;0
3889;MER7_20220621_091500_009.wav;0;0.11087388545274734;0
3890;MER7_20220621_091500_010.wav;0;0.010066789574921131;0
3891;MER7_20220621_091500_011.wav;0;0.16006210446357727;0
3892;MER7_20220621_091500_012.wav;0;0.035983048379421234;0
3893;MER7_20220621_091500_013.wav;0;0.13307520747184753;0
3894;MER7_20220621_091500_014.wav;0;0.07921324670314789;0
3895;MER7_20220621_091500_015.wav;0;0.04227590188384056;0
3896;MER7_20220621_091500_016.wav;0;0.13695690035820007;0
3897;MER7_20220621_091500_017.wav;0;0.23646464943885803;0
3898;MER7_20220621_091500_018.wav;0;0.15168295800685883;0
3899;MER7_20220621_091500_019.wav;0;0.3406672477722168;0
3900;MER7_20220623_143000_000.wav;0;0.18422450125217438;0
3901;MER7_20220623_143000_001.wav;0;0.3503514230251312;0
3902;MER7_20220623_143000_002.wav;0;0.19536343216896057;0
3903;MER7_20220623_143000_003.wav;0;0.15670402348041534;0
3904;MER7_20220623_143000_004.wav;0;0.2689048647880554;0
3905;MER7_20220623_143000_005.wav;0;0.3562209904193878;0
3906;MER7_20220623_143000_006.wav;0;0.2686035633087158;0
3907;MER7_20220623_143000_007.wav;0;0.16018244624137878;0
3908;MER7_20220623_143000_008.wav;0;0.2363746166229248;0
3909;MER7_20220623_143000_009.wav;0;0.13695620000362396;0
3910;MER7_20220623_143000_010.wav;0;0.5177180767059326;0
3911;MER7_20220623_143000_011.wav;0;0.10989336669445038;0
3912;MER7_20220623_143000_012.wav;0;0.3581097722053528;0
3913;MER7_20220623_143000_013.wav;0;0.5927876830101013;0
3914;MER7_20220623_143000_014.wav;0;0.6416816711425781;0
3915;MER7_20220623_143000_015.wav;0;0.15620940923690796;0
3916;MER7_20220623_143000_016.wav;0;0.1280633956193924;0
3917;MER7_20220623_143000_017.wav;0;0.19602589309215546;0
3918;MER7_20220623_143000_018.wav;0;0.19689719378948212;0
3919;MER7_20220623_143000_019.wav;0;0.4478871822357178;0
3920;MER7_20220623_174500_000.wav;0;0.11517456918954849;0
3921;MER7_20220623_174500_001.wav;0;0.19579914212226868;0
3922;MER7_20220623_174500_002.wav;0;0.11584468185901642;0
3923;MER7_20220623_174500_003.wav;0;0.12546531856060028;0
3924;MER7_20220623_174500_004.wav;0;0.1635383665561676;0
3925;MER7_20220623_174500_005.wav;0;0.10175646841526031;0
3926;MER7_20220623_174500_006.wav;0;0.11478762328624725;0
3927;MER7_20220623_174500_007.wav;0;0.1524430215358734;0
3928;MER7_20220623_174500_008.wav;0;0.1919301599264145;0
3929;MER7_20220623_174500_009.wav;0;0.11566472053527832;0
3930;MER7_20220623_174500_010.wav;0;0.03456369414925575;0
3931;MER7_20220623_174500_011.wav;0;0.09931794553995132;0
3932;MER7_20220623_174500_012.wav;0;0.07273855805397034;0
3933;MER7_20220623_174500_013.wav;0;0.17119024693965912;0
3934;MER7_20220623_174500_014.wav;0;0.2553657293319702;0
3935;MER7_20220623_174500_015.wav;0;0.2614150047302246;0
3936;MER7_20220623_174500_016.wav;0;0.1856110543012619;0
3937;MER7_20220623_174500_017.wav;0;0.13629020750522614;0
3938;MER7_20220623_174500_018.wav;0;0.1311068832874298;0
3939;MER7_20220623_174500_019.wav;0;0.12301844358444214;0
3940;MER7_20220625_003000_000.wav;0;0.406063437461853;0
3941;MER7_20220625_003000_001.wav;0;0.15019641816616058;0
3942;MER7_20220625_003000_002.wav;0;0.18108181655406952;0
3943;MER7_20220625_003000_003.wav;0;0.16362182796001434;0
3944;MER7_20220625_003000_004.wav;0;0.17953333258628845;0
3945;MER7_20220625_003000_005.wav;0;0.24276219308376312;0
3946;MER7_20220625_003000_006.wav;0;0.22839270532131195;0
3947;MER7_20220625_003000_007.wav;0;0.16088268160820007;0
3948;MER7_20220625_003000_008.wav;0;0.26282405853271484;0
3949;MER7_20220625_003000_009.wav;0;0.27692070603370667;0
3950;MER7_20220625_003000_010.wav;0;0.15103821456432343;0
3951;MER7_20220625_003000_011.wav;0;0.29766884446144104;0
3952;MER7_20220625_003000_012.wav;0;0.18343091011047363;0
3953;MER7_20220625_003000_013.wav;0;0.35863736271858215;0
3954;MER7_20220625_003000_014.wav;0;0.20125676691532135;0
3955;MER7_20220625_003000_015.wav;0;0.21738344430923462;0
3956;MER7_20220625_003000_016.wav;0;0.12454795837402344;0
3957;MER7_20220625_003000_017.wav;0;0.22868847846984863;0
3958;MER7_20220625_003000_018.wav;0;0.160255566239357;0
3959;MER7_20220625_003000_019.wav;0;0.23230747878551483;0
3960;MER7_20220625_030000_000.wav;0;0.14889849722385406;0
3961;MER7_20220625_030000_001.wav;0;0.31277966499328613;0
3962;MER7_20220625_030000_002.wav;0;0.29496100544929504;0
3963;MER7_20220625_030000_003.wav;0;0.20606888830661774;0
3964;MER7_20220625_030000_004.wav;0;0.1781451255083084;0
3965;MER7_20220625_030000_005.wav;0;0.17730021476745605;0
3966;MER7_20220625_030000_006.wav;0;0.2616894841194153;0
3967;MER7_20220625_030000_007.wav;0;0.14110027253627777;0
3968;MER7_20220625_030000_008.wav;0;0.6829943656921387;0
3969;MER7_20220625_030000_009.wav;0;0.14900551736354828;0
3970;MER7_20220625_030000_010.wav;0;0.2778441905975342;0
3971;MER7_20220625_030000_011.wav;0;0.7102435827255249;0
3972;MER7_20220625_030000_012.wav;0;0.8530230522155762;0
3973;MER7_20220625_030000_013.wav;0;0.771979570388794;0
3974;MER7_20220625_030000_014.wav;0;0.19768930971622467;0
3975;MER7_20220625_030000_015.wav;0;0.9480023980140686;0
3976;MER7_20220625_030000_016.wav;0;0.5993140935897827;0
3977;MER7_20220625_030000_017.wav;0;0.6449979543685913;0
3978;MER7_20220625_030000_018.wav;0;0.29210740327835083;0
3979;MER7_20220625_030000_019.wav;0;0.3480406403541565;0
3980;MER7_20220625_171500_000.wav;0;0.9557631611824036;0
3981;MER7_20220625_171500_001.wav;0;0.8837626576423645;0
3982;MER7_20220625_171500_002.wav;0;0.8217499852180481;0
3983;MER7_20220625_171500_003.wav;0;0.9073401093482971;0
3984;MER7_20220625_171500_004.wav;0;0.890568196773529;0
3985;MER7_20220625_171500_005.wav;0;0.27679842710494995;0
3986;MER7_20220625_171500_006.wav;0;0.271564245223999;0
3987;MER7_20220625_171500_007.wav;0;0.1970728188753128;0
3988;MER7_20220625_171500_008.wav;0;0.36714479327201843;0
3989;MER7_20220625_171500_009.wav;0;0.38452577590942383;0
3990;MER7_20220625_171500_010.wav;0;0.16324029862880707;0
3991;MER7_20220625_171500_011.wav;0;0.3635055422782898;0
3992;MER7_20220625_171500_012.wav;0;0.18074695765972137;0
3993;MER7_20220625_171500_013.wav;0;0.3895989954471588;0
3994;MER7_20220625_171500_014.wav;0;0.28856348991394043;0
3995;MER7_20220625_171500_015.wav;0;0.8569438457489014;0
3996;MER7_20220625_171500_016.wav;0;0.37428778409957886;0
3997;MER7_20220625_171500_017.wav;0;0.22960203886032104;0
3998;MER7_20220625_171500_018.wav;0;0.4113564193248749;0
3999;MER7_20220625_171500_019.wav;0;0.13235093653202057;0
4000;MER7_20220627_184500_000.wav;0;0.05979278311133385;0
4001;MER7_20220627_184500_001.wav;0;0.053891871124506;0
4002;MER7_20220627_184500_002.wav;0;0.054806314408779144;0
4003;MER7_20220627_184500_003.wav;0;0.3869002163410187;0
4004;MER7_20220627_184500_004.wav;0;0.05107489973306656;0
4005;MER7_20220627_184500_005.wav;0;0.04930717125535011;0
4006;MER7_20220627_184500_006.wav;0;0.052907127887010574;0
4007;MER7_20220627_184500_007.wav;0;0.04575389623641968;0
4008;MER7_20220627_184500_008.wav;0;0.03920169547200203;0
4009;MER7_20220627_184500_009.wav;0;0.04793096333742142;0
4010;MER7_20220627_184500_010.wav;0;0.047564804553985596;0
4011;MER7_20220627_184500_011.wav;0;0.06219813600182533;0
4012;MER7_20220627_184500_012.wav;0;0.050853703171014786;0
4013;MER7_20220627_184500_013.wav;0;0.0402367077767849;0
4014;MER7_20220627_184500_014.wav;0;0.047875527292490005;0
4015;MER7_20220627_184500_015.wav;0;0.05387839302420616;0
4016;MER7_20220627_184500_016.wav;0;0.22098536789417267;0
4017;MER7_20220627_184500_017.wav;0;0.05409996584057808;0
4018;MER7_20220627_184500_018.wav;0;0.06481108069419861;0
4019;MER7_20220627_184500_019.wav;0;0.03860640898346901;0
4020;MER7_20220627_224500_000.wav;0;0.19411203265190125;0
4021;MER7_20220627_224500_001.wav;0;0.43712544441223145;0
4022;MER7_20220627_224500_002.wav;0;0.18407146632671356;0
4023;MER7_20220627_224500_003.wav;0;0.2388213574886322;0
4024;MER7_20220627_224500_004.wav;0;0.16671310365200043;0
4025;MER7_20220627_224500_005.wav;0;0.2202756106853485;0
4026;MER7_20220627_224500_006.wav;0;0.16005027294158936;0
4027;MER7_20220627_224500_007.wav;0;0.3676908612251282;0
4028;MER7_20220627_224500_008.wav;0;0.25428059697151184;0
4029;MER7_20220627_224500_009.wav;0;0.22142668068408966;0
4030;MER7_20220627_224500_010.wav;0;0.11390721797943115;0
4031;MER7_20220627_224500_011.wav;0;0.3392486572265625;0
4032;MER7_20220627_224500_012.wav;0;0.13972428441047668;0
4033;MER7_20220627_224500_013.wav;0;0.0647604912519455;0
4034;MER7_20220627_224500_014.wav;0;0.22993746399879456;0
4035;MER7_20220627_224500_015.wav;0;0.3676672577857971;0
4036;MER7_20220627_224500_016.wav;0;0.3530776798725128;0
4037;MER7_20220627_224500_017.wav;0;0.7648887038230896;0
4038;MER7_20220627_224500_018.wav;0;0.19349218904972076;0
4039;MER7_20220627_224500_019.wav;0;0.30352145433425903;0
4040;MER7_20220627_234500_000.wav;0;0.09368031471967697;0
4041;MER7_20220627_234500_001.wav;0;0.09427641332149506;0
4042;MER7_20220627_234500_002.wav;0;0.2619185149669647;0
4043;MER7_20220627_234500_003.wav;0;0.4696725904941559;0
4044;MER7_20220627_234500_004.wav;0;0.2266942858695984;0
4045;MER7_20220627_234500_005.wav;0;0.13618595898151398;0
4046;MER7_20220627_234500_006.wav;0;0.344172865152359;0
4047;MER7_20220627_234500_007.wav;0;0.2610588073730469;0
4048;MER7_20220627_234500_008.wav;0;0.34375178813934326;0
4049;MER7_20220627_234500_009.wav;0;0.49334341287612915;0
4050;MER7_20220627_234500_010.wav;0;0.1044391617178917;0
4051;MER7_20220627_234500_011.wav;0;0.19465331733226776;0
4052;MER7_20220627_234500_012.wav;0;0.21020984649658203;0
4053;MER7_20220627_234500_013.wav;0;0.314103364944458;0
4054;MER7_20220627_234500_014.wav;0;0.1265788972377777;0
4055;MER7_20220627_234500_015.wav;0;0.22423337399959564;0
4056;MER7_20220627_234500_016.wav;0;0.2658955156803131;0
4057;MER7_20220627_234500_017.wav;0;0.13179782032966614;0
4058;MER7_20220627_234500_018.wav;0;0.14405785501003265;0
4059;MER7_20220627_234500_019.wav;0;0.1519920825958252;0
4060;MER7_20220707_151500_000.wav;0;0.5086507201194763;0
4061;MER7_20220707_151500_001.wav;0;0.2648119330406189;0
4062;MER7_20220707_151500_002.wav;0;0.4498092532157898;0
4063;MER7_20220707_151500_003.wav;0;0.12495352327823639;0
4064;MER7_20220707_151500_004.wav;0;0.26009437441825867;0
4065;MER7_20220707_151500_005.wav;0;0.16091394424438477;0
4066;MER7_20220707_151500_006.wav;0;0.14189086854457855;0
4067;MER7_20220707_151500_007.wav;0;0.2584990859031677;0
4068;MER7_20220707_151500_008.wav;0;0.31373071670532227;0
4069;MER7_20220707_151500_009.wav;0;0.1366501748561859;0
4070;MER7_20220707_151500_010.wav;0;0.3085126280784607;0
4071;MER7_20220707_151500_011.wav;0;0.16441132128238678;0
4072;MER7_20220707_151500_012.wav;0;0.5310452580451965;0
4073;MER7_20220707_151500_013.wav;0;0.4065589904785156;0
4074;MER7_20220707_151500_014.wav;0;0.34786170721054077;0
4075;MER7_20220707_151500_015.wav;0;0.31964388489723206;0
4076;MER7_20220707_151500_016.wav;0;0.5647257566452026;0
4077;MER7_20220707_151500_017.wav;0;0.22855578362941742;0
4078;MER7_20220707_151500_018.wav;0;0.29629582166671753;0
4079;MER7_20220707_151500_019.wav;0;0.3271750807762146;0
4080;MER7_20220709_080000_000.wav;0;0.2987576425075531;0
4081;MER7_20220709_080000_001.wav;0;0.9219996333122253;0
4082;MER7_20220709_080000_002.wav;0;0.6136325597763062;0
4083;MER7_20220709_080000_003.wav;0;0.5574460029602051;0
4084;MER7_20220709_080000_004.wav;0;0.2508230209350586;0
4085;MER7_20220709_080000_005.wav;0;0.10371083766222;0
4086;MER7_20220709_080000_006.wav;0;0.17104165256023407;0
4087;MER7_20220709_080000_007.wav;0;0.3091266453266144;0
4088;MER7_20220709_080000_008.wav;0;0.2594606876373291;0
4089;MER7_20220709_080000_009.wav;0;0.2042427957057953;0
4090;MER7_20220709_080000_010.wav;0;0.2785855531692505;0
4091;MER7_20220709_080000_011.wav;0;0.15550753474235535;0
4092;MER7_20220709_080000_012.wav;0;0.15899337828159332;0
4093;MER7_20220709_080000_013.wav;0;0.21940764784812927;0
4094;MER7_20220709_080000_014.wav;0;0.2003578096628189;0
4095;MER7_20220709_080000_015.wav;0;0.7355019450187683;0
4096;MER7_20220709_080000_016.wav;0;0.1577410101890564;0
4097;MER7_20220709_080000_017.wav;0;0.23420551419258118;0
4098;MER7_20220709_080000_018.wav;0;0.1607694774866104;0
4099;MER7_20220709_080000_019.wav;0;0.2422468215227127;0
4100;MER7_20220709_193000_000.wav;0;0.39494699239730835;0
4101;MER7_20220709_193000_001.wav;0;0.1256667971611023;0
4102;MER7_20220709_193000_002.wav;0;0.2231978178024292;0
4103;MER7_20220709_193000_003.wav;0;0.1475551277399063;0
4104;MER7_20220709_193000_004.wav;0;0.56500643491745;0
4105;MER7_20220709_193000_005.wav;0;0.1286730021238327;0
4106;MER7_20220709_193000_006.wav;0;0.11671742051839828;0
4107;MER7_20220709_193000_007.wav;0;0.20928525924682617;0
4108;MER7_20220709_193000_008.wav;0;0.10492490977048874;0
4109;MER7_20220709_193000_009.wav;0;0.17193923890590668;0
4110;MER7_20220709_193000_010.wav;0;0.07016973197460175;0
4111;MER7_20220709_193000_011.wav;0;0.14874908328056335;0
4112;MER7_20220709_193000_012.wav;0;0.30808690190315247;0
4113;MER7_20220709_193000_013.wav;0;0.05478415638208389;0
4114;MER7_20220709_193000_014.wav;0;0.10142765939235687;0
4115;MER7_20220709_193000_015.wav;0;0.2775424122810364;0
4116;MER7_20220709_193000_016.wav;0;0.06125656142830849;0
4117;MER7_20220709_193000_017.wav;0;0.12434493750333786;0
4118;MER7_20220709_193000_018.wav;0;0.1715501993894577;0
4119;MER7_20220709_193000_019.wav;0;0.4182899594306946;0
4120;MER7_20220711_064500_000.wav;0;0.09378714114427567;0
4121;MER7_20220711_064500_001.wav;0;0.08137736469507217;0
4122;MER7_20220711_064500_002.wav;0;0.024146320298314095;0
4123;MER7_20220711_064500_003.wav;0;0.06779645383358002;0
4124;MER7_20220711_064500_004.wav;0;0.03335559740662575;0
4125;MER7_20220711_064500_005.wav;0;0.04785861819982529;0
4126;MER7_20220711_064500_006.wav;0;0.1401304006576538;0
4127;MER7_20220711_064500_007.wav;0;0.039204150438308716;0
4128;MER7_20220711_064500_008.wav;0;0.10555887222290039;0
4129;MER7_20220711_064500_009.wav;0;0.03402506932616234;0
4130;MER7_20220711_064500_010.wav;0;0.09086017310619354;0
4131;MER7_20220711_064500_011.wav;0;0.05477113649249077;0
4132;MER7_20220711_064500_012.wav;0;0.029213378205895424;0
4133;MER7_20220711_064500_013.wav;0;0.07224108278751373;0
4134;MER7_20220711_064500_014.wav;0;0.0766669288277626;0
4135;MER7_20220711_064500_015.wav;0;0.39689406752586365;0
4136;MER7_20220711_064500_016.wav;0;0.055518388748168945;0
4137;MER7_20220711_064500_017.wav;0;0.06149734556674957;0
4138;MER7_20220711_064500_018.wav;0;0.29619964957237244;0
4139;MER7_20220711_064500_019.wav;0;0.09811921417713165;0
4140;MER7_20220711_154500_000.wav;0;0.2938283681869507;0
4141;MER7_20220711_154500_001.wav;0;0.3307165801525116;0
4142;MER7_20220711_154500_002.wav;0;0.1510724127292633;0
4143;MER7_20220711_154500_003.wav;0;0.3302411735057831;0
4144;MER7_20220711_154500_004.wav;0;0.12779735028743744;0
4145;MER7_20220711_154500_005.wav;0;0.47924134135246277;0
4146;MER7_20220711_154500_006.wav;0;0.11219789832830429;0
4147;MER7_20220711_154500_007.wav;0;0.13007743656635284;0
4148;MER7_20220711_154500_008.wav;0;0.24207699298858643;0
4149;MER7_20220711_154500_009.wav;0;0.19873188436031342;0
4150;MER7_20220711_154500_010.wav;0;0.27031567692756653;0
4151;MER7_20220711_154500_011.wav;0;0.33182138204574585;0
4152;MER7_20220711_154500_012.wav;0;0.24318110942840576;0
4153;MER7_20220711_154500_013.wav;0;0.10829620063304901;0
4154;MER7_20220711_154500_014.wav;0;0.24788521230220795;0
4155;MER7_20220711_154500_015.wav;0;0.07621020823717117;0
4156;MER7_20220711_154500_016.wav;0;0.11791366338729858;0
4157;MER7_20220711_154500_017.wav;0;0.15207037329673767;0
4158;MER7_20220711_154500_018.wav;0;0.31638413667678833;0
4159;MER7_20220711_154500_019.wav;0;0.1686953753232956;0
4160;MER7_20220713_050000_000.wav;0;0.17493842542171478;0
4161;MER7_20220713_050000_001.wav;0;0.173731729388237;0
4162;MER7_20220713_050000_002.wav;0;0.15118712186813354;0
4163;MER7_20220713_050000_003.wav;0;0.2934271991252899;0
4164;MER7_20220713_050000_004.wav;0;0.16719022393226624;0
4165;MER7_20220713_050000_005.wav;0;0.0998249277472496;0
4166;MER7_20220713_050000_006.wav;0;0.12817463278770447;0
4167;MER7_20220713_050000_007.wav;0;0.13527438044548035;0
4168;MER7_20220713_050000_008.wav;0;0.1564347892999649;0
4169;MER7_20220713_050000_009.wav;0;0.22268636524677277;0
4170;MER7_20220713_050000_010.wav;0;0.1585320681333542;0
4171;MER7_20220713_050000_011.wav;0;0.242760568857193;0
4172;MER7_20220713_050000_012.wav;0;0.15210320055484772;0
4173;MER7_20220713_050000_013.wav;0;0.16995950043201447;0
4174;MER7_20220713_050000_014.wav;0;0.1303880661725998;0
4175;MER7_20220713_050000_015.wav;0;0.16245925426483154;0
4176;MER7_20220713_050000_016.wav;0;0.10868456959724426;0
4177;MER7_20220713_050000_017.wav;0;0.15146733820438385;0
4178;MER7_20220713_050000_018.wav;0;0.22646495699882507;0
4179;MER7_20220713_050000_019.wav;0;0.12450633198022842;0
4180;MER7_20220717_064500_000.wav;0;0.0907764732837677;0
4181;MER7_20220717_064500_001.wav;0;0.2347128689289093;0
4182;MER7_20220717_064500_002.wav;0;0.14066903293132782;0
4183;MER7_20220717_064500_003.wav;0;0.10863951593637466;0
4184;MER7_20220717_064500_004.wav;0;0.005433683283627033;0
4185;MER7_20220717_064500_005.wav;0;0.32001665234565735;0
4186;MER7_20220717_064500_006.wav;0;0.2108973264694214;0
4187;MER7_20220717_064500_007.wav;0;0.1690480262041092;0
4188;MER7_20220717_064500_008.wav;0;0.08785731345415115;0
4189;MER7_20220717_064500_009.wav;0;0.07323434203863144;0
4190;MER7_20220717_064500_010.wav;0;0.2635888457298279;0
4191;MER7_20220717_064500_011.wav;0;0.38000333309173584;0
4192;MER7_20220717_064500_012.wav;0;0.1555737406015396;0
4193;MER7_20220717_064500_013.wav;0;0.10533022880554199;0
4194;MER7_20220717_064500_014.wav;0;0.14198917150497437;0
4195;MER7_20220717_064500_015.wav;0;0.15332859754562378;0
4196;MER7_20220717_064500_016.wav;0;0.06948809325695038;0
4197;MER7_20220717_064500_017.wav;0;0.04279670864343643;0
4198;MER7_20220717_064500_018.wav;0;0.04126754775643349;0
4199;MER7_20220717_064500_019.wav;0;0.10672066360712051;0
4200;MER7_20220723_020000_000.wav;0;0.17849162220954895;0
4201;MER7_20220723_020000_001.wav;0;0.21558798849582672;0
4202;MER7_20220723_020000_002.wav;0;0.15203966200351715;0
4203;MER7_20220723_020000_003.wav;0;0.20076031982898712;0
4204;MER7_20220723_020000_004.wav;0;0.20608197152614594;0
4205;MER7_20220723_020000_005.wav;0;0.24844951927661896;0
4206;MER7_20220723_020000_006.wav;0;0.188881978392601;0
4207;MER7_20220723_020000_007.wav;0;0.14475078880786896;0
4208;MER7_20220723_020000_008.wav;0;0.09241191297769547;0
4209;MER7_20220723_020000_009.wav;0;0.1428755223751068;0
4210;MER7_20220723_020000_010.wav;0;0.23179012537002563;0
4211;MER7_20220723_020000_011.wav;0;0.19609276950359344;0
4212;MER7_20220723_020000_012.wav;0;0.17618559300899506;0
4213;MER7_20220723_020000_013.wav;0;0.2317626178264618;0
4214;MER7_20220723_020000_014.wav;0;0.26417142152786255;0
4215;MER7_20220723_020000_015.wav;0;0.24539080262184143;0
4216;MER7_20220723_020000_016.wav;0;0.2101055383682251;0
4217;MER7_20220723_020000_017.wav;0;0.27221623063087463;0
4218;MER7_20220723_020000_018.wav;0;0.19652749598026276;0
4219;MER7_20220723_020000_019.wav;0;0.20718145370483398;0
4220;MER7_20220723_213000_000.wav;0;0.26486581563949585;0
4221;MER7_20220723_213000_001.wav;0;0.5128123164176941;0
4222;MER7_20220723_213000_002.wav;0;0.6285363435745239;0
4223;MER7_20220723_213000_003.wav;0;0.16258664429187775;0
4224;MER7_20220723_213000_004.wav;0;0.22781506180763245;0
4225;MER7_20220723_213000_005.wav;0;0.2808452546596527;0
4226;MER7_20220723_213000_006.wav;0;0.3284431993961334;0
4227;MER7_20220723_213000_007.wav;0;0.3787349760532379;0
4228;MER7_20220723_213000_008.wav;0;0.23888224363327026;0
4229;MER7_20220723_213000_009.wav;0;0.12703777849674225;0
4230;MER7_20220723_213000_010.wav;0;0.13583923876285553;0
4231;MER7_20220723_213000_011.wav;0;0.11666622757911682;0
4232;MER7_20220723_213000_012.wav;0;0.1501275599002838;0
4233;MER7_20220723_213000_013.wav;0;0.10240919888019562;0
4234;MER7_20220723_213000_014.wav;0;0.473792165517807;0
4235;MER7_20220723_213000_015.wav;0;0.08961831033229828;0
4236;MER7_20220723_213000_016.wav;0;0.16734479367733002;0
4237;MER7_20220723_213000_017.wav;0;0.2048904001712799;0
4238;MER7_20220723_213000_018.wav;0;0.16111008822917938;0
4239;MER7_20220723_213000_019.wav;0;0.5670717358589172;0
4240;MER7_20220725_020000_000.wav;0;0.11761166900396347;0
4241;MER7_20220725_020000_001.wav;0;0.4441177546977997;0
4242;MER7_20220725_020000_002.wav;0;0.22037532925605774;0
4243;MER7_20220725_020000_003.wav;0;0.1152561604976654;0
4244;MER7_20220725_020000_004.wav;0;0.30270007252693176;0
4245;MER7_20220725_020000_005.wav;0;0.39569899439811707;0
4246;MER7_20220725_020000_006.wav;0;0.26380655169487;0
4247;MER7_20220725_020000_007.wav;0;0.20230506360530853;0
4248;MER7_20220725_020000_008.wav;0;0.76366126537323;0
4249;MER7_20220725_020000_009.wav;0;0.15150383114814758;0
4250;MER7_20220725_020000_010.wav;0;0.08596079051494598;0
4251;MER7_20220725_020000_011.wav;0;0.08345233649015427;0
4252;MER7_20220725_020000_012.wav;0;0.11124055087566376;0
4253;MER7_20220725_020000_013.wav;0;0.15361177921295166;0
4254;MER7_20220725_020000_014.wav;0;0.1422416865825653;0
4255;MER7_20220725_020000_015.wav;0;0.16399405896663666;0
4256;MER7_20220725_020000_016.wav;0;0.07967545837163925;0
4257;MER7_20220725_020000_017.wav;0;0.33809056878089905;0
4258;MER7_20220725_020000_018.wav;0;0.3252440094947815;0
4259;MER7_20220725_020000_019.wav;0;0.1846960037946701;0
4260;MER7_20220727_214500_000.wav;0;0.17957325279712677;0
4261;MER7_20220727_214500_001.wav;0;0.04342243820428848;0
4262;MER7_20220727_214500_002.wav;0;0.324204683303833;0
4263;MER7_20220727_214500_003.wav;0;0.1625467985868454;0
4264;MER7_20220727_214500_004.wav;0;0.18000556528568268;0
4265;MER7_20220727_214500_005.wav;0;0.04424687847495079;0
4266;MER7_20220727_214500_006.wav;0;0.26294028759002686;0
4267;MER7_20220727_214500_007.wav;0;0.08911429345607758;0
4268;MER7_20220727_214500_008.wav;0;0.36560219526290894;0
4269;MER7_20220727_214500_009.wav;0;0.620945930480957;0
4270;MER7_20220727_214500_010.wav;0;0.36161044239997864;0
4271;MER7_20220727_214500_011.wav;0;0.08551623672246933;0
4272;MER7_20220727_214500_012.wav;0;0.09647521376609802;0
4273;MER7_20220727_214500_013.wav;0;0.04218887537717819;0
4274;MER7_20220727_214500_014.wav;0;0.19394022226333618;0
4275;MER7_20220727_214500_015.wav;0;0.10123343020677567;0
4276;MER7_20220727_214500_016.wav;0;0.16042998433113098;0
4277;MER7_20220727_214500_017.wav;0;0.22218158841133118;0
4278;MER7_20220727_214500_018.wav;0;0.11910852789878845;0
4279;MER7_20220727_214500_019.wav;0;0.14592356979846954;0
4280;MER7_20220729_151500_000.wav;0;0.5459932684898376;0
4281;MER7_20220729_151500_001.wav;0;0.11584360152482986;0
4282;MER7_20220729_151500_002.wav;0;0.14488236606121063;0
4283;MER7_20220729_151500_003.wav;0;0.21523140370845795;0
4284;MER7_20220729_151500_004.wav;0;0.5723212957382202;0
4285;MER7_20220729_151500_005.wav;0;0.13600769639015198;0
4286;MER7_20220729_151500_006.wav;0;0.19774413108825684;0
4287;MER7_20220729_151500_007.wav;0;0.4164561629295349;0
4288;MER7_20220729_151500_008.wav;0;0.41694167256355286;0
4289;MER7_20220729_151500_009.wav;0;0.6821823716163635;0
4290;MER7_20220729_151500_010.wav;0;0.19387035071849823;0
4291;MER7_20220729_151500_011.wav;0;0.24163615703582764;0
4292;MER7_20220729_151500_012.wav;0;0.4678003489971161;0
4293;MER7_20220729_151500_013.wav;0;0.11163933575153351;0
4294;MER7_20220729_151500_014.wav;0;0.6034695506095886;0
4295;MER7_20220729_151500_015.wav;0;0.813132107257843;0
4296;MER7_20220729_151500_016.wav;0;0.5838074088096619;0
4297;MER7_20220729_151500_017.wav;0;0.2880766987800598;0
4298;MER7_20220729_151500_018.wav;0;0.4592221975326538;0
4299;MER7_20220729_151500_019.wav;0;0.1205388605594635;0
4300;MER7_20220802_064500_000.wav;0;0.0848255306482315;0
4301;MER7_20220802_064500_001.wav;0;0.06299418956041336;0
4302;MER7_20220802_064500_002.wav;0;0.08774271607398987;0
4303;MER7_20220802_064500_003.wav;0;0.1550736427307129;0
4304;MER7_20220802_064500_004.wav;0;0.0918123722076416;0
4305;MER7_20220802_064500_005.wav;0;0.08410591632127762;0
4306;MER7_20220802_064500_006.wav;0;0.045710835605859756;0
4307;MER7_20220802_064500_007.wav;0;0.03277267888188362;0
4308;MER7_20220802_064500_008.wav;0;0.04215521737933159;0
4309;MER7_20220802_064500_009.wav;0;0.06848962604999542;0
4310;MER7_20220802_064500_010.wav;0;0.17457330226898193;0
4311;MER7_20220802_064500_011.wav;0;0.047091130167245865;0
4312;MER7_20220802_064500_012.wav;0;0.03934797644615173;0
4313;MER7_20220802_064500_013.wav;0;0.11123740673065186;0
4314;MER7_20220802_064500_014.wav;0;0.19709041714668274;0
4315;MER7_20220802_064500_015.wav;0;0.03763758763670921;0
4316;MER7_20220802_064500_016.wav;0;0.033153731375932693;0
4317;MER7_20220802_064500_017.wav;0;0.2915782332420349;0
4318;MER7_20220802_064500_018.wav;0;0.08150981366634369;0
4319;MER7_20220802_064500_019.wav;0;0.024728121235966682;0
4320;MER7_20220806_040000_000.wav;0;0.9286031723022461;0
4321;MER7_20220806_040000_001.wav;0;0.9333134293556213;0
4322;MER7_20220806_040000_002.wav;0;0.9212576150894165;0
4323;MER7_20220806_040000_003.wav;0;0.9355272650718689;0
4324;MER7_20220806_040000_004.wav;0;0.939791202545166;0
4325;MER7_20220806_040000_005.wav;0;0.9270516037940979;0
4326;MER7_20220806_040000_006.wav;0;0.9454580545425415;0
4327;MER7_20220806_040000_007.wav;0;0.9641343355178833;0
4328;MER7_20220806_040000_008.wav;0;0.9443308711051941;0
4329;MER7_20220806_040000_009.wav;0;0.9495148062705994;0
4330;MER7_20220806_040000_010.wav;0;0.9584869742393494;0
4331;MER7_20220806_040000_011.wav;0;0.9395012855529785;0
4332;MER7_20220806_040000_012.wav;0;0.9320244789123535;0
4333;MER7_20220806_040000_013.wav;0;0.937630295753479;0
4334;MER7_20220806_040000_014.wav;0;0.9258419871330261;0
4335;MER7_20220806_040000_015.wav;0;0.8825008869171143;0
4336;MER7_20220806_040000_016.wav;0;0.9764421582221985;0
4337;MER7_20220806_040000_017.wav;0;0.924567461013794;0
4338;MER7_20220806_040000_018.wav;0;0.9586011171340942;0
4339;MER7_20220806_040000_019.wav;0;0.9169058799743652;0
4340;MER7_20220806_124500_000.wav;0;0.18720047175884247;0
4341;MER7_20220806_124500_001.wav;0;0.7009900808334351;0
4342;MER7_20220806_124500_002.wav;0;0.368028849363327;0
4343;MER7_20220806_124500_003.wav;0;0.8807894587516785;0
4344;MER7_20220806_124500_004.wav;0;0.12504111230373383;0
4345;MER7_20220806_124500_005.wav;0;0.8863461017608643;0
4346;MER7_20220806_124500_006.wav;0;0.5985136032104492;0
4347;MER7_20220806_124500_007.wav;0;0.31864041090011597;0
4348;MER7_20220806_124500_008.wav;0;0.47927239537239075;0
4349;MER7_20220806_124500_009.wav;0;0.37903133034706116;0
4350;MER7_20220806_124500_010.wav;0;0.701059877872467;0
4351;MER7_20220806_124500_011.wav;0;0.7210756540298462;0
4352;MER7_20220806_124500_012.wav;0;0.29455944895744324;0
4353;MER7_20220806_124500_013.wav;0;0.27236008644104004;0
4354;MER7_20220806_124500_014.wav;0;0.3030931353569031;0
4355;MER7_20220806_124500_015.wav;0;0.11093559116125107;0
4356;MER7_20220806_124500_016.wav;0;0.421799898147583;0
4357;MER7_20220806_124500_017.wav;0;0.2328798770904541;0
4358;MER7_20220806_124500_018.wav;0;0.33220383524894714;0
4359;MER7_20220806_124500_019.wav;0;0.20193776488304138;0
4360;MER7_20220806_221500_000.wav;0;0.09478185325860977;0
4361;MER7_20220806_221500_001.wav;0;0.060338348150253296;0
4362;MER7_20220806_221500_002.wav;0;0.1265251487493515;0
4363;MER7_20220806_221500_003.wav;0;0.10960879921913147;0
4364;MER7_20220806_221500_004.wav;0;0.13090497255325317;0
4365;MER7_20220806_221500_005.wav;0;0.1096721962094307;0
4366;MER7_20220806_221500_006.wav;0;0.09937626123428345;0
4367;MER7_20220806_221500_007.wav;0;0.050653599202632904;0
4368;MER7_20220806_221500_008.wav;0;0.06958229839801788;0
4369;MER7_20220806_221500_009.wav;0;0.1491871029138565;0
4370;MER7_20220806_221500_010.wav;0;0.0539979487657547;0
4371;MER7_20220806_221500_011.wav;0;0.026192115619778633;0
4372;MER7_20220806_221500_012.wav;0;0.08889845013618469;0
4373;MER7_20220806_221500_013.wav;0;0.07903587818145752;0
4374;MER7_20220806_221500_014.wav;0;0.09528394788503647;0
4375;MER7_20220806_221500_015.wav;0;0.06434366106987;0
4376;MER7_20220806_221500_016.wav;0;0.03100971132516861;0
4377;MER7_20220806_221500_017.wav;0;0.02157922275364399;0
4378;MER7_20220806_221500_018.wav;0;0.05832168832421303;0
4379;MER7_20220806_221500_019.wav;0;0.11344749480485916;0
4380;MER7_20220808_094500_000.wav;0;0.07230149209499359;0
4381;MER7_20220808_094500_001.wav;0;0.03253293037414551;0
4382;MER7_20220808_094500_002.wav;0;0.1271176040172577;0
4383;MER7_20220808_094500_003.wav;0;0.06007474660873413;0
4384;MER7_20220808_094500_004.wav;0;0.04149149730801582;0
4385;MER7_20220808_094500_005.wav;0;0.039694931358098984;0
4386;MER7_20220808_094500_006.wav;0;0.050476301461458206;0
4387;MER7_20220808_094500_007.wav;0;0.03565654903650284;0
4388;MER7_20220808_094500_008.wav;0;0.03850235417485237;0
4389;MER7_20220808_094500_009.wav;0;0.030627354979515076;0
4390;MER7_20220808_094500_010.wav;0;0.04980909079313278;0
4391;MER7_20220808_094500_011.wav;0;0.04340897127985954;0
4392;MER7_20220808_094500_012.wav;0;0.0355643667280674;0
4393;MER7_20220808_094500_013.wav;0;0.030774526298046112;0
4394;MER7_20220808_094500_014.wav;0;0.032418932765722275;0
4395;MER7_20220808_094500_015.wav;0;0.032256267964839935;0
4396;MER7_20220808_094500_016.wav;0;0.06361054629087448;0
4397;MER7_20220808_094500_017.wav;0;0.028184453025460243;0
4398;MER7_20220808_094500_018.wav;0;0.2093454897403717;0
4399;MER7_20220808_094500_019.wav;0;0.21884186565876007;0
4400;MER7_20220810_051500_000.wav;0;0.10585703700780869;0
4401;MER7_20220810_051500_001.wav;0;0.21140508353710175;0
4402;MER7_20220810_051500_002.wav;0;0.19632378220558167;0
4403;MER7_20220810_051500_003.wav;0;0.17291894555091858;0
4404;MER7_20220810_051500_004.wav;0;0.3421415090560913;0
4405;MER7_20220810_051500_005.wav;0;0.13370919227600098;0
4406;MER7_20220810_051500_006.wav;0;0.13547073304653168;0
4407;MER7_20220810_051500_007.wav;0;0.09393452852964401;0
4408;MER7_20220810_051500_008.wav;0;0.1306321769952774;0
4409;MER7_20220810_051500_009.wav;0;0.2914116382598877;0
4410;MER7_20220810_051500_010.wav;0;0.13184088468551636;0
4411;MER7_20220810_051500_011.wav;0;0.20997624099254608;0
4412;MER7_20220810_051500_012.wav;0;0.10802488774061203;0
4413;MER7_20220810_051500_013.wav;0;0.0639127790927887;0
4414;MER7_20220810_051500_014.wav;0;0.16087719798088074;0
4415;MER7_20220810_051500_015.wav;0;0.02762318216264248;0
4416;MER7_20220810_051500_016.wav;0;0.08533553779125214;0
4417;MER7_20220810_051500_017.wav;0;0.06175266206264496;0
4418;MER7_20220810_051500_018.wav;0;0.1044648140668869;0
4419;MER7_20220810_051500_019.wav;0;0.12000617384910583;0
4420;MER7_20220810_063000_000.wav;0;0.055631108582019806;0
4421;MER7_20220810_063000_001.wav;0;0.26784446835517883;0
4422;MER7_20220810_063000_002.wav;0;0.17255039513111115;0
4423;MER7_20220810_063000_003.wav;0;0.08375899493694305;0
4424;MER7_20220810_063000_004.wav;0;0.06352082639932632;0
4425;MER7_20220810_063000_005.wav;0;0.12483101338148117;0
4426;MER7_20220810_063000_006.wav;0;0.10397744178771973;0
4427;MER7_20220810_063000_007.wav;0;0.04408350959420204;0
4428;MER7_20220810_063000_008.wav;0;0.07654660940170288;0
4429;MER7_20220810_063000_009.wav;0;0.04002166539430618;0
4430;MER7_20220810_063000_010.wav;0;0.06894062459468842;0
4431;MER7_20220810_063000_011.wav;0;0.18291601538658142;0
4432;MER7_20220810_063000_012.wav;0;0.27356112003326416;0
4433;MER7_20220810_063000_013.wav;0;0.2824360728263855;0
4434;MER7_20220810_063000_014.wav;0;0.1481696218252182;0
4435;MER7_20220810_063000_015.wav;0;0.08438573777675629;0
4436;MER7_20220810_063000_016.wav;0;0.23434044420719147;0
4437;MER7_20220810_063000_017.wav;0;0.3289217948913574;0
4438;MER7_20220810_063000_018.wav;0;0.15929992496967316;0
4439;MER7_20220810_063000_019.wav;0;0.12235577404499054;0
4440;MER7_20220814_041500_000.wav;0;0.29597851634025574;0
4441;MER7_20220814_041500_001.wav;0;0.31100741028785706;0
4442;MER7_20220814_041500_002.wav;0;0.15376922488212585;0
4443;MER7_20220814_041500_003.wav;0;0.16801413893699646;0
4444;MER7_20220814_041500_004.wav;0;0.26963984966278076;0
4445;MER7_20220814_041500_005.wav;0;0.18102550506591797;0
4446;MER7_20220814_041500_006.wav;0;0.3072859048843384;0
4447;MER7_20220814_041500_007.wav;0;0.4391956031322479;0
4448;MER7_20220814_041500_008.wav;0;0.18782640993595123;0
4449;MER7_20220814_041500_009.wav;0;0.1313391923904419;0
4450;MER7_20220814_041500_010.wav;0;0.12554937601089478;0
4451;MER7_20220814_041500_011.wav;0;0.04406037554144859;0
4452;MER7_20220814_041500_012.wav;0;0.10490115731954575;0
4453;MER7_20220814_041500_013.wav;0;0.12496984750032425;0
4454;MER7_20220814_041500_014.wav;0;0.19072958827018738;0
4455;MER7_20220814_041500_015.wav;0;0.18702176213264465;0
4456;MER7_20220814_041500_016.wav;0;0.12885349988937378;0
4457;MER7_20220814_041500_017.wav;0;0.115524522960186;0
4458;MER7_20220814_041500_018.wav;0;0.15976090729236603;0
4459;MER7_20220814_041500_019.wav;0;0.15633967518806458;0
4460;MER7_20220818_203000_000.wav;0;0.26335129141807556;0
4461;MER7_20220818_203000_001.wav;0;0.2114744633436203;0
4462;MER7_20220818_203000_002.wav;0;0.6147627234458923;0
4463;MER7_20220818_203000_003.wav;0;0.16016124188899994;0
4464;MER7_20220818_203000_004.wav;0;0.10949643701314926;0
4465;MER7_20220818_203000_005.wav;0;0.2920420467853546;0
4466;MER7_20220818_203000_006.wav;0;0.14998778700828552;0
4467;MER7_20220818_203000_007.wav;0;0.11825427412986755;0
4468;MER7_20220818_203000_008.wav;0;0.13652722537517548;0
4469;MER7_20220818_203000_009.wav;0;0.20579157769680023;0
4470;MER7_20220818_203000_010.wav;0;0.09397430717945099;0
4471;MER7_20220818_203000_011.wav;0;0.11325043439865112;0
4472;MER7_20220818_203000_012.wav;0;0.08514708280563354;0
4473;MER7_20220818_203000_013.wav;0;0.06973512470722198;0
4474;MER7_20220818_203000_014.wav;0;0.22791342437267303;0
4475;MER7_20220818_203000_015.wav;0;0.06866850703954697;0
4476;MER7_20220818_203000_016.wav;0;0.1527232825756073;0
4477;MER7_20220818_203000_017.wav;0;0.06281748414039612;0
4478;MER7_20220818_203000_018.wav;0;0.09850111603736877;0
4479;MER7_20220818_203000_019.wav;0;0.10411956906318665;0
4480;MER7_20220820_134500_000.wav;0;0.20980185270309448;0
4481;MER7_20220820_134500_001.wav;0;0.12278414517641068;0
4482;MER7_20220820_134500_002.wav;0;0.12379259616136551;0
4483;MER7_20220820_134500_003.wav;0;0.2080283761024475;0
4484;MER7_20220820_134500_004.wav;0;0.1635340452194214;0
4485;MER7_20220820_134500_005.wav;0;0.19831672310829163;0
4486;MER7_20220820_134500_006.wav;0;0.06967196613550186;0
4487;MER7_20220820_134500_007.wav;0;0.126101553440094;0
4488;MER7_20220820_134500_008.wav;0;0.13070841133594513;0
4489;MER7_20220820_134500_009.wav;0;0.23283113539218903;0
4490;MER7_20220820_134500_010.wav;0;0.17971289157867432;0
4491;MER7_20220820_134500_011.wav;0;0.15816950798034668;0
4492;MER7_20220820_134500_012.wav;0;0.118120938539505;0
4493;MER7_20220820_134500_013.wav;0;0.15963314473628998;0
4494;MER7_20220820_134500_014.wav;0;0.0743022933602333;0
4495;MER7_20220820_134500_015.wav;0;0.1062801405787468;0
4496;MER7_20220820_134500_016.wav;0;0.12320790439844131;0
4497;MER7_20220820_134500_017.wav;0;0.1513410210609436;0
4498;MER7_20220820_134500_018.wav;0;0.22881458699703217;0
4499;MER7_20220820_134500_019.wav;0;0.12882445752620697;0
4500;MER7_20220820_231500_000.wav;0;0.30408337712287903;0
4501;MER7_20220820_231500_001.wav;0;0.19704464077949524;0
4502;MER7_20220820_231500_002.wav;0;0.28921347856521606;0
4503;MER7_20220820_231500_003.wav;0;0.2043018490076065;0
4504;MER7_20220820_231500_004.wav;0;0.1265948861837387;0
4505;MER7_20220820_231500_005.wav;0;0.1730472296476364;0
4506;MER7_20220820_231500_006.wav;0;0.14007334411144257;0
4507;MER7_20220820_231500_007.wav;0;0.15088535845279694;0
4508;MER7_20220820_231500_008.wav;0;0.14748285710811615;0
4509;MER7_20220820_231500_009.wav;0;0.1462831199169159;0
4510;MER7_20220820_231500_010.wav;0;0.15663890540599823;0
4511;MER7_20220820_231500_011.wav;0;0.1697758138179779;0
4512;MER7_20220820_231500_012.wav;0;0.11766844242811203;0
4513;MER7_20220820_231500_013.wav;0;0.11918363720178604;0
4514;MER7_20220820_231500_014.wav;0;0.2735285460948944;0
4515;MER7_20220820_231500_015.wav;0;0.17650693655014038;0
4516;MER7_20220820_231500_016.wav;0;0.1360948532819748;0
4517;MER7_20220820_231500_017.wav;0;0.19825045764446259;0
4518;MER7_20220820_231500_018.wav;0;0.12212780117988586;0
4519;MER7_20220820_231500_019.wav;0;0.1507319211959839;0
4520;MER7_20220824_141500_000.wav;0;0.3872646689414978;0
4521;MER7_20220824_141500_001.wav;0;0.1948072463274002;0
4522;MER7_20220824_141500_002.wav;0;0.13329561054706573;0
4523;MER7_20220824_141500_003.wav;0;0.1948363333940506;0
4524;MER7_20220824_141500_004.wav;0;0.16678877174854279;0
4525;MER7_20220824_141500_005.wav;0;0.15055035054683685;0
4526;MER7_20220824_141500_006.wav;0;0.11548371613025665;0
4527;MER7_20220824_141500_007.wav;0;0.22553081810474396;0
4528;MER7_20220824_141500_008.wav;0;0.1949281394481659;0
4529;MER7_20220824_141500_009.wav;0;0.31667572259902954;0
4530;MER7_20220824_141500_010.wav;0;0.14141026139259338;0
4531;MER7_20220824_141500_011.wav;0;0.245407834649086;0
4532;MER7_20220824_141500_012.wav;0;0.20518752932548523;0
4533;MER7_20220824_141500_013.wav;0;0.23126329481601715;0
4534;MER7_20220824_141500_014.wav;0;0.14582252502441406;0
4535;MER7_20220824_141500_015.wav;0;0.17343319952487946;0
4536;MER7_20220824_141500_016.wav;0;0.16607476770877838;0
4537;MER7_20220824_141500_017.wav;0;0.18162329494953156;0
4538;MER7_20220824_141500_018.wav;0;0.1375553160905838;0
4539;MER7_20220824_141500_019.wav;0;0.15482495725154877;0
4540;MER7_20220901_053000_000.wav;0;0.2186681479215622;0
4541;MER7_20220901_053000_001.wav;0;0.16524921357631683;0
4542;MER7_20220901_053000_002.wav;0;0.3609146475791931;0
4543;MER7_20220901_053000_003.wav;0;0.16037079691886902;0
4544;MER7_20220901_053000_004.wav;0;0.1741189956665039;0
4545;MER7_20220901_053000_005.wav;0;0.20803146064281464;0
4546;MER7_20220901_053000_006.wav;0;0.13098473846912384;0
4547;MER7_20220901_053000_007.wav;0;0.1500994861125946;0
4548;MER7_20220901_053000_008.wav;0;0.3898257911205292;0
4549;MER7_20220901_053000_009.wav;0;0.12257463485002518;0
4550;MER7_20220901_053000_010.wav;0;0.1705678403377533;0
4551;MER7_20220901_053000_011.wav;0;0.15703070163726807;0
4552;MER7_20220901_053000_012.wav;0;0.14515522122383118;0
4553;MER7_20220901_053000_013.wav;0;0.15147075057029724;0
4554;MER7_20220901_053000_014.wav;0;0.13062162697315216;0
4555;MER7_20220901_053000_015.wav;0;0.12965285778045654;0
4556;MER7_20220901_053000_016.wav;0;0.10661717504262924;0
4557;MER7_20220901_053000_017.wav;0;0.143691286444664;0
4558;MER7_20220901_053000_018.wav;0;0.20434680581092834;0
4559;MER7_20220901_053000_019.wav;0;0.19621872901916504;0
4560;MER7_20220901_103000_000.wav;0;0.17215244472026825;0
4561;MER7_20220901_103000_001.wav;0;0.09423989057540894;0
4562;MER7_20220901_103000_002.wav;0;0.13788872957229614;0
4563;MER7_20220901_103000_003.wav;0;0.15524913370609283;0
4564;MER7_20220901_103000_004.wav;0;0.04008647799491882;0
4565;MER7_20220901_103000_005.wav;0;0.1318214237689972;0
4566;MER7_20220901_103000_006.wav;0;0.18393462896347046;0
4567;MER7_20220901_103000_007.wav;0;0.16234928369522095;0
4568;MER7_20220901_103000_008.wav;0;0.1481555998325348;0
4569;MER7_20220901_103000_009.wav;0;0.1257392317056656;0
4570;MER7_20220901_103000_010.wav;0;0.164519801735878;0
4571;MER7_20220901_103000_011.wav;0;0.22785980999469757;0
4572;MER7_20220901_103000_012.wav;0;0.21372632682323456;0
4573;MER7_20220901_103000_013.wav;0;0.18941901624202728;0
4574;MER7_20220901_103000_014.wav;0;0.2455592304468155;0
4575;MER7_20220901_103000_015.wav;0;0.09697800874710083;0
4576;MER7_20220901_103000_016.wav;0;0.11041078716516495;0
4577;MER7_20220901_103000_017.wav;0;0.28803807497024536;0
4578;MER7_20220901_103000_018.wav;0;0.2620987296104431;0
4579;MER7_20220901_103000_019.wav;0;0.100544773042202;0
4580;MER7_20220901_104500_000.wav;0;0.42942777276039124;0
4581;MER7_20220901_104500_001.wav;0;0.6074069738388062;0
4582;MER7_20220901_104500_002.wav;0;0.06156093254685402;0
4583;MER7_20220901_104500_003.wav;0;0.4117329716682434;0
4584;MER7_20220901_104500_004.wav;0;0.29742980003356934;0
4585;MER7_20220901_104500_005.wav;0;0.6745119690895081;0
4586;MER7_20220901_104500_006.wav;0;0.3605562150478363;0
4587;MER7_20220901_104500_007.wav;0;0.5267671346664429;0
4588;MER7_20220901_104500_008.wav;0;0.43438029289245605;0
4589;MER7_20220901_104500_009.wav;0;0.2545936107635498;0
4590;MER7_20220901_104500_010.wav;0;0.3958052694797516;0
4591;MER7_20220901_104500_011.wav;0;0.23781871795654297;0
4592;MER7_20220901_104500_012.wav;0;0.13418282568454742;0
4593;MER7_20220901_104500_013.wav;0;0.17456676065921783;0
4594;MER7_20220901_104500_014.wav;0;0.20502597093582153;0
4595;MER7_20220901_104500_015.wav;0;0.19357523322105408;0
4596;MER7_20220901_104500_016.wav;0;0.07397281378507614;0
4597;MER7_20220901_104500_017.wav;0;0.1896142214536667;0
4598;MER7_20220901_104500_018.wav;0;0.14109469950199127;0
4599;MER7_20220901_104500_019.wav;0;0.22884659469127655;0
4600;MER7_20220901_121500_000.wav;0;0.1933327317237854;0
4601;MER7_20220901_121500_001.wav;0;0.47575968503952026;0
4602;MER7_20220901_121500_002.wav;0;0.09290812909603119;0
4603;MER7_20220901_121500_003.wav;0;0.3341713845729828;0
4604;MER7_20220901_121500_004.wav;0;0.15400288999080658;0
4605;MER7_20220901_121500_005.wav;0;0.144431471824646;0
4606;MER7_20220901_121500_006.wav;0;0.13935135304927826;0
4607;MER7_20220901_121500_007.wav;0;0.1200806051492691;0
4608;MER7_20220901_121500_008.wav;0;0.17736637592315674;0
4609;MER7_20220901_121500_009.wav;0;0.1467636525630951;0
4610;MER7_20220901_121500_010.wav;0;0.0982038751244545;0
4611;MER7_20220901_121500_011.wav;0;0.09146293997764587;0
4612;MER7_20220901_121500_012.wav;0;0.22640559077262878;0
4613;MER7_20220901_121500_013.wav;0;0.08879829943180084;0
4614;MER7_20220901_121500_014.wav;0;0.21595875918865204;0
4615;MER7_20220901_121500_015.wav;0;0.199916809797287;0
4616;MER7_20220901_121500_016.wav;0;0.13530200719833374;0
4617;MER7_20220901_121500_017.wav;0;0.36538058519363403;0
4618;MER7_20220901_121500_018.wav;0;0.13350598514080048;0
4619;MER7_20220901_121500_019.wav;0;0.11029428988695145;0
4620;MER7_20220901_153000_000.wav;0;0.1732470989227295;0
4621;MER7_20220901_153000_001.wav;0;0.2710684835910797;0
4622;MER7_20220901_153000_002.wav;0;0.20936116576194763;0
4623;MER7_20220901_153000_003.wav;0;0.24454039335250854;0
4624;MER7_20220901_153000_004.wav;0;0.20492663979530334;0
4625;MER7_20220901_153000_005.wav;0;0.2535749673843384;0
4626;MER7_20220901_153000_006.wav;0;0.591375470161438;0
4627;MER7_20220901_153000_007.wav;0;0.23190195858478546;0
4628;MER7_20220901_153000_008.wav;0;0.16009292006492615;0
4629;MER7_20220901_153000_009.wav;0;0.1372685581445694;0
4630;MER7_20220901_153000_010.wav;0;0.2083219289779663;0
4631;MER7_20220901_153000_011.wav;0;0.30641815066337585;0
4632;MER7_20220901_153000_012.wav;0;0.21337001025676727;0
4633;MER7_20220901_153000_013.wav;0;0.2342103272676468;0
4634;MER7_20220901_153000_014.wav;0;0.23541316390037537;0
4635;MER7_20220901_153000_015.wav;0;0.13666796684265137;0
4636;MER7_20220901_153000_016.wav;0;0.12517401576042175;0
4637;MER7_20220901_153000_017.wav;0;0.2461824268102646;0
4638;MER7_20220901_153000_018.wav;0;0.1389854997396469;0
4639;MER7_20220901_153000_019.wav;0;0.14586584270000458;0
4640;MER7_20220903_040000_000.wav;0;0.12578712403774261;0
4641;MER7_20220903_040000_001.wav;0;0.13443203270435333;0
4642;MER7_20220903_040000_002.wav;0;0.23997537791728973;0
4643;MER7_20220903_040000_003.wav;0;0.3450092077255249;0
4644;MER7_20220903_040000_004.wav;0;0.30476492643356323;0
4645;MER7_20220903_040000_005.wav;0;0.7023970484733582;0
4646;MER7_20220903_040000_006.wav;0;0.29890620708465576;0
4647;MER7_20220903_040000_007.wav;0;0.17932775616645813;0
4648;MER7_20220903_040000_008.wav;0;0.12529176473617554;0
4649;MER7_20220903_040000_009.wav;0;0.38992005586624146;0
4650;MER7_20220903_040000_010.wav;0;0.26800283789634705;0
4651;MER7_20220903_040000_011.wav;0;0.1968497931957245;0
4652;MER7_20220903_040000_012.wav;0;0.1520824283361435;0
4653;MER7_20220903_040000_013.wav;0;0.1939341276884079;0
4654;MER7_20220903_040000_014.wav;0;0.5865612030029297;0
4655;MER7_20220903_040000_015.wav;0;0.9067811369895935;0
4656;MER7_20220903_040000_016.wav;0;0.19901645183563232;0
4657;MER7_20220903_040000_017.wav;0;0.19569087028503418;0
4658;MER7_20220903_040000_018.wav;0;0.2568534016609192;0
4659;MER7_20220903_040000_019.wav;0;0.4199649393558502;0
4660;MER7_20220903_041500_000.wav;0;0.26340213418006897;0
4661;MER7_20220903_041500_001.wav;0;0.13104195892810822;0
4662;MER7_20220903_041500_002.wav;0;0.28760141134262085;0
4663;MER7_20220903_041500_003.wav;0;0.27189236879348755;0
4664;MER7_20220903_041500_004.wav;0;0.2546856105327606;0
4665;MER7_20220903_041500_005.wav;0;0.14109446108341217;0
4666;MER7_20220903_041500_006.wav;0;0.23756767809391022;0
4667;MER7_20220903_041500_007.wav;0;0.45507532358169556;0
4668;MER7_20220903_041500_008.wav;0;0.21616892516613007;0
4669;MER7_20220903_041500_009.wav;0;0.14380888640880585;0
4670;MER7_20220903_041500_010.wav;0;0.25136420130729675;0
4671;MER7_20220903_041500_011.wav;0;0.17644821107387543;0
4672;MER7_20220903_041500_012.wav;0;0.2807183861732483;0
4673;MER7_20220903_041500_013.wav;0;0.1211811751127243;0
4674;MER7_20220903_041500_014.wav;0;0.8270789980888367;0
4675;MER7_20220903_041500_015.wav;0;0.13037444651126862;0
4676;MER7_20220903_041500_016.wav;0;0.11690967530012131;0
4677;MER7_20220903_041500_017.wav;0;0.5781185030937195;0
4678;MER7_20220903_041500_018.wav;0;0.5402176976203918;0
4679;MER7_20220903_041500_019.wav;0;0.3045903146266937;0
4680;MER7_20220903_173000_000.wav;0;0.15313084423542023;0
4681;MER7_20220903_173000_001.wav;0;0.2727177143096924;0
4682;MER7_20220903_173000_002.wav;0;0.1919606328010559;0
4683;MER7_20220903_173000_003.wav;0;0.22455039620399475;0
4684;MER7_20220903_173000_004.wav;0;0.15793262422084808;0
4685;MER7_20220903_173000_005.wav;0;0.1534266620874405;0
4686;MER7_20220903_173000_006.wav;0;0.7000277638435364;0
4687;MER7_20220903_173000_007.wav;0;0.10034240037202835;0
4688;MER7_20220903_173000_008.wav;0;0.24539712071418762;0
4689;MER7_20220903_173000_009.wav;0;0.18999823927879333;0
4690;MER7_20220903_173000_010.wav;0;0.17803747951984406;0
4691;MER7_20220903_173000_011.wav;0;0.20609785616397858;0
4692;MER7_20220903_173000_012.wav;0;0.4253190755844116;0
4693;MER7_20220903_173000_013.wav;0;0.13122062385082245;0
4694;MER7_20220903_173000_014.wav;0;0.3152558505535126;0
4695;MER7_20220903_173000_015.wav;0;0.1877860128879547;0
4696;MER7_20220903_173000_016.wav;0;0.21218383312225342;0
4697;MER7_20220903_173000_017.wav;0;0.23529939353466034;0
4698;MER7_20220903_173000_018.wav;0;0.12070447951555252;0
4699;MER7_20220903_173000_019.wav;0;0.2640548348426819;0
4700;MER7_20220903_193000_000.wav;0;0.14945781230926514;0
4701;MER7_20220903_193000_001.wav;0;0.08837423473596573;0
4702;MER7_20220903_193000_002.wav;0;0.10270265489816666;0
4703;MER7_20220903_193000_003.wav;0;0.3212151825428009;0
4704;MER7_20220903_193000_004.wav;0;0.10998095571994781;0
4705;MER7_20220903_193000_005.wav;0;0.06583888083696365;0
4706;MER7_20220903_193000_006.wav;0;0.08133518695831299;0
4707;MER7_20220903_193000_007.wav;0;0.1333041489124298;0
4708;MER7_20220903_193000_008.wav;0;0.09408030658960342;0
4709;MER7_20220903_193000_009.wav;0;0.06310368329286575;0
4710;MER7_20220903_193000_010.wav;0;0.3237086534500122;0
4711;MER7_20220903_193000_011.wav;0;0.31045955419540405;0
4712;MER7_20220903_193000_012.wav;0;0.16627861559391022;0
4713;MER7_20220903_193000_013.wav;0;0.1509113758802414;0
4714;MER7_20220903_193000_014.wav;0;0.14869965612888336;0
4715;MER7_20220903_193000_015.wav;0;0.09995368123054504;0
4716;MER7_20220903_193000_016.wav;0;0.7683117985725403;0
4717;MER7_20220903_193000_017.wav;0;0.238684743642807;0
4718;MER7_20220903_193000_018.wav;0;0.12052544951438904;0
4719;MER7_20220903_193000_019.wav;0;0.06767041236162186;0
4720;MER7_20220903_204500_000.wav;0;0.030513573437929153;0
4721;MER7_20220903_204500_001.wav;0;0.023186154663562775;0
4722;MER7_20220903_204500_002.wav;0;0.061709340661764145;0
4723;MER7_20220903_204500_003.wav;0;0.055440355092287064;0
4724;MER7_20220903_204500_004.wav;0;0.143778994679451;0
4725;MER7_20220903_204500_005.wav;0;0.05350128188729286;0
4726;MER7_20220903_204500_006.wav;0;0.03585411235690117;0
4727;MER7_20220903_204500_007.wav;0;0.11105835437774658;0
4728;MER7_20220903_204500_008.wav;0;0.24357721209526062;0
4729;MER7_20220903_204500_009.wav;0;0.08337611705064774;0
4730;MER7_20220903_204500_010.wav;0;0.17308688163757324;0
4731;MER7_20220903_204500_011.wav;0;0.16525205969810486;0
4732;MER7_20220903_204500_012.wav;0;0.05143766850233078;0
4733;MER7_20220903_204500_013.wav;0;0.14401227235794067;0
4734;MER7_20220903_204500_014.wav;0;0.0943065658211708;0
4735;MER7_20220903_204500_015.wav;0;0.06705766171216965;0
4736;MER7_20220903_204500_016.wav;0;0.8860883116722107;0
4737;MER7_20220903_204500_017.wav;0;0.7628539800643921;0
4738;MER7_20220903_204500_018.wav;0;0.9047242999076843;0
4739;MER7_20220903_204500_019.wav;0;0.9050908088684082;0
4740;MER7_20220903_211500_000.wav;0;0.3640129864215851;0
4741;MER7_20220903_211500_001.wav;0;0.3455219566822052;0
4742;MER7_20220903_211500_002.wav;0;0.33510372042655945;0
4743;MER7_20220903_211500_003.wav;0;0.19111086428165436;0
4744;MER7_20220903_211500_004.wav;0;0.37080681324005127;0
4745;MER7_20220903_211500_005.wav;0;0.5078871250152588;0
4746;MER7_20220903_211500_006.wav;0;0.7003872990608215;0
4747;MER7_20220903_211500_007.wav;0;0.19443844258785248;0
4748;MER7_20220903_211500_008.wav;0;0.3655191957950592;0
4749;MER7_20220903_211500_009.wav;0;0.1315297782421112;0
4750;MER7_20220903_211500_010.wav;0;0.2553858757019043;0
4751;MER7_20220903_211500_011.wav;0;0.7272205352783203;0
4752;MER7_20220903_211500_012.wav;0;0.49773648381233215;0
4753;MER7_20220903_211500_013.wav;0;0.6547062397003174;0
4754;MER7_20220903_211500_014.wav;0;0.37801215052604675;0
4755;MER7_20220903_211500_015.wav;0;0.8881536722183228;0
4756;MER7_20220903_211500_016.wav;0;0.23571403324604034;0
4757;MER7_20220903_211500_017.wav;0;0.13729692995548248;0
4758;MER7_20220903_211500_018.wav;0;0.24032245576381683;0
4759;MER7_20220903_211500_019.wav;0;0.367105096578598;0
4760;MER7_20220905_081500_000.wav;0;0.5796276330947876;0
4761;MER7_20220905_081500_001.wav;0;0.09272731095552444;0
4762;MER7_20220905_081500_002.wav;0;0.22891508042812347;0
4763;MER7_20220905_081500_003.wav;0;0.09872052073478699;0
4764;MER7_20220905_081500_004.wav;0;0.049157191067934036;0
4765;MER7_20220905_081500_005.wav;0;0.3616737127304077;0
4766;MER7_20220905_081500_006.wav;0;0.097564697265625;0
4767;MER7_20220905_081500_007.wav;0;0.06369645893573761;0
4768;MER7_20220905_081500_008.wav;0;0.07308166474103928;0
4769;MER7_20220905_081500_009.wav;0;0.08480637520551682;0
4770;MER7_20220905_081500_010.wav;0;0.2316979616880417;0
4771;MER7_20220905_081500_011.wav;0;0.10091917961835861;0
4772;MER7_20220905_081500_012.wav;0;0.10447132587432861;0
4773;MER7_20220905_081500_013.wav;0;0.2331007570028305;0
4774;MER7_20220905_081500_014.wav;0;0.08377020806074142;0
4775;MER7_20220905_081500_015.wav;0;0.22030368447303772;0
4776;MER7_20220905_081500_016.wav;0;0.07192302495241165;0
4777;MER7_20220905_081500_017.wav;0;0.308521568775177;0
4778;MER7_20220905_081500_018.wav;0;0.08813966065645218;0
4779;MER7_20220905_081500_019.wav;0;0.12429949641227722;0
4780;PEC2_20220428_034500_000.wav;0;0.38472211360931396;0
4781;PEC2_20220428_034500_001.wav;0;0.2767012119293213;0
4782;PEC2_20220428_034500_002.wav;0;0.5267441272735596;0
4783;PEC2_20220428_034500_003.wav;0;0.509553074836731;0
4784;PEC2_20220428_034500_004.wav;0;0.5358256101608276;0
4785;PEC2_20220428_034500_005.wav;0;0.15039053559303284;0
4786;PEC2_20220428_034500_006.wav;0;0.7355771064758301;0
4787;PEC2_20220428_034500_007.wav;0;0.23575332760810852;0
4788;PEC2_20220428_034500_008.wav;0;0.7363975644111633;0
4789;PEC2_20220428_034500_009.wav;0;0.39040088653564453;0
4790;PEC2_20220428_034500_010.wav;0;0.39658793807029724;0
4791;PEC2_20220428_034500_011.wav;0;0.5470403432846069;0
4792;PEC2_20220428_034500_012.wav;0;0.8124393224716187;0
4793;PEC2_20220428_034500_013.wav;0;0.7382455468177795;0
4794;PEC2_20220428_034500_014.wav;0;0.15415352582931519;0
4795;PEC2_20220428_034500_015.wav;0;0.5349659323692322;0
4796;PEC2_20220428_034500_016.wav;0;0.5743534564971924;0
4797;PEC2_20220428_034500_017.wav;0;0.42309632897377014;0
4798;PEC2_20220428_034500_018.wav;0;0.2761663496494293;0
4799;PEC2_20220428_034500_019.wav;0;0.32027608156204224;0
4800;PEC2_20220428_153000_000.wav;0;0.9744612574577332;1
4801;PEC2_20220428_153000_001.wav;0;0.9629791975021362;1
4802;PEC2_20220428_153000_002.wav;0;0.8783563375473022;1
4803;PEC2_20220428_153000_003.wav;0;0.9621053338050842;1
4804;PEC2_20220428_153000_004.wav;0;0.9855331778526306;1
4805;PEC2_20220428_153000_005.wav;0;0.584712028503418;1
4806;PEC2_20220428_153000_006.wav;0;0.8627394437789917;1
4807;PEC2_20220428_153000_007.wav;0;0.7342114448547363;0
4808;PEC2_20220428_153000_008.wav;0;0.8827022314071655;0
4809;PEC2_20220428_153000_009.wav;0;0.44196873903274536;0
4810;PEC2_20220428_153000_010.wav;0;0.4592266082763672;0
4811;PEC2_20220428_153000_011.wav;0;0.5172277092933655;0
4812;PEC2_20220428_153000_012.wav;0;0.7599196434020996;0
4813;PEC2_20220428_153000_013.wav;0;0.29908064007759094;0
4814;PEC2_20220428_153000_014.wav;0;0.5344530940055847;0
4815;PEC2_20220428_153000_015.wav;0;0.1411399096250534;0
4816;PEC2_20220428_153000_016.wav;0;0.6045790314674377;0
4817;PEC2_20220428_153000_017.wav;0;0.7314668893814087;0
4818;PEC2_20220428_153000_018.wav;0;0.8850014805793762;0
4819;PEC2_20220428_153000_019.wav;0;0.26149001717567444;0
4820;PEC2_20220428_201500_000.wav;0;0.5824383497238159;0
4821;PEC2_20220428_201500_001.wav;0;0.43351519107818604;0
4822;PEC2_20220428_201500_002.wav;0;0.5319211483001709;0
4823;PEC2_20220428_201500_003.wav;0;0.2617335617542267;0
4824;PEC2_20220428_201500_004.wav;0;0.4366587698459625;0
4825;PEC2_20220428_201500_005.wav;0;0.3889240622520447;0
4826;PEC2_20220428_201500_006.wav;0;0.8738821744918823;0
4827;PEC2_20220428_201500_007.wav;0;0.3186875283718109;0
4828;PEC2_20220428_201500_008.wav;0;0.2518390417098999;0
4829;PEC2_20220428_201500_009.wav;0;0.32803046703338623;0
4830;PEC2_20220428_201500_010.wav;0;0.4318842887878418;0
4831;PEC2_20220428_201500_011.wav;0;0.7405553460121155;0
4832;PEC2_20220428_201500_012.wav;0;0.5233858823776245;0
4833;PEC2_20220428_201500_013.wav;0;0.46971040964126587;0
4834;PEC2_20220428_201500_014.wav;0;0.200669065117836;0
4835;PEC2_20220428_201500_015.wav;0;0.42884236574172974;0
4836;PEC2_20220428_201500_016.wav;0;0.5190314650535583;0
4837;PEC2_20220428_201500_017.wav;0;0.42807936668395996;0
4838;PEC2_20220428_201500_018.wav;0;0.4233874976634979;0
4839;PEC2_20220428_201500_019.wav;0;0.259420782327652;0
4840;PEC2_20220428_210000_000.wav;0;0.18460585176944733;0
4841;PEC2_20220428_210000_001.wav;0;0.8936878442764282;0
4842;PEC2_20220428_210000_002.wav;0;0.8005951046943665;0
4843;PEC2_20220428_210000_003.wav;0;0.5263646841049194;0
4844;PEC2_20220428_210000_004.wav;0;0.43321362137794495;0
4845;PEC2_20220428_210000_005.wav;0;0.4133836030960083;0
4846;PEC2_20220428_210000_006.wav;0;0.8686782717704773;0
4847;PEC2_20220428_210000_007.wav;0;0.7037899494171143;0
4848;PEC2_20220428_210000_008.wav;0;0.24377869069576263;0
4849;PEC2_20220428_210000_009.wav;0;0.34395480155944824;0
4850;PEC2_20220428_210000_010.wav;0;0.4620152711868286;0
4851;PEC2_20220428_210000_011.wav;0;0.5162656903266907;0
4852;PEC2_20220428_210000_012.wav;0;0.8312881588935852;0
4853;PEC2_20220428_210000_013.wav;0;0.5906705856323242;0
4854;PEC2_20220428_210000_014.wav;0;0.35326653718948364;0
4855;PEC2_20220428_210000_015.wav;0;0.12135228514671326;0
4856;PEC2_20220428_210000_016.wav;0;0.3616832494735718;0
4857;PEC2_20220428_210000_017.wav;0;0.1653798371553421;0
4858;PEC2_20220428_210000_018.wav;0;0.7323723435401917;0
4859;PEC2_20220428_210000_019.wav;0;0.10746610164642334;0
4860;PEC2_20220429_021500_000.wav;0;0.37044116854667664;0
4861;PEC2_20220429_021500_001.wav;0;0.5292781591415405;0
4862;PEC2_20220429_021500_002.wav;0;0.7360527515411377;0
4863;PEC2_20220429_021500_003.wav;0;0.17424607276916504;0
4864;PEC2_20220429_021500_004.wav;0;0.4419502317905426;0
4865;PEC2_20220429_021500_005.wav;0;0.8272324204444885;0
4866;PEC2_20220429_021500_006.wav;0;0.9172509908676147;0
4867;PEC2_20220429_021500_007.wav;0;0.9155735969543457;0
4868;PEC2_20220429_021500_008.wav;0;0.7354425191879272;0
4869;PEC2_20220429_021500_009.wav;0;0.9513540267944336;0
4870;PEC2_20220429_021500_010.wav;0;0.8986732363700867;0
4871;PEC2_20220429_021500_011.wav;0;0.8231879472732544;0
4872;PEC2_20220429_021500_012.wav;0;0.8777275681495667;0
4873;PEC2_20220429_021500_013.wav;0;0.4291993975639343;0
4874;PEC2_20220429_021500_014.wav;0;0.8347940444946289;0
4875;PEC2_20220429_021500_015.wav;0;0.9277276396751404;0
4876;PEC2_20220429_021500_016.wav;0;0.882415771484375;0
4877;PEC2_20220429_021500_017.wav;0;0.8285486698150635;0
4878;PEC2_20220429_021500_018.wav;0;0.7757136225700378;0
4879;PEC2_20220429_021500_019.wav;0;0.7024242877960205;0
4880;PEC2_20220429_061500_000.wav;0;0.7149737477302551;0
4881;PEC2_20220429_061500_001.wav;0;0.7397141456604004;0
4882;PEC2_20220429_061500_002.wav;0;0.8575447201728821;0
4883;PEC2_20220429_061500_003.wav;0;0.9022980332374573;0
4884;PEC2_20220429_061500_004.wav;0;0.9764361381530762;0
4885;PEC2_20220429_061500_005.wav;0;0.6877835988998413;0
4886;PEC2_20220429_061500_006.wav;0;0.9105837345123291;0
4887;PEC2_20220429_061500_007.wav;0;0.8399748802185059;0
4888;PEC2_20220429_061500_008.wav;0;0.37771910429000854;0
4889;PEC2_20220429_061500_009.wav;0;0.7166120409965515;0
4890;PEC2_20220429_061500_010.wav;0;0.768783688545227;0
4891;PEC2_20220429_061500_011.wav;0;0.7429366707801819;0
4892;PEC2_20220429_061500_012.wav;0;0.8459064960479736;0
4893;PEC2_20220429_061500_013.wav;0;0.5197054147720337;0
4894;PEC2_20220429_061500_014.wav;0;0.8640477657318115;0
4895;PEC2_20220429_061500_015.wav;0;0.9410672783851624;0
4896;PEC2_20220429_061500_016.wav;0;0.9147684574127197;0
4897;PEC2_20220429_061500_017.wav;0;0.8038305640220642;0
4898;PEC2_20220429_061500_018.wav;0;0.4035915732383728;0
4899;PEC2_20220429_061500_019.wav;0;0.7690843939781189;0
4900;PEC2_20220429_171500_000.wav;0;0.8679971098899841;0
4901;PEC2_20220429_171500_001.wav;0;0.8123648166656494;0
4902;PEC2_20220429_171500_002.wav;0;0.738517701625824;0
4903;PEC2_20220429_171500_003.wav;0;0.9798030257225037;0
4904;PEC2_20220429_171500_004.wav;0;0.9592499136924744;0
4905;PEC2_20220429_171500_005.wav;0;0.9844200015068054;0
4906;PEC2_20220429_171500_006.wav;0;0.7197256684303284;0
4907;PEC2_20220429_171500_007.wav;0;0.9602934718132019;0
4908;PEC2_20220429_171500_008.wav;0;0.9688552021980286;0
4909;PEC2_20220429_171500_009.wav;0;0.8772943019866943;0
4910;PEC2_20220429_171500_010.wav;0;0.9424861073493958;0
4911;PEC2_20220429_171500_011.wav;0;0.7709479331970215;0
4912;PEC2_20220429_171500_012.wav;0;0.9625104665756226;0
4913;PEC2_20220429_171500_013.wav;0;0.4835149943828583;0
4914;PEC2_20220429_171500_014.wav;0;0.8912601470947266;0
4915;PEC2_20220429_171500_015.wav;0;0.9674546718597412;0
4916;PEC2_20220429_171500_016.wav;0;0.3065788149833679;0
4917;PEC2_20220429_171500_017.wav;0;0.45292219519615173;0
4918;PEC2_20220429_171500_018.wav;0;0.7732661962509155;0
4919;PEC2_20220429_171500_019.wav;0;0.8077250123023987;0
4920;PEC2_20220430_033000_000.wav;0;0.7502682209014893;0
4921;PEC2_20220430_033000_001.wav;0;0.9255157113075256;0
4922;PEC2_20220430_033000_002.wav;0;0.8335409760475159;0
4923;PEC2_20220430_033000_003.wav;0;0.708648145198822;0
4924;PEC2_20220430_033000_004.wav;0;0.938198983669281;0
4925;PEC2_20220430_033000_005.wav;0;0.8319604992866516;0
4926;PEC2_20220430_033000_006.wav;0;0.8406349420547485;0
4927;PEC2_20220430_033000_007.wav;0;0.33695587515830994;0
4928;PEC2_20220430_033000_008.wav;0;0.7492920756340027;0
4929;PEC2_20220430_033000_009.wav;0;0.3858371376991272;0
4930;PEC2_20220430_033000_010.wav;0;0.8509392142295837;0
4931;PEC2_20220430_033000_011.wav;0;0.8801203370094299;0
4932;PEC2_20220430_033000_012.wav;0;0.43553799390792847;0
4933;PEC2_20220430_033000_013.wav;0;0.8943603038787842;0
4934;PEC2_20220430_033000_014.wav;0;0.7915639281272888;0
4935;PEC2_20220430_033000_015.wav;0;0.8862591981887817;0
4936;PEC2_20220430_033000_016.wav;0;0.9211823344230652;0
4937;PEC2_20220430_033000_017.wav;0;0.6116843819618225;0
4938;PEC2_20220430_033000_018.wav;0;0.6663349866867065;0
4939;PEC2_20220430_033000_019.wav;0;0.8248346447944641;0
4940;PEC2_20220430_060000_000.wav;0;0.7140376567840576;0
4941;PEC2_20220430_060000_001.wav;0;0.42447012662887573;0
4942;PEC2_20220430_060000_002.wav;0;0.9363592863082886;0
4943;PEC2_20220430_060000_003.wav;0;0.8658356666564941;0
4944;PEC2_20220430_060000_004.wav;0;0.23835332691669464;0
4945;PEC2_20220430_060000_005.wav;0;0.7599566578865051;0
4946;PEC2_20220430_060000_006.wav;0;0.8896932601928711;0
4947;PEC2_20220430_060000_007.wav;0;0.8843274116516113;0
4948;PEC2_20220430_060000_008.wav;0;0.8151278495788574;0
4949;PEC2_20220430_060000_009.wav;0;0.9482556581497192;0
4950;PEC2_20220430_060000_010.wav;0;0.9497172236442566;0
4951;PEC2_20220430_060000_011.wav;0;0.84637850522995;0
4952;PEC2_20220430_060000_012.wav;0;0.8772911429405212;0
4953;PEC2_20220430_060000_013.wav;0;0.6759195923805237;0
4954;PEC2_20220430_060000_014.wav;0;0.769027054309845;0
4955;PEC2_20220430_060000_015.wav;0;0.9327849745750427;0
4956;PEC2_20220430_060000_016.wav;0;0.4851197302341461;0
4957;PEC2_20220430_060000_017.wav;0;0.622183084487915;0
4958;PEC2_20220430_060000_018.wav;0;0.8444490432739258;0
4959;PEC2_20220430_060000_019.wav;0;0.8718360662460327;0
4960;PEC2_20220430_083000_000.wav;0;0.9784950613975525;0
4961;PEC2_20220430_083000_001.wav;0;0.9616227149963379;0
4962;PEC2_20220430_083000_002.wav;0;0.9834998846054077;0
4963;PEC2_20220430_083000_003.wav;0;0.9833795428276062;0
4964;PEC2_20220430_083000_004.wav;0;0.9387991428375244;0
4965;PEC2_20220430_083000_005.wav;0;0.9234662652015686;0
4966;PEC2_20220430_083000_006.wav;0;0.9214774966239929;0
4967;PEC2_20220430_083000_007.wav;0;0.6640015840530396;0
4968;PEC2_20220430_083000_008.wav;0;0.7356972098350525;0
4969;PEC2_20220430_083000_009.wav;0;0.9807660579681396;0
4970;PEC2_20220430_083000_010.wav;0;0.9687104225158691;0
4971;PEC2_20220430_083000_011.wav;0;0.9608278274536133;0
4972;PEC2_20220430_083000_012.wav;0;0.8220942616462708;0
4973;PEC2_20220430_083000_013.wav;0;0.7497064471244812;0
4974;PEC2_20220430_083000_014.wav;0;0.8942699432373047;0
4975;PEC2_20220430_083000_015.wav;0;0.8981414437294006;0
4976;PEC2_20220430_083000_016.wav;0;0.9597795009613037;0
4977;PEC2_20220430_083000_017.wav;0;0.8819275498390198;0
4978;PEC2_20220430_083000_018.wav;0;0.7097579836845398;0
4979;PEC2_20220430_083000_019.wav;0;0.8805210590362549;0
4980;PEC2_20220430_174500_000.wav;0;0.8395287990570068;0
4981;PEC2_20220430_174500_001.wav;0;0.9020628333091736;0
4982;PEC2_20220430_174500_002.wav;0;0.7847238183021545;0
4983;PEC2_20220430_174500_003.wav;0;0.8648795485496521;0
4984;PEC2_20220430_174500_004.wav;0;0.835058867931366;0
4985;PEC2_20220430_174500_005.wav;0;0.8360437750816345;0
4986;PEC2_20220430_174500_006.wav;0;0.7101778388023376;0
4987;PEC2_20220430_174500_007.wav;0;0.9326732754707336;0
4988;PEC2_20220430_174500_008.wav;0;0.8970087766647339;0
4989;PEC2_20220430_174500_009.wav;0;0.7590124607086182;0
4990;PEC2_20220430_174500_010.wav;0;0.4603022038936615;0
4991;PEC2_20220430_174500_011.wav;0;0.9138379096984863;0
4992;PEC2_20220430_174500_012.wav;0;0.33327218890190125;0
4993;PEC2_20220430_174500_013.wav;0;0.6067003607749939;0
4994;PEC2_20220430_174500_014.wav;0;0.9215712547302246;0
4995;PEC2_20220430_174500_015.wav;0;0.6032936573028564;0
4996;PEC2_20220430_174500_016.wav;0;0.5504615306854248;0
4997;PEC2_20220430_174500_017.wav;0;0.7749403119087219;0
4998;PEC2_20220430_174500_018.wav;0;0.44684314727783203;0
4999;PEC2_20220430_174500_019.wav;0;0.6027690172195435;0
5000;PEC2_20220430_213000_000.wav;0;0.15132975578308105;0
5001;PEC2_20220430_213000_001.wav;0;0.4202074110507965;0
5002;PEC2_20220430_213000_002.wav;0;0.8852312564849854;0
5003;PEC2_20220430_213000_003.wav;0;0.8187034130096436;0
5004;PEC2_20220430_213000_004.wav;0;0.9138193726539612;0
5005;PEC2_20220430_213000_005.wav;0;0.5768409371376038;0
5006;PEC2_20220430_213000_006.wav;0;0.5181359648704529;0
5007;PEC2_20220430_213000_007.wav;0;0.530673086643219;0
5008;PEC2_20220430_213000_008.wav;0;0.28608238697052;0
5009;PEC2_20220430_213000_009.wav;0;0.3388122022151947;0
5010;PEC2_20220430_213000_010.wav;0;0.7209981083869934;0
5011;PEC2_20220430_213000_011.wav;0;0.8030287027359009;0
5012;PEC2_20220430_213000_012.wav;0;0.4904724955558777;0
5013;PEC2_20220430_213000_013.wav;0;0.33414405584335327;0
5014;PEC2_20220430_213000_014.wav;0;0.8517928719520569;0
5015;PEC2_20220430_213000_015.wav;0;0.9456374645233154;0
5016;PEC2_20220430_213000_016.wav;0;0.9508095979690552;0
5017;PEC2_20220430_213000_017.wav;0;0.8221750855445862;0
5018;PEC2_20220430_213000_018.wav;0;0.8102446794509888;0
5019;PEC2_20220430_213000_019.wav;0;0.8506684899330139;0
5020;PEC2_20220502_100000_000.wav;0;0.47551506757736206;0
5021;PEC2_20220502_100000_001.wav;0;0.6820792555809021;0
5022;PEC2_20220502_100000_002.wav;0;0.3216506838798523;0
5023;PEC2_20220502_100000_003.wav;0;0.5422220826148987;0
5024;PEC2_20220502_100000_004.wav;0;0.18536528944969177;0
5025;PEC2_20220502_100000_005.wav;0;0.5037862658500671;0
5026;PEC2_20220502_100000_006.wav;0;0.8046191334724426;0
5027;PEC2_20220502_100000_007.wav;0;0.7589963674545288;0
5028;PEC2_20220502_100000_008.wav;0;0.8471672534942627;0
5029;PEC2_20220502_100000_009.wav;0;0.7472082376480103;0
5030;PEC2_20220502_100000_010.wav;0;0.8352752923965454;0
5031;PEC2_20220502_100000_011.wav;0;0.801496148109436;0
5032;PEC2_20220502_100000_012.wav;0;0.37458422780036926;0
5033;PEC2_20220502_100000_013.wav;0;0.2599431574344635;0
5034;PEC2_20220502_100000_014.wav;0;0.6731637716293335;0
5035;PEC2_20220502_100000_015.wav;0;0.3131524622440338;0
5036;PEC2_20220502_100000_016.wav;0;0.4126698672771454;0
5037;PEC2_20220502_100000_017.wav;0;0.2310803383588791;0
5038;PEC2_20220502_100000_018.wav;0;0.6299452185630798;0
5039;PEC2_20220502_100000_019.wav;0;0.7710344195365906;0
5040;PEC2_20220502_140000_000.wav;0;0.6730817556381226;0
5041;PEC2_20220502_140000_001.wav;0;0.9168711304664612;0
5042;PEC2_20220502_140000_002.wav;0;0.7592577934265137;0
5043;PEC2_20220502_140000_003.wav;0;0.8342319130897522;0
5044;PEC2_20220502_140000_004.wav;0;0.9065471291542053;0
5045;PEC2_20220502_140000_005.wav;0;0.7357116937637329;0
5046;PEC2_20220502_140000_006.wav;0;0.8268533945083618;0
5047;PEC2_20220502_140000_007.wav;0;0.6783158779144287;0
5048;PEC2_20220502_140000_008.wav;0;0.7597883939743042;0
5049;PEC2_20220502_140000_009.wav;0;0.29333409667015076;0
5050;PEC2_20220502_140000_010.wav;0;0.8037027716636658;1
5051;PEC2_20220502_140000_011.wav;0;0.9557825326919556;1
5052;PEC2_20220502_140000_012.wav;0;0.972143292427063;1
5053;PEC2_20220502_140000_013.wav;0;0.8133227229118347;1
5054;PEC2_20220502_140000_014.wav;0;0.8557839393615723;1
5055;PEC2_20220502_140000_015.wav;0;0.9085947275161743;1
5056;PEC2_20220502_140000_016.wav;0;0.9694384336471558;1
5057;PEC2_20220502_140000_017.wav;0;0.9231377243995667;1
5058;PEC2_20220502_140000_018.wav;0;0.9105640053749084;1
5059;PEC2_20220502_140000_019.wav;0;0.9382392168045044;1
5060;PEC2_20220503_224500_000.wav;0;0.6418344378471375;0
5061;PEC2_20220503_224500_001.wav;0;0.8590806126594543;0
5062;PEC2_20220503_224500_002.wav;0;0.8894644975662231;0
5063;PEC2_20220503_224500_003.wav;0;0.23763783276081085;0
5064;PEC2_20220503_224500_004.wav;0;0.34350961446762085;0
5065;PEC2_20220503_224500_005.wav;0;0.6218034029006958;0
5066;PEC2_20220503_224500_006.wav;0;0.8437913060188293;0
5067;PEC2_20220503_224500_007.wav;0;0.7506970167160034;0
5068;PEC2_20220503_224500_008.wav;0;0.8707030415534973;0
5069;PEC2_20220503_224500_009.wav;0;0.6453047394752502;0
5070;PEC2_20220503_224500_010.wav;0;0.6630036234855652;0
5071;PEC2_20220503_224500_011.wav;0;0.3934520184993744;0
5072;PEC2_20220503_224500_012.wav;0;0.5998285412788391;0
5073;PEC2_20220503_224500_013.wav;0;0.28106164932250977;0
5074;PEC2_20220503_224500_014.wav;0;0.5598450303077698;0
5075;PEC2_20220503_224500_015.wav;0;0.33702394366264343;0
5076;PEC2_20220503_224500_016.wav;0;0.9426854252815247;0
5077;PEC2_20220503_224500_017.wav;0;0.56892991065979;0
5078;PEC2_20220503_224500_018.wav;0;0.6823369860649109;0
5079;PEC2_20220503_224500_019.wav;0;0.8122714757919312;0
5080;PEC2_20220504_004500_000.wav;0;0.437224805355072;0
5081;PEC2_20220504_004500_001.wav;0;0.8844268321990967;0
5082;PEC2_20220504_004500_002.wav;0;0.5514839291572571;0
5083;PEC2_20220504_004500_003.wav;0;0.6437456607818604;0
5084;PEC2_20220504_004500_004.wav;0;0.9084868431091309;0
5085;PEC2_20220504_004500_005.wav;0;0.1838119924068451;0
5086;PEC2_20220504_004500_006.wav;0;0.7881455421447754;0
5087;PEC2_20220504_004500_007.wav;0;0.7926991581916809;0
5088;PEC2_20220504_004500_008.wav;0;0.4074285328388214;0
5089;PEC2_20220504_004500_009.wav;0;0.8574234843254089;0
5090;PEC2_20220504_004500_010.wav;0;0.17855201661586761;0
5091;PEC2_20220504_004500_011.wav;0;0.596922755241394;0
5092;PEC2_20220504_004500_012.wav;0;0.7460348010063171;0
5093;PEC2_20220504_004500_013.wav;0;0.8731340169906616;0
5094;PEC2_20220504_004500_014.wav;0;0.713301956653595;0
5095;PEC2_20220504_004500_015.wav;0;0.8812376856803894;0
5096;PEC2_20220504_004500_016.wav;0;0.7669757604598999;0
5097;PEC2_20220504_004500_017.wav;0;0.602834939956665;0
5098;PEC2_20220504_004500_018.wav;0;0.6851664781570435;0
5099;PEC2_20220504_004500_019.wav;0;0.6854421496391296;0
5100;PEC2_20220504_143000_000.wav;0;0.8767537474632263;0
5101;PEC2_20220504_143000_001.wav;0;0.682805597782135;0
5102;PEC2_20220504_143000_002.wav;0;0.756229043006897;0
5103;PEC2_20220504_143000_003.wav;0;0.8765519857406616;0
5104;PEC2_20220504_143000_004.wav;0;0.8445286750793457;0
5105;PEC2_20220504_143000_005.wav;0;0.9581671953201294;0
5106;PEC2_20220504_143000_006.wav;0;0.7355006337165833;0
5107;PEC2_20220504_143000_007.wav;0;0.6040696501731873;0
5108;PEC2_20220504_143000_008.wav;0;0.883538544178009;0
5109;PEC2_20220504_143000_009.wav;0;0.9673708081245422;0
5110;PEC2_20220504_143000_010.wav;0;0.9286225438117981;0
5111;PEC2_20220504_143000_011.wav;0;0.9256315231323242;0
5112;PEC2_20220504_143000_012.wav;0;0.35177895426750183;0
5113;PEC2_20220504_143000_013.wav;0;0.8840586543083191;0
5114;PEC2_20220504_143000_014.wav;0;0.26053276658058167;0
5115;PEC2_20220504_143000_015.wav;0;0.8811928629875183;0
5116;PEC2_20220504_143000_016.wav;0;0.15260879695415497;0
5117;PEC2_20220504_143000_017.wav;0;0.926980197429657;0
5118;PEC2_20220504_143000_018.wav;0;0.6219043731689453;0
5119;PEC2_20220504_143000_019.wav;0;0.9393183588981628;0
5120;PEC2_20220507_001500_000.wav;0;0.10768109560012817;0
5121;PEC2_20220507_001500_001.wav;0;0.5704649090766907;0
5122;PEC2_20220507_001500_002.wav;0;0.38773486018180847;0
5123;PEC2_20220507_001500_003.wav;0;0.7675840258598328;0
5124;PEC2_20220507_001500_004.wav;0;0.5118098258972168;0
5125;PEC2_20220507_001500_005.wav;0;0.44138652086257935;0
5126;PEC2_20220507_001500_006.wav;0;0.6128317713737488;0
5127;PEC2_20220507_001500_007.wav;0;0.9081225991249084;0
5128;PEC2_20220507_001500_008.wav;0;0.8676626682281494;0
5129;PEC2_20220507_001500_009.wav;0;0.7460053563117981;0
5130;PEC2_20220507_001500_010.wav;0;0.9032804369926453;0
5131;PEC2_20220507_001500_011.wav;0;0.6757011413574219;0
5132;PEC2_20220507_001500_012.wav;0;0.4483354985713959;0
5133;PEC2_20220507_001500_013.wav;0;0.6680395007133484;0
5134;PEC2_20220507_001500_014.wav;0;0.625257134437561;0
5135;PEC2_20220507_001500_015.wav;0;0.9506931304931641;0
5136;PEC2_20220507_001500_016.wav;0;0.6374314427375793;0
5137;PEC2_20220507_001500_017.wav;0;0.7281309366226196;0
5138;PEC2_20220507_001500_018.wav;0;0.49843350052833557;0
5139;PEC2_20220507_001500_019.wav;0;0.8305565714836121;0
5140;PEC2_20220509_090000_000.wav;0;0.5835621356964111;0
5141;PEC2_20220509_090000_001.wav;0;0.8209211230278015;0
5142;PEC2_20220509_090000_002.wav;0;0.7106706500053406;0
5143;PEC2_20220509_090000_003.wav;0;0.8480185270309448;0
5144;PEC2_20220509_090000_004.wav;0;0.7435401678085327;0
5145;PEC2_20220509_090000_005.wav;0;0.9350074529647827;0
5146;PEC2_20220509_090000_006.wav;0;0.8424530029296875;0
5147;PEC2_20220509_090000_007.wav;0;0.5082324743270874;0
5148;PEC2_20220509_090000_008.wav;0;0.8135570883750916;0
5149;PEC2_20220509_090000_009.wav;0;0.4955923855304718;0
5150;PEC2_20220509_090000_010.wav;0;0.8493918776512146;0
5151;PEC2_20220509_090000_011.wav;0;0.6568360328674316;0
5152;PEC2_20220509_090000_012.wav;0;0.8738033175468445;0
5153;PEC2_20220509_090000_013.wav;0;0.7733241319656372;0
5154;PEC2_20220509_090000_014.wav;0;0.7362210154533386;0
5155;PEC2_20220509_090000_015.wav;0;0.8682280778884888;0
5156;PEC2_20220509_090000_016.wav;0;0.17218130826950073;0
5157;PEC2_20220509_090000_017.wav;0;0.7192089557647705;0
5158;PEC2_20220509_090000_018.wav;0;0.8653079867362976;0
5159;PEC2_20220509_090000_019.wav;0;0.6638583540916443;0
5160;PEC2_20220514_170000_000.wav;0;0.5012120604515076;0
5161;PEC2_20220514_170000_001.wav;0;0.8882623910903931;0
5162;PEC2_20220514_170000_002.wav;0;0.2653258442878723;0
5163;PEC2_20220514_170000_003.wav;0;0.729089617729187;0
5164;PEC2_20220514_170000_004.wav;0;0.7445998191833496;0
5165;PEC2_20220514_170000_005.wav;0;0.847324013710022;0
5166;PEC2_20220514_170000_006.wav;0;0.660675048828125;0
5167;PEC2_20220514_170000_007.wav;0;0.7269788980484009;0
5168;PEC2_20220514_170000_008.wav;0;0.7970055937767029;0
5169;PEC2_20220514_170000_009.wav;0;0.38595035672187805;0
5170;PEC2_20220514_170000_010.wav;0;0.6940232515335083;0
5171;PEC2_20220514_170000_011.wav;0;0.3098752200603485;0
5172;PEC2_20220514_170000_012.wav;0;0.8507791757583618;0
5173;PEC2_20220514_170000_013.wav;0;0.13231167197227478;0
5174;PEC2_20220514_170000_014.wav;0;0.5701026320457458;0
5175;PEC2_20220514_170000_015.wav;0;0.4132464826107025;0
5176;PEC2_20220514_170000_016.wav;0;0.4703180193901062;0
5177;PEC2_20220514_170000_017.wav;0;0.239988312125206;0
5178;PEC2_20220514_170000_018.wav;0;0.7451983094215393;0
5179;PEC2_20220514_170000_019.wav;0;0.4422627389431;0
5180;PEC2_20220516_054500_000.wav;0;0.8452606797218323;0
5181;PEC2_20220516_054500_001.wav;0;0.7916723489761353;0
5182;PEC2_20220516_054500_002.wav;0;0.8845989108085632;0
5183;PEC2_20220516_054500_003.wav;0;0.9709954261779785;0
5184;PEC2_20220516_054500_004.wav;0;0.9688146114349365;0
5185;PEC2_20220516_054500_005.wav;0;0.9856762886047363;0
5186;PEC2_20220516_054500_006.wav;0;0.7180388569831848;0
5187;PEC2_20220516_054500_007.wav;0;0.9432346224784851;0
5188;PEC2_20220516_054500_008.wav;0;0.9497511982917786;0
5189;PEC2_20220516_054500_009.wav;0;0.9640998840332031;0
5190;PEC2_20220516_054500_010.wav;0;0.9506251215934753;0
5191;PEC2_20220516_054500_011.wav;0;0.7101105451583862;0
5192;PEC2_20220516_054500_012.wav;0;0.5993090867996216;0
5193;PEC2_20220516_054500_013.wav;0;0.8141195178031921;0
5194;PEC2_20220516_054500_014.wav;0;0.2932418882846832;0
5195;PEC2_20220516_054500_015.wav;0;0.7881062030792236;0
5196;PEC2_20220516_054500_016.wav;0;0.955181360244751;0
5197;PEC2_20220516_054500_017.wav;0;0.4484706223011017;0
5198;PEC2_20220516_054500_018.wav;0;0.9542433023452759;0
5199;PEC2_20220516_054500_019.wav;0;0.970454752445221;0
5200;PEC2_20220516_224500_000.wav;0;0.352008581161499;0
5201;PEC2_20220516_224500_001.wav;0;0.06869026273488998;0
5202;PEC2_20220516_224500_002.wav;0;0.715836763381958;0
5203;PEC2_20220516_224500_003.wav;0;0.5271158814430237;0
5204;PEC2_20220516_224500_004.wav;0;0.7265531420707703;0
5205;PEC2_20220516_224500_005.wav;0;0.5324774384498596;0
5206;PEC2_20220516_224500_006.wav;0;0.43857887387275696;0
5207;PEC2_20220516_224500_007.wav;0;0.6215652823448181;0
5208;PEC2_20220516_224500_008.wav;0;0.25129643082618713;0
5209;PEC2_20220516_224500_009.wav;0;0.3192034065723419;0
5210;PEC2_20220516_224500_010.wav;0;0.5977922081947327;0
5211;PEC2_20220516_224500_011.wav;0;0.38885894417762756;0
5212;PEC2_20220516_224500_012.wav;0;0.5257514119148254;0
5213;PEC2_20220516_224500_013.wav;0;0.5834518074989319;0
5214;PEC2_20220516_224500_014.wav;0;0.8778162002563477;0
5215;PEC2_20220516_224500_015.wav;0;0.3428376615047455;0
5216;PEC2_20220516_224500_016.wav;0;0.39427268505096436;0
5217;PEC2_20220516_224500_017.wav;0;0.37266790866851807;0
5218;PEC2_20220516_224500_018.wav;0;0.6243234872817993;0
5219;PEC2_20220516_224500_019.wav;0;0.4351889491081238;0
5220;PEC2_20220521_233000_000.wav;0;0.8603208065032959;0
5221;PEC2_20220521_233000_001.wav;0;0.5737425088882446;0
5222;PEC2_20220521_233000_002.wav;0;0.49157804250717163;0
5223;PEC2_20220521_233000_003.wav;0;0.5239022970199585;0
5224;PEC2_20220521_233000_004.wav;0;0.4802754521369934;0
5225;PEC2_20220521_233000_005.wav;0;0.8411129713058472;0
5226;PEC2_20220521_233000_006.wav;0;0.6129279732704163;0
5227;PEC2_20220521_233000_007.wav;0;0.6629821062088013;0
5228;PEC2_20220521_233000_008.wav;0;0.8941261768341064;0
5229;PEC2_20220521_233000_009.wav;0;0.49700531363487244;0
5230;PEC2_20220521_233000_010.wav;0;0.5859121084213257;0
5231;PEC2_20220521_233000_011.wav;0;0.3162354826927185;0
5232;PEC2_20220521_233000_012.wav;0;0.1498500406742096;0
5233;PEC2_20220521_233000_013.wav;0;0.6469208002090454;0
5234;PEC2_20220521_233000_014.wav;0;0.5954056978225708;0
5235;PEC2_20220521_233000_015.wav;0;0.6439514756202698;0
5236;PEC2_20220521_233000_016.wav;0;0.8895059823989868;0
5237;PEC2_20220521_233000_017.wav;0;0.8086190223693848;0
5238;PEC2_20220521_233000_018.wav;0;0.4738985598087311;0
5239;PEC2_20220521_233000_019.wav;0;0.593827486038208;0
5240;PEC2_20220522_071500_000.wav;0;0.5824693441390991;0
5241;PEC2_20220522_071500_001.wav;0;0.9227735996246338;0
5242;PEC2_20220522_071500_002.wav;0;0.44158896803855896;0
5243;PEC2_20220522_071500_003.wav;0;0.9601671695709229;0
5244;PEC2_20220522_071500_004.wav;0;0.9397648572921753;0
5245;PEC2_20220522_071500_005.wav;0;0.9700912237167358;0
5246;PEC2_20220522_071500_006.wav;0;0.9387876987457275;0
5247;PEC2_20220522_071500_007.wav;0;0.8312557339668274;0
5248;PEC2_20220522_071500_008.wav;0;0.8425321578979492;0
5249;PEC2_20220522_071500_009.wav;0;0.8320991396903992;0
5250;PEC2_20220522_071500_010.wav;0;0.950163722038269;0
5251;PEC2_20220522_071500_011.wav;0;0.8895738124847412;0
5252;PEC2_20220522_071500_012.wav;0;0.8999130725860596;0
5253;PEC2_20220522_071500_013.wav;0;0.4520110785961151;0
5254;PEC2_20220522_071500_014.wav;0;0.7753917574882507;0
5255;PEC2_20220522_071500_015.wav;0;0.842644214630127;0
5256;PEC2_20220522_071500_016.wav;0;0.8385671377182007;0
5257;PEC2_20220522_071500_017.wav;0;0.7564286589622498;0
5258;PEC2_20220522_071500_018.wav;0;0.9759557247161865;0
5259;PEC2_20220522_071500_019.wav;0;0.9541746973991394;0
5260;PEC3_20220429_040000_000.wav;0;0.8956142663955688;0
5261;PEC3_20220429_040000_001.wav;0;0.7777617573738098;0
5262;PEC3_20220429_040000_002.wav;0;0.5801249742507935;0
5263;PEC3_20220429_040000_003.wav;0;0.8679213523864746;0
5264;PEC3_20220429_040000_004.wav;0;0.5380198359489441;0
5265;PEC3_20220429_040000_005.wav;0;0.9410293698310852;0
5266;PEC3_20220429_040000_006.wav;0;0.839023232460022;0
5267;PEC3_20220429_040000_007.wav;0;0.8810766339302063;0
5268;PEC3_20220429_040000_008.wav;0;0.9001736044883728;0
5269;PEC3_20220429_040000_009.wav;0;0.8103262782096863;0
5270;PEC3_20220429_040000_010.wav;0;0.5610714554786682;0
5271;PEC3_20220429_040000_011.wav;0;0.8489600419998169;0
5272;PEC3_20220429_040000_012.wav;0;0.6866961717605591;0
5273;PEC3_20220429_040000_013.wav;0;0.9432651400566101;0
5274;PEC3_20220429_040000_014.wav;0;0.5146433711051941;0
5275;PEC3_20220429_040000_015.wav;0;0.9058863520622253;0
5276;PEC3_20220429_040000_016.wav;0;0.5906432867050171;0
5277;PEC3_20220429_040000_017.wav;0;0.6821345090866089;0
5278;PEC3_20220429_040000_018.wav;0;0.863190770149231;0
5279;PEC3_20220429_040000_019.wav;0;0.8057223558425903;0
5280;PEC3_20220429_063000_000.wav;0;0.9451693892478943;0
5281;PEC3_20220429_063000_001.wav;0;0.9678606390953064;0
5282;PEC3_20220429_063000_002.wav;0;0.9483891129493713;0
5283;PEC3_20220429_063000_003.wav;0;0.9654640555381775;0
5284;PEC3_20220429_063000_004.wav;0;0.9706305861473083;0
5285;PEC3_20220429_063000_005.wav;0;0.9469844698905945;0
5286;PEC3_20220429_063000_006.wav;0;0.9735216498374939;0
5287;PEC3_20220429_063000_007.wav;0;0.9340458512306213;0
5288;PEC3_20220429_063000_008.wav;0;0.8772481083869934;0
5289;PEC3_20220429_063000_009.wav;0;0.9078953266143799;0
5290;PEC3_20220429_063000_010.wav;0;0.8291451334953308;0
5291;PEC3_20220429_063000_011.wav;0;0.9000060558319092;0
5292;PEC3_20220429_063000_012.wav;0;0.9719774723052979;0
5293;PEC3_20220429_063000_013.wav;0;0.9619733691215515;0
5294;PEC3_20220429_063000_014.wav;0;0.9817148447036743;0
5295;PEC3_20220429_063000_015.wav;0;0.9560335278511047;0
5296;PEC3_20220429_063000_016.wav;0;0.8835102915763855;0
5297;PEC3_20220429_063000_017.wav;0;0.9431824088096619;0
5298;PEC3_20220429_063000_018.wav;0;0.9595781564712524;0
5299;PEC3_20220429_063000_019.wav;0;0.9696176052093506;0
5300;PEC3_20220429_084500_000.wav;0;0.9038347601890564;0
5301;PEC3_20220429_084500_001.wav;0;0.8752150535583496;0
5302;PEC3_20220429_084500_002.wav;0;0.8502210378646851;0
5303;PEC3_20220429_084500_003.wav;0;0.9509801268577576;0
5304;PEC3_20220429_084500_004.wav;0;0.8588693737983704;0
5305;PEC3_20220429_084500_005.wav;0;0.6987529397010803;0
5306;PEC3_20220429_084500_006.wav;0;0.8773785829544067;0
5307;PEC3_20220429_084500_007.wav;0;0.9573132991790771;0
5308;PEC3_20220429_084500_008.wav;0;0.957183837890625;0
5309;PEC3_20220429_084500_009.wav;0;0.7420676946640015;0
5310;PEC3_20220429_084500_010.wav;0;0.7030754089355469;0
5311;PEC3_20220429_084500_011.wav;0;0.8640993237495422;0
5312;PEC3_20220429_084500_012.wav;0;0.902305006980896;0
5313;PEC3_20220429_084500_013.wav;0;0.8572896122932434;0
5314;PEC3_20220429_084500_014.wav;0;0.49827197194099426;0
5315;PEC3_20220429_084500_015.wav;0;0.6582666635513306;0
5316;PEC3_20220429_084500_016.wav;0;0.6938525438308716;0
5317;PEC3_20220429_084500_017.wav;0;0.6953481435775757;0
5318;PEC3_20220429_084500_018.wav;0;0.9651070237159729;0
5319;PEC3_20220429_084500_019.wav;0;0.8261384963989258;0
5320;PEC3_20220429_121500_000.wav;0;0.5197470784187317;0
5321;PEC3_20220429_121500_001.wav;0;0.3296654522418976;0
5322;PEC3_20220429_121500_002.wav;0;0.8884583711624146;0
5323;PEC3_20220429_121500_003.wav;0;0.6329855918884277;0
5324;PEC3_20220429_121500_004.wav;0;0.9725262522697449;0
5325;PEC3_20220429_121500_005.wav;0;0.8632802963256836;0
5326;PEC3_20220429_121500_006.wav;0;0.7525509595870972;0
5327;PEC3_20220429_121500_007.wav;0;0.49026599526405334;0
5328;PEC3_20220429_121500_008.wav;0;0.9435974955558777;0
5329;PEC3_20220429_121500_009.wav;0;0.9523769021034241;0
5330;PEC3_20220429_121500_010.wav;0;0.4062277674674988;0
5331;PEC3_20220429_121500_011.wav;0;0.7426844239234924;0
5332;PEC3_20220429_121500_012.wav;0;0.7766450047492981;0
5333;PEC3_20220429_121500_013.wav;0;0.8101837635040283;0
5334;PEC3_20220429_121500_014.wav;0;0.15196262300014496;0
5335;PEC3_20220429_121500_015.wav;0;0.12953954935073853;0
5336;PEC3_20220429_121500_016.wav;0;0.7986639142036438;0
5337;PEC3_20220429_121500_017.wav;0;0.2316940426826477;0
5338;PEC3_20220429_121500_018.wav;0;0.5083305835723877;0
5339;PEC3_20220429_121500_019.wav;0;0.5670614838600159;0
5340;PEC3_20220429_144500_000.wav;0;0.7845213413238525;0
5341;PEC3_20220429_144500_001.wav;0;0.8798542618751526;0
5342;PEC3_20220429_144500_002.wav;0;0.9234508275985718;0
5343;PEC3_20220429_144500_003.wav;0;0.7155677676200867;0
5344;PEC3_20220429_144500_004.wav;0;0.9516860246658325;0
5345;PEC3_20220429_144500_005.wav;0;0.8805949091911316;0
5346;PEC3_20220429_144500_006.wav;0;0.7958152294158936;0
5347;PEC3_20220429_144500_007.wav;0;0.6511563062667847;0
5348;PEC3_20220429_144500_008.wav;0;0.7887101769447327;0
5349;PEC3_20220429_144500_009.wav;0;0.9224438071250916;0
5350;PEC3_20220429_144500_010.wav;0;0.8605405688285828;0
5351;PEC3_20220429_144500_011.wav;0;0.6131963133811951;0
5352;PEC3_20220429_144500_012.wav;0;0.3751375377178192;0
5353;PEC3_20220429_144500_013.wav;0;0.8345937728881836;0
5354;PEC3_20220429_144500_014.wav;0;0.45005568861961365;0
5355;PEC3_20220429_144500_015.wav;0;0.5032196640968323;0
5356;PEC3_20220429_144500_016.wav;0;0.6073196530342102;0
5357;PEC3_20220429_144500_017.wav;0;0.4716564416885376;0
5358;PEC3_20220429_144500_018.wav;0;0.3412943482398987;0
5359;PEC3_20220429_144500_019.wav;0;0.7315414547920227;0
5360;PEC3_20220429_154500_000.wav;0;0.6554908752441406;0
5361;PEC3_20220429_154500_001.wav;0;0.9256750345230103;0
5362;PEC3_20220429_154500_002.wav;0;0.7987677454948425;0
5363;PEC3_20220429_154500_003.wav;0;0.9735763072967529;0
5364;PEC3_20220429_154500_004.wav;0;0.9090347290039062;0
5365;PEC3_20220429_154500_005.wav;0;0.8258280158042908;0
5366;PEC3_20220429_154500_006.wav;0;0.9608413577079773;0
5367;PEC3_20220429_154500_007.wav;0;0.8356882929801941;0
5368;PEC3_20220429_154500_008.wav;0;0.8152108788490295;0
5369;PEC3_20220429_154500_009.wav;0;0.4741070866584778;0
5370;PEC3_20220429_154500_010.wav;0;0.9181873202323914;0
5371;PEC3_20220429_154500_011.wav;0;0.8195372819900513;0
5372;PEC3_20220429_154500_012.wav;0;0.2764584720134735;0
5373;PEC3_20220429_154500_013.wav;0;0.33302319049835205;0
5374;PEC3_20220429_154500_014.wav;0;0.7825441956520081;0
5375;PEC3_20220429_154500_015.wav;0;0.8410390615463257;0
5376;PEC3_20220429_154500_016.wav;0;0.14207197725772858;0
5377;PEC3_20220429_154500_017.wav;0;0.12827655673027039;0
5378;PEC3_20220429_154500_018.wav;0;0.12733221054077148;0
5379;PEC3_20220429_154500_019.wav;0;0.13101209700107574;0
5380;PEC3_20220429_224500_000.wav;0;0.05815489962697029;0
5381;PEC3_20220429_224500_001.wav;0;0.04073144495487213;0
5382;PEC3_20220429_224500_002.wav;0;0.10209598392248154;0
5383;PEC3_20220429_224500_003.wav;0;0.052967023104429245;0
5384;PEC3_20220429_224500_004.wav;0;0.05380891636013985;0
5385;PEC3_20220429_224500_005.wav;0;0.2066950500011444;0
5386;PEC3_20220429_224500_006.wav;0;0.0420309379696846;0
5387;PEC3_20220429_224500_007.wav;0;0.039309196174144745;0
5388;PEC3_20220429_224500_008.wav;0;0.069930300116539;0
5389;PEC3_20220429_224500_009.wav;0;0.08706076443195343;0
5390;PEC3_20220429_224500_010.wav;0;0.04244565963745117;0
5391;PEC3_20220429_224500_011.wav;0;0.18828743696212769;0
5392;PEC3_20220429_224500_012.wav;0;0.07191646099090576;0
5393;PEC3_20220429_224500_013.wav;0;0.07912958413362503;0
5394;PEC3_20220429_224500_014.wav;0;0.04390930384397507;0
5395;PEC3_20220429_224500_015.wav;0;0.049148548394441605;0
5396;PEC3_20220429_224500_016.wav;0;0.22154377400875092;0
5397;PEC3_20220429_224500_017.wav;0;0.04753303900361061;0
5398;PEC3_20220429_224500_018.wav;0;0.04422268643975258;0
5399;PEC3_20220429_224500_019.wav;0;0.044302769005298615;0
5400;PEC3_20220429_231500_000.wav;0;0.03557443246245384;0
5401;PEC3_20220429_231500_001.wav;0;0.062057975679636;0
5402;PEC3_20220429_231500_002.wav;0;0.05695221945643425;0
5403;PEC3_20220429_231500_003.wav;0;0.06192094087600708;0
5404;PEC3_20220429_231500_004.wav;0;0.04246993362903595;0
5405;PEC3_20220429_231500_005.wav;0;0.04295944422483444;0
5406;PEC3_20220429_231500_006.wav;0;0.5404933094978333;0
5407;PEC3_20220429_231500_007.wav;0;0.06328703463077545;0
5408;PEC3_20220429_231500_008.wav;0;0.05071178823709488;0
5409;PEC3_20220429_231500_009.wav;0;0.08563484251499176;0
5410;PEC3_20220429_231500_010.wav;0;0.05842801183462143;0
5411;PEC3_20220429_231500_011.wav;0;0.06783692538738251;0
5412;PEC3_20220429_231500_012.wav;0;0.04574122279882431;0
5413;PEC3_20220429_231500_013.wav;0;0.15695859491825104;0
5414;PEC3_20220429_231500_014.wav;0;0.05358239635825157;0
5415;PEC3_20220429_231500_015.wav;0;0.4578629732131958;0
5416;PEC3_20220429_231500_016.wav;0;0.045672472566366196;0
5417;PEC3_20220429_231500_017.wav;0;0.22362260520458221;0
5418;PEC3_20220429_231500_018.wav;0;0.0603594109416008;0
5419;PEC3_20220429_231500_019.wav;0;0.059702593833208084;0
5420;PEC3_20220429_233000_000.wav;0;0.053732458502054214;0
5421;PEC3_20220429_233000_001.wav;0;0.059168748557567596;0
5422;PEC3_20220429_233000_002.wav;0;0.048721350729465485;0
5423;PEC3_20220429_233000_003.wav;0;0.06499535590410233;0
5424;PEC3_20220429_233000_004.wav;0;0.05982442572712898;0
5425;PEC3_20220429_233000_005.wav;0;0.04176360368728638;0
5426;PEC3_20220429_233000_006.wav;0;0.04248044639825821;0
5427;PEC3_20220429_233000_007.wav;0;0.0403350368142128;0
5428;PEC3_20220429_233000_008.wav;0;0.04172731190919876;0
5429;PEC3_20220429_233000_009.wav;0;0.16110900044441223;0
5430;PEC3_20220429_233000_010.wav;0;0.04069527983665466;0
5431;PEC3_20220429_233000_011.wav;0;0.05311403051018715;0
5432;PEC3_20220429_233000_012.wav;0;0.20066940784454346;0
5433;PEC3_20220429_233000_013.wav;0;0.1020619198679924;0
5434;PEC3_20220429_233000_014.wav;0;0.08090396225452423;0
5435;PEC3_20220429_233000_015.wav;0;0.044809598475694656;0
5436;PEC3_20220429_233000_016.wav;0;0.050048377364873886;0
5437;PEC3_20220429_233000_017.wav;0;0.06429727375507355;0
5438;PEC3_20220429_233000_018.wav;0;0.040477436035871506;0
5439;PEC3_20220429_233000_019.wav;0;0.05473651364445686;0
5440;PEC3_20220430_034500_000.wav;0;0.08118938654661179;0
5441;PEC3_20220430_034500_001.wav;0;0.05959318205714226;0
5442;PEC3_20220430_034500_002.wav;0;0.05576503649353981;0
5443;PEC3_20220430_034500_003.wav;0;0.06744139641523361;0
5444;PEC3_20220430_034500_004.wav;0;0.06346175819635391;0
5445;PEC3_20220430_034500_005.wav;0;0.09723874926567078;0
5446;PEC3_20220430_034500_006.wav;0;0.07675985246896744;0
5447;PEC3_20220430_034500_007.wav;0;0.2811599373817444;0
5448;PEC3_20220430_034500_008.wav;0;0.05802924185991287;0
5449;PEC3_20220430_034500_009.wav;0;0.04446785897016525;0
5450;PEC3_20220430_034500_010.wav;0;0.04959554225206375;0
5451;PEC3_20220430_034500_011.wav;0;0.6490292549133301;0
5452;PEC3_20220430_034500_012.wav;0;0.06952124089002609;0
5453;PEC3_20220430_034500_013.wav;0;0.06451874226331711;0
5454;PEC3_20220430_034500_014.wav;0;0.08176157623529434;0
5455;PEC3_20220430_034500_015.wav;0;0.13599492609500885;0
5456;PEC3_20220430_034500_016.wav;0;0.26861220598220825;0
5457;PEC3_20220430_034500_017.wav;0;0.042947907000780106;0
5458;PEC3_20220430_034500_018.wav;0;0.06373236328363419;0
5459;PEC3_20220430_034500_019.wav;0;0.07102885097265244;0
5460;PEC3_20220430_093000_000.wav;0;0.4564473628997803;0
5461;PEC3_20220430_093000_001.wav;0;0.09746711701154709;0
5462;PEC3_20220430_093000_002.wav;0;0.07203266024589539;0
5463;PEC3_20220430_093000_003.wav;0;0.10610166192054749;0
5464;PEC3_20220430_093000_004.wav;0;0.13660573959350586;0
5465;PEC3_20220430_093000_005.wav;0;0.15471221506595612;0
5466;PEC3_20220430_093000_006.wav;0;0.10257015377283096;0
5467;PEC3_20220430_093000_007.wav;0;0.30064213275909424;0
5468;PEC3_20220430_093000_008.wav;0;0.14307671785354614;0
5469;PEC3_20220430_093000_009.wav;0;0.08132191747426987;0
5470;PEC3_20220430_093000_010.wav;0;0.11672108620405197;0
5471;PEC3_20220430_093000_011.wav;0;0.08636335283517838;0
5472;PEC3_20220430_093000_012.wav;0;0.1296556442975998;0
5473;PEC3_20220430_093000_013.wav;0;0.07328565418720245;0
5474;PEC3_20220430_093000_014.wav;0;0.0702148899435997;0
5475;PEC3_20220430_093000_015.wav;0;0.0706527978181839;0
5476;PEC3_20220430_093000_016.wav;0;0.06720910966396332;0
5477;PEC3_20220430_093000_017.wav;0;0.20150133967399597;0
5478;PEC3_20220430_093000_018.wav;0;0.05647758021950722;0
5479;PEC3_20220430_093000_019.wav;0;0.12780772149562836;0
5480;PEC3_20220504_153000_000.wav;0;0.10209419578313828;0
5481;PEC3_20220504_153000_001.wav;0;0.1341864913702011;0
5482;PEC3_20220504_153000_002.wav;0;0.2392396777868271;0
5483;PEC3_20220504_153000_003.wav;0;0.12712347507476807;0
5484;PEC3_20220504_153000_004.wav;0;0.07505696266889572;0
5485;PEC3_20220504_153000_005.wav;0;0.12734611332416534;0
5486;PEC3_20220504_153000_006.wav;0;0.11152581870555878;0
5487;PEC3_20220504_153000_007.wav;0;0.08851490169763565;0
5488;PEC3_20220504_153000_008.wav;0;0.08354707807302475;0
5489;PEC3_20220504_153000_009.wav;0;0.3900628089904785;0
5490;PEC3_20220504_153000_010.wav;0;0.12230288237333298;0
5491;PEC3_20220504_153000_011.wav;0;0.05240505188703537;0
5492;PEC3_20220504_153000_012.wav;0;0.09862703084945679;0
5493;PEC3_20220504_153000_013.wav;0;0.05347985401749611;0
5494;PEC3_20220504_153000_014.wav;0;0.19829732179641724;0
5495;PEC3_20220504_153000_015.wav;0;0.29255250096321106;0
5496;PEC3_20220504_153000_016.wav;0;0.11024013161659241;0
5497;PEC3_20220504_153000_017.wav;0;0.4918708801269531;0
5498;PEC3_20220504_153000_018.wav;0;0.24729987978935242;0
5499;PEC3_20220504_153000_019.wav;0;0.20615160465240479;0
5500;PEC3_20220506_030000_000.wav;0;0.05058787763118744;0
5501;PEC3_20220506_030000_001.wav;0;0.04882137477397919;0
5502;PEC3_20220506_030000_002.wav;0;0.0465911440551281;0
5503;PEC3_20220506_030000_003.wav;0;0.23996756970882416;0
5504;PEC3_20220506_030000_004.wav;0;0.2810581922531128;0
5505;PEC3_20220506_030000_005.wav;0;0.19579371809959412;0
5506;PEC3_20220506_030000_006.wav;0;0.19470569491386414;0
5507;PEC3_20220506_030000_007.wav;0;0.3233673572540283;0
5508;PEC3_20220506_030000_008.wav;0;0.4418002963066101;0
5509;PEC3_20220506_030000_009.wav;0;0.04598028585314751;0
5510;PEC3_20220506_030000_010.wav;0;0.1261363923549652;0
5511;PEC3_20220506_030000_011.wav;0;0.33311909437179565;0
5512;PEC3_20220506_030000_012.wav;0;0.21835075318813324;0
5513;PEC3_20220506_030000_013.wav;0;0.10011263936758041;0
5514;PEC3_20220506_030000_014.wav;0;0.1674092411994934;0
5515;PEC3_20220506_030000_015.wav;0;0.140541210770607;0
5516;PEC3_20220506_030000_016.wav;0;0.07675731182098389;0
5517;PEC3_20220506_030000_017.wav;0;0.21944348514080048;0
5518;PEC3_20220506_030000_018.wav;0;0.5009440183639526;0
5519;PEC3_20220506_030000_019.wav;0;0.14670532941818237;0
5520;PEC3_20220507_120000_000.wav;0;0.19458737969398499;0
5521;PEC3_20220507_120000_001.wav;0;0.06308724731206894;0
5522;PEC3_20220507_120000_002.wav;0;0.07265263795852661;0
5523;PEC3_20220507_120000_003.wav;0;0.13190554082393646;0
5524;PEC3_20220507_120000_004.wav;0;0.06331969052553177;0
5525;PEC3_20220507_120000_005.wav;0;0.06673256307840347;0
5526;PEC3_20220507_120000_006.wav;0;0.09659183025360107;0
5527;PEC3_20220507_120000_007.wav;0;0.05841997265815735;0
5528;PEC3_20220507_120000_008.wav;0;0.07101699709892273;0
5529;PEC3_20220507_120000_009.wav;0;0.13215143978595734;0
5530;PEC3_20220507_120000_010.wav;0;0.3006077706813812;0
5531;PEC3_20220507_120000_011.wav;0;0.21872837841510773;0
5532;PEC3_20220507_120000_012.wav;0;0.21050682663917542;0
5533;PEC3_20220507_120000_013.wav;0;0.36156487464904785;0
5534;PEC3_20220507_120000_014.wav;0;0.03606518730521202;0
5535;PEC3_20220507_120000_015.wav;0;0.0609002485871315;0
5536;PEC3_20220507_120000_016.wav;0;0.6299964189529419;0
5537;PEC3_20220507_120000_017.wav;0;0.22789740562438965;0
5538;PEC3_20220507_120000_018.wav;0;0.2586003541946411;0
5539;PEC3_20220507_120000_019.wav;0;0.06247548386454582;0
5540;PEC3_20220508_190000_000.wav;0;0.09288550168275833;0
5541;PEC3_20220508_190000_001.wav;0;0.07212769240140915;0
5542;PEC3_20220508_190000_002.wav;0;0.18455290794372559;0
5543;PEC3_20220508_190000_003.wav;0;0.08305633068084717;0
5544;PEC3_20220508_190000_004.wav;0;0.13557404279708862;0
5545;PEC3_20220508_190000_005.wav;0;0.10634878277778625;0
5546;PEC3_20220508_190000_006.wav;0;0.16995160281658173;0
5547;PEC3_20220508_190000_007.wav;0;0.17377248406410217;0
5548;PEC3_20220508_190000_008.wav;0;0.6195968389511108;0
5549;PEC3_20220508_190000_009.wav;0;0.18159286677837372;0
5550;PEC3_20220508_190000_010.wav;0;0.11747807264328003;0
5551;PEC3_20220508_190000_011.wav;0;0.0746811255812645;0
5552;PEC3_20220508_190000_012.wav;0;0.12599357962608337;0
5553;PEC3_20220508_190000_013.wav;0;0.13564251363277435;0
5554;PEC3_20220508_190000_014.wav;0;0.20564407110214233;0
5555;PEC3_20220508_190000_015.wav;0;0.07453888654708862;0
5556;PEC3_20220508_190000_016.wav;0;0.13765941560268402;0
5557;PEC3_20220508_190000_017.wav;0;0.0640062764286995;0
5558;PEC3_20220508_190000_018.wav;0;0.3558170199394226;0
5559;PEC3_20220508_190000_019.wav;0;0.23090162873268127;0
5560;PEC3_20220511_080000_000.wav;0;0.9041178822517395;0
5561;PEC3_20220511_080000_001.wav;0;0.8991791605949402;0
5562;PEC3_20220511_080000_002.wav;0;0.9127480983734131;0
5563;PEC3_20220511_080000_003.wav;0;0.7845944762229919;0
5564;PEC3_20220511_080000_004.wav;0;0.8791888356208801;0
5565;PEC3_20220511_080000_005.wav;0;0.9340336918830872;0
5566;PEC3_20220511_080000_006.wav;0;0.8638975620269775;0
5567;PEC3_20220511_080000_007.wav;0;0.8855799436569214;0
5568;PEC3_20220511_080000_008.wav;0;0.8839746117591858;0
5569;PEC3_20220511_080000_009.wav;0;0.9494080543518066;0
5570;PEC3_20220511_080000_010.wav;0;0.9560617208480835;0
5571;PEC3_20220511_080000_011.wav;0;0.9242061376571655;0
5572;PEC3_20220511_080000_012.wav;0;0.986818790435791;0
5573;PEC3_20220511_080000_013.wav;0;0.9612390398979187;0
5574;PEC3_20220511_080000_014.wav;0;0.8974428176879883;0
5575;PEC3_20220511_080000_015.wav;0;0.9532577395439148;0
5576;PEC3_20220511_080000_016.wav;0;0.8868836164474487;0
5577;PEC3_20220511_080000_017.wav;0;0.9072995781898499;0
5578;PEC3_20220511_080000_018.wav;0;0.8898308277130127;0
5579;PEC3_20220511_080000_019.wav;0;0.9175076484680176;0
5580;PEC3_20220512_110000_000.wav;0;0.16771580278873444;0
5581;PEC3_20220512_110000_001.wav;0;0.7044616341590881;0
5582;PEC3_20220512_110000_002.wav;0;0.14667466282844543;0
5583;PEC3_20220512_110000_003.wav;0;0.12983012199401855;0
5584;PEC3_20220512_110000_004.wav;0;0.32758477330207825;0
5585;PEC3_20220512_110000_005.wav;0;0.8427006602287292;0
5586;PEC3_20220512_110000_006.wav;0;0.9391003847122192;0
5587;PEC3_20220512_110000_007.wav;0;0.9206298589706421;0
5588;PEC3_20220512_110000_008.wav;0;0.9370638728141785;0
5589;PEC3_20220512_110000_009.wav;0;0.8702614903450012;0
5590;PEC3_20220512_110000_010.wav;0;0.13022595643997192;0
5591;PEC3_20220512_110000_011.wav;0;0.6142574548721313;0
5592;PEC3_20220512_110000_012.wav;0;0.16075830161571503;0
5593;PEC3_20220512_110000_013.wav;0;0.15914355218410492;0
5594;PEC3_20220512_110000_014.wav;0;0.136045441031456;0
5595;PEC3_20220512_110000_015.wav;0;0.13082322478294373;0
5596;PEC3_20220512_110000_016.wav;1;0.34008121490478516;1
5597;PEC3_20220512_110000_017.wav;1;0.330282986164093;1
5598;PEC3_20220512_110000_018.wav;1;0.8000430464744568;1
5599;PEC3_20220512_110000_019.wav;1;0.9285455942153931;1
5600;PEC3_20220513_053000_000.wav;0;0.14032480120658875;0
5601;PEC3_20220513_053000_001.wav;0;0.44798898696899414;0
5602;PEC3_20220513_053000_002.wav;0;0.05692555010318756;0
5603;PEC3_20220513_053000_003.wav;0;0.3131016492843628;0
5604;PEC3_20220513_053000_004.wav;0;0.279317706823349;0
5605;PEC3_20220513_053000_005.wav;0;0.13653315603733063;0
5606;PEC3_20220513_053000_006.wav;0;0.07504455000162125;0
5607;PEC3_20220513_053000_007.wav;0;0.08321713656187057;0
5608;PEC3_20220513_053000_008.wav;0;0.5665647983551025;0
5609;PEC3_20220513_053000_009.wav;0;0.062142107635736465;0
5610;PEC3_20220513_053000_010.wav;0;0.5310583710670471;0
5611;PEC3_20220513_053000_011.wav;0;0.6282157301902771;0
5612;PEC3_20220513_053000_012.wav;0;0.0954839214682579;0
5613;PEC3_20220513_053000_013.wav;0;0.18946519494056702;0
5614;PEC3_20220513_053000_014.wav;0;0.057864971458911896;0
5615;PEC3_20220513_053000_015.wav;0;0.13623642921447754;0
5616;PEC3_20220513_053000_016.wav;0;0.6359005570411682;0
5617;PEC3_20220513_053000_017.wav;0;0.06786985695362091;0
5618;PEC3_20220513_053000_018.wav;0;0.08010564744472504;0
5619;PEC3_20220513_053000_019.wav;0;0.5435563325881958;0
5620;PEC3_20220513_120000_000.wav;0;0.16706179082393646;0
5621;PEC3_20220513_120000_001.wav;0;0.1524733453989029;0
5622;PEC3_20220513_120000_002.wav;0;0.12889742851257324;0
5623;PEC3_20220513_120000_003.wav;0;0.18024927377700806;0
5624;PEC3_20220513_120000_004.wav;0;0.21068769693374634;0
5625;PEC3_20220513_120000_005.wav;0;0.3000166118144989;0
5626;PEC3_20220513_120000_006.wav;0;0.20653009414672852;0
5627;PEC3_20220513_120000_007.wav;0;0.3046315610408783;0
5628;PEC3_20220513_120000_008.wav;0;0.14169374108314514;0
5629;PEC3_20220513_120000_009.wav;0;0.09397128224372864;0
5630;PEC3_20220513_120000_010.wav;0;0.16239483654499054;0
5631;PEC3_20220513_120000_011.wav;0;0.26940086483955383;0
5632;PEC3_20220513_120000_012.wav;0;0.18492566049098969;0
5633;PEC3_20220513_120000_013.wav;0;0.49849316477775574;0
5634;PEC3_20220513_120000_014.wav;0;0.3155583143234253;0
5635;PEC3_20220513_120000_015.wav;0;0.24418888986110687;0
5636;PEC3_20220513_120000_016.wav;0;0.7266303300857544;0
5637;PEC3_20220513_120000_017.wav;0;0.3905453383922577;0
5638;PEC3_20220513_120000_018.wav;0;0.4387752115726471;0
5639;PEC3_20220513_120000_019.wav;0;0.4434373378753662;0
5640;PEC3_20220516_230000_000.wav;0;0.0857282280921936;0
5641;PEC3_20220516_230000_001.wav;0;0.6623691916465759;0
5642;PEC3_20220516_230000_002.wav;0;0.054420046508312225;0
5643;PEC3_20220516_230000_003.wav;0;0.08166886866092682;0
5644;PEC3_20220516_230000_004.wav;0;0.15643583238124847;0
5645;PEC3_20220516_230000_005.wav;0;0.5990986227989197;0
5646;PEC3_20220516_230000_006.wav;0;0.22022275626659393;0
5647;PEC3_20220516_230000_007.wav;0;0.7741656303405762;0
5648;PEC3_20220516_230000_008.wav;0;0.32909664511680603;0
5649;PEC3_20220516_230000_009.wav;0;0.3469761610031128;0
5650;PEC3_20220516_230000_010.wav;0;0.20127010345458984;0
5651;PEC3_20220516_230000_011.wav;0;0.7030873894691467;0
5652;PEC3_20220516_230000_012.wav;0;0.14433841407299042;0
5653;PEC3_20220516_230000_013.wav;0;0.2957215905189514;0
5654;PEC3_20220516_230000_014.wav;0;0.3366416096687317;0
5655;PEC3_20220516_230000_015.wav;0;0.1524730771780014;0
5656;PEC3_20220516_230000_016.wav;0;0.24765248596668243;0
5657;PEC3_20220516_230000_017.wav;0;0.14362505078315735;0
5658;PEC3_20220516_230000_018.wav;0;0.8919103145599365;0
5659;PEC3_20220516_230000_019.wav;0;0.5516054034233093;0
5660;PEC3_20220520_093000_000.wav;0;0.0733371302485466;0
5661;PEC3_20220520_093000_001.wav;0;0.10556864738464355;0
5662;PEC3_20220520_093000_002.wav;0;0.09169361740350723;0
5663;PEC3_20220520_093000_003.wav;0;0.22612833976745605;0
5664;PEC3_20220520_093000_004.wav;0;0.5428251028060913;0
5665;PEC3_20220520_093000_005.wav;0;0.31112468242645264;0
5666;PEC3_20220520_093000_006.wav;0;0.06144515052437782;0
5667;PEC3_20220520_093000_007.wav;0;0.03152676299214363;0
5668;PEC3_20220520_093000_008.wav;0;0.5494651794433594;0
5669;PEC3_20220520_093000_009.wav;0;0.21503543853759766;0
5670;PEC3_20220520_093000_010.wav;0;0.02840455248951912;0
5671;PEC3_20220520_093000_011.wav;0;0.6077538132667542;0
5672;PEC3_20220520_093000_012.wav;0;0.9886454343795776;0
5673;PEC3_20220520_093000_013.wav;0;0.5868467092514038;0
5674;PEC3_20220520_093000_014.wav;0;0.5054882764816284;0
5675;PEC3_20220520_093000_015.wav;0;0.7607196569442749;0
5676;PEC3_20220520_093000_016.wav;0;0.6437225937843323;0
5677;PEC3_20220520_093000_017.wav;0;0.40258902311325073;0
5678;PEC3_20220520_093000_018.wav;0;0.8580002188682556;0
5679;PEC3_20220520_093000_019.wav;0;0.4000988304615021;0
5680;PEC3_20220525_041500_000.wav;0;0.09521432965993881;0
5681;PEC3_20220525_041500_001.wav;0;0.34718409180641174;0
5682;PEC3_20220525_041500_002.wav;0;0.2825228273868561;0
5683;PEC3_20220525_041500_003.wav;0;0.06134863197803497;0
5684;PEC3_20220525_041500_004.wav;0;0.2039574831724167;0
5685;PEC3_20220525_041500_005.wav;0;0.44239941239356995;0
5686;PEC3_20220525_041500_006.wav;0;0.21573160588741302;0
5687;PEC3_20220525_041500_007.wav;0;0.08965358138084412;0
5688;PEC3_20220525_041500_008.wav;0;0.4360564053058624;0
5689;PEC3_20220525_041500_009.wav;0;0.31723758578300476;0
5690;PEC3_20220525_041500_010.wav;0;0.07579237222671509;0
5691;PEC3_20220525_041500_011.wav;0;0.3461040258407593;0
5692;PEC3_20220525_041500_012.wav;0;0.42193707823753357;0
5693;PEC3_20220525_041500_013.wav;0;0.10501318424940109;0
5694;PEC3_20220525_041500_014.wav;0;0.127907857298851;0
5695;PEC3_20220525_041500_015.wav;0;0.43555235862731934;0
5696;PEC3_20220525_041500_016.wav;0;0.045793842524290085;0
5697;PEC3_20220525_041500_017.wav;0;0.3221495747566223;0
5698;PEC3_20220525_041500_018.wav;0;0.12287115305662155;0
5699;PEC3_20220525_041500_019.wav;0;0.4049099385738373;0
5700;PEC3_20220525_221500_000.wav;0;0.046823009848594666;0
5701;PEC3_20220525_221500_001.wav;0;0.09953060001134872;0
5702;PEC3_20220525_221500_002.wav;0;0.45635175704956055;0
5703;PEC3_20220525_221500_003.wav;0;0.31628018617630005;0
5704;PEC3_20220525_221500_004.wav;0;0.22520741820335388;0
5705;PEC3_20220525_221500_005.wav;0;0.11628688871860504;0
5706;PEC3_20220525_221500_006.wav;0;0.06144880875945091;0
5707;PEC3_20220525_221500_007.wav;0;0.1918579638004303;0
5708;PEC3_20220525_221500_008.wav;0;0.12327663600444794;0
5709;PEC3_20220525_221500_009.wav;0;0.1667439043521881;0
5710;PEC3_20220525_221500_010.wav;0;0.4188540577888489;0
5711;PEC3_20220525_221500_011.wav;0;0.24607782065868378;0
5712;PEC3_20220525_221500_012.wav;0;0.27185410261154175;0
5713;PEC3_20220525_221500_013.wav;0;0.250907838344574;0
5714;PEC3_20220525_221500_014.wav;0;0.09346023947000504;0
5715;PEC3_20220525_221500_015.wav;0;0.34583571553230286;0
5716;PEC3_20220525_221500_016.wav;0;0.17170055210590363;0
5717;PEC3_20220525_221500_017.wav;0;0.2721523344516754;0
5718;PEC3_20220525_221500_018.wav;0;0.1938956081867218;0
5719;PEC3_20220525_221500_019.wav;0;0.056555043905973434;0
5720;PEC3_20220530_073000_000.wav;0;0.4555824100971222;0
5721;PEC3_20220530_073000_001.wav;0;0.8800647258758545;0
5722;PEC3_20220530_073000_002.wav;0;0.4935901463031769;0
5723;PEC3_20220530_073000_003.wav;0;0.8723048567771912;0
5724;PEC3_20220530_073000_004.wav;0;0.9168817400932312;0
5725;PEC3_20220530_073000_005.wav;0;0.7096552848815918;0
5726;PEC3_20220530_073000_006.wav;0;0.6660428047180176;0
5727;PEC3_20220530_073000_007.wav;0;0.8830904960632324;0
5728;PEC3_20220530_073000_008.wav;0;0.854275107383728;0
5729;PEC3_20220530_073000_009.wav;0;0.6583086252212524;0
5730;PEC3_20220530_073000_010.wav;0;0.28368303179740906;0
5731;PEC3_20220530_073000_011.wav;0;0.5868401527404785;0
5732;PEC3_20220530_073000_012.wav;0;0.30998605489730835;0
5733;PEC3_20220530_073000_013.wav;0;0.4284646511077881;0
5734;PEC3_20220530_073000_014.wav;0;0.828340470790863;0
5735;PEC3_20220530_073000_015.wav;0;0.14728236198425293;0
5736;PEC3_20220530_073000_016.wav;0;0.6368575692176819;0
5737;PEC3_20220530_073000_017.wav;0;0.6144788265228271;0
5738;PEC3_20220530_073000_018.wav;0;0.7088258266448975;0
5739;PEC3_20220530_073000_019.wav;0;0.8304363489151001;0
5740;PEC3_20220603_131500_000.wav;0;0.864078938961029;0
5741;PEC3_20220603_131500_001.wav;0;0.4301659166812897;0
5742;PEC3_20220603_131500_002.wav;0;0.9750320315361023;0
5743;PEC3_20220603_131500_003.wav;0;0.804267406463623;0
5744;PEC3_20220603_131500_004.wav;0;0.958945631980896;0
5745;PEC3_20220603_131500_005.wav;0;0.958227813243866;0
5746;PEC3_20220603_131500_006.wav;0;0.7984016537666321;0
5747;PEC3_20220603_131500_007.wav;0;0.7782953977584839;0
5748;PEC3_20220603_131500_008.wav;0;0.8342882394790649;0
5749;PEC3_20220603_131500_009.wav;0;0.971368134021759;0
5750;PEC3_20220603_131500_010.wav;0;0.9553219079971313;0
5751;PEC3_20220603_131500_011.wav;0;0.13521887362003326;0
5752;PEC3_20220603_131500_012.wav;0;0.19309142231941223;0
5753;PEC3_20220603_131500_013.wav;0;0.3600064218044281;0
5754;PEC3_20220603_131500_014.wav;0;0.9324577450752258;0
5755;PEC3_20220603_131500_015.wav;0;0.9874767661094666;0
5756;PEC3_20220603_131500_016.wav;0;0.7825527191162109;0
5757;PEC3_20220603_131500_017.wav;0;0.8540207743644714;0
5758;PEC3_20220603_131500_018.wav;0;0.9810065031051636;0
5759;PEC3_20220603_131500_019.wav;0;0.11772821098566055;0
5760;PEC3_20220607_100000_000.wav;0;0.9699823260307312;0
5761;PEC3_20220607_100000_001.wav;0;0.7152355313301086;0
5762;PEC3_20220607_100000_002.wav;0;0.2700038552284241;0
5763;PEC3_20220607_100000_003.wav;0;0.365386962890625;0
5764;PEC3_20220607_100000_004.wav;0;0.2944898009300232;0
5765;PEC3_20220607_100000_005.wav;0;0.20517872273921967;0
5766;PEC3_20220607_100000_006.wav;0;0.24582019448280334;0
5767;PEC3_20220607_100000_007.wav;0;0.3959795832633972;0
5768;PEC3_20220607_100000_008.wav;0;0.4981808364391327;0
5769;PEC3_20220607_100000_009.wav;0;0.07930436730384827;0
5770;PEC3_20220607_100000_010.wav;0;0.12307246029376984;0
5771;PEC3_20220607_100000_011.wav;0;0.0356435663998127;0
5772;PEC3_20220607_100000_012.wav;0;0.131056010723114;0
5773;PEC3_20220607_100000_013.wav;0;0.2215299904346466;0
5774;PEC3_20220607_100000_014.wav;0;0.07479295879602432;0
5775;PEC3_20220607_100000_015.wav;0;0.5902568697929382;0
5776;PEC3_20220607_100000_016.wav;0;0.4975447356700897;0
5777;PEC3_20220607_100000_017.wav;0;0.9754451513290405;0
5778;PEC3_20220607_100000_018.wav;0;0.7555695176124573;0
5779;PEC3_20220607_100000_019.wav;0;0.33405470848083496;0
5780;PEC3_20220610_174500_000.wav;0;0.9614760279655457;0
5781;PEC3_20220610_174500_001.wav;0;0.9763052463531494;0
5782;PEC3_20220610_174500_002.wav;0;0.9682364463806152;0
5783;PEC3_20220610_174500_003.wav;0;0.982854962348938;0
5784;PEC3_20220610_174500_004.wav;0;0.9311769604682922;0
5785;PEC3_20220610_174500_005.wav;0;0.8780173063278198;0
5786;PEC3_20220610_174500_006.wav;0;0.9818561673164368;0
5787;PEC3_20220610_174500_007.wav;0;0.8112829923629761;0
5788;PEC3_20220610_174500_008.wav;0;0.9756143093109131;0
5789;PEC3_20220610_174500_009.wav;0;0.9177940487861633;0
5790;PEC3_20220610_174500_010.wav;0;0.952094316482544;0
5791;PEC3_20220610_174500_011.wav;0;0.9523961544036865;0
5792;PEC3_20220610_174500_012.wav;0;0.985928475856781;0
5793;PEC3_20220610_174500_013.wav;0;0.984029233455658;0
5794;PEC3_20220610_174500_014.wav;0;0.9706560969352722;0
5795;PEC3_20220610_174500_015.wav;0;0.9684032201766968;0
5796;PEC3_20220610_174500_016.wav;0;0.9417417645454407;0
5797;PEC3_20220610_174500_017.wav;0;0.9778302311897278;0
5798;PEC3_20220610_174500_018.wav;0;0.8833403587341309;0
5799;PEC3_20220610_174500_019.wav;0;0.8921592831611633;0
5800;PEC3_20220611_083000_000.wav;0;0.9806564450263977;0
5801;PEC3_20220611_083000_001.wav;0;0.9738394021987915;0
5802;PEC3_20220611_083000_002.wav;0;0.9745755195617676;0
5803;PEC3_20220611_083000_003.wav;0;0.9745345115661621;0
5804;PEC3_20220611_083000_004.wav;0;0.9868033528327942;0
5805;PEC3_20220611_083000_005.wav;0;0.9842491745948792;0
5806;PEC3_20220611_083000_006.wav;0;0.973912239074707;0
5807;PEC3_20220611_083000_007.wav;0;0.9290636777877808;0
5808;PEC3_20220611_083000_008.wav;0;0.9739330410957336;0
5809;PEC3_20220611_083000_009.wav;0;0.9907710552215576;0
5810;PEC3_20220611_083000_010.wav;0;0.9903207421302795;0
5811;PEC3_20220611_083000_011.wav;0;0.9142897129058838;0
5812;PEC3_20220611_083000_012.wav;0;0.9828658699989319;0
5813;PEC3_20220611_083000_013.wav;0;0.9847700595855713;0
5814;PEC3_20220611_083000_014.wav;0;0.9042963981628418;0
5815;PEC3_20220611_083000_015.wav;0;0.9685220718383789;0
5816;PEC3_20220611_083000_016.wav;0;0.9841734170913696;0
5817;PEC3_20220611_083000_017.wav;0;0.9922600388526917;0
5818;PEC3_20220611_083000_018.wav;0;0.9723012447357178;0
5819;PEC3_20220611_083000_019.wav;0;0.9889183640480042;0
5820;PEC3_20220613_010000_000.wav;0;0.4982318580150604;0
5821;PEC3_20220613_010000_001.wav;0;0.7725846767425537;0
5822;PEC3_20220613_010000_002.wav;0;0.45219099521636963;0
5823;PEC3_20220613_010000_003.wav;0;0.7718987464904785;0
5824;PEC3_20220613_010000_004.wav;0;0.6649026870727539;0
5825;PEC3_20220613_010000_005.wav;0;0.6500459909439087;0
5826;PEC3_20220613_010000_006.wav;0;0.591495931148529;0
5827;PEC3_20220613_010000_007.wav;0;0.2752642035484314;0
5828;PEC3_20220613_010000_008.wav;0;0.4366091787815094;0
5829;PEC3_20220613_010000_009.wav;0;0.6631501317024231;0
5830;PEC3_20220613_010000_010.wav;0;0.8154206871986389;0
5831;PEC3_20220613_010000_011.wav;0;0.5016897916793823;0
5832;PEC3_20220613_010000_012.wav;0;0.6037105917930603;0
5833;PEC3_20220613_010000_013.wav;0;0.06366145610809326;0
5834;PEC3_20220613_010000_014.wav;0;0.32454490661621094;0
5835;PEC3_20220613_010000_015.wav;0;0.47146081924438477;0
5836;PEC3_20220613_010000_016.wav;0;0.3408121168613434;0
5837;PEC3_20220613_010000_017.wav;0;0.433738112449646;0
5838;PEC3_20220613_010000_018.wav;0;0.8194223046302795;0
5839;PEC3_20220613_010000_019.wav;0;0.13566769659519196;0
5840;PEC3_20220613_111500_000.wav;0;0.9695423245429993;0
5841;PEC3_20220613_111500_001.wav;0;0.9424231052398682;0
5842;PEC3_20220613_111500_002.wav;0;0.8790755867958069;0
5843;PEC3_20220613_111500_003.wav;0;0.3004899024963379;0
5844;PEC3_20220613_111500_004.wav;0;0.5213339328765869;0
5845;PEC3_20220613_111500_005.wav;0;0.24491222202777863;0
5846;PEC3_20220613_111500_006.wav;0;0.9318328499794006;0
5847;PEC3_20220613_111500_007.wav;0;0.6324434876441956;0
5848;PEC3_20220613_111500_008.wav;0;0.8957263231277466;0
5849;PEC3_20220613_111500_009.wav;0;0.318178653717041;0
5850;PEC3_20220613_111500_010.wav;0;0.040584057569503784;0
5851;PEC3_20220613_111500_011.wav;0;0.06113330274820328;0
5852;PEC3_20220613_111500_012.wav;0;0.2480401247739792;0
5853;PEC3_20220613_111500_013.wav;0;0.17625445127487183;0
5854;PEC3_20220613_111500_014.wav;0;0.07436526566743851;0
5855;PEC3_20220613_111500_015.wav;0;0.20938758552074432;0
5856;PEC3_20220613_111500_016.wav;0;0.4160662889480591;0
5857;PEC3_20220613_111500_017.wav;0;0.036174606531858444;0
5858;PEC3_20220613_111500_018.wav;0;0.1709725260734558;0
5859;PEC3_20220613_111500_019.wav;0;0.16885550320148468;0
5860;PEC3_20220618_224500_000.wav;0;0.4754139184951782;0
5861;PEC3_20220618_224500_001.wav;0;0.323000431060791;0
5862;PEC3_20220618_224500_002.wav;0;0.5217742323875427;0
5863;PEC3_20220618_224500_003.wav;0;0.6400899887084961;0
5864;PEC3_20220618_224500_004.wav;0;0.1599382758140564;0
5865;PEC3_20220618_224500_005.wav;0;0.3353785276412964;0
5866;PEC3_20220618_224500_006.wav;0;0.1582108736038208;0
5867;PEC3_20220618_224500_007.wav;0;0.5870509147644043;0
5868;PEC3_20220618_224500_008.wav;0;0.7000177502632141;0
5869;PEC3_20220618_224500_009.wav;0;0.5230399966239929;0
5870;PEC3_20220618_224500_010.wav;0;0.527450442314148;0
5871;PEC3_20220618_224500_011.wav;0;0.6023910045623779;0
5872;PEC3_20220618_224500_012.wav;0;0.2314627468585968;0
5873;PEC3_20220618_224500_013.wav;0;0.5211502909660339;0
5874;PEC3_20220618_224500_014.wav;0;0.46666595339775085;0
5875;PEC3_20220618_224500_015.wav;0;0.24380342662334442;0
5876;PEC3_20220618_224500_016.wav;0;0.8474903702735901;0
5877;PEC3_20220618_224500_017.wav;0;0.6445752382278442;0
5878;PEC3_20220618_224500_018.wav;0;0.2810845673084259;0
5879;PEC3_20220618_224500_019.wav;0;0.6234887838363647;0
5880;PEC3_20220619_013000_000.wav;0;0.2080499827861786;0
5881;PEC3_20220619_013000_001.wav;0;0.2681733965873718;0
5882;PEC3_20220619_013000_002.wav;0;0.36767980456352234;0
5883;PEC3_20220619_013000_003.wav;0;0.5569117069244385;0
5884;PEC3_20220619_013000_004.wav;0;0.499308705329895;0
5885;PEC3_20220619_013000_005.wav;0;0.494083434343338;0
5886;PEC3_20220619_013000_006.wav;0;0.21215997636318207;0
5887;PEC3_20220619_013000_007.wav;0;0.4152132570743561;0
5888;PEC3_20220619_013000_008.wav;0;0.3088032007217407;0
5889;PEC3_20220619_013000_009.wav;0;0.3928203582763672;0
5890;PEC3_20220619_013000_010.wav;0;0.2314060479402542;0
5891;PEC3_20220619_013000_011.wav;0;0.17827041447162628;0
5892;PEC3_20220619_013000_012.wav;0;0.19307903945446014;0
5893;PEC3_20220619_013000_013.wav;0;0.15250767767429352;0
5894;PEC3_20220619_013000_014.wav;0;0.13519129157066345;0
5895;PEC3_20220619_013000_015.wav;0;0.08526162803173065;0
5896;PEC3_20220619_013000_016.wav;0;0.052674390375614166;0
5897;PEC3_20220619_013000_017.wav;0;0.05539873242378235;0
5898;PEC3_20220619_013000_018.wav;0;0.4045209288597107;0
5899;PEC3_20220619_013000_019.wav;0;0.31049636006355286;0
5900;PEC3_20220619_173000_000.wav;0;0.18632207810878754;0
5901;PEC3_20220619_173000_001.wav;0;0.1475125253200531;0
5902;PEC3_20220619_173000_002.wav;0;0.9036262035369873;0
5903;PEC3_20220619_173000_003.wav;0;0.07212141156196594;0
5904;PEC3_20220619_173000_004.wav;0;0.008584093302488327;0
5905;PEC3_20220619_173000_005.wav;0;0.0373641699552536;0
5906;PEC3_20220619_173000_006.wav;0;0.0174078531563282;0
5907;PEC3_20220619_173000_007.wav;0;0.012684437446296215;0
5908;PEC3_20220619_173000_008.wav;0;0.01148790679872036;0
5909;PEC3_20220619_173000_009.wav;0;0.01132497750222683;0
5910;PEC3_20220619_173000_010.wav;0;0.08339586108922958;0
5911;PEC3_20220619_173000_011.wav;0;0.029528185725212097;0
5912;PEC3_20220619_173000_012.wav;0;0.581740140914917;0
5913;PEC3_20220619_173000_013.wav;0;0.06795064359903336;0
5914;PEC3_20220619_173000_014.wav;0;0.06408403068780899;0
5915;PEC3_20220619_173000_015.wav;0;0.150567889213562;0
5916;PEC3_20220619_173000_016.wav;0;0.08058393746614456;0
5917;PEC3_20220619_173000_017.wav;0;0.0596172995865345;0
5918;PEC3_20220619_173000_018.wav;0;0.13472875952720642;0
5919;PEC3_20220619_173000_019.wav;0;0.16187863051891327;0
5920;PEC3_20220621_210000_000.wav;0;0.7103251814842224;0
5921;PEC3_20220621_210000_001.wav;0;0.17735004425048828;0
5922;PEC3_20220621_210000_002.wav;0;0.8320488333702087;0
5923;PEC3_20220621_210000_003.wav;0;0.5466840863227844;0
5924;PEC3_20220621_210000_004.wav;0;0.5774703621864319;0
5925;PEC3_20220621_210000_005.wav;0;0.5820363163948059;0
5926;PEC3_20220621_210000_006.wav;0;0.837769091129303;0
5927;PEC3_20220621_210000_007.wav;0;0.2792288362979889;0
5928;PEC3_20220621_210000_008.wav;0;0.9319442510604858;0
5929;PEC3_20220621_210000_009.wav;0;0.6328796148300171;0
5930;PEC3_20220621_210000_010.wav;0;0.44977226853370667;0
5931;PEC3_20220621_210000_011.wav;0;0.6941505670547485;0
5932;PEC3_20220621_210000_012.wav;0;0.6795767545700073;0
5933;PEC3_20220621_210000_013.wav;0;0.8144958019256592;0
5934;PEC3_20220621_210000_014.wav;0;0.6177608966827393;0
5935;PEC3_20220621_210000_015.wav;0;0.7109875082969666;0
5936;PEC3_20220621_210000_016.wav;0;0.5820200443267822;0
5937;PEC3_20220621_210000_017.wav;0;0.4129679501056671;0
5938;PEC3_20220621_210000_018.wav;0;0.4790649712085724;0
5939;PEC3_20220621_210000_019.wav;0;0.6641800999641418;0
5940;PEC3_20220623_223000_000.wav;0;0.6017423868179321;0
5941;PEC3_20220623_223000_001.wav;0;0.31599193811416626;0
5942;PEC3_20220623_223000_002.wav;0;0.49195995926856995;0
5943;PEC3_20220623_223000_003.wav;0;0.44961172342300415;0
5944;PEC3_20220623_223000_004.wav;0;0.959233283996582;0
5945;PEC3_20220623_223000_005.wav;0;0.961974024772644;0
5946;PEC3_20220623_223000_006.wav;0;0.12677185237407684;0
5947;PEC3_20220623_223000_007.wav;0;0.8013126254081726;0
5948;PEC3_20220623_223000_008.wav;0;0.605252742767334;0
5949;PEC3_20220623_223000_009.wav;0;0.5332237482070923;0
5950;PEC3_20220623_223000_010.wav;0;0.7977610230445862;0
5951;PEC3_20220623_223000_011.wav;0;0.8413147330284119;0
5952;PEC3_20220623_223000_012.wav;0;0.8382421135902405;0
5953;PEC3_20220623_223000_013.wav;0;0.5668845772743225;0
5954;PEC3_20220623_223000_014.wav;0;0.559838056564331;0
5955;PEC3_20220623_223000_015.wav;0;0.797918438911438;0
5956;PEC3_20220623_223000_016.wav;0;0.8124281764030457;0
5957;PEC3_20220623_223000_017.wav;0;0.12801674008369446;0
5958;PEC3_20220623_223000_018.wav;0;0.44551509618759155;0
5959;PEC3_20220623_223000_019.wav;0;0.6478352546691895;0
5960;PEC3_20220629_041500_000.wav;0;0.41407525539398193;0
5961;PEC3_20220629_041500_001.wav;0;0.4059019982814789;0
5962;PEC3_20220629_041500_002.wav;0;0.5216008424758911;0
5963;PEC3_20220629_041500_003.wav;0;0.2839353382587433;0
5964;PEC3_20220629_041500_004.wav;0;0.23032146692276;0
5965;PEC3_20220629_041500_005.wav;0;0.32602110505104065;0
5966;PEC3_20220629_041500_006.wav;0;0.18348762392997742;0
5967;PEC3_20220629_041500_007.wav;0;0.37325361371040344;0
5968;PEC3_20220629_041500_008.wav;0;0.06276550143957138;0
5969;PEC3_20220629_041500_009.wav;0;0.318214476108551;0
5970;PEC3_20220629_041500_010.wav;0;0.6636107563972473;0
5971;PEC3_20220629_041500_011.wav;0;0.3768651485443115;0
5972;PEC3_20220629_041500_012.wav;0;0.1635417938232422;0
5973;PEC3_20220629_041500_013.wav;0;0.3723093569278717;0
5974;PEC3_20220629_041500_014.wav;0;0.30153870582580566;0
5975;PEC3_20220629_041500_015.wav;0;0.7449236512184143;0
5976;PEC3_20220629_041500_016.wav;0;0.6886641383171082;0
5977;PEC3_20220629_041500_017.wav;0;0.47745808959007263;0
5978;PEC3_20220629_041500_018.wav;0;0.6573404669761658;0
5979;PEC3_20220629_041500_019.wav;0;0.6074681878089905;0
5980;PEC3_20220703_003000_000.wav;0;0.14318975806236267;0
5981;PEC3_20220703_003000_001.wav;0;0.4047773778438568;0
5982;PEC3_20220703_003000_002.wav;0;0.26984015107154846;0
5983;PEC3_20220703_003000_003.wav;0;0.33314049243927;0
5984;PEC3_20220703_003000_004.wav;0;0.17405708134174347;0
5985;PEC3_20220703_003000_005.wav;0;0.09718930721282959;0
5986;PEC3_20220703_003000_006.wav;0;0.3438827395439148;0
5987;PEC3_20220703_003000_007.wav;0;0.492586612701416;0
5988;PEC3_20220703_003000_008.wav;0;0.34093379974365234;0
5989;PEC3_20220703_003000_009.wav;0;0.4128367006778717;0
5990;PEC3_20220703_003000_010.wav;0;0.06069834157824516;0
5991;PEC3_20220703_003000_011.wav;0;0.526411235332489;0
5992;PEC3_20220703_003000_012.wav;0;0.35854572057724;0
5993;PEC3_20220703_003000_013.wav;0;0.204716756939888;0
5994;PEC3_20220703_003000_014.wav;0;0.5068845152854919;0
5995;PEC3_20220703_003000_015.wav;0;0.3522924482822418;0
5996;PEC3_20220703_003000_016.wav;0;0.6875579953193665;0
5997;PEC3_20220703_003000_017.wav;0;0.15565721690654755;0
5998;PEC3_20220703_003000_018.wav;0;0.11854125559329987;0
5999;PEC3_20220703_003000_019.wav;0;0.1093619093298912;0
6000;PEC3_20220707_064500_000.wav;0;0.26444506645202637;0
6001;PEC3_20220707_064500_001.wav;0;0.5731546878814697;0
6002;PEC3_20220707_064500_002.wav;0;0.9813862442970276;0
6003;PEC3_20220707_064500_003.wav;0;0.9058879017829895;0
6004;PEC3_20220707_064500_004.wav;0;0.5112462639808655;0
6005;PEC3_20220707_064500_005.wav;0;0.4223538935184479;0
6006;PEC3_20220707_064500_006.wav;0;0.6620597243309021;0
6007;PEC3_20220707_064500_007.wav;0;0.22648540139198303;0
6008;PEC3_20220707_064500_008.wav;0;0.7891731858253479;0
6009;PEC3_20220707_064500_009.wav;0;0.9205546975135803;0
6010;PEC3_20220707_064500_010.wav;0;0.4253152310848236;0
6011;PEC3_20220707_064500_011.wav;0;0.15159423649311066;0
6012;PEC3_20220707_064500_012.wav;0;0.5875006914138794;0
6013;PEC3_20220707_064500_013.wav;0;0.7336297035217285;0
6014;PEC3_20220707_064500_014.wav;0;0.8533465266227722;0
6015;PEC3_20220707_064500_015.wav;0;0.8233097195625305;0
6016;PEC3_20220707_064500_016.wav;0;0.8549460172653198;0
6017;PEC3_20220707_064500_017.wav;0;0.7950673699378967;0
6018;PEC3_20220707_064500_018.wav;0;0.9398807883262634;0
6019;PEC3_20220707_064500_019.wav;0;0.7729569673538208;0
6020;PEC3_20220708_143000_000.wav;0;0.24339571595191956;0
6021;PEC3_20220708_143000_001.wav;0;0.38099899888038635;0
6022;PEC3_20220708_143000_002.wav;0;0.10503190010786057;0
6023;PEC3_20220708_143000_003.wav;0;0.2771328091621399;0
6024;PEC3_20220708_143000_004.wav;0;0.5026869177818298;0
6025;PEC3_20220708_143000_005.wav;0;0.7167865633964539;0
6026;PEC3_20220708_143000_006.wav;0;0.15210625529289246;0
6027;PEC3_20220708_143000_007.wav;0;0.4767489731311798;0
6028;PEC3_20220708_143000_008.wav;0;0.2666431963443756;0
6029;PEC3_20220708_143000_009.wav;0;0.19350206851959229;0
6030;PEC3_20220708_143000_010.wav;0;0.17612791061401367;0
6031;PEC3_20220708_143000_011.wav;0;0.16235408186912537;0
6032;PEC3_20220708_143000_012.wav;0;0.36697933077812195;0
6033;PEC3_20220708_143000_013.wav;0;0.578645646572113;0
6034;PEC3_20220708_143000_014.wav;0;0.33864498138427734;0
6035;PEC3_20220708_143000_015.wav;0;0.0597546361386776;0
6036;PEC3_20220708_143000_016.wav;0;0.09544284641742706;0
6037;PEC3_20220708_143000_017.wav;0;0.205625519156456;0
6038;PEC3_20220708_143000_018.wav;0;0.46439534425735474;0
6039;PEC3_20220708_143000_019.wav;0;0.500290036201477;0
6040;PEC3_20220711_081500_000.wav;0;0.8609213829040527;0
6041;PEC3_20220711_081500_001.wav;0;0.8928462266921997;0
6042;PEC3_20220711_081500_002.wav;0;0.891717791557312;0
6043;PEC3_20220711_081500_003.wav;0;0.9433432221412659;0
6044;PEC3_20220711_081500_004.wav;0;0.9677294492721558;0
6045;PEC3_20220711_081500_005.wav;0;0.8743709325790405;0
6046;PEC3_20220711_081500_006.wav;0;0.8035041093826294;0
6047;PEC3_20220711_081500_007.wav;0;0.8857529163360596;0
6048;PEC3_20220711_081500_008.wav;0;0.8416944742202759;0
6049;PEC3_20220711_081500_009.wav;0;0.9021273255348206;0
6050;PEC3_20220711_081500_010.wav;0;0.8337720632553101;0
6051;PEC3_20220711_081500_011.wav;0;0.8340321779251099;0
6052;PEC3_20220711_081500_012.wav;0;0.9185338616371155;0
6053;PEC3_20220711_081500_013.wav;0;0.922499418258667;0
6054;PEC3_20220711_081500_014.wav;0;0.9531278610229492;0
6055;PEC3_20220711_081500_015.wav;0;0.9546022415161133;0
6056;PEC3_20220711_081500_016.wav;0;0.9642119407653809;0
6057;PEC3_20220711_081500_017.wav;0;0.9683073163032532;0
6058;PEC3_20220711_081500_018.wav;0;0.9613316655158997;0
6059;PEC3_20220711_081500_019.wav;0;0.9405834674835205;0
6060;PEC3_20220712_163000_000.wav;0;0.471096396446228;0
6061;PEC3_20220712_163000_001.wav;0;0.5678537487983704;0
6062;PEC3_20220712_163000_002.wav;0;0.9082168936729431;0
6063;PEC3_20220712_163000_003.wav;0;0.33378955721855164;0
6064;PEC3_20220712_163000_004.wav;0;0.359675794839859;0
6065;PEC3_20220712_163000_005.wav;0;0.6747869849205017;0
6066;PEC3_20220712_163000_006.wav;0;0.6480340957641602;0
6067;PEC3_20220712_163000_007.wav;0;0.7367231249809265;0
6068;PEC3_20220712_163000_008.wav;0;0.6387166976928711;0
6069;PEC3_20220712_163000_009.wav;0;0.8074583411216736;0
6070;PEC3_20220712_163000_010.wav;0;0.7421016097068787;0
6071;PEC3_20220712_163000_011.wav;0;0.7725724577903748;0
6072;PEC3_20220712_163000_012.wav;0;0.5359177589416504;0
6073;PEC3_20220712_163000_013.wav;0;0.9138931632041931;0
6074;PEC3_20220712_163000_014.wav;0;0.825853705406189;0
6075;PEC3_20220712_163000_015.wav;0;0.7806670665740967;0
6076;PEC3_20220712_163000_016.wav;0;0.9140189290046692;0
6077;PEC3_20220712_163000_017.wav;0;0.8457098603248596;0
6078;PEC3_20220712_163000_018.wav;0;0.9275267720222473;0
6079;PEC3_20220712_163000_019.wav;0;0.5706654787063599;0
6080;PEC3_20220713_183000_000.wav;0;0.6433852910995483;0
6081;PEC3_20220713_183000_001.wav;0;0.8213788866996765;0
6082;PEC3_20220713_183000_002.wav;0;0.45144161581993103;0
6083;PEC3_20220713_183000_003.wav;0;0.39545372128486633;0
6084;PEC3_20220713_183000_004.wav;0;0.7313188314437866;0
6085;PEC3_20220713_183000_005.wav;0;0.38384637236595154;0
6086;PEC3_20220713_183000_006.wav;0;0.3273601531982422;0
6087;PEC3_20220713_183000_007.wav;0;0.587058424949646;0
6088;PEC3_20220713_183000_008.wav;0;0.606270968914032;0
6089;PEC3_20220713_183000_009.wav;0;0.4195827543735504;0
6090;PEC3_20220713_183000_010.wav;0;0.5671417117118835;0
6091;PEC3_20220713_183000_011.wav;0;0.6967338919639587;0
6092;PEC3_20220713_183000_012.wav;0;0.8047211766242981;0
6093;PEC3_20220713_183000_013.wav;0;0.7225099802017212;0
6094;PEC3_20220713_183000_014.wav;0;0.8266558051109314;0
6095;PEC3_20220713_183000_015.wav;0;0.9667072296142578;0
6096;PEC3_20220713_183000_016.wav;0;0.9525004625320435;0
6097;PEC3_20220713_183000_017.wav;0;0.9193782210350037;0
6098;PEC3_20220713_183000_018.wav;0;0.9186235070228577;0
6099;PEC3_20220713_183000_019.wav;0;0.6306033134460449;0
6100;PEC3_20220714_040000_000.wav;0;0.8583579659461975;0
6101;PEC3_20220714_040000_001.wav;0;0.916087806224823;0
6102;PEC3_20220714_040000_002.wav;0;0.9398394227027893;0
6103;PEC3_20220714_040000_003.wav;0;0.9526860117912292;0
6104;PEC3_20220714_040000_004.wav;0;0.7826905250549316;0
6105;PEC3_20220714_040000_005.wav;0;0.528559684753418;0
6106;PEC3_20220714_040000_006.wav;0;0.4654538631439209;0
6107;PEC3_20220714_040000_007.wav;0;0.8024787902832031;0
6108;PEC3_20220714_040000_008.wav;0;0.3461131155490875;0
6109;PEC3_20220714_040000_009.wav;0;0.5294297933578491;0
6110;PEC3_20220714_040000_010.wav;0;0.33684858679771423;0
6111;PEC3_20220714_040000_011.wav;0;0.774372398853302;0
6112;PEC3_20220714_040000_012.wav;0;0.6547274589538574;0
6113;PEC3_20220714_040000_013.wav;0;0.9408128261566162;0
6114;PEC3_20220714_040000_014.wav;0;0.7146837711334229;0
6115;PEC3_20220714_040000_015.wav;0;0.8080354332923889;0
6116;PEC3_20220714_040000_016.wav;0;0.2795933783054352;0
6117;PEC3_20220714_040000_017.wav;0;0.572018563747406;0
6118;PEC3_20220714_040000_018.wav;0;0.9177446961402893;0
6119;PEC3_20220714_040000_019.wav;0;0.7959837913513184;0
6120;PEC3_20220714_234500_000.wav;0;0.7968603372573853;0
6121;PEC3_20220714_234500_001.wav;0;0.8416979908943176;0
6122;PEC3_20220714_234500_002.wav;0;0.4866001605987549;0
6123;PEC3_20220714_234500_003.wav;0;0.535863995552063;0
6124;PEC3_20220714_234500_004.wav;0;0.6545438766479492;0
6125;PEC3_20220714_234500_005.wav;0;0.6045339703559875;0
6126;PEC3_20220714_234500_006.wav;0;0.4549424946308136;0
6127;PEC3_20220714_234500_007.wav;0;0.6358606219291687;0
6128;PEC3_20220714_234500_008.wav;0;0.05262455344200134;0
6129;PEC3_20220714_234500_009.wav;0;0.680031418800354;0
6130;PEC3_20220714_234500_010.wav;0;0.4233238697052002;0
6131;PEC3_20220714_234500_011.wav;0;0.33865171670913696;0
6132;PEC3_20220714_234500_012.wav;0;0.13478980958461761;0
6133;PEC3_20220714_234500_013.wav;0;0.09473703801631927;0
6134;PEC3_20220714_234500_014.wav;0;0.7251170873641968;0
6135;PEC3_20220714_234500_015.wav;0;0.6045405268669128;0
6136;PEC3_20220714_234500_016.wav;0;0.6737097501754761;0
6137;PEC3_20220714_234500_017.wav;0;0.1675386130809784;0
6138;PEC3_20220714_234500_018.wav;0;0.35856375098228455;0
6139;PEC3_20220714_234500_019.wav;0;0.19314564764499664;0
6140;PEC3_20220723_104500_000.wav;0;0.45198681950569153;0
6141;PEC3_20220723_104500_001.wav;0;0.6578396558761597;0
6142;PEC3_20220723_104500_002.wav;0;0.6484628319740295;0
6143;PEC3_20220723_104500_003.wav;0;0.7691243290901184;0
6144;PEC3_20220723_104500_004.wav;0;0.30280715227127075;0
6145;PEC3_20220723_104500_005.wav;0;0.6601212024688721;0
6146;PEC3_20220723_104500_006.wav;0;0.844389796257019;0
6147;PEC3_20220723_104500_007.wav;0;0.42801886796951294;0
6148;PEC3_20220723_104500_008.wav;0;0.1852211207151413;0
6149;PEC3_20220723_104500_009.wav;0;0.3309085965156555;0
6150;PEC3_20220723_104500_010.wav;0;0.450617253780365;0
6151;PEC3_20220723_104500_011.wav;0;0.7589665651321411;0
6152;PEC3_20220723_104500_012.wav;0;0.4256434440612793;0
6153;PEC3_20220723_104500_013.wav;0;0.25228461623191833;0
6154;PEC3_20220723_104500_014.wav;0;0.5397429466247559;0
6155;PEC3_20220723_104500_015.wav;0;0.3700370490550995;0
6156;PEC3_20220723_104500_016.wav;0;0.9147502183914185;0
6157;PEC3_20220723_104500_017.wav;0;0.2206231653690338;0
6158;PEC3_20220723_104500_018.wav;0;0.30976274609565735;0
6159;PEC3_20220723_104500_019.wav;0;0.15927650034427643;0
6160;PEC3_20220724_141500_000.wav;0;0.29936838150024414;0
6161;PEC3_20220724_141500_001.wav;0;0.19188940525054932;0
6162;PEC3_20220724_141500_002.wav;0;0.3364909291267395;0
6163;PEC3_20220724_141500_003.wav;0;0.22917895019054413;0
6164;PEC3_20220724_141500_004.wav;0;0.8575671911239624;0
6165;PEC3_20220724_141500_005.wav;0;0.6440409421920776;0
6166;PEC3_20220724_141500_006.wav;0;0.17146654427051544;0
6167;PEC3_20220724_141500_007.wav;0;0.45569783449172974;0
6168;PEC3_20220724_141500_008.wav;0;0.29745954275131226;0
6169;PEC3_20220724_141500_009.wav;0;0.27834150195121765;0
6170;PEC3_20220724_141500_010.wav;0;0.593528687953949;0
6171;PEC3_20220724_141500_011.wav;0;0.9059720635414124;0
6172;PEC3_20220724_141500_012.wav;0;0.114847332239151;0
6173;PEC3_20220724_141500_013.wav;0;0.781981348991394;0
6174;PEC3_20220724_141500_014.wav;0;0.809675395488739;0
6175;PEC3_20220724_141500_015.wav;0;0.8241206407546997;0
6176;PEC3_20220724_141500_016.wav;0;0.2683376967906952;0
6177;PEC3_20220724_141500_017.wav;0;0.7830437421798706;0
6178;PEC3_20220724_141500_018.wav;0;0.719438910484314;0
6179;PEC3_20220724_141500_019.wav;0;0.6327370405197144;0
6180;PEC3_20220725_230000_000.wav;0;0.1659318506717682;0
6181;PEC3_20220725_230000_001.wav;0;0.45182284712791443;0
6182;PEC3_20220725_230000_002.wav;0;0.6269062757492065;0
6183;PEC3_20220725_230000_003.wav;0;0.12713231146335602;0
6184;PEC3_20220725_230000_004.wav;0;0.789857029914856;0
6185;PEC3_20220725_230000_005.wav;0;0.46176090836524963;0
6186;PEC3_20220725_230000_006.wav;0;0.6122308373451233;0
6187;PEC3_20220725_230000_007.wav;0;0.5296966433525085;0
6188;PEC3_20220725_230000_008.wav;0;0.38985779881477356;0
6189;PEC3_20220725_230000_009.wav;0;0.5885398387908936;0
6190;PEC3_20220725_230000_010.wav;0;0.6112052202224731;0
6191;PEC3_20220725_230000_011.wav;0;0.23726053535938263;0
6192;PEC3_20220725_230000_012.wav;0;0.7355338931083679;0
6193;PEC3_20220725_230000_013.wav;0;0.33315983414649963;0
6194;PEC3_20220725_230000_014.wav;0;0.34343963861465454;0
6195;PEC3_20220725_230000_015.wav;0;0.5132437944412231;0
6196;PEC3_20220725_230000_016.wav;0;0.5891274213790894;0
6197;PEC3_20220725_230000_017.wav;0;0.3135339021682739;0
6198;PEC3_20220725_230000_018.wav;0;0.6318547129631042;0
6199;PEC3_20220725_230000_019.wav;0;0.12327858805656433;0
6200;PEC3_20220728_044500_000.wav;0;0.7886480689048767;0
6201;PEC3_20220728_044500_001.wav;0;0.9146936535835266;0
6202;PEC3_20220728_044500_002.wav;0;0.8958410620689392;0
6203;PEC3_20220728_044500_003.wav;0;0.7744534015655518;0
6204;PEC3_20220728_044500_004.wav;0;0.8189603686332703;0
6205;PEC3_20220728_044500_005.wav;0;0.6227630972862244;0
6206;PEC3_20220728_044500_006.wav;0;0.8517874479293823;0
6207;PEC3_20220728_044500_007.wav;0;0.8004231452941895;0
6208;PEC3_20220728_044500_008.wav;0;0.898982584476471;0
6209;PEC3_20220728_044500_009.wav;0;0.9060409069061279;0
6210;PEC3_20220728_044500_010.wav;0;0.8293780088424683;0
6211;PEC3_20220728_044500_011.wav;0;0.7408228516578674;0
6212;PEC3_20220728_044500_012.wav;0;0.8200725317001343;0
6213;PEC3_20220728_044500_013.wav;0;0.6894293427467346;0
6214;PEC3_20220728_044500_014.wav;0;0.9448282122612;0
6215;PEC3_20220728_044500_015.wav;0;0.6366450190544128;0
6216;PEC3_20220728_044500_016.wav;0;0.926419198513031;0
6217;PEC3_20220728_044500_017.wav;0;0.8767029643058777;0
6218;PEC3_20220728_044500_018.wav;0;0.9395918250083923;0
6219;PEC3_20220728_044500_019.wav;0;0.950054407119751;0
6220;PEC3_20220801_053000_000.wav;0;0.3420484960079193;0
6221;PEC3_20220801_053000_001.wav;0;0.5732987523078918;0
6222;PEC3_20220801_053000_002.wav;0;0.8012620806694031;0
6223;PEC3_20220801_053000_003.wav;0;0.8436470031738281;0
6224;PEC3_20220801_053000_004.wav;0;0.67696613073349;0
6225;PEC3_20220801_053000_005.wav;0;0.6783403158187866;0
6226;PEC3_20220801_053000_006.wav;0;0.1936740279197693;0
6227;PEC3_20220801_053000_007.wav;0;0.8571034073829651;0
6228;PEC3_20220801_053000_008.wav;0;0.7167209982872009;0
6229;PEC3_20220801_053000_009.wav;0;0.1337265819311142;0
6230;PEC3_20220801_053000_010.wav;0;0.7098808288574219;0
6231;PEC3_20220801_053000_011.wav;0;0.7112270593643188;0
6232;PEC3_20220801_053000_012.wav;0;0.8172203898429871;0
6233;PEC3_20220801_053000_013.wav;0;0.2078752964735031;0
6234;PEC3_20220801_053000_014.wav;0;0.7020539045333862;0
6235;PEC3_20220801_053000_015.wav;0;0.496328741312027;0
6236;PEC3_20220801_053000_016.wav;0;0.6038925051689148;0
6237;PEC3_20220801_053000_017.wav;0;0.6821336150169373;0
6238;PEC3_20220801_053000_018.wav;0;0.6889608502388;0
6239;PEC3_20220801_053000_019.wav;0;0.3513720631599426;0
6240;PEC3_20220805_121500_000.wav;0;0.7153117060661316;0
6241;PEC3_20220805_121500_001.wav;0;0.3820948898792267;0
6242;PEC3_20220805_121500_002.wav;0;0.2629152238368988;0
6243;PEC3_20220805_121500_003.wav;0;0.5315691232681274;0
6244;PEC3_20220805_121500_004.wav;0;0.7264768481254578;0
6245;PEC3_20220805_121500_005.wav;0;0.6444516777992249;0
6246;PEC3_20220805_121500_006.wav;0;0.29542994499206543;0
6247;PEC3_20220805_121500_007.wav;0;0.6846615076065063;0
6248;PEC3_20220805_121500_008.wav;0;0.9215617775917053;0
6249;PEC3_20220805_121500_009.wav;0;0.21092425286769867;0
6250;PEC3_20220805_121500_010.wav;0;0.5357534885406494;0
6251;PEC3_20220805_121500_011.wav;0;0.3847872018814087;0
6252;PEC3_20220805_121500_012.wav;0;0.240290567278862;0
6253;PEC3_20220805_121500_013.wav;0;0.957205593585968;0
6254;PEC3_20220805_121500_014.wav;0;0.7944555282592773;0
6255;PEC3_20220805_121500_015.wav;0;0.8553184270858765;0
6256;PEC3_20220805_121500_016.wav;0;0.821558952331543;0
6257;PEC3_20220805_121500_017.wav;0;0.2921571731567383;0
6258;PEC3_20220805_121500_018.wav;0;0.7698550224304199;0
6259;PEC3_20220805_121500_019.wav;0;0.8956780433654785;0
6260;PEC3_20220806_113000_000.wav;0;0.3511407673358917;0
6261;PEC3_20220806_113000_001.wav;0;0.8291342258453369;0
6262;PEC3_20220806_113000_002.wav;0;0.8279500603675842;0
6263;PEC3_20220806_113000_003.wav;0;0.2644761800765991;0
6264;PEC3_20220806_113000_004.wav;0;0.9517970681190491;0
6265;PEC3_20220806_113000_005.wav;0;0.6270722150802612;0
6266;PEC3_20220806_113000_006.wav;0;0.7894330620765686;0
6267;PEC3_20220806_113000_007.wav;0;0.9052715301513672;0
6268;PEC3_20220806_113000_008.wav;0;0.7263054251670837;0
6269;PEC3_20220806_113000_009.wav;0;0.9555679559707642;0
6270;PEC3_20220806_113000_010.wav;0;0.9514171481132507;0
6271;PEC3_20220806_113000_011.wav;0;0.8356531262397766;0
6272;PEC3_20220806_113000_012.wav;0;0.8463764786720276;0
6273;PEC3_20220806_113000_013.wav;0;0.8682671785354614;0
6274;PEC3_20220806_113000_014.wav;0;0.22605280578136444;0
6275;PEC3_20220806_113000_015.wav;0;0.05679098516702652;0
6276;PEC3_20220806_113000_016.wav;0;0.8325138688087463;0
6277;PEC3_20220806_113000_017.wav;0;0.1909780502319336;0
6278;PEC3_20220806_113000_018.wav;0;0.01235229056328535;0
6279;PEC3_20220806_113000_019.wav;0;0.9556811451911926;0
6280;PEC3_20220807_180000_000.wav;0;0.9643355011940002;0
6281;PEC3_20220807_180000_001.wav;0;0.26120588183403015;0
6282;PEC3_20220807_180000_002.wav;0;0.2985695004463196;0
6283;PEC3_20220807_180000_003.wav;0;0.4185105264186859;0
6284;PEC3_20220807_180000_004.wav;1;0.5846880078315735;1
6285;PEC3_20220807_180000_005.wav;1;0.1747281402349472;1
6286;PEC3_20220807_180000_006.wav;1;0.9696559309959412;1
6287;PEC3_20220807_180000_007.wav;1;0.930314838886261;1
6288;PEC3_20220807_180000_008.wav;1;0.7539377212524414;1
6289;PEC3_20220807_180000_009.wav;1;0.731507420539856;1
6290;PEC3_20220807_180000_010.wav;1;0.7504096627235413;1
6291;PEC3_20220807_180000_011.wav;1;0.5317445397377014;1
6292;PEC3_20220807_180000_012.wav;1;0.2541176974773407;1
6293;PEC3_20220807_180000_013.wav;1;0.9787985682487488;1
6294;PEC3_20220807_180000_014.wav;1;0.9001818895339966;1
6295;PEC3_20220807_180000_015.wav;1;0.9653244614601135;1
6296;PEC3_20220807_180000_016.wav;1;0.3494330048561096;1
6297;PEC3_20220807_180000_017.wav;1;0.9795762300491333;1
6298;PEC3_20220807_180000_018.wav;1;0.9602991938591003;1
6299;PEC3_20220807_180000_019.wav;1;0.9247471690177917;1
6300;PEC3_20220810_044500_000.wav;0;0.8448051810264587;0
6301;PEC3_20220810_044500_001.wav;0;0.9154029488563538;0
6302;PEC3_20220810_044500_002.wav;0;0.9836739301681519;0
6303;PEC3_20220810_044500_003.wav;0;0.9207930564880371;0
6304;PEC3_20220810_044500_004.wav;0;0.9689297080039978;0
6305;PEC3_20220810_044500_005.wav;0;0.9662185311317444;0
6306;PEC3_20220810_044500_006.wav;0;0.9265401363372803;0
6307;PEC3_20220810_044500_007.wav;0;0.8751704096794128;0
6308;PEC3_20220810_044500_008.wav;0;0.8617405891418457;0
6309;PEC3_20220810_044500_009.wav;0;0.8111040592193604;0
6310;PEC3_20220810_044500_010.wav;0;0.8858475685119629;0
6311;PEC3_20220810_044500_011.wav;0;0.9515531659126282;0
6312;PEC3_20220810_044500_012.wav;0;0.9773390889167786;0
6313;PEC3_20220810_044500_013.wav;0;0.9449836015701294;0
6314;PEC3_20220810_044500_014.wav;0;0.9707565307617188;0
6315;PEC3_20220810_044500_015.wav;0;0.8902356624603271;0
6316;PEC3_20220810_044500_016.wav;0;0.9386513829231262;0
6317;PEC3_20220810_044500_017.wav;0;0.8518016934394836;0
6318;PEC3_20220810_044500_018.wav;0;0.9399933815002441;0
6319;PEC3_20220810_044500_019.wav;0;0.9518267512321472;0
6320;PEC3_20220811_080000_000.wav;1;0.9453641176223755;1
6321;PEC3_20220811_080000_001.wav;1;0.9551121592521667;1
6322;PEC3_20220811_080000_002.wav;1;0.9804774522781372;1
6323;PEC3_20220811_080000_003.wav;1;0.9349283576011658;1
6324;PEC3_20220811_080000_004.wav;1;0.8894822001457214;1
6325;PEC3_20220811_080000_005.wav;1;0.9758171439170837;1
6326;PEC3_20220811_080000_006.wav;1;0.8578988909721375;1
6327;PEC3_20220811_080000_007.wav;1;0.8982527256011963;1
6328;PEC3_20220811_080000_008.wav;1;0.7417014837265015;1
6329;PEC3_20220811_080000_009.wav;1;0.8656593561172485;1
6330;PEC3_20220811_080000_010.wav;1;0.9021918773651123;1
6331;PEC3_20220811_080000_011.wav;1;0.82304847240448;1
6332;PEC3_20220811_080000_012.wav;1;0.8044838905334473;1
6333;PEC3_20220811_080000_013.wav;1;0.8077265024185181;1
6334;PEC3_20220811_080000_014.wav;1;0.6925520300865173;1
6335;PEC3_20220811_080000_015.wav;1;0.970928430557251;1
6336;PEC3_20220811_080000_016.wav;1;0.8767753839492798;1
6337;PEC3_20220811_080000_017.wav;1;0.8741580843925476;1
6338;PEC3_20220811_080000_018.wav;1;0.9018223285675049;1
6339;PEC3_20220811_080000_019.wav;1;0.9529391527175903;1
6340;PEC3_20220812_070000_000.wav;0;0.9376543164253235;0
6341;PEC3_20220812_070000_001.wav;0;0.8926475644111633;0
6342;PEC3_20220812_070000_002.wav;0;0.9639366865158081;0
6343;PEC3_20220812_070000_003.wav;0;0.9627655744552612;0
6344;PEC3_20220812_070000_004.wav;0;0.897854208946228;0
6345;PEC3_20220812_070000_005.wav;0;0.9801616668701172;0
6346;PEC3_20220812_070000_006.wav;0;0.9100744724273682;0
6347;PEC3_20220812_070000_007.wav;0;0.962854266166687;0
6348;PEC3_20220812_070000_008.wav;0;0.922461986541748;0
6349;PEC3_20220812_070000_009.wav;0;0.8468188047409058;0
6350;PEC3_20220812_070000_010.wav;0;0.907288670539856;0
6351;PEC3_20220812_070000_011.wav;0;0.9340110421180725;0
6352;PEC3_20220812_070000_012.wav;0;0.9354669451713562;0
6353;PEC3_20220812_070000_013.wav;0;0.8673074245452881;0
6354;PEC3_20220812_070000_014.wav;0;0.9275737404823303;0
6355;PEC3_20220812_070000_015.wav;0;0.9132412075996399;0
6356;PEC3_20220812_070000_016.wav;0;0.821509838104248;0
6357;PEC3_20220812_070000_017.wav;0;0.7866724133491516;0
6358;PEC3_20220812_070000_018.wav;0;0.7909262180328369;0
6359;PEC3_20220812_070000_019.wav;0;0.9044727087020874;0
6360;PEC3_20220813_220000_000.wav;0;0.667418360710144;0
6361;PEC3_20220813_220000_001.wav;0;0.7504580020904541;0
6362;PEC3_20220813_220000_002.wav;0;0.9169830679893494;0
6363;PEC3_20220813_220000_003.wav;0;0.9426649808883667;0
6364;PEC3_20220813_220000_004.wav;0;0.7627783417701721;0
6365;PEC3_20220813_220000_005.wav;0;0.6736139059066772;0
6366;PEC3_20220813_220000_006.wav;0;0.8682441115379333;0
6367;PEC3_20220813_220000_007.wav;0;0.9087822437286377;0
6368;PEC3_20220813_220000_008.wav;0;0.776947557926178;0
6369;PEC3_20220813_220000_009.wav;0;0.5788987874984741;0
6370;PEC3_20220813_220000_010.wav;0;0.6331242918968201;0
6371;PEC3_20220813_220000_011.wav;0;0.769684910774231;0
6372;PEC3_20220813_220000_012.wav;0;0.2502254545688629;0
6373;PEC3_20220813_220000_013.wav;0;0.5142694115638733;0
6374;PEC3_20220813_220000_014.wav;0;0.24976249039173126;0
6375;PEC3_20220813_220000_015.wav;0;0.39937859773635864;0
6376;PEC3_20220813_220000_016.wav;0;0.2826259732246399;0
6377;PEC3_20220813_220000_017.wav;0;0.4561213552951813;0
6378;PEC3_20220813_220000_018.wav;0;0.17509596049785614;0
6379;PEC3_20220813_220000_019.wav;0;0.3479990065097809;0
6380;PEC3_20220815_170000_000.wav;0;0.8526063561439514;0
6381;PEC3_20220815_170000_001.wav;0;0.8855957984924316;0
6382;PEC3_20220815_170000_002.wav;0;0.8133349418640137;0
6383;PEC3_20220815_170000_003.wav;0;0.9320524334907532;0
6384;PEC3_20220815_170000_004.wav;0;0.9603317379951477;0
6385;PEC3_20220815_170000_005.wav;0;0.8878899812698364;0
6386;PEC3_20220815_170000_006.wav;0;0.8739442229270935;0
6387;PEC3_20220815_170000_007.wav;0;0.7717120051383972;0
6388;PEC3_20220815_170000_008.wav;0;0.8574081063270569;0
6389;PEC3_20220815_170000_009.wav;0;0.8901193141937256;0
6390;PEC3_20220815_170000_010.wav;0;0.9198282957077026;0
6391;PEC3_20220815_170000_011.wav;0;0.9123467803001404;0
6392;PEC3_20220815_170000_012.wav;0;0.8940778970718384;0
6393;PEC3_20220815_170000_013.wav;0;0.801678478717804;0
6394;PEC3_20220815_170000_014.wav;0;0.6449270248413086;0
6395;PEC3_20220815_170000_015.wav;0;0.7141686081886292;0
6396;PEC3_20220815_170000_016.wav;0;0.7543349862098694;0
6397;PEC3_20220815_170000_017.wav;0;0.7563331723213196;0
6398;PEC3_20220815_170000_018.wav;0;0.5508543848991394;0
6399;PEC3_20220815_170000_019.wav;0;0.6693850159645081;0
6400;PEC3_20220817_224500_000.wav;0;0.06099509820342064;0
6401;PEC3_20220817_224500_001.wav;0;0.0636877790093422;0
6402;PEC3_20220817_224500_002.wav;0;0.052757132798433304;0
6403;PEC3_20220817_224500_003.wav;0;0.057869039475917816;0
6404;PEC3_20220817_224500_004.wav;0;0.0468808114528656;0
6405;PEC3_20220817_224500_005.wav;0;0.040050990879535675;0
6406;PEC3_20220817_224500_006.wav;0;0.07333581149578094;0
6407;PEC3_20220817_224500_007.wav;0;0.05685616657137871;0
6408;PEC3_20220817_224500_008.wav;0;0.054529380053281784;0
6409;PEC3_20220817_224500_009.wav;0;0.04749532788991928;0
6410;PEC3_20220817_224500_010.wav;0;0.05879401043057442;0
6411;PEC3_20220817_224500_011.wav;0;0.060234975069761276;0
6412;PEC3_20220817_224500_012.wav;0;0.04683252424001694;0
6413;PEC3_20220817_224500_013.wav;0;0.06503672152757645;0
6414;PEC3_20220817_224500_014.wav;0;0.09098903834819794;0
6415;PEC3_20220817_224500_015.wav;0;0.07318254560232162;0
6416;PEC3_20220817_224500_016.wav;0;0.0827445462346077;0
6417;PEC3_20220817_224500_017.wav;0;0.042816098779439926;0
6418;PEC3_20220817_224500_018.wav;0;0.053359296172857285;0
6419;PEC3_20220817_224500_019.wav;0;0.061212483793497086;0
6420;PEC3_20220821_010000_000.wav;0;0.034627120941877365;0
6421;PEC3_20220821_010000_001.wav;0;0.034695204347372055;0
6422;PEC3_20220821_010000_002.wav;0;0.041877858340740204;0
6423;PEC3_20220821_010000_003.wav;0;0.029194261878728867;0
6424;PEC3_20220821_010000_004.wav;0;0.032944273203611374;0
6425;PEC3_20220821_010000_005.wav;0;0.03381200134754181;0
6426;PEC3_20220821_010000_006.wav;0;0.035363372415304184;0
6427;PEC3_20220821_010000_007.wav;0;0.03210652247071266;0
6428;PEC3_20220821_010000_008.wav;0;0.038347382098436356;0
6429;PEC3_20220821_010000_009.wav;0;0.035032015293836594;0
6430;PEC3_20220821_010000_010.wav;0;0.03401894494891167;0
6431;PEC3_20220821_010000_011.wav;0;0.03681115433573723;0
6432;PEC3_20220821_010000_012.wav;0;0.03147219493985176;0
6433;PEC3_20220821_010000_013.wav;0;0.03340267017483711;0
6434;PEC3_20220821_010000_014.wav;0;0.03068578615784645;0
6435;PEC3_20220821_010000_015.wav;0;0.0456647165119648;0
6436;PEC3_20220821_010000_016.wav;0;0.03499946370720863;0
6437;PEC3_20220821_010000_017.wav;0;0.033903032541275024;0
6438;PEC3_20220821_010000_018.wav;0;0.04113410785794258;0
6439;PEC3_20220821_010000_019.wav;0;0.04027527570724487;0
6440;PEC3_20220822_164500_000.wav;0;0.05062537640333176;0
6441;PEC3_20220822_164500_001.wav;0;0.44517117738723755;0
6442;PEC3_20220822_164500_002.wav;0;0.19470781087875366;0
6443;PEC3_20220822_164500_003.wav;0;0.6579331755638123;0
6444;PEC3_20220822_164500_004.wav;0;0.12464315444231033;0
6445;PEC3_20220822_164500_005.wav;0;0.055247824639081955;0
6446;PEC3_20220822_164500_006.wav;1;0.843528151512146;1
6447;PEC3_20220822_164500_007.wav;1;0.9785614013671875;1
6448;PEC3_20220822_164500_008.wav;1;0.954170286655426;1
6449;PEC3_20220822_164500_009.wav;1;0.883523166179657;1
6450;PEC3_20220822_164500_010.wav;1;0.9409241676330566;1
6451;PEC3_20220822_164500_011.wav;1;0.9802342057228088;1
6452;PEC3_20220822_164500_012.wav;1;0.8888016939163208;1
6453;PEC3_20220822_164500_013.wav;1;0.4195093512535095;1
6454;PEC3_20220822_164500_014.wav;1;0.46911218762397766;1
6455;PEC3_20220822_164500_015.wav;1;0.8754497766494751;1
6456;PEC3_20220822_164500_016.wav;1;0.8398045897483826;1
6457;PEC3_20220822_164500_017.wav;1;0.6060797572135925;1
6458;PEC3_20220822_164500_018.wav;1;0.6904804110527039;1
6459;PEC3_20220822_164500_019.wav;1;0.8296453356742859;1
6460;VAL2_20220610_113000_000.wav;0;0.09102511405944824;0
6461;VAL2_20220610_113000_001.wav;0;0.06644004583358765;0
6462;VAL2_20220610_113000_002.wav;0;0.13808275759220123;0
6463;VAL2_20220610_113000_003.wav;0;0.09984978288412094;0
6464;VAL2_20220610_113000_004.wav;0;0.10202305018901825;0
6465;VAL2_20220610_113000_005.wav;0;0.12847518920898438;0
6466;VAL2_20220610_113000_006.wav;0;0.06818602979183197;0
6467;VAL2_20220610_113000_007.wav;0;0.08488240838050842;0
6468;VAL2_20220610_113000_008.wav;0;0.08333037793636322;0
6469;VAL2_20220610_113000_009.wav;0;0.05698645859956741;0
6470;VAL2_20220610_113000_010.wav;0;0.12249619513750076;0
6471;VAL2_20220610_113000_011.wav;0;0.10563696920871735;0
6472;VAL2_20220610_113000_012.wav;0;0.14507070183753967;0
6473;VAL2_20220610_113000_013.wav;0;0.10840261727571487;0
6474;VAL2_20220610_113000_014.wav;0;0.12446819990873337;0
6475;VAL2_20220610_113000_015.wav;0;0.20387963950634003;0
6476;VAL2_20220610_113000_016.wav;0;0.14465804398059845;0
6477;VAL2_20220610_113000_017.wav;0;0.1371103972196579;0
6478;VAL2_20220610_113000_018.wav;0;0.14467771351337433;0
6479;VAL2_20220610_113000_019.wav;0;0.16805468499660492;0
6480;VAL2_20220612_040000_000.wav;0;0.1743602156639099;0
6481;VAL2_20220612_040000_001.wav;0;0.13038839399814606;0
6482;VAL2_20220612_040000_002.wav;0;0.23915226757526398;0
6483;VAL2_20220612_040000_003.wav;0;0.16409341990947723;0
6484;VAL2_20220612_040000_004.wav;0;0.286059707403183;0
6485;VAL2_20220612_040000_005.wav;0;0.22446487843990326;0
6486;VAL2_20220612_040000_006.wav;0;0.30682188272476196;0
6487;VAL2_20220612_040000_007.wav;0;0.3392672538757324;0
6488;VAL2_20220612_040000_008.wav;0;0.193138986825943;0
6489;VAL2_20220612_040000_009.wav;0;0.3425240218639374;0
6490;VAL2_20220612_040000_010.wav;0;0.33587318658828735;0
6491;VAL2_20220612_040000_011.wav;0;0.10744645446538925;0
6492;VAL2_20220612_040000_012.wav;0;0.28322452306747437;0
6493;VAL2_20220612_040000_013.wav;0;0.4086904227733612;0
6494;VAL2_20220612_040000_014.wav;0;0.2801753878593445;0
6495;VAL2_20220612_040000_015.wav;0;0.28159070014953613;0
6496;VAL2_20220612_040000_016.wav;0;0.11508787423372269;0
6497;VAL2_20220612_040000_017.wav;0;0.21766886115074158;0
6498;VAL2_20220612_040000_018.wav;0;0.42401450872421265;0
6499;VAL2_20220612_040000_019.wav;0;0.1509578973054886;0
6500;VAL2_20220612_164500_000.wav;0;0.06374643743038177;0
6501;VAL2_20220612_164500_001.wav;0;0.07964476943016052;0
6502;VAL2_20220612_164500_002.wav;0;0.0447983480989933;0
6503;VAL2_20220612_164500_003.wav;0;0.08668354153633118;0
6504;VAL2_20220612_164500_004.wav;0;0.11251898109912872;0
6505;VAL2_20220612_164500_005.wav;0;0.10406534373760223;0
6506;VAL2_20220612_164500_006.wav;0;0.1434674859046936;0
6507;VAL2_20220612_164500_007.wav;0;0.14114251732826233;0
6508;VAL2_20220612_164500_008.wav;0;0.12290294468402863;0
6509;VAL2_20220612_164500_009.wav;0;0.06229892373085022;0
6510;VAL2_20220612_164500_010.wav;0;0.1576986163854599;0
6511;VAL2_20220612_164500_011.wav;0;0.11813678592443466;0
6512;VAL2_20220612_164500_012.wav;0;0.09440132230520248;0
6513;VAL2_20220612_164500_013.wav;0;0.12108556181192398;0
6514;VAL2_20220612_164500_014.wav;0;0.24912476539611816;0
6515;VAL2_20220612_164500_015.wav;0;0.15190957486629486;0
6516;VAL2_20220612_164500_016.wav;0;0.16720089316368103;0
6517;VAL2_20220612_164500_017.wav;0;0.10349159687757492;0
6518;VAL2_20220612_164500_018.wav;0;0.13264715671539307;1
6519;VAL2_20220612_164500_019.wav;0;0.06171766668558121;1
6520;VAL2_20220616_203000_000.wav;0;0.1355152726173401;0
6521;VAL2_20220616_203000_001.wav;0;0.13100077211856842;0
6522;VAL2_20220616_203000_002.wav;0;0.04054642468690872;0
6523;VAL2_20220616_203000_003.wav;0;0.04296211898326874;0
6524;VAL2_20220616_203000_004.wav;0;0.0737682580947876;0
6525;VAL2_20220616_203000_005.wav;0;0.10747097432613373;0
6526;VAL2_20220616_203000_006.wav;0;0.1289946585893631;0
6527;VAL2_20220616_203000_007.wav;0;0.07600169628858566;0
6528;VAL2_20220616_203000_008.wav;0;0.14886264503002167;0
6529;VAL2_20220616_203000_009.wav;0;0.1264236569404602;0
6530;VAL2_20220616_203000_010.wav;0;0.0960017740726471;0
6531;VAL2_20220616_203000_011.wav;0;0.09008876979351044;0
6532;VAL2_20220616_203000_012.wav;0;0.1277288794517517;0
6533;VAL2_20220616_203000_013.wav;0;0.11843717843294144;0
6534;VAL2_20220616_203000_014.wav;0;0.1422671228647232;0
6535;VAL2_20220616_203000_015.wav;0;0.10226976871490479;0
6536;VAL2_20220616_203000_016.wav;0;0.09798718243837357;0
6537;VAL2_20220616_203000_017.wav;0;0.13622218370437622;0
6538;VAL2_20220616_203000_018.wav;0;0.14785677194595337;0
6539;VAL2_20220616_203000_019.wav;0;0.1322930008172989;0
6540;VAL2_20220618_040000_000.wav;0;0.17612718045711517;0
6541;VAL2_20220618_040000_001.wav;0;0.1568697839975357;0
6542;VAL2_20220618_040000_002.wav;0;0.22289061546325684;0
6543;VAL2_20220618_040000_003.wav;0;0.46061262488365173;0
6544;VAL2_20220618_040000_004.wav;0;0.1887608766555786;0
6545;VAL2_20220618_040000_005.wav;0;0.2992249131202698;0
6546;VAL2_20220618_040000_006.wav;0;0.1433594971895218;0
6547;VAL2_20220618_040000_007.wav;0;0.14133693277835846;0
6548;VAL2_20220618_040000_008.wav;0;0.1344224512577057;0
6549;VAL2_20220618_040000_009.wav;0;0.16240088641643524;0
6550;VAL2_20220618_040000_010.wav;0;0.18637004494667053;0
6551;VAL2_20220618_040000_011.wav;0;0.14549946784973145;0
6552;VAL2_20220618_040000_012.wav;0;0.16720929741859436;0
6553;VAL2_20220618_040000_013.wav;0;0.16422341763973236;0
6554;VAL2_20220618_040000_014.wav;0;0.1609879434108734;0
6555;VAL2_20220618_040000_015.wav;0;0.26967424154281616;0
6556;VAL2_20220618_040000_016.wav;0;0.14884647727012634;0
6557;VAL2_20220618_040000_017.wav;0;0.1721944808959961;0
6558;VAL2_20220618_040000_018.wav;0;0.529003918170929;0
6559;VAL2_20220618_040000_019.wav;0;0.3626168370246887;0
6560;VAL2_20220618_063000_000.wav;0;0.23203013837337494;0
6561;VAL2_20220618_063000_001.wav;0;0.4023863971233368;0
6562;VAL2_20220618_063000_002.wav;0;0.7564170956611633;0
6563;VAL2_20220618_063000_003.wav;0;0.448430597782135;0
6564;VAL2_20220618_063000_004.wav;0;0.250797837972641;0
6565;VAL2_20220618_063000_005.wav;0;0.7570396661758423;0
6566;VAL2_20220618_063000_006.wav;0;0.14881989359855652;0
6567;VAL2_20220618_063000_007.wav;0;0.6309740543365479;0
6568;VAL2_20220618_063000_008.wav;0;0.38361668586730957;0
6569;VAL2_20220618_063000_009.wav;0;0.16385167837142944;0
6570;VAL2_20220618_063000_010.wav;0;0.159746915102005;0
6571;VAL2_20220618_063000_011.wav;0;0.151299387216568;0
6572;VAL2_20220618_063000_012.wav;0;0.38084614276885986;0
6573;VAL2_20220618_063000_013.wav;0;0.18670286238193512;0
6574;VAL2_20220618_063000_014.wav;0;0.172319695353508;0
6575;VAL2_20220618_063000_015.wav;0;0.39649537205696106;0
6576;VAL2_20220618_063000_016.wav;0;0.5852839350700378;0
6577;VAL2_20220618_063000_017.wav;0;0.4378599226474762;0
6578;VAL2_20220618_063000_018.wav;0;0.8940414190292358;0
6579;VAL2_20220618_063000_019.wav;0;0.5008193850517273;0
6580;VAL2_20220622_031500_000.wav;0;0.20242241024971008;0
6581;VAL2_20220622_031500_001.wav;0;0.25229838490486145;0
6582;VAL2_20220622_031500_002.wav;0;0.031415022909641266;0
6583;VAL2_20220622_031500_003.wav;0;0.07104606926441193;0
6584;VAL2_20220622_031500_004.wav;0;0.13846305012702942;0
6585;VAL2_20220622_031500_005.wav;0;0.09418893605470657;0
6586;VAL2_20220622_031500_006.wav;0;0.4032866656780243;0
6587;VAL2_20220622_031500_007.wav;0;0.20681364834308624;0
6588;VAL2_20220622_031500_008.wav;0;0.20425289869308472;0
6589;VAL2_20220622_031500_009.wav;0;0.10562539100646973;0
6590;VAL2_20220622_031500_010.wav;0;0.41356077790260315;0
6591;VAL2_20220622_031500_011.wav;0;0.45257803797721863;0
6592;VAL2_20220622_031500_012.wav;0;0.18151216208934784;0
6593;VAL2_20220622_031500_013.wav;0;0.08912118524312973;0
6594;VAL2_20220622_031500_014.wav;0;0.211994007229805;0
6595;VAL2_20220622_031500_015.wav;0;0.12959666550159454;0
6596;VAL2_20220622_031500_016.wav;0;0.27369433641433716;0
6597;VAL2_20220622_031500_017.wav;0;0.12701041996479034;0
6598;VAL2_20220622_031500_018.wav;0;0.27290868759155273;0
6599;VAL2_20220622_031500_019.wav;0;0.21794581413269043;0
6600;VAL2_20220626_164500_000.wav;0;0.7114927172660828;0
6601;VAL2_20220626_164500_001.wav;0;0.8213885426521301;0
6602;VAL2_20220626_164500_002.wav;0;0.725496768951416;0
6603;VAL2_20220626_164500_003.wav;0;0.1384964883327484;0
6604;VAL2_20220626_164500_004.wav;0;0.6027219295501709;0
6605;VAL2_20220626_164500_005.wav;0;0.5627064108848572;0
6606;VAL2_20220626_164500_006.wav;0;0.48461320996284485;0
6607;VAL2_20220626_164500_007.wav;0;0.38387519121170044;0
6608;VAL2_20220626_164500_008.wav;0;0.40711355209350586;0
6609;VAL2_20220626_164500_009.wav;0;0.5369026064872742;0
6610;VAL2_20220626_164500_010.wav;0;0.48330873250961304;0
6611;VAL2_20220626_164500_011.wav;0;0.23089270293712616;0
6612;VAL2_20220626_164500_012.wav;0;0.10108134150505066;0
6613;VAL2_20220626_164500_013.wav;0;0.19136478006839752;0
6614;VAL2_20220626_164500_014.wav;0;0.16677874326705933;0
6615;VAL2_20220626_164500_015.wav;0;0.16254441440105438;0
6616;VAL2_20220626_164500_016.wav;0;0.6038094162940979;0
6617;VAL2_20220626_164500_017.wav;0;0.1708797663450241;0
6618;VAL2_20220626_164500_018.wav;0;0.20398138463497162;0
6619;VAL2_20220626_164500_019.wav;0;0.2086212933063507;0
6620;VAL2_20220626_231500_000.wav;0;0.15134204924106598;0
6621;VAL2_20220626_231500_001.wav;0;0.07902952283620834;0
6622;VAL2_20220626_231500_002.wav;0;0.17370092868804932;0
6623;VAL2_20220626_231500_003.wav;0;0.18982549011707306;0
6624;VAL2_20220626_231500_004.wav;0;0.1891017109155655;0
6625;VAL2_20220626_231500_005.wav;0;0.16308313608169556;0
6626;VAL2_20220626_231500_006.wav;0;0.2366686910390854;0
6627;VAL2_20220626_231500_007.wav;0;0.10472874343395233;0
6628;VAL2_20220626_231500_008.wav;0;0.1598740965127945;0
6629;VAL2_20220626_231500_009.wav;0;0.12226084619760513;0
6630;VAL2_20220626_231500_010.wav;0;0.17849671840667725;0
6631;VAL2_20220626_231500_011.wav;0;0.22995571792125702;0
6632;VAL2_20220626_231500_012.wav;0;0.5410173535346985;0
6633;VAL2_20220626_231500_013.wav;0;0.41028621792793274;0
6634;VAL2_20220626_231500_014.wav;0;0.26097947359085083;0
6635;VAL2_20220626_231500_015.wav;0;0.15852013230323792;0
6636;VAL2_20220626_231500_016.wav;0;0.22485695779323578;0
6637;VAL2_20220626_231500_017.wav;0;0.1991093009710312;0
6638;VAL2_20220626_231500_018.wav;0;0.11676675826311111;0
6639;VAL2_20220626_231500_019.wav;0;0.34278789162635803;0
6640;VAL2_20220628_141500_000.wav;0;0.7185969352722168;1
6641;VAL2_20220628_141500_001.wav;0;0.8818216323852539;1
6642;VAL2_20220628_141500_002.wav;0;0.44483888149261475;1
6643;VAL2_20220628_141500_003.wav;0;0.869983971118927;1
6644;VAL2_20220628_141500_004.wav;0;0.7217016816139221;1
6645;VAL2_20220628_141500_005.wav;0;0.9390164613723755;1
6646;VAL2_20220628_141500_006.wav;0;0.7887024879455566;1
6647;VAL2_20220628_141500_007.wav;0;0.37931716442108154;0
6648;VAL2_20220628_141500_008.wav;0;0.4389757513999939;0
6649;VAL2_20220628_141500_009.wav;0;0.4689059853553772;0
6650;VAL2_20220628_141500_010.wav;0;0.7196013927459717;0
6651;VAL2_20220628_141500_011.wav;0;0.7856590151786804;0
6652;VAL2_20220628_141500_012.wav;0;0.19699318706989288;0
6653;VAL2_20220628_141500_013.wav;0;0.5662263035774231;0
6654;VAL2_20220628_141500_014.wav;0;0.1049940288066864;0
6655;VAL2_20220628_141500_015.wav;0;0.33624157309532166;0
6656;VAL2_20220628_141500_016.wav;0;0.799431562423706;0
6657;VAL2_20220628_141500_017.wav;0;0.09171244502067566;0
6658;VAL2_20220628_141500_018.wav;0;0.5325465798377991;0
6659;VAL2_20220628_141500_019.wav;0;0.9018393754959106;0
6660;VAL2_20220630_090000_000.wav;0;0.6684834361076355;0
6661;VAL2_20220630_090000_001.wav;0;0.7032750248908997;0
6662;VAL2_20220630_090000_002.wav;0;0.6700372099876404;0
6663;VAL2_20220630_090000_003.wav;0;0.3930290639400482;0
6664;VAL2_20220630_090000_004.wav;0;0.8146092295646667;0
6665;VAL2_20220630_090000_005.wav;0;0.583480179309845;0
6666;VAL2_20220630_090000_006.wav;0;0.9014120101928711;0
6667;VAL2_20220630_090000_007.wav;0;0.805163562297821;0
6668;VAL2_20220630_090000_008.wav;0;0.8996006846427917;0
6669;VAL2_20220630_090000_009.wav;0;0.36970195174217224;0
6670;VAL2_20220630_090000_010.wav;0;0.5118714570999146;0
6671;VAL2_20220630_090000_011.wav;0;0.3235243558883667;0
6672;VAL2_20220630_090000_012.wav;0;0.31420373916625977;0
6673;VAL2_20220630_090000_013.wav;0;0.28014442324638367;0
6674;VAL2_20220630_090000_014.wav;0;0.35885944962501526;0
6675;VAL2_20220630_090000_015.wav;0;0.5061507821083069;0
6676;VAL2_20220630_090000_016.wav;0;0.3675970435142517;0
6677;VAL2_20220630_090000_017.wav;0;0.3258152902126312;0
6678;VAL2_20220630_090000_018.wav;0;0.3674309253692627;0
6679;VAL2_20220630_090000_019.wav;0;0.7829411029815674;0
6680;VAL2_20220630_213000_000.wav;0;0.16371744871139526;0
6681;VAL2_20220630_213000_001.wav;0;0.17418821156024933;0
6682;VAL2_20220630_213000_002.wav;0;0.2078048288822174;0
6683;VAL2_20220630_213000_003.wav;0;0.33299800753593445;0
6684;VAL2_20220630_213000_004.wav;0;0.1278466433286667;0
6685;VAL2_20220630_213000_005.wav;0;0.1946994662284851;0
6686;VAL2_20220630_213000_006.wav;0;0.21955639123916626;0
6687;VAL2_20220630_213000_007.wav;0;0.1314350962638855;0
6688;VAL2_20220630_213000_008.wav;0;0.3670917749404907;0
6689;VAL2_20220630_213000_009.wav;0;0.4709286093711853;0
6690;VAL2_20220630_213000_010.wav;0;0.18412435054779053;0
6691;VAL2_20220630_213000_011.wav;0;0.11656680703163147;0
6692;VAL2_20220630_213000_012.wav;0;0.1724034547805786;0
6693;VAL2_20220630_213000_013.wav;0;0.14954957365989685;0
6694;VAL2_20220630_213000_014.wav;0;0.15374475717544556;0
6695;VAL2_20220630_213000_015.wav;0;0.14405909180641174;0
6696;VAL2_20220630_213000_016.wav;0;0.1552933305501938;0
6697;VAL2_20220630_213000_017.wav;0;0.20634199678897858;0
6698;VAL2_20220630_213000_018.wav;0;0.1562964767217636;0
6699;VAL2_20220630_213000_019.wav;0;0.713335394859314;0
6700;VAL2_20220704_113000_000.wav;0;0.21075154840946198;0
6701;VAL2_20220704_113000_001.wav;0;0.1321561336517334;0
6702;VAL2_20220704_113000_002.wav;0;0.1485011726617813;0
6703;VAL2_20220704_113000_003.wav;0;0.20535416901111603;0
6704;VAL2_20220704_113000_004.wav;0;0.1860046088695526;0
6705;VAL2_20220704_113000_005.wav;0;0.3243754506111145;0
6706;VAL2_20220704_113000_006.wav;0;0.2773963212966919;0
6707;VAL2_20220704_113000_007.wav;0;0.20774807035923004;0
6708;VAL2_20220704_113000_008.wav;0;0.09069810062646866;0
6709;VAL2_20220704_113000_009.wav;0;0.19223341345787048;0
6710;VAL2_20220704_113000_010.wav;0;0.13559190928936005;0
6711;VAL2_20220704_113000_011.wav;0;0.5549172759056091;0
6712;VAL2_20220704_113000_012.wav;0;0.2702499330043793;0
6713;VAL2_20220704_113000_013.wav;0;0.7576176524162292;0
6714;VAL2_20220704_113000_014.wav;0;0.13777704536914825;0
6715;VAL2_20220704_113000_015.wav;0;0.43274885416030884;0
6716;VAL2_20220704_113000_016.wav;0;0.14869539439678192;0
6717;VAL2_20220704_113000_017.wav;0;0.4904888868331909;0
6718;VAL2_20220704_113000_018.wav;0;0.579254150390625;0
6719;VAL2_20220704_113000_019.wav;0;0.29171955585479736;0
6720;VAL2_20220704_183000_000.wav;0;0.4258140027523041;0
6721;VAL2_20220704_183000_001.wav;0;0.35677942633628845;0
6722;VAL2_20220704_183000_002.wav;0;0.05432197079062462;0
6723;VAL2_20220704_183000_003.wav;0;0.10654302686452866;0
6724;VAL2_20220704_183000_004.wav;0;0.1574191153049469;0
6725;VAL2_20220704_183000_005.wav;0;0.1638718694448471;0
6726;VAL2_20220704_183000_006.wav;0;0.06515069305896759;0
6727;VAL2_20220704_183000_007.wav;0;0.08087638020515442;0
6728;VAL2_20220704_183000_008.wav;0;0.10102511942386627;0
6729;VAL2_20220704_183000_009.wav;0;0.10684172809123993;0
6730;VAL2_20220704_183000_010.wav;0;0.18169772624969482;0
6731;VAL2_20220704_183000_011.wav;0;0.0436655655503273;0
6732;VAL2_20220704_183000_012.wav;0;0.022776437923312187;0
6733;VAL2_20220704_183000_013.wav;0;0.12062952667474747;0
6734;VAL2_20220704_183000_014.wav;0;0.13955804705619812;0
6735;VAL2_20220704_183000_015.wav;0;0.24937227368354797;0
6736;VAL2_20220704_183000_016.wav;0;0.1559678465127945;0
6737;VAL2_20220704_183000_017.wav;0;0.1535075604915619;0
6738;VAL2_20220704_183000_018.wav;0;0.16712258756160736;0
6739;VAL2_20220704_183000_019.wav;0;0.13128052651882172;0
6740;VAL2_20220706_051500_000.wav;0;0.9860652685165405;0
6741;VAL2_20220706_051500_001.wav;0;0.9938593506813049;0
6742;VAL2_20220706_051500_002.wav;0;0.9669864177703857;0
6743;VAL2_20220706_051500_003.wav;0;0.7355126738548279;0
6744;VAL2_20220706_051500_004.wav;0;0.749806821346283;0
6745;VAL2_20220706_051500_005.wav;0;0.7416322827339172;0
6746;VAL2_20220706_051500_006.wav;0;0.7461738586425781;0
6747;VAL2_20220706_051500_007.wav;0;0.8743295669555664;0
6748;VAL2_20220706_051500_008.wav;0;0.10980182141065598;0
6749;VAL2_20220706_051500_009.wav;0;0.37118932604789734;0
6750;VAL2_20220706_051500_010.wav;0;0.3075205981731415;0
6751;VAL2_20220706_051500_011.wav;0;0.43055179715156555;0
6752;VAL2_20220706_051500_012.wav;0;0.7437417507171631;0
6753;VAL2_20220706_051500_013.wav;0;0.9559618234634399;0
6754;VAL2_20220706_051500_014.wav;0;0.8478810787200928;0
6755;VAL2_20220706_051500_015.wav;0;0.8932992815971375;0
6756;VAL2_20220706_051500_016.wav;0;0.33656349778175354;0
6757;VAL2_20220706_051500_017.wav;0;0.2721952497959137;0
6758;VAL2_20220706_051500_018.wav;0;0.3729585111141205;0
6759;VAL2_20220706_051500_019.wav;0;0.6389565467834473;0
6760;VAL2_20220708_131500_000.wav;0;0.18201382458209991;0
6761;VAL2_20220708_131500_001.wav;0;0.21070873737335205;0
6762;VAL2_20220708_131500_002.wav;0;0.21985697746276855;0
6763;VAL2_20220708_131500_003.wav;0;0.599606454372406;0
6764;VAL2_20220708_131500_004.wav;0;0.5536562204360962;0
6765;VAL2_20220708_131500_005.wav;0;0.7088531255722046;0
6766;VAL2_20220708_131500_006.wav;0;0.23634198307991028;0
6767;VAL2_20220708_131500_007.wav;0;0.1673419177532196;0
6768;VAL2_20220708_131500_008.wav;0;0.5040833950042725;0
6769;VAL2_20220708_131500_009.wav;0;0.14980730414390564;0
6770;VAL2_20220708_131500_010.wav;0;0.17255008220672607;0
6771;VAL2_20220708_131500_011.wav;0;0.30922961235046387;0
6772;VAL2_20220708_131500_012.wav;0;0.08862131088972092;0
6773;VAL2_20220708_131500_013.wav;0;0.18885502219200134;0
6774;VAL2_20220708_131500_014.wav;0;0.1606498807668686;0
6775;VAL2_20220708_131500_015.wav;0;0.12573309242725372;0
6776;VAL2_20220708_131500_016.wav;0;0.2527672350406647;0
6777;VAL2_20220708_131500_017.wav;0;0.16362859308719635;0
6778;VAL2_20220708_131500_018.wav;0;0.0806223675608635;0
6779;VAL2_20220708_131500_019.wav;0;0.0848967432975769;0
6780;VAL2_20220710_101500_000.wav;0;0.5143601894378662;0
6781;VAL2_20220710_101500_001.wav;0;0.4334764778614044;0
6782;VAL2_20220710_101500_002.wav;0;0.17355164885520935;0
6783;VAL2_20220710_101500_003.wav;0;0.28376054763793945;0
6784;VAL2_20220710_101500_004.wav;0;0.12483704835176468;0
6785;VAL2_20220710_101500_005.wav;0;0.1367102414369583;0
6786;VAL2_20220710_101500_006.wav;0;0.17505216598510742;0
6787;VAL2_20220710_101500_007.wav;0;0.1735590249300003;0
6788;VAL2_20220710_101500_008.wav;0;0.0769038274884224;0
6789;VAL2_20220710_101500_009.wav;0;0.1770533174276352;0
6790;VAL2_20220710_101500_010.wav;0;0.1033518835902214;0
6791;VAL2_20220710_101500_011.wav;0;0.11245180666446686;0
6792;VAL2_20220710_101500_012.wav;0;0.126638263463974;0
6793;VAL2_20220710_101500_013.wav;0;0.1317032426595688;0
6794;VAL2_20220710_101500_014.wav;0;0.20071448385715485;0
6795;VAL2_20220710_101500_015.wav;0;0.22676414251327515;0
6796;VAL2_20220710_101500_016.wav;0;0.11964433640241623;0
6797;VAL2_20220710_101500_017.wav;0;0.10811012238264084;0
6798;VAL2_20220710_101500_018.wav;0;0.1416202038526535;0
6799;VAL2_20220710_101500_019.wav;0;0.07381093502044678;0
6800;VAL2_20220712_044500_000.wav;0;0.3262619972229004;0
6801;VAL2_20220712_044500_001.wav;0;0.11538009345531464;0
6802;VAL2_20220712_044500_002.wav;0;0.11328539997339249;0
6803;VAL2_20220712_044500_003.wav;0;0.12852518260478973;0
6804;VAL2_20220712_044500_004.wav;0;0.1250278204679489;0
6805;VAL2_20220712_044500_005.wav;0;0.15502750873565674;0
6806;VAL2_20220712_044500_006.wav;0;0.17301511764526367;0
6807;VAL2_20220712_044500_007.wav;0;0.25241830945014954;0
6808;VAL2_20220712_044500_008.wav;0;0.13833171129226685;0
6809;VAL2_20220712_044500_009.wav;0;0.1536250114440918;0
6810;VAL2_20220712_044500_010.wav;0;0.16335292160511017;0
6811;VAL2_20220712_044500_011.wav;0;0.13091427087783813;0
6812;VAL2_20220712_044500_012.wav;0;0.19270089268684387;0
6813;VAL2_20220712_044500_013.wav;0;0.1877841055393219;0
6814;VAL2_20220712_044500_014.wav;0;0.2071850597858429;0
6815;VAL2_20220712_044500_015.wav;0;0.16067397594451904;0
6816;VAL2_20220712_044500_016.wav;0;0.16277776658535004;0
6817;VAL2_20220712_044500_017.wav;0;0.20570814609527588;0
6818;VAL2_20220712_044500_018.wav;0;0.1731402575969696;0
6819;VAL2_20220712_044500_019.wav;0;0.14248891174793243;0
6820;VAL2_20220714_084500_000.wav;1;0.667436420917511;1
6821;VAL2_20220714_084500_001.wav;1;0.9645572900772095;1
6822;VAL2_20220714_084500_002.wav;1;0.9884476065635681;1
6823;VAL2_20220714_084500_003.wav;1;0.9837976098060608;1
6824;VAL2_20220714_084500_004.wav;1;0.9890811443328857;1
6825;VAL2_20220714_084500_005.wav;1;0.9476897716522217;1
6826;VAL2_20220714_084500_006.wav;1;0.17665047943592072;1
6827;VAL2_20220714_084500_007.wav;0;0.17262184619903564;0
6828;VAL2_20220714_084500_008.wav;0;0.360007643699646;0
6829;VAL2_20220714_084500_009.wav;0;0.3052719831466675;0
6830;VAL2_20220714_084500_010.wav;0;0.3840237259864807;0
6831;VAL2_20220714_084500_011.wav;0;0.24835467338562012;0
6832;VAL2_20220714_084500_012.wav;0;0.13826929032802582;0
6833;VAL2_20220714_084500_013.wav;0;0.20537835359573364;0
6834;VAL2_20220714_084500_014.wav;0;0.12615104019641876;0
6835;VAL2_20220714_084500_015.wav;0;0.13514204323291779;0
6836;VAL2_20220714_084500_016.wav;0;0.43472200632095337;0
6837;VAL2_20220714_084500_017.wav;0;0.22855021059513092;0
6838;VAL2_20220714_084500_018.wav;0;0.26913514733314514;0
6839;VAL2_20220714_084500_019.wav;0;0.17684856057167053;0
6840;VAL2_20220714_124500_000.wav;0;0.9381330013275146;0
6841;VAL2_20220714_124500_001.wav;0;0.8790473341941833;0
6842;VAL2_20220714_124500_002.wav;0;0.9689875841140747;0
6843;VAL2_20220714_124500_003.wav;0;0.9744680523872375;0
6844;VAL2_20220714_124500_004.wav;0;0.7929378151893616;0
6845;VAL2_20220714_124500_005.wav;0;0.8408504128456116;0
6846;VAL2_20220714_124500_006.wav;0;0.2645808160305023;0
6847;VAL2_20220714_124500_007.wav;0;0.12800060212612152;0
6848;VAL2_20220714_124500_008.wav;0;0.6069992184638977;0
6849;VAL2_20220714_124500_009.wav;0;0.6194185018539429;0
6850;VAL2_20220714_124500_010.wav;0;0.0580865778028965;0
6851;VAL2_20220714_124500_011.wav;0;0.9261229634284973;0
6852;VAL2_20220714_124500_012.wav;0;0.15636734664440155;0
6853;VAL2_20220714_124500_013.wav;0;0.04017883539199829;0
6854;VAL2_20220714_124500_014.wav;0;0.17080238461494446;0
6855;VAL2_20220714_124500_015.wav;0;0.15522323548793793;0
6856;VAL2_20220714_124500_016.wav;0;0.7758937478065491;0
6857;VAL2_20220714_124500_017.wav;0;0.9852328896522522;0
6858;VAL2_20220714_124500_018.wav;0;0.9722295999526978;0
6859;VAL2_20220714_124500_019.wav;0;0.9007992148399353;0
6860;VAL2_20220716_193000_000.wav;0;0.4675377905368805;0
6861;VAL2_20220716_193000_001.wav;0;0.28748849034309387;0
6862;VAL2_20220716_193000_002.wav;0;0.4449460208415985;0
6863;VAL2_20220716_193000_003.wav;0;0.42153555154800415;0
6864;VAL2_20220716_193000_004.wav;0;0.23389148712158203;0
6865;VAL2_20220716_193000_005.wav;0;0.6813511252403259;0
6866;VAL2_20220716_193000_006.wav;0;0.5937067270278931;0
6867;VAL2_20220716_193000_007.wav;0;0.3555508852005005;0
6868;VAL2_20220716_193000_008.wav;0;0.30919933319091797;0
6869;VAL2_20220716_193000_009.wav;0;0.7403526306152344;0
6870;VAL2_20220716_193000_010.wav;0;0.5110193490982056;0
6871;VAL2_20220716_193000_011.wav;0;0.34375569224357605;0
6872;VAL2_20220716_193000_012.wav;0;0.37629908323287964;0
6873;VAL2_20220716_193000_013.wav;0;0.3842999041080475;0
6874;VAL2_20220716_193000_014.wav;0;0.7487408518791199;0
6875;VAL2_20220716_193000_015.wav;0;0.3139411509037018;0
6876;VAL2_20220716_193000_016.wav;0;0.5141203999519348;0
6877;VAL2_20220716_193000_017.wav;0;0.6436360478401184;0
6878;VAL2_20220716_193000_018.wav;0;0.7674870491027832;0
6879;VAL2_20220716_193000_019.wav;0;0.34704145789146423;0
6880;VAL2_20220720_010000_000.wav;0;0.18569456040859222;0
6881;VAL2_20220720_010000_001.wav;0;0.13268588483333588;0
6882;VAL2_20220720_010000_002.wav;0;0.05832524970173836;0
6883;VAL2_20220720_010000_003.wav;0;0.04675775393843651;0
6884;VAL2_20220720_010000_004.wav;0;0.053692903369665146;0
6885;VAL2_20220720_010000_005.wav;0;0.4726792871952057;0
6886;VAL2_20220720_010000_006.wav;0;0.03714641183614731;0
6887;VAL2_20220720_010000_007.wav;0;0.034053582698106766;0
6888;VAL2_20220720_010000_008.wav;0;0.08391272276639938;0
6889;VAL2_20220720_010000_009.wav;0;0.047173451632261276;0
6890;VAL2_20220720_010000_010.wav;0;0.08456229418516159;0
6891;VAL2_20220720_010000_011.wav;0;0.03521692007780075;0
6892;VAL2_20220720_010000_012.wav;0;0.042520735412836075;0
6893;VAL2_20220720_010000_013.wav;0;0.0468132346868515;0
6894;VAL2_20220720_010000_014.wav;0;0.035393793135881424;0
6895;VAL2_20220720_010000_015.wav;0;0.05516299232840538;0
6896;VAL2_20220720_010000_016.wav;0;0.04651552066206932;0
6897;VAL2_20220720_010000_017.wav;0;0.04509713873267174;0
6898;VAL2_20220720_010000_018.wav;0;0.04723414033651352;0
6899;VAL2_20220720_010000_019.wav;0;0.0656023845076561;0
6900;VAL2_20220720_214500_000.wav;0;0.11482053250074387;0
6901;VAL2_20220720_214500_001.wav;0;0.14313115179538727;0
6902;VAL2_20220720_214500_002.wav;0;0.10964026302099228;0
6903;VAL2_20220720_214500_003.wav;0;0.1413019299507141;0
6904;VAL2_20220720_214500_004.wav;0;0.1431828886270523;0
6905;VAL2_20220720_214500_005.wav;0;0.1275516003370285;0
6906;VAL2_20220720_214500_006.wav;0;0.11575932800769806;0
6907;VAL2_20220720_214500_007.wav;0;0.06241433322429657;0
6908;VAL2_20220720_214500_008.wav;0;0.0606999434530735;0
6909;VAL2_20220720_214500_009.wav;0;0.15240468084812164;0
6910;VAL2_20220720_214500_010.wav;0;0.07157980650663376;0
6911;VAL2_20220720_214500_011.wav;0;0.09510044008493423;0
6912;VAL2_20220720_214500_012.wav;0;0.1802017092704773;0
6913;VAL2_20220720_214500_013.wav;0;0.1429683268070221;0
6914;VAL2_20220720_214500_014.wav;0;0.2698122560977936;0
6915;VAL2_20220720_214500_015.wav;0;0.3093562126159668;0
6916;VAL2_20220720_214500_016.wav;0;0.40996792912483215;0
6917;VAL2_20220720_214500_017.wav;0;0.17740605771541595;0
6918;VAL2_20220720_214500_018.wav;0;0.1414213925600052;0
6919;VAL2_20220720_214500_019.wav;0;0.525259792804718;0
6920;VAL2_20220726_123000_000.wav;0;0.06997312605381012;0
6921;VAL2_20220726_123000_001.wav;0;0.08261339366436005;0
6922;VAL2_20220726_123000_002.wav;0;0.022276349365711212;0
6923;VAL2_20220726_123000_003.wav;0;0.040229786187410355;0
6924;VAL2_20220726_123000_004.wav;0;0.12947046756744385;0
6925;VAL2_20220726_123000_005.wav;0;0.11848075687885284;0
6926;VAL2_20220726_123000_006.wav;0;0.0966617539525032;0
6927;VAL2_20220726_123000_007.wav;0;0.04656165838241577;0
6928;VAL2_20220726_123000_008.wav;0;0.03015168569982052;0
6929;VAL2_20220726_123000_009.wav;0;0.03862838074564934;0
6930;VAL2_20220726_123000_010.wav;0;0.21000324189662933;0
6931;VAL2_20220726_123000_011.wav;0;0.12521778047084808;0
6932;VAL2_20220726_123000_012.wav;0;0.12781798839569092;0
6933;VAL2_20220726_123000_013.wav;0;0.004077938385307789;0
6934;VAL2_20220726_123000_014.wav;0;0.0108253862708807;0
6935;VAL2_20220726_123000_015.wav;0;0.019858794286847115;0
6936;VAL2_20220726_123000_016.wav;0;0.1009729877114296;0
6937;VAL2_20220726_123000_017.wav;0;0.04277697205543518;0
6938;VAL2_20220726_123000_018.wav;0;0.06472382694482803;0
6939;VAL2_20220726_123000_019.wav;0;0.01612095534801483;0
6940;VAL2_20220803_143000_000.wav;0;0.5183042883872986;0
6941;VAL2_20220803_143000_001.wav;0;0.9627867937088013;0
6942;VAL2_20220803_143000_002.wav;0;0.739949643611908;0
6943;VAL2_20220803_143000_003.wav;1;0.9249590635299683;1
6944;VAL2_20220803_143000_004.wav;1;0.9908915162086487;1
6945;VAL2_20220803_143000_005.wav;1;0.9711374044418335;1
6946;VAL2_20220803_143000_006.wav;1;0.9879931211471558;1
6947;VAL2_20220803_143000_007.wav;1;0.9398499131202698;1
6948;VAL2_20220803_143000_008.wav;1;0.9851674437522888;1
6949;VAL2_20220803_143000_009.wav;1;0.9857945442199707;1
6950;VAL2_20220803_143000_010.wav;1;0.8923195004463196;1
6951;VAL2_20220803_143000_011.wav;1;0.9827614426612854;1
6952;VAL2_20220803_143000_012.wav;1;0.9788010716438293;1
6953;VAL2_20220803_143000_013.wav;1;0.9083612561225891;1
6954;VAL2_20220803_143000_014.wav;1;0.9606793522834778;1
6955;VAL2_20220803_143000_015.wav;1;0.18881182372570038;1
6956;VAL2_20220803_143000_016.wav;0;0.28668615221977234;0
6957;VAL2_20220803_143000_017.wav;0;0.4985997676849365;0
6958;VAL2_20220803_143000_018.wav;0;0.490256130695343;0
6959;VAL2_20220803_143000_019.wav;0;0.5120611786842346;0
6960;VAL2_20220803_151500_000.wav;1;0.9163955450057983;1
6961;VAL2_20220803_151500_001.wav;1;0.974137544631958;1
6962;VAL2_20220803_151500_002.wav;1;0.9153227210044861;1
6963;VAL2_20220803_151500_003.wav;1;0.9752892255783081;1
6964;VAL2_20220803_151500_004.wav;1;0.9881724715232849;1
6965;VAL2_20220803_151500_005.wav;1;0.9794919490814209;1
6966;VAL2_20220803_151500_006.wav;1;0.9882230162620544;1
6967;VAL2_20220803_151500_007.wav;1;0.814440906047821;1
6968;VAL2_20220803_151500_008.wav;1;0.8732763528823853;1
6969;VAL2_20220803_151500_009.wav;1;0.43216821551322937;1
6970;VAL2_20220803_151500_010.wav;1;0.9938197731971741;1
6971;VAL2_20220803_151500_011.wav;1;0.9939646124839783;1
6972;VAL2_20220803_151500_012.wav;1;0.9878858327865601;1
6973;VAL2_20220803_151500_013.wav;1;0.9821925759315491;1
6974;VAL2_20220803_151500_014.wav;1;0.989831268787384;1
6975;VAL2_20220803_151500_015.wav;1;0.8274794816970825;1
6976;VAL2_20220803_151500_016.wav;1;0.9791264533996582;1
6977;VAL2_20220803_151500_017.wav;1;0.9911406636238098;1
6978;VAL2_20220803_151500_018.wav;1;0.9814434051513672;1
6979;VAL2_20220803_151500_019.wav;1;0.9410461783409119;1
6980;VAL2_20220803_194500_000.wav;0;0.6131739020347595;0
6981;VAL2_20220803_194500_001.wav;0;0.2806769907474518;0
6982;VAL2_20220803_194500_002.wav;0;0.08328860998153687;0
6983;VAL2_20220803_194500_003.wav;0;0.39112719893455505;0
6984;VAL2_20220803_194500_004.wav;0;0.20728392899036407;0
6985;VAL2_20220803_194500_005.wav;0;0.1397550255060196;0
6986;VAL2_20220803_194500_006.wav;0;0.06243482977151871;0
6987;VAL2_20220803_194500_007.wav;0;0.07772264629602432;0
6988;VAL2_20220803_194500_008.wav;0;0.2838199734687805;0
6989;VAL2_20220803_194500_009.wav;0;0.09483978152275085;0
6990;VAL2_20220803_194500_010.wav;0;0.061454541981220245;0
6991;VAL2_20220803_194500_011.wav;0;0.03984390199184418;0
6992;VAL2_20220803_194500_012.wav;0;0.6231772899627686;0
6993;VAL2_20220803_194500_013.wav;0;0.08621569722890854;0
6994;VAL2_20220803_194500_014.wav;0;0.07237429171800613;0
6995;VAL2_20220803_194500_015.wav;0;0.2294204980134964;0
6996;VAL2_20220803_194500_016.wav;0;0.06172715499997139;0
6997;VAL2_20220803_194500_017.wav;0;0.12888547778129578;0
6998;VAL2_20220803_194500_018.wav;0;0.08389108628034592;0
6999;VAL2_20220803_194500_019.wav;0;0.5321226119995117;0
7000;VAL2_20220805_041500_000.wav;0;0.19854006171226501;0
7001;VAL2_20220805_041500_001.wav;0;0.21101398766040802;0
7002;VAL2_20220805_041500_002.wav;0;0.15426050126552582;0
7003;VAL2_20220805_041500_003.wav;0;0.2809581756591797;0
7004;VAL2_20220805_041500_004.wav;0;0.12991033494472504;0
7005;VAL2_20220805_041500_005.wav;0;0.19909429550170898;0
7006;VAL2_20220805_041500_006.wav;0;0.3511013388633728;0
7007;VAL2_20220805_041500_007.wav;0;0.38310834765434265;0
7008;VAL2_20220805_041500_008.wav;0;0.3664620518684387;0
7009;VAL2_20220805_041500_009.wav;0;0.21741823852062225;0
7010;VAL2_20220805_041500_010.wav;0;0.5696544051170349;0
7011;VAL2_20220805_041500_011.wav;0;0.6242733597755432;0
7012;VAL2_20220805_041500_012.wav;0;0.9335375428199768;0
7013;VAL2_20220805_041500_013.wav;0;0.8936575651168823;0
7014;VAL2_20220805_041500_014.wav;0;0.8588523268699646;0
7015;VAL2_20220805_041500_015.wav;0;0.7651317715644836;0
7016;VAL2_20220805_041500_016.wav;0;0.3292488157749176;0
7017;VAL2_20220805_041500_017.wav;0;0.23193906247615814;0
7018;VAL2_20220805_041500_018.wav;0;0.15284857153892517;0
7019;VAL2_20220805_041500_019.wav;0;0.32564660906791687;0
7020;VAL2_20220807_083000_000.wav;1;0.9787985682487488;1
7021;VAL2_20220807_083000_001.wav;1;0.9466990828514099;1
7022;VAL2_20220807_083000_002.wav;1;0.9867926836013794;1
7023;VAL2_20220807_083000_003.wav;1;0.9183425903320312;1
7024;VAL2_20220807_083000_004.wav;1;0.9558599591255188;1
7025;VAL2_20220807_083000_005.wav;1;0.9933727979660034;1
7026;VAL2_20220807_083000_006.wav;1;0.9842835664749146;1
7027;VAL2_20220807_083000_007.wav;1;0.992423415184021;1
7028;VAL2_20220807_083000_008.wav;1;0.988440990447998;1
7029;VAL2_20220807_083000_009.wav;1;0.9789667129516602;1
7030;VAL2_20220807_083000_010.wav;1;0.9875582456588745;1
7031;VAL2_20220807_083000_011.wav;1;0.9801570177078247;1
7032;VAL2_20220807_083000_012.wav;1;0.9955251812934875;1
7033;VAL2_20220807_083000_013.wav;1;0.9851123690605164;1
7034;VAL2_20220807_083000_014.wav;1;0.9959787130355835;1
7035;VAL2_20220807_083000_015.wav;1;0.8609433174133301;1
7036;VAL2_20220807_083000_016.wav;1;0.9632581472396851;1
7037;VAL2_20220807_083000_017.wav;1;0.8583642244338989;1
7038;VAL2_20220807_083000_018.wav;1;0.9696186184883118;1
7039;VAL2_20220807_083000_019.wav;1;0.12432621419429779;1
7040;VAL2_20220811_010000_000.wav;0;0.13636763393878937;0
7041;VAL2_20220811_010000_001.wav;0;0.11657517403364182;0
7042;VAL2_20220811_010000_002.wav;0;0.12521637976169586;0
7043;VAL2_20220811_010000_003.wav;0;0.13213053345680237;0
7044;VAL2_20220811_010000_004.wav;0;0.10465674102306366;0
7045;VAL2_20220811_010000_005.wav;0;0.13365592062473297;0
7046;VAL2_20220811_010000_006.wav;0;0.1339949667453766;0
7047;VAL2_20220811_010000_007.wav;0;0.14089220762252808;0
7048;VAL2_20220811_010000_008.wav;0;0.11762730032205582;0
7049;VAL2_20220811_010000_009.wav;0;0.1406802237033844;0
7050;VAL2_20220811_010000_010.wav;0;0.13892950117588043;0
7051;VAL2_20220811_010000_011.wav;0;0.1304079294204712;0
7052;VAL2_20220811_010000_012.wav;0;0.11071622371673584;0
7053;VAL2_20220811_010000_013.wav;0;0.09695884585380554;0
7054;VAL2_20220811_010000_014.wav;0;0.13575541973114014;0
7055;VAL2_20220811_010000_015.wav;0;0.10668322443962097;0
7056;VAL2_20220811_010000_016.wav;0;0.09056229144334793;0
7057;VAL2_20220811_010000_017.wav;0;0.1357443928718567;0
7058;VAL2_20220811_010000_018.wav;0;0.09706531465053558;0
7059;VAL2_20220811_010000_019.wav;0;0.1326700896024704;0
7060;VAL2_20220811_140000_000.wav;0;0.23569311201572418;0
7061;VAL2_20220811_140000_001.wav;0;0.10974376648664474;0
7062;VAL2_20220811_140000_002.wav;0;0.13784514367580414;0
7063;VAL2_20220811_140000_003.wav;0;0.1396692842245102;0
7064;VAL2_20220811_140000_004.wav;0;0.1838659942150116;0
7065;VAL2_20220811_140000_005.wav;0;0.1825415939092636;0
7066;VAL2_20220811_140000_006.wav;0;0.0685667097568512;0
7067;VAL2_20220811_140000_007.wav;0;0.20938700437545776;0
7068;VAL2_20220811_140000_008.wav;0;0.16776049137115479;0
7069;VAL2_20220811_140000_009.wav;0;0.18609130382537842;0
7070;VAL2_20220811_140000_010.wav;0;0.18444496393203735;0
7071;VAL2_20220811_140000_011.wav;0;0.1825227439403534;0
7072;VAL2_20220811_140000_012.wav;0;0.14230552315711975;0
7073;VAL2_20220811_140000_013.wav;0;0.1605088859796524;0
7074;VAL2_20220811_140000_014.wav;0;0.29070186614990234;0
7075;VAL2_20220811_140000_015.wav;0;0.2025480419397354;0
7076;VAL2_20220811_140000_016.wav;0;0.15677928924560547;0
7077;VAL2_20220811_140000_017.wav;0;0.41568994522094727;0
7078;VAL2_20220811_140000_018.wav;0;0.18550002574920654;0
7079;VAL2_20220811_140000_019.wav;0;0.4177338480949402;0
7080;VAL2_20220813_211500_000.wav;0;0.16138659417629242;0
7081;VAL2_20220813_211500_001.wav;0;0.15388578176498413;0
7082;VAL2_20220813_211500_002.wav;0;0.1522357016801834;0
7083;VAL2_20220813_211500_003.wav;0;0.11643292009830475;0
7084;VAL2_20220813_211500_004.wav;0;0.13984906673431396;0
7085;VAL2_20220813_211500_005.wav;0;0.1321883648633957;0
7086;VAL2_20220813_211500_006.wav;0;0.10189121961593628;0
7087;VAL2_20220813_211500_007.wav;0;0.11699657887220383;0
7088;VAL2_20220813_211500_008.wav;0;0.11986306309700012;0
7089;VAL2_20220813_211500_009.wav;0;0.14921702444553375;0
7090;VAL2_20220813_211500_010.wav;0;0.16530458629131317;0
7091;VAL2_20220813_211500_011.wav;0;0.12901288270950317;0
7092;VAL2_20220813_211500_012.wav;0;0.12248094379901886;0
7093;VAL2_20220813_211500_013.wav;0;0.16880226135253906;0
7094;VAL2_20220813_211500_014.wav;0;0.10435959696769714;0
7095;VAL2_20220813_211500_015.wav;0;0.14022384583950043;0
7096;VAL2_20220813_211500_016.wav;0;0.11079178750514984;0
7097;VAL2_20220813_211500_017.wav;0;0.1542518585920334;0
7098;VAL2_20220813_211500_018.wav;0;0.14908276498317719;0
7099;VAL2_20220813_211500_019.wav;0;0.13283762335777283;0
7100;VAL2_20220813_230000_000.wav;0;0.24420469999313354;0
7101;VAL2_20220813_230000_001.wav;0;0.15420563519001007;0
7102;VAL2_20220813_230000_002.wav;0;0.11343471705913544;0
7103;VAL2_20220813_230000_003.wav;0;0.11984125524759293;0
7104;VAL2_20220813_230000_004.wav;0;0.16039855778217316;0
7105;VAL2_20220813_230000_005.wav;0;0.16139745712280273;0
7106;VAL2_20220813_230000_006.wav;0;0.11997547000646591;0
7107;VAL2_20220813_230000_007.wav;0;0.16410169005393982;0
7108;VAL2_20220813_230000_008.wav;0;0.13220137357711792;0
7109;VAL2_20220813_230000_009.wav;0;0.14823904633522034;0
7110;VAL2_20220813_230000_010.wav;0;0.17131733894348145;0
7111;VAL2_20220813_230000_011.wav;0;0.14723452925682068;0
7112;VAL2_20220813_230000_012.wav;0;0.12758582830429077;0
7113;VAL2_20220813_230000_013.wav;0;0.15912707149982452;0
7114;VAL2_20220813_230000_014.wav;0;0.1576852798461914;0
7115;VAL2_20220813_230000_015.wav;0;0.14592576026916504;0
7116;VAL2_20220813_230000_016.wav;0;0.1674426645040512;0
7117;VAL2_20220813_230000_017.wav;0;0.11242663115262985;0
7118;VAL2_20220813_230000_018.wav;0;0.11891135573387146;0
7119;VAL2_20220813_230000_019.wav;0;0.11214301735162735;0
7120;VAL2_20220815_033000_000.wav;0;0.06894669681787491;0
7121;VAL2_20220815_033000_001.wav;0;0.023285910487174988;0
7122;VAL2_20220815_033000_002.wav;0;0.04071981459856033;0
7123;VAL2_20220815_033000_003.wav;0;0.006995754782110453;0
7124;VAL2_20220815_033000_004.wav;0;0.009396840818226337;0
7125;VAL2_20220815_033000_005.wav;0;0.01547337044030428;0
7126;VAL2_20220815_033000_006.wav;0;0.0404965803027153;0
7127;VAL2_20220815_033000_007.wav;0;0.04310733824968338;0
7128;VAL2_20220815_033000_008.wav;0;0.05059995502233505;0
7129;VAL2_20220815_033000_009.wav;0;0.05659165233373642;0
7130;VAL2_20220815_033000_010.wav;0;0.035168033093214035;0
7131;VAL2_20220815_033000_011.wav;0;0.08863531053066254;0
7132;VAL2_20220815_033000_012.wav;0;0.01715497300028801;0
7133;VAL2_20220815_033000_013.wav;0;0.02942914329469204;0
7134;VAL2_20220815_033000_014.wav;0;0.03628618270158768;0
7135;VAL2_20220815_033000_015.wav;0;0.06569518893957138;0
7136;VAL2_20220815_033000_016.wav;0;0.04775167629122734;0
7137;VAL2_20220815_033000_017.wav;0;0.025602402165532112;0
7138;VAL2_20220815_033000_018.wav;0;0.024181656539440155;0
7139;VAL2_20220815_033000_019.wav;0;0.04096038267016411;0
7140;VAL2_20220815_113000_000.wav;0;0.125277578830719;0
7141;VAL2_20220815_113000_001.wav;0;0.16199328005313873;0
7142;VAL2_20220815_113000_002.wav;0;0.18820033967494965;0
7143;VAL2_20220815_113000_003.wav;0;0.14425453543663025;0
7144;VAL2_20220815_113000_004.wav;0;0.1921052187681198;0
7145;VAL2_20220815_113000_005.wav;0;0.18923161923885345;0
7146;VAL2_20220815_113000_006.wav;0;0.1443648487329483;0
7147;VAL2_20220815_113000_007.wav;0;0.17411847412586212;0
7148;VAL2_20220815_113000_008.wav;0;0.20364068448543549;0
7149;VAL2_20220815_113000_009.wav;0;0.1648571491241455;0
7150;VAL2_20220815_113000_010.wav;0;0.17440849542617798;0
7151;VAL2_20220815_113000_011.wav;0;0.14304009079933167;0
7152;VAL2_20220815_113000_012.wav;0;0.10258422046899796;0
7153;VAL2_20220815_113000_013.wav;0;0.14157438278198242;0
7154;VAL2_20220815_113000_014.wav;0;0.15161660313606262;0
7155;VAL2_20220815_113000_015.wav;0;0.27912437915802;1
7156;VAL2_20220815_113000_016.wav;0;0.1338588446378708;1
7157;VAL2_20220815_113000_017.wav;0;0.08546624332666397;1
7158;VAL2_20220815_113000_018.wav;0;0.28130581974983215;1
7159;VAL2_20220815_113000_019.wav;0;0.39598214626312256;1
7160;VAL2_20220817_064500_000.wav;0;0.055738188326358795;0
7161;VAL2_20220817_064500_001.wav;0;0.04516248777508736;0
7162;VAL2_20220817_064500_002.wav;0;0.05359223857522011;0
7163;VAL2_20220817_064500_003.wav;0;0.07013306021690369;0
7164;VAL2_20220817_064500_004.wav;0;0.09286618232727051;0
7165;VAL2_20220817_064500_005.wav;0;0.05016058310866356;0
7166;VAL2_20220817_064500_006.wav;0;0.0691375657916069;0
7167;VAL2_20220817_064500_007.wav;0;0.1372125744819641;0
7168;VAL2_20220817_064500_008.wav;0;0.5395879745483398;0
7169;VAL2_20220817_064500_009.wav;0;0.35532549023628235;0
7170;VAL2_20220817_064500_010.wav;0;0.35171419382095337;0
7171;VAL2_20220817_064500_011.wav;0;0.16930140554904938;0
7172;VAL2_20220817_064500_012.wav;0;0.14882798492908478;0
7173;VAL2_20220817_064500_013.wav;0;0.1346970796585083;0
7174;VAL2_20220817_064500_014.wav;0;0.5781078338623047;0
7175;VAL2_20220817_064500_015.wav;0;0.27299055457115173;0
7176;VAL2_20220817_064500_016.wav;0;0.056779175996780396;0
7177;VAL2_20220817_064500_017.wav;0;0.11379722505807877;0
7178;VAL2_20220817_064500_018.wav;0;0.3559284210205078;0
7179;VAL2_20220817_064500_019.wav;0;0.13081911206245422;0
7180;VAL4_20220610_040000_000.wav;0;0.2737422287464142;0
7181;VAL4_20220610_040000_001.wav;0;0.4388960897922516;0
7182;VAL4_20220610_040000_002.wav;0;0.13582029938697815;0
7183;VAL4_20220610_040000_003.wav;0;0.41224613785743713;0
7184;VAL4_20220610_040000_004.wav;0;0.2007061094045639;0
7185;VAL4_20220610_040000_005.wav;0;0.16083860397338867;0
7186;VAL4_20220610_040000_006.wav;0;0.3616397976875305;0
7187;VAL4_20220610_040000_007.wav;0;0.24350610375404358;0
7188;VAL4_20220610_040000_008.wav;0;0.18243193626403809;0
7189;VAL4_20220610_040000_009.wav;0;0.2521839737892151;0
7190;VAL4_20220610_040000_010.wav;0;0.21357138454914093;0
7191;VAL4_20220610_040000_011.wav;0;0.1331455409526825;0
7192;VAL4_20220610_040000_012.wav;0;0.3175610601902008;0
7193;VAL4_20220610_040000_013.wav;0;0.6774740219116211;0
7194;VAL4_20220610_040000_014.wav;0;0.18705862760543823;0
7195;VAL4_20220610_040000_015.wav;0;0.4852156341075897;0
7196;VAL4_20220610_040000_016.wav;0;0.3409176170825958;0
7197;VAL4_20220610_040000_017.wav;0;0.5059219598770142;0
7198;VAL4_20220610_040000_018.wav;0;0.5453636050224304;0
7199;VAL4_20220610_040000_019.wav;0;0.12478409707546234;0
7200;VAL4_20220614_133000_000.wav;0;0.30601397156715393;0
7201;VAL4_20220614_133000_001.wav;0;0.13245147466659546;0
7202;VAL4_20220614_133000_002.wav;0;0.2606830596923828;0
7203;VAL4_20220614_133000_003.wav;0;0.32099881768226624;0
7204;VAL4_20220614_133000_004.wav;0;0.23652127385139465;0
7205;VAL4_20220614_133000_005.wav;0;0.11898433417081833;0
7206;VAL4_20220614_133000_006.wav;0;0.1360398828983307;0
7207;VAL4_20220614_133000_007.wav;0;0.11018941551446915;0
7208;VAL4_20220614_133000_008.wav;0;0.22967994213104248;0
7209;VAL4_20220614_133000_009.wav;0;0.10865559428930283;0
7210;VAL4_20220614_133000_010.wav;0;0.5660108327865601;0
7211;VAL4_20220614_133000_011.wav;0;0.13522380590438843;0
7212;VAL4_20220614_133000_012.wav;0;0.18867944180965424;0
7213;VAL4_20220614_133000_013.wav;0;0.11387062072753906;0
7214;VAL4_20220614_133000_014.wav;0;0.18897323310375214;0
7215;VAL4_20220614_133000_015.wav;0;0.14354825019836426;0
7216;VAL4_20220614_133000_016.wav;0;0.5598862767219543;0
7217;VAL4_20220614_133000_017.wav;0;0.3315691351890564;0
7218;VAL4_20220614_133000_018.wav;0;0.13495054841041565;0
7219;VAL4_20220614_133000_019.wav;0;0.2081715613603592;0
7220;VAL4_20220614_183000_000.wav;0;0.3242344260215759;0
7221;VAL4_20220614_183000_001.wav;0;0.44687187671661377;0
7222;VAL4_20220614_183000_002.wav;0;0.5718002915382385;0
7223;VAL4_20220614_183000_003.wav;0;0.1009502187371254;0
7224;VAL4_20220614_183000_004.wav;0;0.04107142984867096;0
7225;VAL4_20220614_183000_005.wav;0;0.22695934772491455;0
7226;VAL4_20220614_183000_006.wav;0;0.17868219316005707;0
7227;VAL4_20220614_183000_007.wav;0;0.2295701503753662;0
7228;VAL4_20220614_183000_008.wav;0;0.2325230836868286;0
7229;VAL4_20220614_183000_009.wav;0;0.45733407139778137;0
7230;VAL4_20220614_183000_010.wav;0;0.21150217950344086;0
7231;VAL4_20220614_183000_011.wav;0;0.8801141977310181;0
7232;VAL4_20220614_183000_012.wav;0;0.6554984450340271;0
7233;VAL4_20220614_183000_013.wav;0;0.28827109932899475;0
7234;VAL4_20220614_183000_014.wav;0;0.1876378208398819;0
7235;VAL4_20220614_183000_015.wav;0;0.1643904149532318;0
7236;VAL4_20220614_183000_016.wav;0;0.26525548100471497;0
7237;VAL4_20220614_183000_017.wav;0;0.48836714029312134;0
7238;VAL4_20220614_183000_018.wav;0;0.6898879408836365;0
7239;VAL4_20220614_183000_019.wav;0;0.13470081984996796;0
7240;VAL4_20220620_004500_000.wav;0;0.28793421387672424;0
7241;VAL4_20220620_004500_001.wav;0;0.5321795344352722;0
7242;VAL4_20220620_004500_002.wav;0;0.15335536003112793;0
7243;VAL4_20220620_004500_003.wav;0;0.5395945906639099;0
7244;VAL4_20220620_004500_004.wav;0;0.47438281774520874;0
7245;VAL4_20220620_004500_005.wav;0;0.44582778215408325;0
7246;VAL4_20220620_004500_006.wav;0;0.612982451915741;0
7247;VAL4_20220620_004500_007.wav;0;0.314815878868103;0
7248;VAL4_20220620_004500_008.wav;0;0.45251229405403137;0
7249;VAL4_20220620_004500_009.wav;0;0.22848103940486908;0
7250;VAL4_20220620_004500_010.wav;0;0.26714298129081726;0
7251;VAL4_20220620_004500_011.wav;0;0.728654146194458;0
7252;VAL4_20220620_004500_012.wav;0;0.3286570608615875;0
7253;VAL4_20220620_004500_013.wav;0;0.4028262197971344;0
7254;VAL4_20220620_004500_014.wav;0;0.42843958735466003;0
7255;VAL4_20220620_004500_015.wav;0;0.2905957102775574;0
7256;VAL4_20220620_004500_016.wav;0;0.6385234594345093;0
7257;VAL4_20220620_004500_017.wav;0;0.21053026616573334;0
7258;VAL4_20220620_004500_018.wav;0;0.5301961302757263;0
7259;VAL4_20220620_004500_019.wav;0;0.8065395355224609;0
7260;VAL4_20220620_070000_000.wav;0;0.7386974096298218;0
7261;VAL4_20220620_070000_001.wav;0;0.8736440539360046;0
7262;VAL4_20220620_070000_002.wav;0;0.8025575876235962;0
7263;VAL4_20220620_070000_003.wav;0;0.8290885090827942;0
7264;VAL4_20220620_070000_004.wav;0;0.5858676433563232;0
7265;VAL4_20220620_070000_005.wav;0;0.9345064163208008;0
7266;VAL4_20220620_070000_006.wav;0;0.9146906733512878;0
7267;VAL4_20220620_070000_007.wav;0;0.28224867582321167;0
7268;VAL4_20220620_070000_008.wav;0;0.735533595085144;0
7269;VAL4_20220620_070000_009.wav;0;0.08525048941373825;0
7270;VAL4_20220620_070000_010.wav;0;0.6678946614265442;0
7271;VAL4_20220620_070000_011.wav;0;0.8548082709312439;0
7272;VAL4_20220620_070000_012.wav;0;0.9187329411506653;0
7273;VAL4_20220620_070000_013.wav;0;0.07199578732252121;0
7274;VAL4_20220620_070000_014.wav;0;0.4635601043701172;0
7275;VAL4_20220620_070000_015.wav;0;0.250410795211792;0
7276;VAL4_20220620_070000_016.wav;0;0.8270313739776611;0
7277;VAL4_20220620_070000_017.wav;0;0.6352961659431458;0
7278;VAL4_20220620_070000_018.wav;0;0.7645465135574341;0
7279;VAL4_20220620_070000_019.wav;0;0.8378097414970398;0
7280;VAL4_20220620_114500_000.wav;0;0.529030978679657;0
7281;VAL4_20220620_114500_001.wav;0;0.6186445355415344;0
7282;VAL4_20220620_114500_002.wav;0;0.2617177963256836;0
7283;VAL4_20220620_114500_003.wav;0;0.6068585515022278;0
7284;VAL4_20220620_114500_004.wav;0;0.13131442666053772;0
7285;VAL4_20220620_114500_005.wav;0;0.2765427529811859;0
7286;VAL4_20220620_114500_006.wav;0;0.463910311460495;0
7287;VAL4_20220620_114500_007.wav;0;0.19588567316532135;0
7288;VAL4_20220620_114500_008.wav;0;0.40643584728240967;0
7289;VAL4_20220620_114500_009.wav;0;0.42337730526924133;0
7290;VAL4_20220620_114500_010.wav;0;0.7928020358085632;0
7291;VAL4_20220620_114500_011.wav;0;0.8606901168823242;0
7292;VAL4_20220620_114500_012.wav;0;0.4021965563297272;1
7293;VAL4_20220620_114500_013.wav;0;0.9477663636207581;1
7294;VAL4_20220620_114500_014.wav;0;0.6352872252464294;1
7295;VAL4_20220620_114500_015.wav;0;0.6690279245376587;1
7296;VAL4_20220620_114500_016.wav;0;0.37105152010917664;1
7297;VAL4_20220620_114500_017.wav;0;0.11629854142665863;1
7298;VAL4_20220620_114500_018.wav;0;0.19796931743621826;0
7299;VAL4_20220620_114500_019.wav;0;0.07123555988073349;0
7300;VAL4_20220620_180000_000.wav;0;0.14920637011528015;0
7301;VAL4_20220620_180000_001.wav;0;0.12669526040554047;0
7302;VAL4_20220620_180000_002.wav;0;0.1426261067390442;0
7303;VAL4_20220620_180000_003.wav;0;0.16577522456645966;0
7304;VAL4_20220620_180000_004.wav;0;0.14827656745910645;0
7305;VAL4_20220620_180000_005.wav;0;0.12084474414587021;0
7306;VAL4_20220620_180000_006.wav;0;0.12071184813976288;0
7307;VAL4_20220620_180000_007.wav;0;0.1276942491531372;0
7308;VAL4_20220620_180000_008.wav;0;0.11185266077518463;0
7309;VAL4_20220620_180000_009.wav;0;0.13370509445667267;0
7310;VAL4_20220620_180000_010.wav;0;0.14344002306461334;0
7311;VAL4_20220620_180000_011.wav;0;0.10220735520124435;0
7312;VAL4_20220620_180000_012.wav;0;0.20715858042240143;0
7313;VAL4_20220620_180000_013.wav;0;0.0643451139330864;0
7314;VAL4_20220620_180000_014.wav;0;0.11923185735940933;0
7315;VAL4_20220620_180000_015.wav;0;0.09241451323032379;0
7316;VAL4_20220620_180000_016.wav;0;0.028498636558651924;0
7317;VAL4_20220620_180000_017.wav;0;0.11773046106100082;0
7318;VAL4_20220620_180000_018.wav;0;0.013682134449481964;0
7319;VAL4_20220620_180000_019.wav;0;0.019896740093827248;0
7320;VAL4_20220620_214500_000.wav;0;0.10760108381509781;0
7321;VAL4_20220620_214500_001.wav;0;0.13492092490196228;0
7322;VAL4_20220620_214500_002.wav;0;0.13445435464382172;0
7323;VAL4_20220620_214500_003.wav;0;0.13033927977085114;0
7324;VAL4_20220620_214500_004.wav;0;0.09219659864902496;0
7325;VAL4_20220620_214500_005.wav;0;0.10173536837100983;0
7326;VAL4_20220620_214500_006.wav;0;0.13536114990711212;0
7327;VAL4_20220620_214500_007.wav;0;0.09012671560049057;0
7328;VAL4_20220620_214500_008.wav;0;0.04386218264698982;0
7329;VAL4_20220620_214500_009.wav;0;0.07620003074407578;0
7330;VAL4_20220620_214500_010.wav;0;0.11754146218299866;0
7331;VAL4_20220620_214500_011.wav;0;0.11259176582098007;0
7332;VAL4_20220620_214500_012.wav;0;0.10009109973907471;0
7333;VAL4_20220620_214500_013.wav;0;0.07502007484436035;0
7334;VAL4_20220620_214500_014.wav;0;0.06556912511587143;0
7335;VAL4_20220620_214500_015.wav;0;0.07062917947769165;0
7336;VAL4_20220620_214500_016.wav;0;0.11126716434955597;0
7337;VAL4_20220620_214500_017.wav;0;0.09255070984363556;0
7338;VAL4_20220620_214500_018.wav;0;0.11565099656581879;0
7339;VAL4_20220620_214500_019.wav;0;0.05646783858537674;0
7340;VAL4_20220622_131500_000.wav;0;0.18394263088703156;0
7341;VAL4_20220622_131500_001.wav;0;0.3580256402492523;0
7342;VAL4_20220622_131500_002.wav;0;0.2816106677055359;0
7343;VAL4_20220622_131500_003.wav;0;0.10589528828859329;0
7344;VAL4_20220622_131500_004.wav;0;0.5319883227348328;0
7345;VAL4_20220622_131500_005.wav;0;0.3173823654651642;0
7346;VAL4_20220622_131500_006.wav;0;0.12613193690776825;0
7347;VAL4_20220622_131500_007.wav;0;0.14997076988220215;0
7348;VAL4_20220622_131500_008.wav;0;0.3087584376335144;0
7349;VAL4_20220622_131500_009.wav;0;0.1797545701265335;0
7350;VAL4_20220622_131500_010.wav;0;0.20491912961006165;0
7351;VAL4_20220622_131500_011.wav;0;0.20483148097991943;0
7352;VAL4_20220622_131500_012.wav;0;0.18207569420337677;0
7353;VAL4_20220622_131500_013.wav;0;0.19352079927921295;0
7354;VAL4_20220622_131500_014.wav;0;0.2351636439561844;0
7355;VAL4_20220622_131500_015.wav;0;0.18029877543449402;0
7356;VAL4_20220622_131500_016.wav;0;0.24764129519462585;0
7357;VAL4_20220622_131500_017.wav;0;0.16673465073108673;0
7358;VAL4_20220622_131500_018.wav;0;0.18629813194274902;0
7359;VAL4_20220622_131500_019.wav;0;0.7182093858718872;0
7360;VAL4_20220622_144500_000.wav;0;0.39064428210258484;0
7361;VAL4_20220622_144500_001.wav;0;0.258159339427948;0
7362;VAL4_20220622_144500_002.wav;0;0.15457536280155182;0
7363;VAL4_20220622_144500_003.wav;0;0.11385352164506912;0
7364;VAL4_20220622_144500_004.wav;0;0.49108558893203735;0
7365;VAL4_20220622_144500_005.wav;0;0.11769301444292068;0
7366;VAL4_20220622_144500_006.wav;0;0.39231979846954346;0
7367;VAL4_20220622_144500_007.wav;1;0.7123482823371887;1
7368;VAL4_20220622_144500_008.wav;1;0.1372944712638855;1
7369;VAL4_20220622_144500_009.wav;0;0.5503801703453064;0
7370;VAL4_20220622_144500_010.wav;1;0.7726812958717346;1
7371;VAL4_20220622_144500_011.wav;1;0.06573018431663513;1
7372;VAL4_20220622_144500_012.wav;0;0.21930694580078125;0
7373;VAL4_20220622_144500_013.wav;0;0.1560954451560974;0
7374;VAL4_20220622_144500_014.wav;0;0.08248522132635117;0
7375;VAL4_20220622_144500_015.wav;0;0.33165863156318665;0
7376;VAL4_20220622_144500_016.wav;0;0.12112228572368622;0
7377;VAL4_20220622_144500_017.wav;0;0.15169964730739594;0
7378;VAL4_20220622_144500_018.wav;0;0.16628198325634003;0
7379;VAL4_20220622_144500_019.wav;0;0.11902108788490295;0
7380;VAL4_20220626_011500_000.wav;0;0.18532149493694305;0
7381;VAL4_20220626_011500_001.wav;0;0.12897276878356934;0
7382;VAL4_20220626_011500_002.wav;0;0.13595451414585114;0
7383;VAL4_20220626_011500_003.wav;0;0.11656133830547333;0
7384;VAL4_20220626_011500_004.wav;0;0.11620461940765381;0
7385;VAL4_20220626_011500_005.wav;0;0.1464228481054306;0
7386;VAL4_20220626_011500_006.wav;0;0.18043676018714905;0
7387;VAL4_20220626_011500_007.wav;0;0.11010128259658813;0
7388;VAL4_20220626_011500_008.wav;0;0.03864654153585434;0
7389;VAL4_20220626_011500_009.wav;0;0.10582118481397629;0
7390;VAL4_20220626_011500_010.wav;0;0.14135140180587769;0
7391;VAL4_20220626_011500_011.wav;0;0.05353416129946709;0
7392;VAL4_20220626_011500_012.wav;0;0.12434181571006775;0
7393;VAL4_20220626_011500_013.wav;0;0.10926627367734909;0
7394;VAL4_20220626_011500_014.wav;0;0.0502944141626358;0
7395;VAL4_20220626_011500_015.wav;0;0.11064422875642776;0
7396;VAL4_20220626_011500_016.wav;0;0.03360461816191673;0
7397;VAL4_20220626_011500_017.wav;0;0.04521649703383446;0
7398;VAL4_20220626_011500_018.wav;0;0.047981198877096176;0
7399;VAL4_20220626_011500_019.wav;0;0.04214896261692047;0
7400;VAL4_20220626_174500_000.wav;0;0.12131381779909134;0
7401;VAL4_20220626_174500_001.wav;1;0.0916767418384552;1
7402;VAL4_20220626_174500_002.wav;1;0.06819312274456024;1
7403;VAL4_20220626_174500_003.wav;1;0.05110763758420944;1
7404;VAL4_20220626_174500_004.wav;1;0.08103366941213608;1
7405;VAL4_20220626_174500_005.wav;1;0.061625462025403976;1
7406;VAL4_20220626_174500_006.wav;1;0.6867029070854187;1
7407;VAL4_20220626_174500_007.wav;0;0.9513753056526184;0
7408;VAL4_20220626_174500_008.wav;0;0.43087485432624817;0
7409;VAL4_20220626_174500_009.wav;0;0.13376331329345703;0
7410;VAL4_20220626_174500_010.wav;0;0.1409991830587387;0
7411;VAL4_20220626_174500_011.wav;0;0.1531195342540741;0
7412;VAL4_20220626_174500_012.wav;0;0.12121643871068954;0
7413;VAL4_20220626_174500_013.wav;0;0.13608476519584656;0
7414;VAL4_20220626_174500_014.wav;0;0.1770397126674652;0
7415;VAL4_20220626_174500_015.wav;0;0.15670080482959747;0
7416;VAL4_20220626_174500_016.wav;0;0.3121817111968994;0
7417;VAL4_20220626_174500_017.wav;0;0.1475827842950821;0
7418;VAL4_20220626_174500_018.wav;0;0.11337718367576599;0
7419;VAL4_20220626_174500_019.wav;0;0.10632824897766113;0
7420;VAL4_20220630_100000_000.wav;1;0.6948664784431458;1
7421;VAL4_20220630_100000_001.wav;1;0.5451078414916992;1
7422;VAL4_20220630_100000_002.wav;1;0.8026325106620789;1
7423;VAL4_20220630_100000_003.wav;1;0.32908427715301514;1
7424;VAL4_20220630_100000_004.wav;1;0.9868229627609253;1
7425;VAL4_20220630_100000_005.wav;1;0.9118157029151917;1
7426;VAL4_20220630_100000_006.wav;1;0.969616174697876;1
7427;VAL4_20220630_100000_007.wav;1;0.9688613414764404;1
7428;VAL4_20220630_100000_008.wav;1;0.7793871164321899;1
7429;VAL4_20220630_100000_009.wav;0;0.5794540643692017;0
7430;VAL4_20220630_100000_010.wav;0;0.36845681071281433;0
7431;VAL4_20220630_100000_011.wav;1;0.9135008454322815;1
7432;VAL4_20220630_100000_012.wav;1;0.6201814413070679;1
7433;VAL4_20220630_100000_013.wav;0;0.4376838803291321;0
7434;VAL4_20220630_100000_014.wav;0;0.2278532236814499;0
7435;VAL4_20220630_100000_015.wav;0;0.13221974670886993;0
7436;VAL4_20220630_100000_016.wav;0;0.09762302786111832;0
7437;VAL4_20220630_100000_017.wav;0;0.3062317669391632;0
7438;VAL4_20220630_100000_018.wav;0;0.5174959897994995;0
7439;VAL4_20220630_100000_019.wav;0;0.059258587658405304;0
7440;VAL4_20220630_171500_000.wav;0;0.7801839709281921;0
7441;VAL4_20220630_171500_001.wav;0;0.4030197560787201;0
7442;VAL4_20220630_171500_002.wav;0;0.6263402700424194;0
7443;VAL4_20220630_171500_003.wav;0;0.7145874500274658;0
7444;VAL4_20220630_171500_004.wav;0;0.4623890817165375;0
7445;VAL4_20220630_171500_005.wav;0;0.372687965631485;0
7446;VAL4_20220630_171500_006.wav;0;0.5014282464981079;0
7447;VAL4_20220630_171500_007.wav;0;0.2413005828857422;0
7448;VAL4_20220630_171500_008.wav;0;0.143976628780365;0
7449;VAL4_20220630_171500_009.wav;0;0.9002935886383057;0
7450;VAL4_20220630_171500_010.wav;0;0.650732159614563;0
7451;VAL4_20220630_171500_011.wav;0;0.2819227874279022;0
7452;VAL4_20220630_171500_012.wav;0;0.19921793043613434;0
7453;VAL4_20220630_171500_013.wav;0;0.29820212721824646;0
7454;VAL4_20220630_171500_014.wav;0;0.5685286521911621;0
7455;VAL4_20220630_171500_015.wav;0;0.8874649405479431;0
7456;VAL4_20220630_171500_016.wav;0;0.7167747616767883;0
7457;VAL4_20220630_171500_017.wav;0;0.4934118986129761;0
7458;VAL4_20220630_171500_018.wav;0;0.766953706741333;0
7459;VAL4_20220630_171500_019.wav;0;0.608802080154419;0
7460;VAL4_20220702_044500_000.wav;0;0.9634970426559448;0
7461;VAL4_20220702_044500_001.wav;0;0.9785889387130737;0
7462;VAL4_20220702_044500_002.wav;0;0.9700091481208801;0
7463;VAL4_20220702_044500_003.wav;0;0.9836709499359131;0
7464;VAL4_20220702_044500_004.wav;0;0.9381230473518372;0
7465;VAL4_20220702_044500_005.wav;0;0.9655181169509888;0
7466;VAL4_20220702_044500_006.wav;0;0.9692378044128418;0
7467;VAL4_20220702_044500_007.wav;0;0.9392133951187134;0
7468;VAL4_20220702_044500_008.wav;0;0.8440989255905151;0
7469;VAL4_20220702_044500_009.wav;0;0.7886813282966614;0
7470;VAL4_20220702_044500_010.wav;0;0.8836960196495056;0
7471;VAL4_20220702_044500_011.wav;0;0.8789159059524536;0
7472;VAL4_20220702_044500_012.wav;0;0.8626784682273865;0
7473;VAL4_20220702_044500_013.wav;0;0.8185339570045471;0
7474;VAL4_20220702_044500_014.wav;0;0.9478599429130554;0
7475;VAL4_20220702_044500_015.wav;0;0.9316352605819702;0
7476;VAL4_20220702_044500_016.wav;0;0.9549866914749146;0
7477;VAL4_20220702_044500_017.wav;0;0.841754138469696;0
7478;VAL4_20220702_044500_018.wav;0;0.8205760717391968;0
7479;VAL4_20220702_044500_019.wav;0;0.8555698394775391;0
7480;VAL4_20220704_054500_000.wav;0;0.968698263168335;0
7481;VAL4_20220704_054500_001.wav;0;0.1147940456867218;0
7482;VAL4_20220704_054500_002.wav;0;0.33399826288223267;0
7483;VAL4_20220704_054500_003.wav;0;0.7469281554222107;0
7484;VAL4_20220704_054500_004.wav;0;0.184553325176239;0
7485;VAL4_20220704_054500_005.wav;0;0.07538741827011108;0
7486;VAL4_20220704_054500_006.wav;0;0.061327412724494934;0
7487;VAL4_20220704_054500_007.wav;0;0.5246872305870056;0
7488;VAL4_20220704_054500_008.wav;0;0.5414626002311707;0
7489;VAL4_20220704_054500_009.wav;0;0.47488123178482056;0
7490;VAL4_20220704_054500_010.wav;0;0.25539615750312805;0
7491;VAL4_20220704_054500_011.wav;0;0.08810637891292572;0
7492;VAL4_20220704_054500_012.wav;0;0.4774746000766754;0
7493;VAL4_20220704_054500_013.wav;0;0.5039111971855164;0
7494;VAL4_20220704_054500_014.wav;0;0.7186980247497559;0
7495;VAL4_20220704_054500_015.wav;0;0.43795210123062134;0
7496;VAL4_20220704_054500_016.wav;0;0.6469943523406982;0
7497;VAL4_20220704_054500_017.wav;0;0.4244711995124817;0
7498;VAL4_20220704_054500_018.wav;0;0.903992772102356;0
7499;VAL4_20220704_054500_019.wav;0;0.09551263600587845;0
7500;VAL4_20220714_061500_000.wav;0;0.9719576835632324;0
7501;VAL4_20220714_061500_001.wav;0;0.9816122651100159;0
7502;VAL4_20220714_061500_002.wav;0;0.9686810970306396;0
7503;VAL4_20220714_061500_003.wav;0;0.9929538369178772;0
7504;VAL4_20220714_061500_004.wav;0;0.8983122706413269;0
7505;VAL4_20220714_061500_005.wav;0;0.6592234373092651;0
7506;VAL4_20220714_061500_006.wav;0;0.8622046709060669;0
7507;VAL4_20220714_061500_007.wav;0;0.523914098739624;0
7508;VAL4_20220714_061500_008.wav;0;0.8386593461036682;0
7509;VAL4_20220714_061500_009.wav;0;0.562396228313446;0
7510;VAL4_20220714_061500_010.wav;0;0.6226702928543091;0
7511;VAL4_20220714_061500_011.wav;0;0.9534112811088562;0
7512;VAL4_20220714_061500_012.wav;0;0.6008937954902649;0
7513;VAL4_20220714_061500_013.wav;0;0.15419955551624298;0
7514;VAL4_20220714_061500_014.wav;0;0.41764575242996216;0
7515;VAL4_20220714_061500_015.wav;0;0.2507878839969635;0
7516;VAL4_20220714_061500_016.wav;0;0.80604088306427;0
7517;VAL4_20220714_061500_017.wav;0;0.3890426754951477;0
7518;VAL4_20220714_061500_018.wav;0;0.8985517024993896;0
7519;VAL4_20220714_061500_019.wav;0;0.885814368724823;0
7520;VAL4_20220714_174500_000.wav;0;0.7173316478729248;0
7521;VAL4_20220714_174500_001.wav;0;0.9352346658706665;0
7522;VAL4_20220714_174500_002.wav;0;0.9342039823532104;0
7523;VAL4_20220714_174500_003.wav;0;0.9247280955314636;0
7524;VAL4_20220714_174500_004.wav;0;0.3568686842918396;0
7525;VAL4_20220714_174500_005.wav;0;0.9794068336486816;0
7526;VAL4_20220714_174500_006.wav;0;0.9476869106292725;0
7527;VAL4_20220714_174500_007.wav;0;0.7339562773704529;0
7528;VAL4_20220714_174500_008.wav;0;0.8170851469039917;0
7529;VAL4_20220714_174500_009.wav;0;0.9623235464096069;0
7530;VAL4_20220714_174500_010.wav;0;0.336161345243454;0
7531;VAL4_20220714_174500_011.wav;0;0.4916061460971832;0
7532;VAL4_20220714_174500_012.wav;0;0.5482791662216187;0
7533;VAL4_20220714_174500_013.wav;0;0.6844517588615417;0
7534;VAL4_20220714_174500_014.wav;0;0.5378644466400146;0
7535;VAL4_20220714_174500_015.wav;0;0.9409381747245789;0
7536;VAL4_20220714_174500_016.wav;0;0.8785345554351807;0
7537;VAL4_20220714_174500_017.wav;0;0.8564761877059937;0
7538;VAL4_20220714_174500_018.wav;0;0.7285148501396179;0
7539;VAL4_20220714_174500_019.wav;0;0.28520604968070984;0
7540;VAL4_20220716_221500_000.wav;0;0.4121682345867157;0
7541;VAL4_20220716_221500_001.wav;0;0.2853050231933594;0
7542;VAL4_20220716_221500_002.wav;0;0.14843493700027466;0
7543;VAL4_20220716_221500_003.wav;0;0.14679232239723206;0
7544;VAL4_20220716_221500_004.wav;0;0.5906326770782471;0
7545;VAL4_20220716_221500_005.wav;0;0.07891836762428284;0
7546;VAL4_20220716_221500_006.wav;0;0.09833572059869766;0
7547;VAL4_20220716_221500_007.wav;0;0.15024250745773315;0
7548;VAL4_20220716_221500_008.wav;0;0.4966685175895691;0
7549;VAL4_20220716_221500_009.wav;0;0.36283421516418457;0
7550;VAL4_20220716_221500_010.wav;0;0.3033958077430725;0
7551;VAL4_20220716_221500_011.wav;0;0.18760311603546143;0
7552;VAL4_20220716_221500_012.wav;0;0.13456618785858154;0
7553;VAL4_20220716_221500_013.wav;0;0.522760272026062;0
7554;VAL4_20220716_221500_014.wav;0;0.303009957075119;0
7555;VAL4_20220716_221500_015.wav;0;0.4309309124946594;0
7556;VAL4_20220716_221500_016.wav;0;0.06469909101724625;0
7557;VAL4_20220716_221500_017.wav;0;0.07975123077630997;0
7558;VAL4_20220716_221500_018.wav;0;0.08189185708761215;0
7559;VAL4_20220716_221500_019.wav;0;0.09503642469644547;0
7560;VAL4_20220718_071500_000.wav;0;0.46797963976860046;0
7561;VAL4_20220718_071500_001.wav;0;0.4650285840034485;0
7562;VAL4_20220718_071500_002.wav;0;0.7708600759506226;0
7563;VAL4_20220718_071500_003.wav;0;0.8872963786125183;0
7564;VAL4_20220718_071500_004.wav;0;0.5698374509811401;0
7565;VAL4_20220718_071500_005.wav;0;0.8160260319709778;0
7566;VAL4_20220718_071500_006.wav;0;0.8401089310646057;0
7567;VAL4_20220718_071500_007.wav;0;0.9618703722953796;0
7568;VAL4_20220718_071500_008.wav;0;0.8937831521034241;0
7569;VAL4_20220718_071500_009.wav;0;0.9771978259086609;0
7570;VAL4_20220718_071500_010.wav;0;0.9382495880126953;0
7571;VAL4_20220718_071500_011.wav;0;0.9483658671379089;0
7572;VAL4_20220718_071500_012.wav;0;0.8268463015556335;0
7573;VAL4_20220718_071500_013.wav;0;0.6010144948959351;0
7574;VAL4_20220718_071500_014.wav;0;0.6581459045410156;0
7575;VAL4_20220718_071500_015.wav;0;0.8825756311416626;0
7576;VAL4_20220718_071500_016.wav;0;0.9317938089370728;0
7577;VAL4_20220718_071500_017.wav;0;0.8030581474304199;0
7578;VAL4_20220718_071500_018.wav;0;0.9798632264137268;0
7579;VAL4_20220718_071500_019.wav;0;0.4960953891277313;0
7580;VAL4_20220720_053000_000.wav;0;0.373790442943573;0
7581;VAL4_20220720_053000_001.wav;0;0.6554311513900757;0
7582;VAL4_20220720_053000_002.wav;0;0.1456512063741684;0
7583;VAL4_20220720_053000_003.wav;0;0.057814568281173706;0
7584;VAL4_20220720_053000_004.wav;0;0.32389602065086365;0
7585;VAL4_20220720_053000_005.wav;0;0.5601375699043274;0
7586;VAL4_20220720_053000_006.wav;0;0.8305052518844604;0
7587;VAL4_20220720_053000_007.wav;0;0.11684244871139526;0
7588;VAL4_20220720_053000_008.wav;0;0.12818416953086853;0
7589;VAL4_20220720_053000_009.wav;0;0.5251551866531372;0
7590;VAL4_20220720_053000_010.wav;0;0.6030716896057129;0
7591;VAL4_20220720_053000_011.wav;0;0.5507901906967163;0
7592;VAL4_20220720_053000_012.wav;0;0.773251473903656;0
7593;VAL4_20220720_053000_013.wav;0;0.21403087675571442;0
7594;VAL4_20220720_053000_014.wav;0;0.4552004039287567;0
7595;VAL4_20220720_053000_015.wav;0;0.6950669884681702;0
7596;VAL4_20220720_053000_016.wav;0;0.15754936635494232;0
7597;VAL4_20220720_053000_017.wav;0;0.6226059794425964;0
7598;VAL4_20220720_053000_018.wav;0;0.5770705342292786;0
7599;VAL4_20220720_053000_019.wav;0;0.1731138378381729;0
7600;VAL4_20220720_063000_000.wav;0;0.6674864292144775;0
7601;VAL4_20220720_063000_001.wav;0;0.6992121338844299;0
7602;VAL4_20220720_063000_002.wav;0;0.9076308012008667;0
7603;VAL4_20220720_063000_003.wav;0;0.695730984210968;0
7604;VAL4_20220720_063000_004.wav;0;0.49266257882118225;0
7605;VAL4_20220720_063000_005.wav;0;0.8146855235099792;0
7606;VAL4_20220720_063000_006.wav;0;0.3802720308303833;0
7607;VAL4_20220720_063000_007.wav;0;0.0979384258389473;0
7608;VAL4_20220720_063000_008.wav;0;0.7846392393112183;0
7609;VAL4_20220720_063000_009.wav;0;0.9200599789619446;0
7610;VAL4_20220720_063000_010.wav;0;0.9299131631851196;0
7611;VAL4_20220720_063000_011.wav;0;0.21993198990821838;0
7612;VAL4_20220720_063000_012.wav;0;0.7929412722587585;0
7613;VAL4_20220720_063000_013.wav;0;0.11408765614032745;0
7614;VAL4_20220720_063000_014.wav;0;0.3096160590648651;0
7615;VAL4_20220720_063000_015.wav;0;0.6488904356956482;0
7616;VAL4_20220720_063000_016.wav;0;0.21115314960479736;0
7617;VAL4_20220720_063000_017.wav;0;0.5125880837440491;0
7618;VAL4_20220720_063000_018.wav;0;0.41684043407440186;0
7619;VAL4_20220720_063000_019.wav;0;0.1469481736421585;0
7620;VAL4_20220722_144500_000.wav;0;0.43483251333236694;0
7621;VAL4_20220722_144500_001.wav;0;0.7288591265678406;0
7622;VAL4_20220722_144500_002.wav;0;0.3768608868122101;0
7623;VAL4_20220722_144500_003.wav;0;0.2663441002368927;0
7624;VAL4_20220722_144500_004.wav;0;0.24474672973155975;0
7625;VAL4_20220722_144500_005.wav;0;0.1320461928844452;0
7626;VAL4_20220722_144500_006.wav;0;0.17346107959747314;0
7627;VAL4_20220722_144500_007.wav;0;0.1302783340215683;0
7628;VAL4_20220722_144500_008.wav;0;0.26602983474731445;0
7629;VAL4_20220722_144500_009.wav;0;0.3327505588531494;0
7630;VAL4_20220722_144500_010.wav;0;0.15231040120124817;0
7631;VAL4_20220722_144500_011.wav;0;0.0704827830195427;0
7632;VAL4_20220722_144500_012.wav;0;0.47825226187705994;0
7633;VAL4_20220722_144500_013.wav;0;0.1651824712753296;0
7634;VAL4_20220722_144500_014.wav;0;0.1425260752439499;0
7635;VAL4_20220722_144500_015.wav;0;0.15289779007434845;0
7636;VAL4_20220722_144500_016.wav;0;0.12317753583192825;0
7637;VAL4_20220722_144500_017.wav;0;0.11878091841936111;0
7638;VAL4_20220722_144500_018.wav;0;0.10683506727218628;0
7639;VAL4_20220722_144500_019.wav;0;0.12756440043449402;0
7640;VAL4_20220724_210000_000.wav;0;0.17109283804893494;0
7641;VAL4_20220724_210000_001.wav;0;0.12216716259717941;0
7642;VAL4_20220724_210000_002.wav;0;0.11683318763971329;0
7643;VAL4_20220724_210000_003.wav;0;0.16377106308937073;0
7644;VAL4_20220724_210000_004.wav;0;0.16662998497486115;0
7645;VAL4_20220724_210000_005.wav;0;0.12339135259389877;0
7646;VAL4_20220724_210000_006.wav;0;0.13967639207839966;0
7647;VAL4_20220724_210000_007.wav;0;0.10380683839321136;0
7648;VAL4_20220724_210000_008.wav;0;0.15589426457881927;0
7649;VAL4_20220724_210000_009.wav;0;0.3199104368686676;0
7650;VAL4_20220724_210000_010.wav;0;0.1448330134153366;0
7651;VAL4_20220724_210000_011.wav;0;0.1490022987127304;0
7652;VAL4_20220724_210000_012.wav;0;0.13300061225891113;0
7653;VAL4_20220724_210000_013.wav;0;0.398220419883728;0
7654;VAL4_20220724_210000_014.wav;0;0.1611672192811966;0
7655;VAL4_20220724_210000_015.wav;0;0.12820646166801453;0
7656;VAL4_20220724_210000_016.wav;0;0.1215287446975708;0
7657;VAL4_20220724_210000_017.wav;0;0.12029008567333221;0
7658;VAL4_20220724_210000_018.wav;0;0.15816178917884827;0
7659;VAL4_20220724_210000_019.wav;0;0.14355286955833435;0
7660;VAL4_20220730_121500_000.wav;0;0.34289807081222534;0
7661;VAL4_20220730_121500_001.wav;0;0.1391981691122055;0
7662;VAL4_20220730_121500_002.wav;0;0.2767060101032257;0
7663;VAL4_20220730_121500_003.wav;0;0.24493207037448883;0
7664;VAL4_20220730_121500_004.wav;0;0.24561220407485962;0
7665;VAL4_20220730_121500_005.wav;0;0.7093108296394348;0
7666;VAL4_20220730_121500_006.wav;0;0.25503015518188477;0
7667;VAL4_20220730_121500_007.wav;0;0.45837515592575073;0
7668;VAL4_20220730_121500_008.wav;0;0.2201938033103943;0
7669;VAL4_20220730_121500_009.wav;0;0.350147545337677;0
7670;VAL4_20220730_121500_010.wav;0;0.4073258638381958;0
7671;VAL4_20220730_121500_011.wav;0;0.12531261146068573;0
7672;VAL4_20220730_121500_012.wav;0;0.2022298127412796;0
7673;VAL4_20220730_121500_013.wav;0;0.13516592979431152;0
7674;VAL4_20220730_121500_014.wav;0;0.2470225989818573;0
7675;VAL4_20220730_121500_015.wav;0;0.4350842833518982;0
7676;VAL4_20220730_121500_016.wav;0;0.2354920655488968;0
7677;VAL4_20220730_121500_017.wav;0;0.13260291516780853;0
7678;VAL4_20220730_121500_018.wav;0;0.19636745750904083;0
7679;VAL4_20220730_121500_019.wav;0;0.13193896412849426;0
7680;VAL4_20220730_213000_000.wav;0;0.19060145318508148;0
7681;VAL4_20220730_213000_001.wav;0;0.38131609559059143;0
7682;VAL4_20220730_213000_002.wav;0;0.3250199854373932;0
7683;VAL4_20220730_213000_003.wav;0;0.5727719068527222;0
7684;VAL4_20220730_213000_004.wav;0;0.42542919516563416;0
7685;VAL4_20220730_213000_005.wav;0;0.46020230650901794;0
7686;VAL4_20220730_213000_006.wav;0;0.7184792757034302;0
7687;VAL4_20220730_213000_007.wav;0;0.32685813307762146;0
7688;VAL4_20220730_213000_008.wav;0;0.07713841646909714;0
7689;VAL4_20220730_213000_009.wav;0;0.21352651715278625;0
7690;VAL4_20220730_213000_010.wav;0;0.2023649364709854;0
7691;VAL4_20220730_213000_011.wav;0;0.7559305429458618;0
7692;VAL4_20220730_213000_012.wav;0;0.5050901174545288;0
7693;VAL4_20220730_213000_013.wav;0;0.6257615089416504;0
7694;VAL4_20220730_213000_014.wav;0;0.11019006371498108;0
7695;VAL4_20220730_213000_015.wav;0;0.6493368744850159;0
7696;VAL4_20220730_213000_016.wav;0;0.9222483038902283;0
7697;VAL4_20220730_213000_017.wav;0;0.20870183408260345;0
7698;VAL4_20220730_213000_018.wav;0;0.02855358086526394;0
7699;VAL4_20220730_213000_019.wav;0;0.06418493390083313;0
7700;VAL4_20220803_110000_000.wav;0;0.13503171503543854;0
7701;VAL4_20220803_110000_001.wav;0;0.1907985657453537;0
7702;VAL4_20220803_110000_002.wav;0;0.046623677015304565;0
7703;VAL4_20220803_110000_003.wav;0;0.19718344509601593;0
7704;VAL4_20220803_110000_004.wav;0;0.0672965869307518;0
7705;VAL4_20220803_110000_005.wav;0;0.24701762199401855;0
7706;VAL4_20220803_110000_006.wav;0;0.30982083082199097;0
7707;VAL4_20220803_110000_007.wav;0;0.28887510299682617;0
7708;VAL4_20220803_110000_008.wav;0;0.13807383179664612;0
7709;VAL4_20220803_110000_009.wav;0;0.3778301179409027;0
7710;VAL4_20220803_110000_010.wav;0;0.24823686480522156;0
7711;VAL4_20220803_110000_011.wav;0;0.15176557004451752;0
7712;VAL4_20220803_110000_012.wav;0;0.06648129969835281;0
7713;VAL4_20220803_110000_013.wav;0;0.3089231252670288;0
7714;VAL4_20220803_110000_014.wav;0;0.13067959249019623;0
7715;VAL4_20220803_110000_015.wav;0;0.1047939658164978;0
7716;VAL4_20220803_110000_016.wav;0;0.28389301896095276;0
7717;VAL4_20220803_110000_017.wav;0;0.6631689071655273;0
7718;VAL4_20220803_110000_018.wav;0;0.10970067977905273;0
7719;VAL4_20220803_110000_019.wav;0;0.3058880567550659;0
7720;VAL4_20220803_173000_000.wav;0;0.8680958151817322;0
7721;VAL4_20220803_173000_001.wav;0;0.7115932106971741;0
7722;VAL4_20220803_173000_002.wav;0;0.3836504817008972;0
7723;VAL4_20220803_173000_003.wav;0;0.8597100377082825;0
7724;VAL4_20220803_173000_004.wav;0;0.7293800711631775;0
7725;VAL4_20220803_173000_005.wav;0;0.26095473766326904;0
7726;VAL4_20220803_173000_006.wav;0;0.22488656640052795;0
7727;VAL4_20220803_173000_007.wav;0;0.10550238937139511;0
7728;VAL4_20220803_173000_008.wav;0;0.23584848642349243;0
7729;VAL4_20220803_173000_009.wav;0;0.5328785181045532;0
7730;VAL4_20220803_173000_010.wav;0;0.8872857689857483;0
7731;VAL4_20220803_173000_011.wav;0;0.3965122401714325;0
7732;VAL4_20220803_173000_012.wav;0;0.2811175286769867;0
7733;VAL4_20220803_173000_013.wav;0;0.2970236837863922;0
7734;VAL4_20220803_173000_014.wav;0;0.1451806128025055;0
7735;VAL4_20220803_173000_015.wav;0;0.681169867515564;0
7736;VAL4_20220803_173000_016.wav;0;0.5973698496818542;0
7737;VAL4_20220803_173000_017.wav;0;0.22886037826538086;0
7738;VAL4_20220803_173000_018.wav;0;0.2187124639749527;0
7739;VAL4_20220803_173000_019.wav;0;0.36980465054512024;0
7740;VAL4_20220803_221500_000.wav;0;0.4479077458381653;0
7741;VAL4_20220803_221500_001.wav;0;0.7243877053260803;0
7742;VAL4_20220803_221500_002.wav;0;0.931407630443573;0
7743;VAL4_20220803_221500_003.wav;0;0.19410154223442078;0
7744;VAL4_20220803_221500_004.wav;0;0.38080206513404846;0
7745;VAL4_20220803_221500_005.wav;0;0.3259826600551605;0
7746;VAL4_20220803_221500_006.wav;0;0.2505539357662201;0
7747;VAL4_20220803_221500_007.wav;0;0.6099728941917419;0
7748;VAL4_20220803_221500_008.wav;0;0.25322604179382324;0
7749;VAL4_20220803_221500_009.wav;0;0.5707314610481262;0
7750;VAL4_20220803_221500_010.wav;0;0.8324524164199829;0
7751;VAL4_20220803_221500_011.wav;0;0.9012249112129211;0
7752;VAL4_20220803_221500_012.wav;0;0.18128100037574768;0
7753;VAL4_20220803_221500_013.wav;0;0.7755976319313049;0
7754;VAL4_20220803_221500_014.wav;0;0.7702468037605286;0
7755;VAL4_20220803_221500_015.wav;0;0.8138099312782288;0
7756;VAL4_20220803_221500_016.wav;0;0.9140412211418152;0
7757;VAL4_20220803_221500_017.wav;0;0.5745874047279358;0
7758;VAL4_20220803_221500_018.wav;0;0.3298904597759247;0
7759;VAL4_20220803_221500_019.wav;0;0.14145329594612122;0
7760;VAL4_20220807_034500_000.wav;0;0.4347822964191437;0
7761;VAL4_20220807_034500_001.wav;0;0.49826866388320923;0
7762;VAL4_20220807_034500_002.wav;0;0.17533734440803528;0
7763;VAL4_20220807_034500_003.wav;0;0.10211743414402008;0
7764;VAL4_20220807_034500_004.wav;0;0.10274349898099899;0
7765;VAL4_20220807_034500_005.wav;0;0.30223846435546875;0
7766;VAL4_20220807_034500_006.wav;0;0.10617820173501968;0
7767;VAL4_20220807_034500_007.wav;0;0.5314384698867798;0
7768;VAL4_20220807_034500_008.wav;0;0.18401338160037994;0
7769;VAL4_20220807_034500_009.wav;0;0.6736136674880981;0
7770;VAL4_20220807_034500_010.wav;0;0.09190195053815842;0
7771;VAL4_20220807_034500_011.wav;0;0.4096246361732483;0
7772;VAL4_20220807_034500_012.wav;0;0.13760362565517426;0
7773;VAL4_20220807_034500_013.wav;0;0.3332616090774536;0
7774;VAL4_20220807_034500_014.wav;0;0.25053930282592773;0
7775;VAL4_20220807_034500_015.wav;0;0.22608594596385956;0
7776;VAL4_20220807_034500_016.wav;0;0.5416953563690186;0
7777;VAL4_20220807_034500_017.wav;0;0.2023536115884781;0
7778;VAL4_20220807_034500_018.wav;0;0.15532176196575165;0
7779;VAL4_20220807_034500_019.wav;0;0.20901498198509216;0
7780;VAL4_20220809_203000_000.wav;0;0.9570721387863159;0
7781;VAL4_20220809_203000_001.wav;0;0.9263076782226562;0
7782;VAL4_20220809_203000_002.wav;0;0.4894670248031616;0
7783;VAL4_20220809_203000_003.wav;0;0.49272421002388;0
7784;VAL4_20220809_203000_004.wav;0;0.520696759223938;0
7785;VAL4_20220809_203000_005.wav;0;0.9672299027442932;0
7786;VAL4_20220809_203000_006.wav;0;0.6033123135566711;0
7787;VAL4_20220809_203000_007.wav;0;0.5030496120452881;0
7788;VAL4_20220809_203000_008.wav;0;0.6933353543281555;0
7789;VAL4_20220809_203000_009.wav;0;0.5689724087715149;0
7790;VAL4_20220809_203000_010.wav;0;0.6725921034812927;0
7791;VAL4_20220809_203000_011.wav;0;0.9442683458328247;0
7792;VAL4_20220809_203000_012.wav;0;0.4211735427379608;0
7793;VAL4_20220809_203000_013.wav;0;0.2473597377538681;0
7794;VAL4_20220809_203000_014.wav;0;0.17380055785179138;0
7795;VAL4_20220809_203000_015.wav;0;0.3152432143688202;0
7796;VAL4_20220809_203000_016.wav;0;0.06803048402070999;0
7797;VAL4_20220809_203000_017.wav;0;0.10066896677017212;0
7798;VAL4_20220809_203000_018.wav;0;0.24031025171279907;0
7799;VAL4_20220809_203000_019.wav;0;0.09633400291204453;0
7800;VAL4_20220811_073000_000.wav;0;0.5423857569694519;0
7801;VAL4_20220811_073000_001.wav;0;0.49762198328971863;0
7802;VAL4_20220811_073000_002.wav;0;0.9793453216552734;0
7803;VAL4_20220811_073000_003.wav;0;0.8831030130386353;0
7804;VAL4_20220811_073000_004.wav;0;0.9606605768203735;0
7805;VAL4_20220811_073000_005.wav;0;0.4237458407878876;0
7806;VAL4_20220811_073000_006.wav;0;0.3199498951435089;0
7807;VAL4_20220811_073000_007.wav;0;0.8324438333511353;0
7808;VAL4_20220811_073000_008.wav;0;0.15674860775470734;0
7809;VAL4_20220811_073000_009.wav;0;0.16038747131824493;0
7810;VAL4_20220811_073000_010.wav;0;0.1658933162689209;0
7811;VAL4_20220811_073000_011.wav;0;0.1850007027387619;0
7812;VAL4_20220811_073000_012.wav;0;0.14754115045070648;0
7813;VAL4_20220811_073000_013.wav;0;0.1555723398923874;0
7814;VAL4_20220811_073000_014.wav;0;0.20512902736663818;0
7815;VAL4_20220811_073000_015.wav;0;0.17472881078720093;0
7816;VAL4_20220811_073000_016.wav;0;0.44270145893096924;0
7817;VAL4_20220811_073000_017.wav;0;0.6966497898101807;0
7818;VAL4_20220811_073000_018.wav;0;0.7956649661064148;0
7819;VAL4_20220811_073000_019.wav;0;0.7989587187767029;0
7820;VAL4_20220813_010000_000.wav;0;0.0960492491722107;0
7821;VAL4_20220813_010000_001.wav;0;0.07149671763181686;0
7822;VAL4_20220813_010000_002.wav;0;0.048474233597517014;0
7823;VAL4_20220813_010000_003.wav;0;0.09077940136194229;0
7824;VAL4_20220813_010000_004.wav;0;0.11417490243911743;0
7825;VAL4_20220813_010000_005.wav;0;0.05102277547121048;0
7826;VAL4_20220813_010000_006.wav;0;0.05919524282217026;0
7827;VAL4_20220813_010000_007.wav;0;0.15951164066791534;0
7828;VAL4_20220813_010000_008.wav;0;0.04661685973405838;0
7829;VAL4_20220813_010000_009.wav;0;0.0977654829621315;0
7830;VAL4_20220813_010000_010.wav;0;0.06992395967245102;0
7831;VAL4_20220813_010000_011.wav;0;0.05200425907969475;0
7832;VAL4_20220813_010000_012.wav;0;0.24461768567562103;0
7833;VAL4_20220813_010000_013.wav;0;0.15883012115955353;0
7834;VAL4_20220813_010000_014.wav;0;0.09576394408941269;0
7835;VAL4_20220813_010000_015.wav;0;0.11381742358207703;0
7836;VAL4_20220813_010000_016.wav;0;0.12662063539028168;0
7837;VAL4_20220813_010000_017.wav;0;0.10302264243364334;0
7838;VAL4_20220813_010000_018.wav;0;0.19262394309043884;0
7839;VAL4_20220813_010000_019.wav;0;0.15139268338680267;0
7840;VAL4_20220815_221500_000.wav;0;0.18044473230838776;0
7841;VAL4_20220815_221500_001.wav;0;0.2300836741924286;0
7842;VAL4_20220815_221500_002.wav;0;0.19551248848438263;0
7843;VAL4_20220815_221500_003.wav;0;0.17327018082141876;0
7844;VAL4_20220815_221500_004.wav;0;0.28390806913375854;0
7845;VAL4_20220815_221500_005.wav;0;0.08682341873645782;0
7846;VAL4_20220815_221500_006.wav;0;0.13975790143013;0
7847;VAL4_20220815_221500_007.wav;0;0.07908095419406891;0
7848;VAL4_20220815_221500_008.wav;0;0.21927513182163239;0
7849;VAL4_20220815_221500_009.wav;0;0.20157620310783386;0
7850;VAL4_20220815_221500_010.wav;0;0.2916017472743988;0
7851;VAL4_20220815_221500_011.wav;0;0.013979352079331875;0
7852;VAL4_20220815_221500_012.wav;0;0.24833449721336365;0
7853;VAL4_20220815_221500_013.wav;0;0.056755222380161285;0
7854;VAL4_20220815_221500_014.wav;0;0.06895286589860916;0
7855;VAL4_20220815_221500_015.wav;0;0.05462511256337166;0
7856;VAL4_20220815_221500_016.wav;0;0.15687446296215057;0
7857;VAL4_20220815_221500_017.wav;0;0.07958865165710449;0
7858;VAL4_20220815_221500_018.wav;0;0.08362521231174469;0
7859;VAL4_20220815_221500_019.wav;0;0.06565216183662415;0
7860;VAL4_20220817_050000_000.wav;0;0.00860663689672947;0
7861;VAL4_20220817_050000_001.wav;0;0.1260630041360855;0
7862;VAL4_20220817_050000_002.wav;0;0.13753224909305573;0
7863;VAL4_20220817_050000_003.wav;0;0.14507509768009186;0
7864;VAL4_20220817_050000_004.wav;0;0.21621929109096527;0
7865;VAL4_20220817_050000_005.wav;0;0.1863057017326355;0
7866;VAL4_20220817_050000_006.wav;0;0.26908931136131287;0
7867;VAL4_20220817_050000_007.wav;0;0.18750140070915222;0
7868;VAL4_20220817_050000_008.wav;0;0.2889356315135956;0
7869;VAL4_20220817_050000_009.wav;0;0.21475709974765778;0
7870;VAL4_20220817_050000_010.wav;0;0.3986438810825348;0
7871;VAL4_20220817_050000_011.wav;0;0.17710241675376892;0
7872;VAL4_20220817_050000_012.wav;0;0.2292814403772354;0
7873;VAL4_20220817_050000_013.wav;0;0.1685771495103836;0
7874;VAL4_20220817_050000_014.wav;0;0.17409832775592804;0
7875;VAL4_20220817_050000_015.wav;0;0.13877521455287933;0
7876;VAL4_20220817_050000_016.wav;0;0.3392728865146637;0
7877;VAL4_20220817_050000_017.wav;0;0.1977706402540207;0
7878;VAL4_20220817_050000_018.wav;0;0.17996643483638763;0
7879;VAL4_20220817_050000_019.wav;0;0.1222449392080307;0
7880;VAL4_20220817_170000_000.wav;0;0.6197237372398376;0
7881;VAL4_20220817_170000_001.wav;0;0.14469552040100098;0
7882;VAL4_20220817_170000_002.wav;0;0.13837796449661255;0
7883;VAL4_20220817_170000_003.wav;0;0.20427104830741882;0
7884;VAL4_20220817_170000_004.wav;0;0.1754363626241684;0
7885;VAL4_20220817_170000_005.wav;0;0.4045270085334778;0
7886;VAL4_20220817_170000_006.wav;0;0.48088401556015015;0
7887;VAL4_20220817_170000_007.wav;0;0.24218188226222992;0
7888;VAL4_20220817_170000_008.wav;0;0.28374654054641724;0
7889;VAL4_20220817_170000_009.wav;0;0.10129909217357635;0
7890;VAL4_20220817_170000_010.wav;0;0.18413299322128296;0
7891;VAL4_20220817_170000_011.wav;0;0.14526008069515228;0
7892;VAL4_20220817_170000_012.wav;0;0.1097266897559166;0
7893;VAL4_20220817_170000_013.wav;0;0.32354259490966797;0
7894;VAL4_20220817_170000_014.wav;0;0.0961829349398613;0
7895;VAL4_20220817_170000_015.wav;0;0.19806405901908875;0
7896;VAL4_20220817_170000_016.wav;0;0.5428100228309631;0
7897;VAL4_20220817_170000_017.wav;0;0.189820796251297;0
7898;VAL4_20220817_170000_018.wav;0;0.2635466754436493;0
7899;VAL4_20220817_170000_019.wav;0;0.22630241513252258;0
7900;VAL4_20220819_111500_000.wav;0;0.34804973006248474;0
7901;VAL4_20220819_111500_001.wav;1;0.8952982425689697;1
7902;VAL4_20220819_111500_002.wav;1;0.9689520001411438;1
7903;VAL4_20220819_111500_003.wav;1;0.9690930247306824;1
7904;VAL4_20220819_111500_004.wav;1;0.17118188738822937;1
7905;VAL4_20220819_111500_005.wav;1;0.2697213590145111;1
7906;VAL4_20220819_111500_006.wav;1;0.34037214517593384;1
7907;VAL4_20220819_111500_007.wav;1;0.20011545717716217;1
7908;VAL4_20220819_111500_008.wav;1;0.8561875820159912;1
7909;VAL4_20220819_111500_009.wav;1;0.16981559991836548;1
7910;VAL4_20220819_111500_010.wav;1;0.4401300251483917;1
7911;VAL4_20220819_111500_011.wav;1;0.5843079090118408;1
7912;VAL4_20220819_111500_012.wav;1;0.686071515083313;1
7913;VAL4_20220819_111500_013.wav;1;0.7901588678359985;1
7914;VAL4_20220819_111500_014.wav;1;0.1606525480747223;1
7915;VAL4_20220819_111500_015.wav;1;0.21623195707798004;1
7916;VAL4_20220819_111500_016.wav;0;0.15284955501556396;0
7917;VAL4_20220819_111500_017.wav;0;0.19771096110343933;0
7918;VAL4_20220819_111500_018.wav;0;0.11718263477087021;0
7919;VAL4_20220819_111500_019.wav;0;0.15812948346138;0
7920;VAL4_20220819_140000_000.wav;0;0.1196926161646843;0
7921;VAL4_20220819_140000_001.wav;0;0.3389188349246979;0
7922;VAL4_20220819_140000_002.wav;0;0.2681535482406616;0
7923;VAL4_20220819_140000_003.wav;0;0.10042570531368256;0
7924;VAL4_20220819_140000_004.wav;0;0.25528016686439514;0
7925;VAL4_20220819_140000_005.wav;0;0.14063094556331635;0
7926;VAL4_20220819_140000_006.wav;0;0.14126628637313843;0
7927;VAL4_20220819_140000_007.wav;0;0.14543168246746063;0
7928;VAL4_20220819_140000_008.wav;0;0.08366461098194122;0
7929;VAL4_20220819_140000_009.wav;0;0.14498132467269897;0
7930;VAL4_20220819_140000_010.wav;0;0.1271064728498459;0
7931;VAL4_20220819_140000_011.wav;0;0.16233612596988678;0
7932;VAL4_20220819_140000_012.wav;0;0.6560949087142944;0
7933;VAL4_20220819_140000_013.wav;0;0.1376006007194519;0
7934;VAL4_20220819_140000_014.wav;0;0.17391012609004974;0
7935;VAL4_20220819_140000_015.wav;0;0.11797899752855301;0
7936;VAL4_20220819_140000_016.wav;0;0.013910133391618729;0
7937;VAL4_20220819_140000_017.wav;0;0.01401550229638815;0
7938;VAL4_20220819_140000_018.wav;0;0.675741970539093;0
7939;VAL4_20220819_140000_019.wav;0;0.11505605280399323;0
7940;VAL4_20220821_060000_000.wav;0;0.8895817995071411;0
7941;VAL4_20220821_060000_001.wav;0;0.9593582153320312;0
7942;VAL4_20220821_060000_002.wav;0;0.8717283606529236;0
7943;VAL4_20220821_060000_003.wav;0;0.7144409418106079;0
7944;VAL4_20220821_060000_004.wav;0;0.9226589202880859;0
7945;VAL4_20220821_060000_005.wav;0;0.9260367155075073;0
7946;VAL4_20220821_060000_006.wav;0;0.9586002230644226;0
7947;VAL4_20220821_060000_007.wav;0;0.9708889722824097;0
7948;VAL4_20220821_060000_008.wav;0;0.9227712750434875;0
7949;VAL4_20220821_060000_009.wav;0;0.885297417640686;0
7950;VAL4_20220821_060000_010.wav;0;0.9558488726615906;0
7951;VAL4_20220821_060000_011.wav;0;0.9558920860290527;0
7952;VAL4_20220821_060000_012.wav;0;0.9626393914222717;0
7953;VAL4_20220821_060000_013.wav;0;0.9840171933174133;0
7954;VAL4_20220821_060000_014.wav;0;0.8166455030441284;0
7955;VAL4_20220821_060000_015.wav;0;0.8631017804145813;0
7956;VAL4_20220821_060000_016.wav;0;0.9301707148551941;0
7957;VAL4_20220821_060000_017.wav;0;0.9003433585166931;0
7958;VAL4_20220821_060000_018.wav;0;0.28476274013519287;0
7959;VAL4_20220821_060000_019.wav;0;0.6432673931121826;0
7960;VAL4_20220906_184500_000.wav;0;0.4038946032524109;0
7961;VAL4_20220906_184500_001.wav;0;0.6773019433021545;0
7962;VAL4_20220906_184500_002.wav;0;0.38917073607444763;0
7963;VAL4_20220906_184500_003.wav;0;0.6789506673812866;1
7964;VAL4_20220906_184500_004.wav;0;0.9002785086631775;1
7965;VAL4_20220906_184500_005.wav;0;0.4885471761226654;1
7966;VAL4_20220906_184500_006.wav;0;0.9252660274505615;1
7967;VAL4_20220906_184500_007.wav;0;0.7598434686660767;1
7968;VAL4_20220906_184500_008.wav;0;0.7150283455848694;1
7969;VAL4_20220906_184500_009.wav;0;0.8412200808525085;1
7970;VAL4_20220906_184500_010.wav;0;0.8517515659332275;1
7971;VAL4_20220906_184500_011.wav;0;0.9163656234741211;1
7972;VAL4_20220906_184500_012.wav;0;0.909378170967102;1
7973;VAL4_20220906_184500_013.wav;0;0.7541387677192688;1
7974;VAL4_20220906_184500_014.wav;0;0.4308561384677887;1
7975;VAL4_20220906_184500_015.wav;0;0.8005602955818176;0
7976;VAL4_20220906_184500_016.wav;0;0.9523479342460632;0
7977;VAL4_20220906_184500_017.wav;0;0.8434335589408875;0
7978;VAL4_20220906_184500_018.wav;0;0.20188045501708984;0
7979;VAL4_20220906_184500_019.wav;0;0.1382831633090973;0
7980;VAL4_20220908_191500_000.wav;0;0.6930463314056396;0
7981;VAL4_20220908_191500_001.wav;0;0.5726500749588013;0
7982;VAL4_20220908_191500_002.wav;0;0.9209339618682861;0
7983;VAL4_20220908_191500_003.wav;0;0.8100520968437195;0
7984;VAL4_20220908_191500_004.wav;0;0.7141415476799011;0
7985;VAL4_20220908_191500_005.wav;0;0.8787301778793335;0
7986;VAL4_20220908_191500_006.wav;0;0.8595890998840332;0
7987;VAL4_20220908_191500_007.wav;0;0.8865591883659363;0
7988;VAL4_20220908_191500_008.wav;0;0.9314031600952148;0
7989;VAL4_20220908_191500_009.wav;0;0.931885838508606;0
7990;VAL4_20220908_191500_010.wav;0;0.7153007388114929;0
7991;VAL4_20220908_191500_011.wav;0;0.6328881978988647;0
7992;VAL4_20220908_191500_012.wav;0;0.5705570578575134;0
7993;VAL4_20220908_191500_013.wav;0;0.5542266964912415;0
7994;VAL4_20220908_191500_014.wav;0;0.6917299628257751;0
7995;VAL4_20220908_191500_015.wav;0;0.16982100903987885;0
7996;VAL4_20220908_191500_016.wav;0;0.7440398931503296;0
7997;VAL4_20220908_191500_017.wav;0;0.576958417892456;0
7998;VAL4_20220908_191500_018.wav;0;0.161489799618721;0
7999;VAL4_20220908_191500_019.wav;0;0.6787620186805725;0
8000;VAL4_20220910_120000_000.wav;0;0.722771406173706;0
8001;VAL4_20220910_120000_001.wav;0;0.07444680482149124;0
8002;VAL4_20220910_120000_002.wav;0;0.6093800663948059;0
8003;VAL4_20220910_120000_003.wav;0;0.07946081459522247;0
8004;VAL4_20220910_120000_004.wav;0;0.029773486778140068;0
8005;VAL4_20220910_120000_005.wav;0;0.13434836268424988;0
8006;VAL4_20220910_120000_006.wav;0;0.014831996522843838;0
8007;VAL4_20220910_120000_007.wav;0;0.46474137902259827;0
8008;VAL4_20220910_120000_008.wav;0;0.021358903497457504;0
8009;VAL4_20220910_120000_009.wav;0;0.13861431181430817;0
8010;VAL4_20220910_120000_010.wav;0;0.7860402464866638;0
8011;VAL4_20220910_120000_011.wav;0;0.6816601157188416;0
8012;VAL4_20220910_120000_012.wav;0;0.931922197341919;0
8013;VAL4_20220910_120000_013.wav;0;0.3002386689186096;0
8014;VAL4_20220910_120000_014.wav;0;0.11083383858203888;0
8015;VAL4_20220910_120000_015.wav;0;0.10925810039043427;0
8016;VAL4_20220910_120000_016.wav;0;0.8216792345046997;0
8017;VAL4_20220910_120000_017.wav;0;0.3157237768173218;0
8018;VAL4_20220910_120000_018.wav;0;0.0935492068529129;0
8019;VAL4_20220910_120000_019.wav;0;0.019976094365119934;0
8020;VAL4_20220916_173000_000.wav;0;0.7890300154685974;0
8021;VAL4_20220916_173000_001.wav;0;0.4242570400238037;0
8022;VAL4_20220916_173000_002.wav;0;0.7822295427322388;0
8023;VAL4_20220916_173000_003.wav;0;0.5478721857070923;0
8024;VAL4_20220916_173000_004.wav;0;0.7267073392868042;0
8025;VAL4_20220916_173000_005.wav;0;0.7812977433204651;0
8026;VAL4_20220916_173000_006.wav;0;0.13086587190628052;0
8027;VAL4_20220916_173000_007.wav;0;0.4255773425102234;0
8028;VAL4_20220916_173000_008.wav;0;0.6644073128700256;0
8029;VAL4_20220916_173000_009.wav;0;0.7165864706039429;0
8030;VAL4_20220916_173000_010.wav;0;0.8313653469085693;0
8031;VAL4_20220916_173000_011.wav;0;0.6309687495231628;0
8032;VAL4_20220916_173000_012.wav;0;0.8761370778083801;0
8033;VAL4_20220916_173000_013.wav;0;0.7297284007072449;0
8034;VAL4_20220916_173000_014.wav;0;0.2725193500518799;0
8035;VAL4_20220916_173000_015.wav;0;0.9508922696113586;0
8036;VAL4_20220916_173000_016.wav;0;0.22925454378128052;0
8037;VAL4_20220916_173000_017.wav;0;0.7582436800003052;0
8038;VAL4_20220916_173000_018.wav;0;0.6791434288024902;0
8039;VAL4_20220916_173000_019.wav;0;0.7937179207801819;0
8040;VAL4_20220918_053000_000.wav;0;0.7671658396720886;0
8041;VAL4_20220918_053000_001.wav;0;0.8770407438278198;0
8042;VAL4_20220918_053000_002.wav;0;0.46286511421203613;0
8043;VAL4_20220918_053000_003.wav;0;0.8814033269882202;0
8044;VAL4_20220918_053000_004.wav;0;0.40052539110183716;0
8045;VAL4_20220918_053000_005.wav;0;0.33188408613204956;0
8046;VAL4_20220918_053000_006.wav;0;0.8392444252967834;0
8047;VAL4_20220918_053000_007.wav;0;0.5880257487297058;0
8048;VAL4_20220918_053000_008.wav;0;0.28990909457206726;0
8049;VAL4_20220918_053000_009.wav;0;0.5110403895378113;0
8050;VAL4_20220918_053000_010.wav;0;0.34599727392196655;0
8051;VAL4_20220918_053000_011.wav;0;0.6453089118003845;0
8052;VAL4_20220918_053000_012.wav;0;0.5172884464263916;0
8053;VAL4_20220918_053000_013.wav;0;0.33961695432662964;0
8054;VAL4_20220918_053000_014.wav;0;0.5329931378364563;0
8055;VAL4_20220918_053000_015.wav;0;0.5714315176010132;0
8056;VAL4_20220918_053000_016.wav;0;0.6524046063423157;0
8057;VAL4_20220918_053000_017.wav;0;0.828809916973114;0
8058;VAL4_20220918_053000_018.wav;0;0.5779634118080139;0
8059;VAL4_20220918_053000_019.wav;0;0.5911484360694885;0
8060;VAL4_20220920_150000_000.wav;0;0.8785440921783447;0
8061;VAL4_20220920_150000_001.wav;0;0.9347201585769653;0
8062;VAL4_20220920_150000_002.wav;0;0.8112240433692932;0
8063;VAL4_20220920_150000_003.wav;0;0.7595827579498291;0
8064;VAL4_20220920_150000_004.wav;0;0.17341583967208862;0
8065;VAL4_20220920_150000_005.wav;0;0.38939836621284485;0
8066;VAL4_20220920_150000_006.wav;0;0.05424588546156883;0
8067;VAL4_20220920_150000_007.wav;0;0.2052951157093048;0
8068;VAL4_20220920_150000_008.wav;0;0.051960114389657974;0
8069;VAL4_20220920_150000_009.wav;0;0.13833579421043396;0
8070;VAL4_20220920_150000_010.wav;0;0.6153513193130493;0
8071;VAL4_20220920_150000_011.wav;0;0.9268501996994019;0
8072;VAL4_20220920_150000_012.wav;0;0.9371967315673828;0
8073;VAL4_20220920_150000_013.wav;0;0.9782368540763855;0
8074;VAL4_20220920_150000_014.wav;0;0.9443569183349609;0
8075;VAL4_20220920_150000_015.wav;0;0.989273726940155;0
8076;VAL4_20220920_150000_016.wav;0;0.6071824431419373;0
8077;VAL4_20220920_150000_017.wav;0;0.8754708766937256;0
8078;VAL4_20220920_150000_018.wav;0;0.1324222832918167;0
8079;VAL4_20220920_150000_019.wav;0;0.11766692996025085;0
8080;VAL4_20220920_224500_000.wav;0;0.04646461084485054;0
8081;VAL4_20220920_224500_001.wav;0;0.0632769986987114;0
8082;VAL4_20220920_224500_002.wav;0;0.033743131905794144;0
8083;VAL4_20220920_224500_003.wav;0;0.031659577041864395;0
8084;VAL4_20220920_224500_004.wav;0;0.06673147529363632;0
8085;VAL4_20220920_224500_005.wav;0;0.05613362416625023;0
8086;VAL4_20220920_224500_006.wav;0;0.05792824551463127;0
8087;VAL4_20220920_224500_007.wav;0;0.05704181641340256;0
8088;VAL4_20220920_224500_008.wav;0;0.03229576721787453;0
8089;VAL4_20220920_224500_009.wav;0;0.035034552216529846;0
8090;VAL4_20220920_224500_010.wav;0;0.07086846232414246;0
8091;VAL4_20220920_224500_011.wav;0;0.027956951409578323;0
8092;VAL4_20220920_224500_012.wav;0;0.0249364972114563;0
8093;VAL4_20220920_224500_013.wav;0;0.02441609837114811;0
8094;VAL4_20220920_224500_014.wav;0;0.1654156893491745;0
8095;VAL4_20220920_224500_015.wav;0;0.0533980168402195;0
8096;VAL4_20220920_224500_016.wav;0;0.04628639668226242;0
8097;VAL4_20220920_224500_017.wav;0;0.026222849264740944;0
8098;VAL4_20220920_224500_018.wav;0;0.03141378238797188;0
8099;VAL4_20220920_224500_019.wav;0;0.09641915559768677;0
8100;VAL4_20220922_110000_000.wav;0;0.006899115163832903;0
8101;VAL4_20220922_110000_001.wav;0;0.027394449338316917;0
8102;VAL4_20220922_110000_002.wav;0;0.008507790975272655;0
8103;VAL4_20220922_110000_003.wav;0;0.6447001695632935;0
8104;VAL4_20220922_110000_004.wav;0;0.04506206512451172;0
8105;VAL4_20220922_110000_005.wav;0;0.02148168347775936;0
8106;VAL4_20220922_110000_006.wav;0;0.006515939719974995;0
8107;VAL4_20220922_110000_007.wav;0;0.015100899152457714;0
8108;VAL4_20220922_110000_008.wav;0;0.12490282952785492;0
8109;VAL4_20220922_110000_009.wav;0;0.04216814041137695;0
8110;VAL4_20220922_110000_010.wav;0;0.056849155575037;0
8111;VAL4_20220922_110000_011.wav;0;0.03289313241839409;0
8112;VAL4_20220922_110000_012.wav;0;0.08749738335609436;0
8113;VAL4_20220922_110000_013.wav;0;0.016991615295410156;0
8114;VAL4_20220922_110000_014.wav;0;0.012285576201975346;0
8115;VAL4_20220922_110000_015.wav;0;0.04597676917910576;0
8116;VAL4_20220922_110000_016.wav;0;0.0034851094242185354;0
8117;VAL4_20220922_110000_017.wav;0;0.018927495926618576;0
8118;VAL4_20220922_110000_018.wav;0;0.017429625615477562;0
8119;VAL4_20220922_110000_019.wav;0;0.006383099127560854;0
8120;VAL4_20220926_051500_000.wav;0;0.09300889819860458;0
8121;VAL4_20220926_051500_001.wav;0;0.08127734065055847;0
8122;VAL4_20220926_051500_002.wav;0;0.08525840938091278;0
8123;VAL4_20220926_051500_003.wav;0;0.06542959809303284;0
8124;VAL4_20220926_051500_004.wav;0;0.10469818860292435;0
8125;VAL4_20220926_051500_005.wav;0;0.13734039664268494;0
8126;VAL4_20220926_051500_006.wav;0;0.032564468681812286;0
8127;VAL4_20220926_051500_007.wav;0;0.08817166090011597;0
8128;VAL4_20220926_051500_008.wav;0;0.11641839891672134;0
8129;VAL4_20220926_051500_009.wav;0;0.03220899775624275;0
8130;VAL4_20220926_051500_010.wav;0;0.03767325356602669;0
8131;VAL4_20220926_051500_011.wav;0;0.031527984887361526;0
8132;VAL4_20220926_051500_012.wav;0;0.030037209391593933;0
8133;VAL4_20220926_051500_013.wav;0;0.026051143184304237;0
8134;VAL4_20220926_051500_014.wav;0;0.038602065294981;0
8135;VAL4_20220926_051500_015.wav;0;0.03917546570301056;0
8136;VAL4_20220926_051500_016.wav;0;0.030322743579745293;0
8137;VAL4_20220926_051500_017.wav;0;0.035365570336580276;0
8138;VAL4_20220926_051500_018.wav;0;0.047460973262786865;0
8139;VAL4_20220926_051500_019.wav;0;0.03440260887145996;0
8140;VAL4_20220926_060000_000.wav;0;0.052594155073165894;0
8141;VAL4_20220926_060000_001.wav;0;0.02784956805408001;0
8142;VAL4_20220926_060000_002.wav;0;0.03626568615436554;0
8143;VAL4_20220926_060000_003.wav;0;0.0323120653629303;0
8144;VAL4_20220926_060000_004.wav;0;0.02401316538453102;0
8145;VAL4_20220926_060000_005.wav;0;0.03544165566563606;0
8146;VAL4_20220926_060000_006.wav;0;0.03785552829504013;0
8147;VAL4_20220926_060000_007.wav;0;0.028394006192684174;0
8148;VAL4_20220926_060000_008.wav;0;0.0298196729272604;0
8149;VAL4_20220926_060000_009.wav;0;0.0775405541062355;0
8150;VAL4_20220926_060000_010.wav;0;0.04521971195936203;0
8151;VAL4_20220926_060000_011.wav;0;0.030883634462952614;0
8152;VAL4_20220926_060000_012.wav;0;0.06316664814949036;0
8153;VAL4_20220926_060000_013.wav;0;0.06309355795383453;0
8154;VAL4_20220926_060000_014.wav;0;0.11137708276510239;0
8155;VAL4_20220926_060000_015.wav;0;0.03341526538133621;0
8156;VAL4_20220926_060000_016.wav;0;0.07315930724143982;0
8157;VAL4_20220926_060000_017.wav;0;0.028368324041366577;0
8158;VAL4_20220926_060000_018.wav;0;0.0325746163725853;0
8159;VAL4_20220926_060000_019.wav;0;0.0766691043972969;0
8160;VAL4_20220928_010000_000.wav;0;0.057344064116477966;0
8161;VAL4_20220928_010000_001.wav;0;0.08420804888010025;0
8162;VAL4_20220928_010000_002.wav;0;0.07709629833698273;0
8163;VAL4_20220928_010000_003.wav;0;0.1308414787054062;0
8164;VAL4_20220928_010000_004.wav;0;0.08653465658426285;0
8165;VAL4_20220928_010000_005.wav;0;0.1659328192472458;0
8166;VAL4_20220928_010000_006.wav;0;0.10504794865846634;0
8167;VAL4_20220928_010000_007.wav;0;0.10379980504512787;0
8168;VAL4_20220928_010000_008.wav;0;0.14344222843647003;0
8169;VAL4_20220928_010000_009.wav;0;0.06115476414561272;0
8170;VAL4_20220928_010000_010.wav;0;0.07884781807661057;0
8171;VAL4_20220928_010000_011.wav;0;0.07489707320928574;0
8172;VAL4_20220928_010000_012.wav;0;0.05264965072274208;0
8173;VAL4_20220928_010000_013.wav;0;0.04841336980462074;0
8174;VAL4_20220928_010000_014.wav;0;0.055986035615205765;0
8175;VAL4_20220928_010000_015.wav;0;0.05848078802227974;0
8176;VAL4_20220928_010000_016.wav;0;0.06079605221748352;0
8177;VAL4_20220928_010000_017.wav;0;0.0756225660443306;0
8178;VAL4_20220928_010000_018.wav;0;0.05297083035111427;0
8179;VAL4_20220928_010000_019.wav;0;0.04725760221481323;0
8180;VAL4_20220928_073000_000.wav;0;0.10414566099643707;0
8181;VAL4_20220928_073000_001.wav;0;0.0716635063290596;0
8182;VAL4_20220928_073000_002.wav;0;0.0782795250415802;0
8183;VAL4_20220928_073000_003.wav;0;0.06204535812139511;0
8184;VAL4_20220928_073000_004.wav;0;0.08644531667232513;0
8185;VAL4_20220928_073000_005.wav;0;0.06888914108276367;0
8186;VAL4_20220928_073000_006.wav;0;0.08848506957292557;0
8187;VAL4_20220928_073000_007.wav;0;0.12885461747646332;0
8188;VAL4_20220928_073000_008.wav;0;0.23029449582099915;0
8189;VAL4_20220928_073000_009.wav;0;0.15758423507213593;0
8190;VAL4_20220928_073000_010.wav;0;0.05726991221308708;0
8191;VAL4_20220928_073000_011.wav;0;0.1777547150850296;0
8192;VAL4_20220928_073000_012.wav;0;0.6185373067855835;0
8193;VAL4_20220928_073000_013.wav;0;0.07061093300580978;0
8194;VAL4_20220928_073000_014.wav;0;0.80641770362854;0
8195;VAL4_20220928_073000_015.wav;0;0.7262930870056152;0
8196;VAL4_20220928_073000_016.wav;0;0.36322686076164246;0
8197;VAL4_20220928_073000_017.wav;0;0.8632556200027466;0
8198;VAL4_20220928_073000_018.wav;0;0.9066330790519714;0
8199;VAL4_20220928_073000_019.wav;0;0.8946410417556763;0
8200;VAL4_20221002_014500_000.wav;0;0.56037837266922;0
8201;VAL4_20221002_014500_001.wav;0;0.31520822644233704;0
8202;VAL4_20221002_014500_002.wav;0;0.5028284192085266;0
8203;VAL4_20221002_014500_003.wav;0;0.05541599914431572;0
8204;VAL4_20221002_014500_004.wav;0;0.2538766860961914;0
8205;VAL4_20221002_014500_005.wav;0;0.11029709875583649;0
8206;VAL4_20221002_014500_006.wav;0;0.11843907833099365;0
8207;VAL4_20221002_014500_007.wav;0;0.16175080835819244;0
8208;VAL4_20221002_014500_008.wav;0;0.22255031764507294;0
8209;VAL4_20221002_014500_009.wav;0;0.1763170212507248;0
8210;VAL4_20221002_014500_010.wav;0;0.3832106292247772;0
8211;VAL4_20221002_014500_011.wav;0;0.809087336063385;0
8212;VAL4_20221002_014500_012.wav;0;0.31330493092536926;0
8213;VAL4_20221002_014500_013.wav;0;0.39998260140419006;0
8214;VAL4_20221002_014500_014.wav;0;0.43691807985305786;0
8215;VAL4_20221002_014500_015.wav;0;0.5552171468734741;0
8216;VAL4_20221002_014500_016.wav;0;0.16665390133857727;0
8217;VAL4_20221002_014500_017.wav;0;0.0060593485832214355;0
8218;VAL4_20221002_014500_018.wav;0;0.06512914597988129;0
8219;VAL4_20221002_014500_019.wav;0;0.26489531993865967;0
8220;VAL4_20221004_083000_000.wav;1;0.758782148361206;1
8221;VAL4_20221004_083000_001.wav;1;0.9857137203216553;1
8222;VAL4_20221004_083000_002.wav;1;0.9275640249252319;1
8223;VAL4_20221004_083000_003.wav;1;0.9661909341812134;1
8224;VAL4_20221004_083000_004.wav;1;0.8164180517196655;1
8225;VAL4_20221004_083000_005.wav;1;0.990090012550354;1
8226;VAL4_20221004_083000_006.wav;1;0.9954289197921753;1
8227;VAL4_20221004_083000_007.wav;1;0.9926584362983704;1
8228;VAL4_20221004_083000_008.wav;1;0.9927041530609131;1
8229;VAL4_20221004_083000_009.wav;1;0.9944432377815247;1
8230;VAL4_20221004_083000_010.wav;1;0.9825550317764282;1
8231;VAL4_20221004_083000_011.wav;1;0.9861946105957031;1
8232;VAL4_20221004_083000_012.wav;1;0.9915886521339417;1
8233;VAL4_20221004_083000_013.wav;1;0.9738457798957825;1
8234;VAL4_20221004_083000_014.wav;1;0.9823816418647766;1
8235;VAL4_20221004_083000_015.wav;1;0.9921155571937561;1
8236;VAL4_20221004_083000_016.wav;1;0.9854222536087036;1
8237;VAL4_20221004_083000_017.wav;1;0.9842779040336609;1
8238;VAL4_20221004_083000_018.wav;1;0.9223280549049377;1
8239;VAL4_20221004_083000_019.wav;1;0.8964024782180786;1
8240;VAL4_20221006_030000_000.wav;0;0.8662075996398926;0
8241;VAL4_20221006_030000_001.wav;0;0.8214235305786133;0
8242;VAL4_20221006_030000_002.wav;0;0.7647830247879028;0
8243;VAL4_20221006_030000_003.wav;0;0.9012972712516785;0
8244;VAL4_20221006_030000_004.wav;0;0.8029167056083679;0
8245;VAL4_20221006_030000_005.wav;0;0.8011602759361267;0
8246;VAL4_20221006_030000_006.wav;0;0.945656418800354;0
8247;VAL4_20221006_030000_007.wav;0;0.9513970017433167;0
8248;VAL4_20221006_030000_008.wav;0;0.9143218994140625;0
8249;VAL4_20221006_030000_009.wav;0;0.9417241811752319;0
8250;VAL4_20221006_030000_010.wav;0;0.2820693850517273;0
8251;VAL4_20221006_030000_011.wav;0;0.0034245960414409637;0
8252;VAL4_20221006_030000_012.wav;0;0.035503946244716644;0
8253;VAL4_20221006_030000_013.wav;0;0.031811390072107315;0
8254;VAL4_20221006_030000_014.wav;0;0.5425617098808289;0
8255;VAL4_20221006_030000_015.wav;0;0.6280596256256104;0
8256;VAL4_20221006_030000_016.wav;0;0.7234491109848022;0
8257;VAL4_20221006_030000_017.wav;0;0.9451026320457458;0
8258;VAL4_20221006_030000_018.wav;0;0.19457022845745087;0
8259;VAL4_20221006_030000_019.wav;0;0.8695981502532959;0
8260;VAL4_20221006_134500_000.wav;1;0.8584709167480469;1
8261;VAL4_20221006_134500_001.wav;1;0.9823750853538513;1
8262;VAL4_20221006_134500_002.wav;1;0.907420814037323;1
8263;VAL4_20221006_134500_003.wav;1;0.9000091552734375;1
8264;VAL4_20221006_134500_004.wav;1;0.8447241187095642;1
8265;VAL4_20221006_134500_005.wav;1;0.38434264063835144;1
8266;VAL4_20221006_134500_006.wav;0;0.8041623830795288;0
8267;VAL4_20221006_134500_007.wav;1;0.6464327573776245;1
8268;VAL4_20221006_134500_008.wav;0;0.6010286808013916;0
8269;VAL4_20221006_134500_009.wav;0;0.6680202484130859;0
8270;VAL4_20221006_134500_010.wav;0;0.4091203510761261;0
8271;VAL4_20221006_134500_011.wav;1;0.9666770696640015;1
8272;VAL4_20221006_134500_012.wav;1;0.8878920674324036;1
8273;VAL4_20221006_134500_013.wav;0;0.8511728644371033;0
8274;VAL4_20221006_134500_014.wav;0;0.8489505648612976;0
8275;VAL4_20221006_134500_015.wav;0;0.7419847249984741;0
8276;VAL4_20221006_134500_016.wav;0;0.9312855005264282;0
8277;VAL4_20221006_134500_017.wav;0;0.2823494076728821;0
8278;VAL4_20221006_134500_018.wav;0;0.5747933983802795;0
8279;VAL4_20221006_134500_019.wav;0;0.6875061988830566;0
8280;VAL4_20221006_180000_000.wav;0;0.3687668740749359;0
8281;VAL4_20221006_180000_001.wav;0;0.21827241778373718;0
8282;VAL4_20221006_180000_002.wav;0;0.16265302896499634;0
8283;VAL4_20221006_180000_003.wav;0;0.08002530783414841;0
8284;VAL4_20221006_180000_004.wav;0;0.18479424715042114;0
8285;VAL4_20221006_180000_005.wav;0;0.5846884250640869;0
8286;VAL4_20221006_180000_006.wav;0;0.23101745545864105;0
8287;VAL4_20221006_180000_007.wav;0;0.2964343726634979;0
8288;VAL4_20221006_180000_008.wav;0;0.15651032328605652;0
8289;VAL4_20221006_180000_009.wav;0;0.22736406326293945;0
8290;VAL4_20221006_180000_010.wav;0;0.24154625833034515;0
8291;VAL4_20221006_180000_011.wav;0;0.04600897803902626;0
8292;VAL4_20221006_180000_012.wav;0;0.04296139255166054;0
8293;VAL4_20221006_180000_013.wav;0;0.6756876111030579;0
8294;VAL4_20221006_180000_014.wav;0;0.04032269865274429;0
8295;VAL4_20221006_180000_015.wav;0;0.08511025458574295;0
8296;VAL4_20221006_180000_016.wav;0;0.2856405973434448;0
8297;VAL4_20221006_180000_017.wav;0;0.49183061718940735;0
8298;VAL4_20221006_180000_018.wav;0;0.5634241700172424;0
8299;VAL4_20221006_180000_019.wav;0;0.2579265534877777;0
8300;VAL4_20221008_090000_000.wav;0;0.13893069326877594;0
8301;VAL4_20221008_090000_001.wav;0;0.16104018688201904;0
8302;VAL4_20221008_090000_002.wav;0;0.5796030759811401;0
8303;VAL4_20221008_090000_003.wav;0;0.0630062073469162;0
8304;VAL4_20221008_090000_004.wav;0;0.32780563831329346;0
8305;VAL4_20221008_090000_005.wav;0;0.07642494887113571;0
8306;VAL4_20221008_090000_006.wav;0;0.5131582021713257;0
8307;VAL4_20221008_090000_007.wav;0;0.059834327548742294;0
8308;VAL4_20221008_090000_008.wav;0;0.41359278559684753;0
8309;VAL4_20221008_090000_009.wav;0;0.14068570733070374;0
8310;VAL4_20221008_090000_010.wav;0;0.07432615756988525;0
8311;VAL4_20221008_090000_011.wav;0;0.4186549782752991;0
8312;VAL4_20221008_090000_012.wav;0;0.24920064210891724;0
8313;VAL4_20221008_090000_013.wav;0;0.5507246255874634;0
8314;VAL4_20221008_090000_014.wav;0;0.09807118028402328;0
8315;VAL4_20221008_090000_015.wav;0;0.20306722819805145;0
8316;VAL4_20221008_090000_016.wav;0;0.2744517922401428;0
8317;VAL4_20221008_090000_017.wav;0;0.14579805731773376;0
8318;VAL4_20221008_090000_018.wav;0;0.2803061306476593;0
8319;VAL4_20221008_090000_019.wav;0;0.1739732325077057;0
8320;VAL4_20221008_173000_000.wav;0;0.14524655044078827;0
8321;VAL4_20221008_173000_001.wav;0;0.25011375546455383;0
8322;VAL4_20221008_173000_002.wav;0;0.33515533804893494;0
8323;VAL4_20221008_173000_003.wav;0;0.28159037232398987;0
8324;VAL4_20221008_173000_004.wav;0;0.3013400733470917;0
8325;VAL4_20221008_173000_005.wav;0;0.24565544724464417;0
8326;VAL4_20221008_173000_006.wav;0;0.4028056561946869;0
8327;VAL4_20221008_173000_007.wav;0;0.2565041184425354;0
8328;VAL4_20221008_173000_008.wav;0;0.25359779596328735;0
8329;VAL4_20221008_173000_009.wav;0;0.44003477692604065;0
8330;VAL4_20221008_173000_010.wav;0;0.5321394801139832;0
8331;VAL4_20221008_173000_011.wav;0;0.37081801891326904;0
8332;VAL4_20221008_173000_012.wav;0;0.28345170617103577;0
8333;VAL4_20221008_173000_013.wav;0;0.539983868598938;0
8334;VAL4_20221008_173000_014.wav;0;0.3689124882221222;0
8335;VAL4_20221008_173000_015.wav;0;0.33748480677604675;0
8336;VAL4_20221008_173000_016.wav;0;0.2853902578353882;0
8337;VAL4_20221008_173000_017.wav;0;0.5396897792816162;0
8338;VAL4_20221008_173000_018.wav;0;0.6870838403701782;0
8339;VAL4_20221008_173000_019.wav;0;0.20982666313648224;0
8340;VAL4_20221008_214500_000.wav;0;0.11630211025476456;0
8341;VAL4_20221008_214500_001.wav;0;0.11183477193117142;0
8342;VAL4_20221008_214500_002.wav;0;0.09797815978527069;0
8343;VAL4_20221008_214500_003.wav;0;0.08033747971057892;0
8344;VAL4_20221008_214500_004.wav;0;0.19007621705532074;0
8345;VAL4_20221008_214500_005.wav;0;0.3817235231399536;0
8346;VAL4_20221008_214500_006.wav;0;0.29935571551322937;0
8347;VAL4_20221008_214500_007.wav;0;0.14991669356822968;0
8348;VAL4_20221008_214500_008.wav;0;0.18973033130168915;0
8349;VAL4_20221008_214500_009.wav;0;0.15465770661830902;0
8350;VAL4_20221008_214500_010.wav;0;0.17734195291996002;0
8351;VAL4_20221008_214500_011.wav;0;0.12532852590084076;0
8352;VAL4_20221008_214500_012.wav;0;0.06956075131893158;0
8353;VAL4_20221008_214500_013.wav;0;0.10585405677556992;0
8354;VAL4_20221008_214500_014.wav;0;0.1071227639913559;0
8355;VAL4_20221008_214500_015.wav;0;0.09373364597558975;0
8356;VAL4_20221008_214500_016.wav;0;0.0916605070233345;0
8357;VAL4_20221008_214500_017.wav;0;0.15168710052967072;0
8358;VAL4_20221008_214500_018.wav;0;0.09951543062925339;0
8359;VAL4_20221008_214500_019.wav;0;0.1295311003923416;0
8360;VAL4_20221010_084500_000.wav;1;0.07285888493061066;1
8361;VAL4_20221010_084500_001.wav;1;0.7357809543609619;1
8362;VAL4_20221010_084500_002.wav;1;0.7621012926101685;1
8363;VAL4_20221010_084500_003.wav;1;0.06858309358358383;1
8364;VAL4_20221010_084500_004.wav;0;0.05479299649596214;0
8365;VAL4_20221010_084500_005.wav;0;0.5696043968200684;0
8366;VAL4_20221010_084500_006.wav;0;0.15866157412528992;0
8367;VAL4_20221010_084500_007.wav;0;0.09487902373075485;0
8368;VAL4_20221010_084500_008.wav;0;0.08611471205949783;0
8369;VAL4_20221010_084500_009.wav;0;0.1399962157011032;0
8370;VAL4_20221010_084500_010.wav;0;0.13081364333629608;0
8371;VAL4_20221010_084500_011.wav;0;0.12337307631969452;0
8372;VAL4_20221010_084500_012.wav;0;0.13563518226146698;0
8373;VAL4_20221010_084500_013.wav;0;0.16140246391296387;0
8374;VAL4_20221010_084500_014.wav;0;0.1431385576725006;0
8375;VAL4_20221010_084500_015.wav;0;0.13640843331813812;0
8376;VAL4_20221010_084500_016.wav;0;0.03026396781206131;0
8377;VAL4_20221010_084500_017.wav;0;0.023510655388236046;0
8378;VAL4_20221010_084500_018.wav;0;0.17072920501232147;0
8379;VAL4_20221010_084500_019.wav;0;0.1300557255744934;0
8380;VAL4_20221010_123000_000.wav;0;0.006766898091882467;0
8381;VAL4_20221010_123000_001.wav;0;0.0021028814371675253;0
8382;VAL4_20221010_123000_002.wav;0;0.03189568221569061;0
8383;VAL4_20221010_123000_003.wav;0;0.0030559625010937452;0
8384;VAL4_20221010_123000_004.wav;0;0.008888019248843193;0
8385;VAL4_20221010_123000_005.wav;0;0.017421722412109375;0
8386;VAL4_20221010_123000_006.wav;0;0.03489229455590248;0
8387;VAL4_20221010_123000_007.wav;0;0.007690139580518007;0
8388;VAL4_20221010_123000_008.wav;0;0.0031920066103339195;0
8389;VAL4_20221010_123000_009.wav;0;0.002958795754238963;0
8390;VAL4_20221010_123000_010.wav;0;0.003959733992815018;0
8391;VAL4_20221010_123000_011.wav;0;0.004840873181819916;0
8392;VAL4_20221010_123000_012.wav;0;0.0028747208416461945;0
8393;VAL4_20221010_123000_013.wav;0;0.0025939741171896458;0
8394;VAL4_20221010_123000_014.wav;0;0.02244369499385357;0
8395;VAL4_20221010_123000_015.wav;0;0.0049453009851276875;0
8396;VAL4_20221010_123000_016.wav;0;0.04328187182545662;0
8397;VAL4_20221010_123000_017.wav;0;0.00170573138166219;0
8398;VAL4_20221010_123000_018.wav;0;0.04630383849143982;0
8399;VAL4_20221010_123000_019.wav;0;0.0116952583193779;0
8400;VAL4_20221010_233000_000.wav;0;0.03198227658867836;0
8401;VAL4_20221010_233000_001.wav;0;0.025439949706196785;0
8402;VAL4_20221010_233000_002.wav;0;0.028626197949051857;0
8403;VAL4_20221010_233000_003.wav;0;0.02708180621266365;0
8404;VAL4_20221010_233000_004.wav;0;0.028883816674351692;0
8405;VAL4_20221010_233000_005.wav;0;0.03289410471916199;0
8406;VAL4_20221010_233000_006.wav;0;0.02989886701107025;0
8407;VAL4_20221010_233000_007.wav;0;0.025290973484516144;0
8408;VAL4_20221010_233000_008.wav;0;0.03572357818484306;0
8409;VAL4_20221010_233000_009.wav;0;0.03671584278345108;0
8410;VAL4_20221010_233000_010.wav;0;0.03388701006770134;0
8411;VAL4_20221010_233000_011.wav;0;0.038450710475444794;0
8412;VAL4_20221010_233000_012.wav;0;0.03161075338721275;0
8413;VAL4_20221010_233000_013.wav;0;0.030118411406874657;0
8414;VAL4_20221010_233000_014.wav;0;0.029816949740052223;0
8415;VAL4_20221010_233000_015.wav;0;0.034592416137456894;0
8416;VAL4_20221010_233000_016.wav;0;0.029891986399888992;0
8417;VAL4_20221010_233000_017.wav;0;0.03198244422674179;0
8418;VAL4_20221010_233000_018.wav;0;0.03279298543930054;0
8419;VAL4_20221010_233000_019.wav;0;0.03197683021426201;0
8420;VAL4_20221012_024500_000.wav;0;0.057057734578847885;0
8421;VAL4_20221012_024500_001.wav;0;0.0633009597659111;0
8422;VAL4_20221012_024500_002.wav;0;0.1970236599445343;0
8423;VAL4_20221012_024500_003.wav;0;0.051811475306749344;0
8424;VAL4_20221012_024500_004.wav;0;0.059232473373413086;0
8425;VAL4_20221012_024500_005.wav;0;0.057873863726854324;0
8426;VAL4_20221012_024500_006.wav;0;0.03765963390469551;0
8427;VAL4_20221012_024500_007.wav;0;0.033500708639621735;0
8428;VAL4_20221012_024500_008.wav;0;0.16166552901268005;0
8429;VAL4_20221012_024500_009.wav;0;0.13993017375469208;0
8430;VAL4_20221012_024500_010.wav;0;0.07015777379274368;0
8431;VAL4_20221012_024500_011.wav;0;0.038537055253982544;0
8432;VAL4_20221012_024500_012.wav;0;0.03287031129002571;0
8433;VAL4_20221012_024500_013.wav;0;0.07053297013044357;0
8434;VAL4_20221012_024500_014.wav;0;0.03809671103954315;0
8435;VAL4_20221012_024500_015.wav;0;0.03419627621769905;0
8436;VAL4_20221012_024500_016.wav;0;0.03763676807284355;0
8437;VAL4_20221012_024500_017.wav;0;0.03273667022585869;0
8438;VAL4_20221012_024500_018.wav;0;0.03302672877907753;0
8439;VAL4_20221012_024500_019.wav;0;0.05183795467019081;0
8440;VTN3_20220518_041500_000.wav;0;0.5384368300437927;0
8441;VTN3_20220518_041500_001.wav;0;0.09371278434991837;0
8442;VTN3_20220518_041500_002.wav;0;0.126115620136261;0
8443;VTN3_20220518_041500_003.wav;0;0.14046356081962585;0
8444;VTN3_20220518_041500_004.wav;0;0.27227547764778137;0
8445;VTN3_20220518_041500_005.wav;0;0.08994327485561371;0
8446;VTN3_20220518_041500_006.wav;0;0.06572365760803223;0
8447;VTN3_20220518_041500_007.wav;0;0.08570410311222076;0
8448;VTN3_20220518_041500_008.wav;0;0.09909303486347198;0
8449;VTN3_20220518_041500_009.wav;0;0.13811662793159485;0
8450;VTN3_20220518_041500_010.wav;0;0.13204583525657654;0
8451;VTN3_20220518_041500_011.wav;0;0.1755731701850891;0
8452;VTN3_20220518_041500_012.wav;0;0.19206489622592926;0
8453;VTN3_20220518_041500_013.wav;0;0.05603946000337601;0
8454;VTN3_20220518_041500_014.wav;0;0.047968871891498566;0
8455;VTN3_20220518_041500_015.wav;0;0.06968086957931519;0
8456;VTN3_20220518_041500_016.wav;0;0.08123873919248581;0
8457;VTN3_20220518_041500_017.wav;0;0.14305537939071655;0
8458;VTN3_20220518_041500_018.wav;0;0.15721502900123596;0
8459;VTN3_20220518_041500_019.wav;0;0.17022687196731567;0
8460;VTN3_20220519_130000_000.wav;1;0.9202357530593872;1
8461;VTN3_20220519_130000_001.wav;1;0.9046005606651306;1
8462;VTN3_20220519_130000_002.wav;1;0.9757868051528931;1
8463;VTN3_20220519_130000_003.wav;1;0.9870688915252686;1
8464;VTN3_20220519_130000_004.wav;1;0.9665458798408508;1
8465;VTN3_20220519_130000_005.wav;1;0.14330998063087463;1
8466;VTN3_20220519_130000_006.wav;1;0.6683496236801147;1
8467;VTN3_20220519_130000_007.wav;1;0.4615779221057892;1
8468;VTN3_20220519_130000_008.wav;0;0.19131283462047577;0
8469;VTN3_20220519_130000_009.wav;0;0.18356835842132568;0
8470;VTN3_20220519_130000_010.wav;0;2.4480168576701544e-06;0
8471;VTN3_20220519_130000_011.wav;0;0.32060983777046204;0
8472;VTN3_20220519_130000_012.wav;0;0.17104913294315338;0
8473;VTN3_20220519_130000_013.wav;0;0.20291219651699066;0
8474;VTN3_20220519_130000_014.wav;0;0.48886507749557495;0
8475;VTN3_20220519_130000_015.wav;1;0.18380998075008392;1
8476;VTN3_20220519_130000_016.wav;1;0.9768682718276978;1
8477;VTN3_20220519_130000_017.wav;1;0.970882773399353;1
8478;VTN3_20220519_130000_018.wav;1;0.9647001624107361;1
8479;VTN3_20220519_130000_019.wav;1;0.8888692855834961;1
8480;VTN3_20220520_191500_000.wav;0;0.7922697067260742;0
8481;VTN3_20220520_191500_001.wav;0;0.7139889597892761;0
8482;VTN3_20220520_191500_002.wav;0;0.5783550143241882;0
8483;VTN3_20220520_191500_003.wav;0;0.6310158967971802;0
8484;VTN3_20220520_191500_004.wav;0;0.4953637719154358;0
8485;VTN3_20220520_191500_005.wav;0;0.8958148956298828;0
8486;VTN3_20220520_191500_006.wav;0;0.5328665375709534;0
8487;VTN3_20220520_191500_007.wav;0;0.5452768802642822;0
8488;VTN3_20220520_191500_008.wav;0;0.611516535282135;0
8489;VTN3_20220520_191500_009.wav;0;0.6199877858161926;0
8490;VTN3_20220520_191500_010.wav;0;0.6561151742935181;0
8491;VTN3_20220520_191500_011.wav;0;0.805914580821991;0
8492;VTN3_20220520_191500_012.wav;0;0.8161349296569824;0
8493;VTN3_20220520_191500_013.wav;0;0.9604499340057373;0
8494;VTN3_20220520_191500_014.wav;0;0.9629465937614441;0
8495;VTN3_20220520_191500_015.wav;0;0.9850715398788452;0
8496;VTN3_20220520_191500_016.wav;0;0.9737433195114136;0
8497;VTN3_20220520_191500_017.wav;0;0.9683666825294495;0
8498;VTN3_20220520_191500_018.wav;0;0.9293159246444702;0
8499;VTN3_20220520_191500_019.wav;0;0.9469177722930908;0
8500;VTN3_20220522_080000_000.wav;0;0.06150801107287407;0
8501;VTN3_20220522_080000_001.wav;0;0.0712246298789978;0
8502;VTN3_20220522_080000_002.wav;0;0.13088496029376984;0
8503;VTN3_20220522_080000_003.wav;0;0.12722177803516388;0
8504;VTN3_20220522_080000_004.wav;0;0.15780703723430634;0
8505;VTN3_20220522_080000_005.wav;0;0.09103959053754807;0
8506;VTN3_20220522_080000_006.wav;0;0.09099337458610535;0
8507;VTN3_20220522_080000_007.wav;0;0.040071580559015274;0
8508;VTN3_20220522_080000_008.wav;0;0.1748620718717575;0
8509;VTN3_20220522_080000_009.wav;0;0.43846559524536133;0
8510;VTN3_20220522_080000_010.wav;0;0.3553743064403534;0
8511;VTN3_20220522_080000_011.wav;1;0.04006059467792511;1
8512;VTN3_20220522_080000_012.wav;1;0.6327835917472839;1
8513;VTN3_20220522_080000_013.wav;1;0.9811925888061523;1
8514;VTN3_20220522_080000_014.wav;1;0.0025866639334708452;1
8515;VTN3_20220522_080000_015.wav;1;0.9960097074508667;1
8516;VTN3_20220522_080000_016.wav;1;0.9865216016769409;1
8517;VTN3_20220522_080000_017.wav;1;0.9928590059280396;1
8518;VTN3_20220522_080000_018.wav;1;0.9791997075080872;1
8519;VTN3_20220522_080000_019.wav;1;0.8830491900444031;1
8520;VTN3_20220524_053000_000.wav;0;0.11931608617305756;0
8521;VTN3_20220524_053000_001.wav;0;0.18541139364242554;0
8522;VTN3_20220524_053000_002.wav;0;0.7456178069114685;0
8523;VTN3_20220524_053000_003.wav;0;0.413341760635376;0
8524;VTN3_20220524_053000_004.wav;0;0.08101248741149902;0
8525;VTN3_20220524_053000_005.wav;0;0.15706853568553925;0
8526;VTN3_20220524_053000_006.wav;0;0.05841889977455139;0
8527;VTN3_20220524_053000_007.wav;0;0.06785403937101364;0
8528;VTN3_20220524_053000_008.wav;0;0.09469681233167648;0
8529;VTN3_20220524_053000_009.wav;0;0.15103214979171753;0
8530;VTN3_20220524_053000_010.wav;0;0.5595572590827942;0
8531;VTN3_20220524_053000_011.wav;0;0.11961875855922699;0
8532;VTN3_20220524_053000_012.wav;0;0.11043650656938553;0
8533;VTN3_20220524_053000_013.wav;0;0.04693964496254921;0
8534;VTN3_20220524_053000_014.wav;0;0.37900638580322266;0
8535;VTN3_20220524_053000_015.wav;0;0.40989950299263;0
8536;VTN3_20220524_053000_016.wav;0;0.08295834064483643;0
8537;VTN3_20220524_053000_017.wav;0;0.21227283775806427;0
8538;VTN3_20220524_053000_018.wav;0;0.21031813323497772;0
8539;VTN3_20220524_053000_019.wav;0;0.08801428228616714;0
8540;VTN3_20220524_104500_000.wav;1;0.16265064477920532;1
8541;VTN3_20220524_104500_001.wav;1;0.9962030053138733;1
8542;VTN3_20220524_104500_002.wav;1;0.9869207143783569;1
8543;VTN3_20220524_104500_003.wav;1;0.009824492037296295;1
8544;VTN3_20220524_104500_004.wav;1;0.06148728355765343;1
8545;VTN3_20220524_104500_005.wav;1;0.4396694004535675;1
8546;VTN3_20220524_104500_006.wav;1;0.33779454231262207;1
8547;VTN3_20220524_104500_007.wav;1;0.5797626972198486;1
8548;VTN3_20220524_104500_008.wav;1;0.01265676598995924;1
8549;VTN3_20220524_104500_009.wav;1;0.8254350423812866;1
8550;VTN3_20220524_104500_010.wav;1;0.7602254152297974;1
8551;VTN3_20220524_104500_011.wav;1;0.1925750970840454;1
8552;VTN3_20220524_104500_012.wav;1;0.006495214067399502;1
8553;VTN3_20220524_104500_013.wav;1;0.9901935458183289;1
8554;VTN3_20220524_104500_014.wav;1;0.059514306485652924;1
8555;VTN3_20220524_104500_015.wav;1;0.0029627117328345776;1
8556;VTN3_20220524_104500_016.wav;1;7.098625246726442e-06;1
8557;VTN3_20220524_104500_017.wav;0;4.797258588951081e-05;0
8558;VTN3_20220524_104500_018.wav;0;0.1432378888130188;0
8559;VTN3_20220524_104500_019.wav;0;0.8702455163002014;0
8560;VTN3_20220526_073000_000.wav;0;0.7746428847312927;0
8561;VTN3_20220526_073000_001.wav;1;0.924896240234375;1
8562;VTN3_20220526_073000_002.wav;1;0.9804892539978027;1
8563;VTN3_20220526_073000_003.wav;1;0.9717715382575989;1
8564;VTN3_20220526_073000_004.wav;1;0.9634876251220703;1
8565;VTN3_20220526_073000_005.wav;1;0.9678024649620056;1
8566;VTN3_20220526_073000_006.wav;1;0.9798126220703125;1
8567;VTN3_20220526_073000_007.wav;1;0.8309126496315002;1
8568;VTN3_20220526_073000_008.wav;1;0.9369186162948608;1
8569;VTN3_20220526_073000_009.wav;1;0.8011341094970703;1
8570;VTN3_20220526_073000_010.wav;1;0.043389178812503815;1
8571;VTN3_20220526_073000_011.wav;0;0.10289517045021057;0
8572;VTN3_20220526_073000_012.wav;0;0.09266408532857895;0
8573;VTN3_20220526_073000_013.wav;0;0.16336284577846527;0
8574;VTN3_20220526_073000_014.wav;0;0.062498919665813446;0
8575;VTN3_20220526_073000_015.wav;0;0.5689502954483032;0
8576;VTN3_20220526_073000_016.wav;0;0.04519972205162048;0
8577;VTN3_20220526_073000_017.wav;0;0.04046238213777542;0
8578;VTN3_20220526_073000_018.wav;0;0.47789710760116577;0
8579;VTN3_20220526_073000_019.wav;0;0.2615325152873993;0
8580;VTN3_20220527_130000_000.wav;0;0.006294255144894123;0
8581;VTN3_20220527_130000_001.wav;0;0.010807223618030548;0
8582;VTN3_20220527_130000_002.wav;0;0.00471770204603672;0
8583;VTN3_20220527_130000_003.wav;0;0.030256208032369614;0
8584;VTN3_20220527_130000_004.wav;0;0.013539954088628292;0
8585;VTN3_20220527_130000_005.wav;0;0.021046897396445274;0
8586;VTN3_20220527_130000_006.wav;0;0.01071220263838768;0
8587;VTN3_20220527_130000_007.wav;0;0.08263909071683884;0
8588;VTN3_20220527_130000_008.wav;0;0.021761374548077583;0
8589;VTN3_20220527_130000_009.wav;0;0.011790542863309383;0
8590;VTN3_20220527_130000_010.wav;0;0.038240157067775726;0
8591;VTN3_20220527_130000_011.wav;0;0.04386570304632187;0
8592;VTN3_20220527_130000_012.wav;0;0.05458987504243851;0
8593;VTN3_20220527_130000_013.wav;0;0.028258273378014565;0
8594;VTN3_20220527_130000_014.wav;0;0.04127440229058266;0
8595;VTN3_20220527_130000_015.wav;0;0.023307928815484047;0
8596;VTN3_20220527_130000_016.wav;1;0.031273022294044495;1
8597;VTN3_20220527_130000_017.wav;1;0.5606076121330261;1
8598;VTN3_20220527_130000_018.wav;1;0.4106411635875702;1
8599;VTN3_20220527_130000_019.wav;1;0.2896394431591034;1
8600;VTN3_20220528_224500_000.wav;0;0.10179141163825989;0
8601;VTN3_20220528_224500_001.wav;0;0.07577858120203018;0
8602;VTN3_20220528_224500_002.wav;0;0.07887592911720276;0
8603;VTN3_20220528_224500_003.wav;0;0.07969187945127487;0
8604;VTN3_20220528_224500_004.wav;0;0.08287616819143295;0
8605;VTN3_20220528_224500_005.wav;0;0.07974731177091599;0
8606;VTN3_20220528_224500_006.wav;0;0.0809720829129219;0
8607;VTN3_20220528_224500_007.wav;0;0.7732192873954773;0
8608;VTN3_20220528_224500_008.wav;0;0.9631956815719604;0
8609;VTN3_20220528_224500_009.wav;0;0.08539726585149765;0
8610;VTN3_20220528_224500_010.wav;1;0.0897451639175415;1
8611;VTN3_20220528_224500_011.wav;1;0.7992585897445679;1
8612;VTN3_20220528_224500_012.wav;1;0.9708889722824097;1
8613;VTN3_20220528_224500_013.wav;1;0.09474706649780273;1
8614;VTN3_20220528_224500_014.wav;0;0.1088307574391365;0
8615;VTN3_20220528_224500_015.wav;0;0.12424767762422562;0
8616;VTN3_20220528_224500_016.wav;0;0.11838972568511963;0
8617;VTN3_20220528_224500_017.wav;0;0.11036756634712219;0
8618;VTN3_20220528_224500_018.wav;0;0.12422759085893631;0
8619;VTN3_20220528_224500_019.wav;0;0.11403467506170273;0
8620;VTN3_20220601_041500_000.wav;0;0.08967440575361252;0
8621;VTN3_20220601_041500_001.wav;0;0.05621122941374779;0
8622;VTN3_20220601_041500_002.wav;0;0.14255580306053162;0
8623;VTN3_20220601_041500_003.wav;0;0.15421432256698608;0
8624;VTN3_20220601_041500_004.wav;0;0.15133947134017944;0
8625;VTN3_20220601_041500_005.wav;0;0.08777829259634018;0
8626;VTN3_20220601_041500_006.wav;0;0.1056559607386589;0
8627;VTN3_20220601_041500_007.wav;0;0.13051125407218933;0
8628;VTN3_20220601_041500_008.wav;0;0.08893472701311111;0
8629;VTN3_20220601_041500_009.wav;0;0.0813402608036995;0
8630;VTN3_20220601_041500_010.wav;0;0.0648842453956604;0
8631;VTN3_20220601_041500_011.wav;0;0.06617621332406998;0
8632;VTN3_20220601_041500_012.wav;0;0.1263800710439682;0
8633;VTN3_20220601_041500_013.wav;0;0.07425098866224289;0
8634;VTN3_20220601_041500_014.wav;0;0.07436300814151764;0
8635;VTN3_20220601_041500_015.wav;0;0.06203122064471245;0
8636;VTN3_20220601_041500_016.wav;0;0.06328456103801727;0
8637;VTN3_20220601_041500_017.wav;0;0.05471883714199066;0
8638;VTN3_20220601_041500_018.wav;0;0.06805800646543503;0
8639;VTN3_20220601_041500_019.wav;0;0.06527184695005417;0
8640;VTN3_20220601_043000_000.wav;0;0.04863043129444122;0
8641;VTN3_20220601_043000_001.wav;0;0.0745001956820488;0
8642;VTN3_20220601_043000_002.wav;0;0.39164501428604126;0
8643;VTN3_20220601_043000_003.wav;1;0.5820584893226624;1
8644;VTN3_20220601_043000_004.wav;1;0.9440028071403503;1
8645;VTN3_20220601_043000_005.wav;1;0.9500800371170044;1
8646;VTN3_20220601_043000_006.wav;1;0.7551981210708618;1
8647;VTN3_20220601_043000_007.wav;1;0.8444284796714783;1
8648;VTN3_20220601_043000_008.wav;1;0.489301472902298;1
8649;VTN3_20220601_043000_009.wav;1;0.2988987863063812;1
8650;VTN3_20220601_043000_010.wav;1;0.09443295747041702;1
8651;VTN3_20220601_043000_011.wav;0;0.273002952337265;0
8652;VTN3_20220601_043000_012.wav;0;0.5163405537605286;0
8653;VTN3_20220601_043000_013.wav;0;0.18647237122058868;0
8654;VTN3_20220601_043000_014.wav;0;0.08805739134550095;0
8655;VTN3_20220601_043000_015.wav;0;0.7004685997962952;0
8656;VTN3_20220601_043000_016.wav;0;0.0471503809094429;0
8657;VTN3_20220601_043000_017.wav;0;0.28731611371040344;0
8658;VTN3_20220601_043000_018.wav;0;0.043435126543045044;0
8659;VTN3_20220601_043000_019.wav;0;0.3139175474643707;0
8660;VTN3_20220601_090000_000.wav;0;0.061181314289569855;0
8661;VTN3_20220601_090000_001.wav;0;0.8749766945838928;0
8662;VTN3_20220601_090000_002.wav;0;0.1929824948310852;0
8663;VTN3_20220601_090000_003.wav;0;0.05684831738471985;0
8664;VTN3_20220601_090000_004.wav;0;0.09977468103170395;0
8665;VTN3_20220601_090000_005.wav;0;0.4337135851383209;0
8666;VTN3_20220601_090000_006.wav;0;0.8041747808456421;0
8667;VTN3_20220601_090000_007.wav;0;0.8411085605621338;0
8668;VTN3_20220601_090000_008.wav;0;0.9473625421524048;0
8669;VTN3_20220601_090000_009.wav;0;0.9528537392616272;0
8670;VTN3_20220601_090000_010.wav;0;0.5645659565925598;0
8671;VTN3_20220601_090000_011.wav;0;0.14181508123874664;0
8672;VTN3_20220601_090000_012.wav;0;0.05116230621933937;0
8673;VTN3_20220601_090000_013.wav;0;0.8121080994606018;0
8674;VTN3_20220601_090000_014.wav;0;0.6832945346832275;0
8675;VTN3_20220601_090000_015.wav;0;0.861090898513794;0
8676;VTN3_20220601_090000_016.wav;0;0.43105411529541016;0
8677;VTN3_20220601_090000_017.wav;0;0.9256664514541626;0
8678;VTN3_20220601_090000_018.wav;0;0.979951798915863;0
8679;VTN3_20220601_090000_019.wav;0;0.07666055113077164;0
8680;VTN3_20220601_094500_000.wav;0;0.022096749395132065;0
8681;VTN3_20220601_094500_001.wav;0;0.08768342435359955;0
8682;VTN3_20220601_094500_002.wav;0;0.029064519330859184;0
8683;VTN3_20220601_094500_003.wav;0;0.00910406094044447;0
8684;VTN3_20220601_094500_004.wav;0;0.08984660357236862;0
8685;VTN3_20220601_094500_005.wav;0;0.08760211616754532;0
8686;VTN3_20220601_094500_006.wav;0;0.022330554202198982;0
8687;VTN3_20220601_094500_007.wav;0;0.10726136714220047;0
8688;VTN3_20220601_094500_008.wav;0;0.11526357382535934;0
8689;VTN3_20220601_094500_009.wav;0;0.0869004875421524;0
8690;VTN3_20220601_094500_010.wav;0;0.10128427296876907;0
8691;VTN3_20220601_094500_011.wav;0;0.08922288566827774;0
8692;VTN3_20220601_094500_012.wav;0;0.08354052901268005;0
8693;VTN3_20220601_094500_013.wav;0;0.11089017242193222;0
8694;VTN3_20220601_094500_014.wav;0;0.08328742533922195;0
8695;VTN3_20220601_094500_015.wav;0;0.10555566102266312;0
8696;VTN3_20220601_094500_016.wav;0;0.08668643236160278;0
8697;VTN3_20220601_094500_017.wav;0;0.11424581706523895;0
8698;VTN3_20220601_094500_018.wav;0;0.08362186700105667;0
8699;VTN3_20220601_094500_019.wav;0;0.12033513933420181;0
8700;VTN3_20220601_103000_000.wav;0;0.9651052355766296;0
8701;VTN3_20220601_103000_001.wav;0;0.9810948371887207;0
8702;VTN3_20220601_103000_002.wav;0;0.9735848903656006;0
8703;VTN3_20220601_103000_003.wav;0;0.9768036603927612;0
8704;VTN3_20220601_103000_004.wav;0;0.9676831364631653;0
8705;VTN3_20220601_103000_005.wav;0;0.9783726334571838;0
8706;VTN3_20220601_103000_006.wav;0;0.9368276596069336;0
8707;VTN3_20220601_103000_007.wav;0;0.9844779968261719;0
8708;VTN3_20220601_103000_008.wav;0;0.8649759888648987;0
8709;VTN3_20220601_103000_009.wav;0;0.9095686674118042;0
8710;VTN3_20220601_103000_010.wav;0;0.9162771701812744;0
8711;VTN3_20220601_103000_011.wav;1;0.9387951493263245;1
8712;VTN3_20220601_103000_012.wav;1;0.9579166173934937;1
8713;VTN3_20220601_103000_013.wav;0;0.9391348361968994;0
8714;VTN3_20220601_103000_014.wav;0;0.965397834777832;0
8715;VTN3_20220601_103000_015.wav;1;0.9400142431259155;1
8716;VTN3_20220601_103000_016.wav;1;0.9609739780426025;1
8717;VTN3_20220601_103000_017.wav;1;0.9315944314002991;1
8718;VTN3_20220601_103000_018.wav;1;0.9537226557731628;1
8719;VTN3_20220601_103000_019.wav;1;0.8995857834815979;1
8720;VTN3_20220601_120000_000.wav;0;0.05146373063325882;0
8721;VTN3_20220601_120000_001.wav;0;0.04538778215646744;0
8722;VTN3_20220601_120000_002.wav;0;0.13243281841278076;0
8723;VTN3_20220601_120000_003.wav;1;0.06127452477812767;1
8724;VTN3_20220601_120000_004.wav;1;0.6270509958267212;1
8725;VTN3_20220601_120000_005.wav;1;0.9558562636375427;1
8726;VTN3_20220601_120000_006.wav;1;0.9805909991264343;1
8727;VTN3_20220601_120000_007.wav;1;0.9821516275405884;1
8728;VTN3_20220601_120000_008.wav;1;0.993696391582489;1
8729;VTN3_20220601_120000_009.wav;1;0.9790233373641968;1
8730;VTN3_20220601_120000_010.wav;1;0.9782468676567078;1
8731;VTN3_20220601_120000_011.wav;1;0.9699289202690125;1
8732;VTN3_20220601_120000_012.wav;1;0.98305743932724;1
8733;VTN3_20220601_120000_013.wav;1;0.9467572569847107;1
8734;VTN3_20220601_120000_014.wav;1;0.9866413474082947;1
8735;VTN3_20220601_120000_015.wav;1;0.9828320145606995;1
8736;VTN3_20220601_120000_016.wav;1;0.9974306225776672;1
8737;VTN3_20220601_120000_017.wav;1;0.9881286025047302;1
8738;VTN3_20220601_120000_018.wav;1;0.8187152743339539;1
8739;VTN3_20220601_120000_019.wav;1;0.3118138313293457;1
8740;VTN3_20220601_151500_000.wav;0;0.9889617562294006;0
8741;VTN3_20220601_151500_001.wav;0;0.9725099205970764;0
8742;VTN3_20220601_151500_002.wav;0;0.8961432576179504;0
8743;VTN3_20220601_151500_003.wav;0;0.9921614527702332;0
8744;VTN3_20220601_151500_004.wav;0;0.6156412959098816;0
8745;VTN3_20220601_151500_005.wav;0;0.28200191259384155;0
8746;VTN3_20220601_151500_006.wav;0;0.8821234703063965;0
8747;VTN3_20220601_151500_007.wav;0;0.31510233879089355;0
8748;VTN3_20220601_151500_008.wav;0;0.6231446862220764;0
8749;VTN3_20220601_151500_009.wav;0;0.5833939909934998;0
8750;VTN3_20220601_151500_010.wav;0;0.9578731656074524;0
8751;VTN3_20220601_151500_011.wav;0;0.9334431290626526;0
8752;VTN3_20220601_151500_012.wav;0;0.8872549533843994;0
8753;VTN3_20220601_151500_013.wav;0;0.5608968138694763;0
8754;VTN3_20220601_151500_014.wav;0;0.9521138072013855;0
8755;VTN3_20220601_151500_015.wav;0;0.8711122274398804;0
8756;VTN3_20220601_151500_016.wav;0;0.1928463578224182;0
8757;VTN3_20220601_151500_017.wav;0;0.97742760181427;0
8758;VTN3_20220601_151500_018.wav;0;0.9780927896499634;0
8759;VTN3_20220601_151500_019.wav;0;0.982543408870697;0
8760;VTN3_20220601_204500_000.wav;0;0.06690213829278946;0
8761;VTN3_20220601_204500_001.wav;0;0.04321882128715515;0
8762;VTN3_20220601_204500_002.wav;0;0.05391494929790497;0
8763;VTN3_20220601_204500_003.wav;0;0.045909617096185684;0
8764;VTN3_20220601_204500_004.wav;0;0.04657105356454849;0
8765;VTN3_20220601_204500_005.wav;0;0.042089056223630905;0
8766;VTN3_20220601_204500_006.wav;0;0.04914911463856697;0
8767;VTN3_20220601_204500_007.wav;0;0.04109147936105728;0
8768;VTN3_20220601_204500_008.wav;0;0.05855318903923035;0
8769;VTN3_20220601_204500_009.wav;0;0.05132482945919037;0
8770;VTN3_20220601_204500_010.wav;0;0.1073477491736412;0
8771;VTN3_20220601_204500_011.wav;0;0.0676434338092804;0
8772;VTN3_20220601_204500_012.wav;0;0.05409669876098633;0
8773;VTN3_20220601_204500_013.wav;0;0.08618311583995819;0
8774;VTN3_20220601_204500_014.wav;0;0.05560076981782913;0
8775;VTN3_20220601_204500_015.wav;0;0.05045395344495773;0
8776;VTN3_20220601_204500_016.wav;0;0.04661277309060097;0
8777;VTN3_20220601_204500_017.wav;0;0.06780121475458145;0
8778;VTN3_20220601_204500_018.wav;0;0.053656697273254395;0
8779;VTN3_20220601_204500_019.wav;0;0.09142204374074936;0
8780;VTN3_20220601_213000_000.wav;0;0.349355548620224;0
8781;VTN3_20220601_213000_001.wav;0;0.08037382364273071;1
8782;VTN3_20220601_213000_002.wav;0;0.16397234797477722;1
8783;VTN3_20220601_213000_003.wav;0;0.0721190944314003;1
8784;VTN3_20220601_213000_004.wav;0;0.26577314734458923;1
8785;VTN3_20220601_213000_005.wav;0;0.055269233882427216;1
8786;VTN3_20220601_213000_006.wav;0;0.5356335639953613;1
8787;VTN3_20220601_213000_007.wav;0;0.6272732615470886;1
8788;VTN3_20220601_213000_008.wav;0;0.976563036441803;1
8789;VTN3_20220601_213000_009.wav;0;0.982397735118866;1
8790;VTN3_20220601_213000_010.wav;0;0.9391669034957886;1
8791;VTN3_20220601_213000_011.wav;0;0.4919162094593048;1
8792;VTN3_20220601_213000_012.wav;0;0.9583802223205566;1
8793;VTN3_20220601_213000_013.wav;0;0.981117308139801;1
8794;VTN3_20220601_213000_014.wav;0;0.9807300567626953;1
8795;VTN3_20220601_213000_015.wav;0;0.9759513139724731;1
8796;VTN3_20220601_213000_016.wav;0;0.6305002570152283;1
8797;VTN3_20220601_213000_017.wav;0;0.8271883726119995;1
8798;VTN3_20220601_213000_018.wav;0;0.8166206479072571;1
8799;VTN3_20220601_213000_019.wav;0;0.10310022532939911;1
8800;VTN4_20220512_221500_000.wav;0;0.07594210654497147;0
8801;VTN4_20220512_221500_001.wav;0;0.03950756415724754;0
8802;VTN4_20220512_221500_002.wav;0;0.07844407856464386;0
8803;VTN4_20220512_221500_003.wav;0;0.028667550534009933;0
8804;VTN4_20220512_221500_004.wav;0;0.03509717807173729;0
8805;VTN4_20220512_221500_005.wav;0;0.04011748731136322;0
8806;VTN4_20220512_221500_006.wav;0;0.0361827053129673;0
8807;VTN4_20220512_221500_007.wav;0;0.03943533077836037;0
8808;VTN4_20220512_221500_008.wav;0;0.03236066922545433;0
8809;VTN4_20220512_221500_009.wav;0;0.036412134766578674;0
8810;VTN4_20220512_221500_010.wav;0;0.03396124765276909;0
8811;VTN4_20220512_221500_011.wav;0;0.031461820006370544;0
8812;VTN4_20220512_221500_012.wav;0;0.3249532878398895;1
8813;VTN4_20220512_221500_013.wav;0;0.6821602582931519;1
8814;VTN4_20220512_221500_014.wav;0;0.27664294838905334;1
8815;VTN4_20220512_221500_015.wav;0;0.04777560755610466;1
8816;VTN4_20220512_221500_016.wav;0;0.7785394787788391;1
8817;VTN4_20220512_221500_017.wav;0;0.6206143498420715;1
8818;VTN4_20220512_221500_018.wav;0;0.5250000953674316;1
8819;VTN4_20220512_221500_019.wav;0;0.10544763505458832;1
8820;VTN4_20220513_124500_000.wav;1;0.9930124878883362;1
8821;VTN4_20220513_124500_001.wav;1;0.9910416007041931;1
8822;VTN4_20220513_124500_002.wav;1;0.986077070236206;1
8823;VTN4_20220513_124500_003.wav;1;0.9900628924369812;1
8824;VTN4_20220513_124500_004.wav;1;0.9949790835380554;1
8825;VTN4_20220513_124500_005.wav;1;0.9956918358802795;1
8826;VTN4_20220513_124500_006.wav;1;0.9917211532592773;1
8827;VTN4_20220513_124500_007.wav;1;0.9678599834442139;1
8828;VTN4_20220513_124500_008.wav;1;0.9978457689285278;1
8829;VTN4_20220513_124500_009.wav;1;0.9946156144142151;1
8830;VTN4_20220513_124500_010.wav;1;0.9904652833938599;1
8831;VTN4_20220513_124500_011.wav;1;0.9957081079483032;1
8832;VTN4_20220513_124500_012.wav;1;0.9462268948554993;1
8833;VTN4_20220513_124500_013.wav;1;0.9261706471443176;1
8834;VTN4_20220513_124500_014.wav;1;0.849249005317688;1
8835;VTN4_20220513_124500_015.wav;1;0.9702273607254028;1
8836;VTN4_20220513_124500_016.wav;1;0.9179695844650269;1
8837;VTN4_20220513_124500_017.wav;1;0.9674484133720398;1
8838;VTN4_20220513_124500_018.wav;1;0.9643629789352417;1
8839;VTN4_20220513_124500_019.wav;1;0.9713322520256042;1
8840;VTN4_20220517_104500_000.wav;0;0.921528160572052;0
8841;VTN4_20220517_104500_001.wav;0;0.5694972276687622;0
8842;VTN4_20220517_104500_002.wav;0;0.30364149808883667;0
8843;VTN4_20220517_104500_003.wav;0;0.3651198148727417;0
8844;VTN4_20220517_104500_004.wav;0;0.8469931483268738;0
8845;VTN4_20220517_104500_005.wav;0;0.5449466109275818;0
8846;VTN4_20220517_104500_006.wav;0;0.85578453540802;0
8847;VTN4_20220517_104500_007.wav;0;0.876693844795227;0
8848;VTN4_20220517_104500_008.wav;0;0.345427006483078;0
8849;VTN4_20220517_104500_009.wav;0;0.5194392204284668;0
8850;VTN4_20220517_104500_010.wav;0;0.9727725982666016;0
8851;VTN4_20220517_104500_011.wav;0;0.14412514865398407;0
8852;VTN4_20220517_104500_012.wav;0;0.5740183591842651;0
8853;VTN4_20220517_104500_013.wav;0;0.7895846366882324;0
8854;VTN4_20220517_104500_014.wav;0;0.40575718879699707;0
8855;VTN4_20220517_104500_015.wav;0;0.6250455975532532;0
8856;VTN4_20220517_104500_016.wav;0;0.3295736610889435;0
8857;VTN4_20220517_104500_017.wav;0;0.9163760542869568;0
8858;VTN4_20220517_104500_018.wav;0;0.5732194185256958;0
8859;VTN4_20220517_104500_019.wav;0;0.5436611175537109;0
8860;VTN4_20220518_113000_000.wav;1;0.9381160140037537;1
8861;VTN4_20220518_113000_001.wav;1;0.9923891425132751;1
8862;VTN4_20220518_113000_002.wav;1;0.9718230962753296;1
8863;VTN4_20220518_113000_003.wav;1;0.9950804710388184;1
8864;VTN4_20220518_113000_004.wav;1;0.9648066759109497;1
8865;VTN4_20220518_113000_005.wav;1;0.9598874449729919;1
8866;VTN4_20220518_113000_006.wav;1;0.9236189126968384;1
8867;VTN4_20220518_113000_007.wav;1;0.9914833903312683;1
8868;VTN4_20220518_113000_008.wav;1;0.9744967222213745;1
8869;VTN4_20220518_113000_009.wav;1;0.9148717522621155;1
8870;VTN4_20220518_113000_010.wav;1;0.9858884215354919;1
8871;VTN4_20220518_113000_011.wav;1;0.9265152812004089;1
8872;VTN4_20220518_113000_012.wav;1;0.9936309456825256;1
8873;VTN4_20220518_113000_013.wav;1;0.988109827041626;1
8874;VTN4_20220518_113000_014.wav;1;0.9921695590019226;1
8875;VTN4_20220518_113000_015.wav;1;0.9817341566085815;1
8876;VTN4_20220518_113000_016.wav;1;0.9734869599342346;1
8877;VTN4_20220518_113000_017.wav;1;0.9529572129249573;1
8878;VTN4_20220518_113000_018.wav;1;0.9735502004623413;1
8879;VTN4_20220518_113000_019.wav;1;0.971847653388977;1
8880;VTN4_20220518_211500_000.wav;0;0.4326595664024353;0
8881;VTN4_20220518_211500_001.wav;0;0.5049072504043579;0
8882;VTN4_20220518_211500_002.wav;0;0.9697801470756531;0
8883;VTN4_20220518_211500_003.wav;0;0.12403441220521927;0
8884;VTN4_20220518_211500_004.wav;0;0.1216505616903305;0
8885;VTN4_20220518_211500_005.wav;0;0.9103232622146606;0
8886;VTN4_20220518_211500_006.wav;0;0.5686520338058472;0
8887;VTN4_20220518_211500_007.wav;0;0.6997367143630981;0
8888;VTN4_20220518_211500_008.wav;0;0.5112699866294861;0
8889;VTN4_20220518_211500_009.wav;0;0.8663769364356995;0
8890;VTN4_20220518_211500_010.wav;0;0.07846236974000931;0
8891;VTN4_20220518_211500_011.wav;0;0.9354053139686584;0
8892;VTN4_20220518_211500_012.wav;0;0.974784791469574;0
8893;VTN4_20220518_211500_013.wav;0;0.9372416734695435;0
8894;VTN4_20220518_211500_014.wav;0;0.7924556136131287;0
8895;VTN4_20220518_211500_015.wav;0;0.9869001507759094;0
8896;VTN4_20220518_211500_016.wav;0;0.8093504309654236;0
8897;VTN4_20220518_211500_017.wav;0;0.7803266048431396;0
8898;VTN4_20220518_211500_018.wav;0;0.2782666087150574;0
8899;VTN4_20220518_211500_019.wav;0;0.3260810673236847;0
8900;VTN4_20220519_061500_000.wav;0;0.805641770362854;0
8901;VTN4_20220519_061500_001.wav;0;0.3112068176269531;0
8902;VTN4_20220519_061500_002.wav;0;0.3607175648212433;0
8903;VTN4_20220519_061500_003.wav;0;0.7557159662246704;0
8904;VTN4_20220519_061500_004.wav;0;0.673816442489624;0
8905;VTN4_20220519_061500_005.wav;0;0.15135927498340607;0
8906;VTN4_20220519_061500_006.wav;0;0.7470360994338989;1
8907;VTN4_20220519_061500_007.wav;0;0.968532919883728;1
8908;VTN4_20220519_061500_008.wav;0;0.9730871915817261;1
8909;VTN4_20220519_061500_009.wav;0;0.9433344006538391;1
8910;VTN4_20220519_061500_010.wav;0;0.9620936512947083;1
8911;VTN4_20220519_061500_011.wav;0;0.1865965873003006;1
8912;VTN4_20220519_061500_012.wav;0;0.38054412603378296;0
8913;VTN4_20220519_061500_013.wav;0;0.6907795667648315;0
8914;VTN4_20220519_061500_014.wav;0;0.6308862566947937;0
8915;VTN4_20220519_061500_015.wav;0;0.7738128304481506;0
8916;VTN4_20220519_061500_016.wav;0;0.45726925134658813;0
8917;VTN4_20220519_061500_017.wav;0;0.7867791056632996;0
8918;VTN4_20220519_061500_018.wav;0;0.5963539481163025;0
8919;VTN4_20220519_061500_019.wav;0;0.8409527540206909;0
8920;VTN4_20220519_233000_000.wav;0;0.6810053586959839;0
8921;VTN4_20220519_233000_001.wav;0;0.8643285632133484;0
8922;VTN4_20220519_233000_002.wav;0;0.9802788496017456;0
8923;VTN4_20220519_233000_003.wav;0;0.17033199965953827;0
8924;VTN4_20220519_233000_004.wav;0;0.08193065971136093;0
8925;VTN4_20220519_233000_005.wav;0;0.5976157188415527;0
8926;VTN4_20220519_233000_006.wav;0;0.8246940970420837;0
8927;VTN4_20220519_233000_007.wav;0;0.3239443898200989;0
8928;VTN4_20220519_233000_008.wav;0;0.3923583924770355;0
8929;VTN4_20220519_233000_009.wav;0;0.9393333196640015;0
8930;VTN4_20220519_233000_010.wav;0;0.9731578230857849;0
8931;VTN4_20220519_233000_011.wav;0;0.4883379638195038;0
8932;VTN4_20220519_233000_012.wav;0;0.21786808967590332;0
8933;VTN4_20220519_233000_013.wav;0;0.864391028881073;0
8934;VTN4_20220519_233000_014.wav;0;0.7309788465499878;0
8935;VTN4_20220519_233000_015.wav;0;0.04023132100701332;0
8936;VTN4_20220519_233000_016.wav;0;0.03839731961488724;0
8937;VTN4_20220519_233000_017.wav;0;0.001267462270334363;0
8938;VTN4_20220519_233000_018.wav;0;0.26850998401641846;0
8939;VTN4_20220519_233000_019.wav;0;0.42383402585983276;0
8940;VTN4_20220520_064500_000.wav;0;0.728632390499115;0
8941;VTN4_20220520_064500_001.wav;0;0.23957200348377228;0
8942;VTN4_20220520_064500_002.wav;0;0.7738447189331055;0
8943;VTN4_20220520_064500_003.wav;0;0.7746502161026001;0
8944;VTN4_20220520_064500_004.wav;0;0.449480801820755;0
8945;VTN4_20220520_064500_005.wav;0;0.8145306706428528;0
8946;VTN4_20220520_064500_006.wav;0;0.6556538939476013;0
8947;VTN4_20220520_064500_007.wav;0;0.3916876018047333;0
8948;VTN4_20220520_064500_008.wav;0;0.47212108969688416;0
8949;VTN4_20220520_064500_009.wav;0;0.3941439986228943;0
8950;VTN4_20220520_064500_010.wav;0;0.6967849731445312;0
8951;VTN4_20220520_064500_011.wav;1;0.9348524808883667;1
8952;VTN4_20220520_064500_012.wav;1;0.9506371021270752;1
8953;VTN4_20220520_064500_013.wav;1;0.9828665852546692;1
8954;VTN4_20220520_064500_014.wav;1;0.9813612103462219;1
8955;VTN4_20220520_064500_015.wav;1;0.8707759380340576;1
8956;VTN4_20220520_064500_016.wav;1;0.5724102258682251;1
8957;VTN4_20220520_064500_017.wav;0;0.7870568037033081;0
8958;VTN4_20220520_064500_018.wav;0;0.1798226237297058;0
8959;VTN4_20220520_064500_019.wav;0;0.9652643799781799;0
8960;VTN4_20220527_024500_000.wav;0;0.10025973618030548;0
8961;VTN4_20220527_024500_001.wav;0;0.05010402202606201;0
8962;VTN4_20220527_024500_002.wav;0;0.13129444420337677;0
8963;VTN4_20220527_024500_003.wav;0;0.059692494571208954;0
8964;VTN4_20220527_024500_004.wav;0;0.09539743512868881;0
8965;VTN4_20220527_024500_005.wav;0;0.1462392657995224;0
8966;VTN4_20220527_024500_006.wav;0;0.15982885658740997;0
8967;VTN4_20220527_024500_007.wav;0;0.06725725531578064;0
8968;VTN4_20220527_024500_008.wav;0;0.061202339828014374;0
8969;VTN4_20220527_024500_009.wav;0;0.20630410313606262;0
8970;VTN4_20220527_024500_010.wav;0;0.050187043845653534;0
8971;VTN4_20220527_024500_011.wav;0;0.0943891778588295;0
8972;VTN4_20220527_024500_012.wav;0;0.23385539650917053;0
8973;VTN4_20220527_024500_013.wav;0;0.11052345484495163;0
8974;VTN4_20220527_024500_014.wav;0;0.1911078691482544;0
8975;VTN4_20220527_024500_015.wav;0;0.11150845140218735;0
8976;VTN4_20220527_024500_016.wav;0;0.08448628336191177;0
8977;VTN4_20220527_024500_017.wav;0;0.07647154480218887;0
8978;VTN4_20220527_024500_018.wav;0;0.19008533656597137;0
8979;VTN4_20220527_024500_019.wav;0;0.042249761521816254;0
8980;VTN4_20220528_133000_000.wav;1;0.9699330925941467;1
8981;VTN4_20220528_133000_001.wav;1;0.9615609645843506;1
8982;VTN4_20220528_133000_002.wav;1;0.9645715951919556;1
8983;VTN4_20220528_133000_003.wav;1;0.9814081788063049;1
8984;VTN4_20220528_133000_004.wav;1;0.9965632557868958;1
8985;VTN4_20220528_133000_005.wav;1;0.9935300946235657;1
8986;VTN4_20220528_133000_006.wav;1;0.9923243522644043;1
8987;VTN4_20220528_133000_007.wav;1;0.9960624575614929;1
8988;VTN4_20220528_133000_008.wav;1;0.9872123599052429;1
8989;VTN4_20220528_133000_009.wav;1;0.9851049780845642;1
8990;VTN4_20220528_133000_010.wav;1;0.9711242318153381;1
8991;VTN4_20220528_133000_011.wav;1;0.9789983630180359;1
8992;VTN4_20220528_133000_012.wav;1;0.9550954103469849;1
8993;VTN4_20220528_133000_013.wav;1;0.9190994501113892;1
8994;VTN4_20220528_133000_014.wav;1;0.9919103980064392;1
8995;VTN4_20220528_133000_015.wav;1;0.9680715203285217;1
8996;VTN4_20220528_133000_016.wav;1;0.976036012172699;1
8997;VTN4_20220528_133000_017.wav;1;0.9949777722358704;1
8998;VTN4_20220528_133000_018.wav;1;0.9835945963859558;1
8999;VTN4_20220528_133000_019.wav;1;0.9742236137390137;1
9000;VTN4_20220529_021500_000.wav;0;0.13307665288448334;0
9001;VTN4_20220529_021500_001.wav;0;0.6408186554908752;0
9002;VTN4_20220529_021500_002.wav;0;0.49973049759864807;0
9003;VTN4_20220529_021500_003.wav;0;0.6025172472000122;0
9004;VTN4_20220529_021500_004.wav;0;0.6961585879325867;0
9005;VTN4_20220529_021500_005.wav;0;0.1244228407740593;0
9006;VTN4_20220529_021500_006.wav;0;0.20134451985359192;0
9007;VTN4_20220529_021500_007.wav;0;0.22810450196266174;0
9008;VTN4_20220529_021500_008.wav;0;0.40117183327674866;0
9009;VTN4_20220529_021500_009.wav;0;0.22909098863601685;0
9010;VTN4_20220529_021500_010.wav;0;0.6981744170188904;0
9011;VTN4_20220529_021500_011.wav;0;0.2762557566165924;0
9012;VTN4_20220529_021500_012.wav;0;0.1812046617269516;0
9013;VTN4_20220529_021500_013.wav;0;0.163376584649086;0
9014;VTN4_20220529_021500_014.wav;0;0.45984476804733276;0
9015;VTN4_20220529_021500_015.wav;0;0.6191364526748657;0
9016;VTN4_20220529_021500_016.wav;0;0.2771940529346466;0
9017;VTN4_20220529_021500_017.wav;0;0.33264467120170593;0
9018;VTN4_20220529_021500_018.wav;0;0.5420837998390198;0
9019;VTN4_20220529_021500_019.wav;0;0.4384743869304657;0
9020;VTN4_20220529_131500_000.wav;0;0.9462752342224121;0
9021;VTN4_20220529_131500_001.wav;0;0.9708318114280701;0
9022;VTN4_20220529_131500_002.wav;0;0.8487198948860168;0
9023;VTN4_20220529_131500_003.wav;0;0.8888140320777893;0
9024;VTN4_20220529_131500_004.wav;0;0.7370625138282776;0
9025;VTN4_20220529_131500_005.wav;0;0.9351654648780823;0
9026;VTN4_20220529_131500_006.wav;0;0.9667460322380066;0
9027;VTN4_20220529_131500_007.wav;0;0.9936758875846863;0
9028;VTN4_20220529_131500_008.wav;1;0.9789963960647583;1
9029;VTN4_20220529_131500_009.wav;1;0.9744167923927307;1
9030;VTN4_20220529_131500_010.wav;1;0.8528946042060852;1
9031;VTN4_20220529_131500_011.wav;1;0.9423344731330872;1
9032;VTN4_20220529_131500_012.wav;1;0.9669070243835449;1
9033;VTN4_20220529_131500_013.wav;1;0.9240232110023499;1
9034;VTN4_20220529_131500_014.wav;1;0.9645991921424866;1
9035;VTN4_20220529_131500_015.wav;1;0.49152877926826477;1
9036;VTN4_20220529_131500_016.wav;1;0.9411848187446594;1
9037;VTN4_20220529_131500_017.wav;1;0.8757479190826416;1
9038;VTN4_20220529_131500_018.wav;1;0.7652977705001831;1
9039;VTN4_20220529_131500_019.wav;0;0.16832777857780457;0
9040;VTN4_20220606_154500_000.wav;0;0.9956915974617004;0
9041;VTN4_20220606_154500_001.wav;0;0.9899178147315979;0
9042;VTN4_20220606_154500_002.wav;0;0.9956517815589905;0
9043;VTN4_20220606_154500_003.wav;0;0.991084098815918;0
9044;VTN4_20220606_154500_004.wav;0;0.9938189387321472;0
9045;VTN4_20220606_154500_005.wav;0;0.9914376139640808;0
9046;VTN4_20220606_154500_006.wav;0;0.9893587827682495;0
9047;VTN4_20220606_154500_007.wav;0;0.9814944267272949;0
9048;VTN4_20220606_154500_008.wav;0;0.9807893633842468;0
9049;VTN4_20220606_154500_009.wav;0;0.9612200856208801;0
9050;VTN4_20220606_154500_010.wav;0;0.9737956523895264;0
9051;VTN4_20220606_154500_011.wav;0;0.9841637015342712;0
9052;VTN4_20220606_154500_012.wav;0;0.9879828691482544;0
9053;VTN4_20220606_154500_013.wav;0;0.9896116256713867;0
9054;VTN4_20220606_154500_014.wav;0;0.9854655265808105;0
9055;VTN4_20220606_154500_015.wav;0;0.9818359613418579;0
9056;VTN4_20220606_154500_016.wav;0;0.9851543307304382;0
9057;VTN4_20220606_154500_017.wav;0;0.9896055459976196;0
9058;VTN4_20220606_154500_018.wav;0;0.9409881234169006;0
9059;VTN4_20220606_154500_019.wav;0;0.81223464012146;0
9060;VTN4_20220606_203000_000.wav;0;0.20976907014846802;0
9061;VTN4_20220606_203000_001.wav;0;0.04326142370700836;0
9062;VTN4_20220606_203000_002.wav;0;0.24088233709335327;0
9063;VTN4_20220606_203000_003.wav;0;0.05603434145450592;0
9064;VTN4_20220606_203000_004.wav;0;0.10157591849565506;0
9065;VTN4_20220606_203000_005.wav;0;0.3203125;0
9066;VTN4_20220606_203000_006.wav;0;0.7654557824134827;0
9067;VTN4_20220606_203000_007.wav;0;0.5643576979637146;0
9068;VTN4_20220606_203000_008.wav;0;0.5434743165969849;0
9069;VTN4_20220606_203000_009.wav;0;0.43517404794692993;0
9070;VTN4_20220606_203000_010.wav;0;0.6923551559448242;0
9071;VTN4_20220606_203000_011.wav;0;0.33991438150405884;0
9072;VTN4_20220606_203000_012.wav;0;0.255515456199646;0
9073;VTN4_20220606_203000_013.wav;0;0.602840006351471;0
9074;VTN4_20220606_203000_014.wav;0;0.5914868116378784;0
9075;VTN4_20220606_203000_015.wav;0;0.8553499579429626;1
9076;VTN4_20220606_203000_016.wav;0;0.9441824555397034;1
9077;VTN4_20220606_203000_017.wav;0;0.5267493724822998;1
9078;VTN4_20220606_203000_018.wav;0;0.1079053208231926;1
9079;VTN4_20220606_203000_019.wav;0;0.09009362012147903;0
9080;VTN4_20220613_103000_000.wav;0;0.9732710123062134;0
9081;VTN4_20220613_103000_001.wav;0;0.9554424285888672;0
9082;VTN4_20220613_103000_002.wav;0;0.9659221768379211;0
9083;VTN4_20220613_103000_003.wav;0;0.941588819026947;0
9084;VTN4_20220613_103000_004.wav;0;0.9686481356620789;0
9085;VTN4_20220613_103000_005.wav;0;0.953327476978302;0
9086;VTN4_20220613_103000_006.wav;0;0.8920618295669556;0
9087;VTN4_20220613_103000_007.wav;0;0.836687445640564;0
9088;VTN4_20220613_103000_008.wav;0;0.913895845413208;0
9089;VTN4_20220613_103000_009.wav;0;0.9747334718704224;0
9090;VTN4_20220613_103000_010.wav;0;0.9889995455741882;0
9091;VTN4_20220613_103000_011.wav;0;0.8766033053398132;0
9092;VTN4_20220613_103000_012.wav;0;0.9363052845001221;0
9093;VTN4_20220613_103000_013.wav;0;0.8969845771789551;0
9094;VTN4_20220613_103000_014.wav;0;0.8992986083030701;0
9095;VTN4_20220613_103000_015.wav;0;0.9866596460342407;0
9096;VTN4_20220613_103000_016.wav;0;0.980901837348938;0
9097;VTN4_20220613_103000_017.wav;0;0.9807409644126892;0
9098;VTN4_20220613_103000_018.wav;0;0.9534437656402588;0
9099;VTN4_20220613_103000_019.wav;0;0.934621274471283;0
9100;VTN4_20220616_053000_000.wav;0;0.9827892184257507;1
9101;VTN4_20220616_053000_001.wav;0;0.9825399518013;1
9102;VTN4_20220616_053000_002.wav;0;0.992807149887085;1
9103;VTN4_20220616_053000_003.wav;0;0.9892576336860657;1
9104;VTN4_20220616_053000_004.wav;0;0.9857299327850342;1
9105;VTN4_20220616_053000_005.wav;0;0.9226449131965637;1
9106;VTN4_20220616_053000_006.wav;0;0.9526049494743347;1
9107;VTN4_20220616_053000_007.wav;0;0.7919877767562866;1
9108;VTN4_20220616_053000_008.wav;0;0.9711951613426208;1
9109;VTN4_20220616_053000_009.wav;0;0.7268048524856567;1
9110;VTN4_20220616_053000_010.wav;0;0.94504714012146;1
9111;VTN4_20220616_053000_011.wav;0;0.6457512974739075;1
9112;VTN4_20220616_053000_012.wav;0;0.8636302947998047;1
9113;VTN4_20220616_053000_013.wav;0;0.7786632180213928;1
9114;VTN4_20220616_053000_014.wav;0;0.556641697883606;1
9115;VTN4_20220616_053000_015.wav;0;0.9623806476593018;1
9116;VTN4_20220616_053000_016.wav;0;0.8152482509613037;1
9117;VTN4_20220616_053000_017.wav;0;0.8644454479217529;1
9118;VTN4_20220616_053000_018.wav;0;0.16188950836658478;1
9119;VTN4_20220616_053000_019.wav;0;0.5054598450660706;1
9120;VTN4_20220617_194500_000.wav;0;0.2170824110507965;0
9121;VTN4_20220617_194500_001.wav;0;0.04441623017191887;0
9122;VTN4_20220617_194500_002.wav;0;0.29871758818626404;0
9123;VTN4_20220617_194500_003.wav;0;0.9314806461334229;0
9124;VTN4_20220617_194500_004.wav;0;0.566134512424469;0
9125;VTN4_20220617_194500_005.wav;0;0.7663421034812927;0
9126;VTN4_20220617_194500_006.wav;0;0.8962728381156921;0
9127;VTN4_20220617_194500_007.wav;0;0.10018309950828552;0
9128;VTN4_20220617_194500_008.wav;0;0.8693607449531555;1
9129;VTN4_20220617_194500_009.wav;0;0.9657129049301147;1
9130;VTN4_20220617_194500_010.wav;0;0.8906518220901489;1
9131;VTN4_20220617_194500_011.wav;0;0.9614188075065613;1
9132;VTN4_20220617_194500_012.wav;0;0.8472139239311218;1
9133;VTN4_20220617_194500_013.wav;0;0.9608973860740662;1
9134;VTN4_20220617_194500_014.wav;0;0.9117782711982727;1
9135;VTN4_20220617_194500_015.wav;0;0.9130095839500427;1
9136;VTN4_20220617_194500_016.wav;0;0.22706493735313416;1
9137;VTN4_20220617_194500_017.wav;0;0.7041974067687988;1
9138;VTN4_20220617_194500_018.wav;0;0.8809146285057068;1
9139;VTN4_20220617_194500_019.wav;0;0.9603459239006042;1
9140;VTN4_20220620_063000_000.wav;0;0.8355045914649963;0
9141;VTN4_20220620_063000_001.wav;0;0.28729647397994995;0
9142;VTN4_20220620_063000_002.wav;0;0.9247919321060181;0
9143;VTN4_20220620_063000_003.wav;0;0.9561445713043213;0
9144;VTN4_20220620_063000_004.wav;0;0.9540603160858154;0
9145;VTN4_20220620_063000_005.wav;0;0.9861461520195007;0
9146;VTN4_20220620_063000_006.wav;1;0.9842665791511536;1
9147;VTN4_20220620_063000_007.wav;1;0.9911587834358215;1
9148;VTN4_20220620_063000_008.wav;1;0.9933362007141113;1
9149;VTN4_20220620_063000_009.wav;1;0.9752427339553833;1
9150;VTN4_20220620_063000_010.wav;1;0.9694188237190247;1
9151;VTN4_20220620_063000_011.wav;0;0.8883468508720398;0
9152;VTN4_20220620_063000_012.wav;0;0.9510412216186523;0
9153;VTN4_20220620_063000_013.wav;0;0.8285812735557556;0
9154;VTN4_20220620_063000_014.wav;0;0.47228312492370605;0
9155;VTN4_20220620_063000_015.wav;0;0.9102810025215149;0
9156;VTN4_20220620_063000_016.wav;0;0.9216893315315247;0
9157;VTN4_20220620_063000_017.wav;0;0.6786900162696838;0
9158;VTN4_20220620_063000_018.wav;0;0.9078047871589661;0
9159;VTN4_20220620_063000_019.wav;0;0.9598092436790466;0
9160;VTN4_20220620_140000_000.wav;1;0.9657998085021973;1
9161;VTN4_20220620_140000_001.wav;1;0.9649972319602966;1
9162;VTN4_20220620_140000_002.wav;1;0.9825998544692993;1
9163;VTN4_20220620_140000_003.wav;1;0.9983959794044495;1
9164;VTN4_20220620_140000_004.wav;1;0.9960970282554626;1
9165;VTN4_20220620_140000_005.wav;1;0.9937700629234314;1
9166;VTN4_20220620_140000_006.wav;1;0.985209047794342;1
9167;VTN4_20220620_140000_007.wav;0;0.9371610283851624;0
9168;VTN4_20220620_140000_008.wav;0;0.5059928894042969;0
9169;VTN4_20220620_140000_009.wav;0;0.244771346449852;0
9170;VTN4_20220620_140000_010.wav;0;0.18260784447193146;0
9171;VTN4_20220620_140000_011.wav;0;0.9417562484741211;0
9172;VTN4_20220620_140000_012.wav;0;0.4975496232509613;0
9173;VTN4_20220620_140000_013.wav;1;0.9785405993461609;1
9174;VTN4_20220620_140000_014.wav;1;0.8147778511047363;1
9175;VTN4_20220620_140000_015.wav;1;0.3257363736629486;1
9176;VTN4_20220620_140000_016.wav;1;0.9116089940071106;1
9177;VTN4_20220620_140000_017.wav;1;0.9774680137634277;1
9178;VTN4_20220620_140000_018.wav;0;0.9938708543777466;0
9179;VTN4_20220620_140000_019.wav;0;0.8976697325706482;0
9180;VTN4_20220621_091500_000.wav;0;0.9612659811973572;0
9181;VTN4_20220621_091500_001.wav;0;0.706781804561615;0
9182;VTN4_20220621_091500_002.wav;0;0.8525578379631042;0
9183;VTN4_20220621_091500_003.wav;0;0.8799587488174438;0
9184;VTN4_20220621_091500_004.wav;0;0.8696866035461426;0
9185;VTN4_20220621_091500_005.wav;0;0.784783124923706;0
9186;VTN4_20220621_091500_006.wav;0;0.9311168789863586;0
9187;VTN4_20220621_091500_007.wav;0;0.8080739378929138;0
9188;VTN4_20220621_091500_008.wav;0;0.9650018811225891;0
9189;VTN4_20220621_091500_009.wav;0;0.893979549407959;0
9190;VTN4_20220621_091500_010.wav;0;0.9302160143852234;0
9191;VTN4_20220621_091500_011.wav;0;0.9945474863052368;0
9192;VTN4_20220621_091500_012.wav;0;0.988884449005127;0
9193;VTN4_20220621_091500_013.wav;0;0.9896795749664307;0
9194;VTN4_20220621_091500_014.wav;0;0.9547868967056274;0
9195;VTN4_20220621_091500_015.wav;0;0.917340874671936;0
9196;VTN4_20220621_091500_016.wav;0;0.96356600522995;0
9197;VTN4_20220621_091500_017.wav;0;0.9782009124755859;0
9198;VTN4_20220621_091500_018.wav;0;0.9741679430007935;0
9199;VTN4_20220621_091500_019.wav;0;0.9735140800476074;0
9200;VTN4_20220624_230000_000.wav;0;0.49305540323257446;0
9201;VTN4_20220624_230000_001.wav;1;0.8660799860954285;1
9202;VTN4_20220624_230000_002.wav;1;0.9700447916984558;1
9203;VTN4_20220624_230000_003.wav;1;0.915545642375946;1
9204;VTN4_20220624_230000_004.wav;1;0.77861487865448;1
9205;VTN4_20220624_230000_005.wav;1;0.6484608054161072;1
9206;VTN4_20220624_230000_006.wav;1;0.7353799939155579;1
9207;VTN4_20220624_230000_007.wav;0;0.5747312307357788;0
9208;VTN4_20220624_230000_008.wav;0;0.14422933757305145;0
9209;VTN4_20220624_230000_009.wav;1;0.520469605922699;1
9210;VTN4_20220624_230000_010.wav;1;0.6429111361503601;1
9211;VTN4_20220624_230000_011.wav;1;0.512645959854126;1
9212;VTN4_20220624_230000_012.wav;1;0.12123409658670425;1
9213;VTN4_20220624_230000_013.wav;1;0.12517286837100983;1
9214;VTN4_20220624_230000_014.wav;1;0.18528544902801514;1
9215;VTN4_20220624_230000_015.wav;1;0.4207041263580322;1
9216;VTN4_20220624_230000_016.wav;1;0.08082766830921173;1
9217;VTN4_20220624_230000_017.wav;1;0.9338605403900146;1
9218;VTN4_20220624_230000_018.wav;1;0.8945568203926086;1
9219;VTN4_20220624_230000_019.wav;1;0.8729070425033569;1
9220;VTN4_20220625_001500_000.wav;0;0.05851498618721962;0
9221;VTN4_20220625_001500_001.wav;0;0.6638680100440979;0
9222;VTN4_20220625_001500_002.wav;0;0.8266454339027405;0
9223;VTN4_20220625_001500_003.wav;0;0.1750437617301941;0
9224;VTN4_20220625_001500_004.wav;0;0.03957609087228775;0
9225;VTN4_20220625_001500_005.wav;0;0.18700875341892242;0
9226;VTN4_20220625_001500_006.wav;0;0.2590146064758301;0
9227;VTN4_20220625_001500_007.wav;0;0.05224853754043579;0
9228;VTN4_20220625_001500_008.wav;1;0.9276482462882996;1
9229;VTN4_20220625_001500_009.wav;1;0.9608915448188782;1
9230;VTN4_20220625_001500_010.wav;1;0.9414597749710083;1
9231;VTN4_20220625_001500_011.wav;1;0.9113292694091797;1
9232;VTN4_20220625_001500_012.wav;1;0.6481205821037292;1
9233;VTN4_20220625_001500_013.wav;1;0.6368292570114136;1
9234;VTN4_20220625_001500_014.wav;1;0.19415567815303802;1
9235;VTN4_20220625_001500_015.wav;0;0.03652143478393555;0
9236;VTN4_20220625_001500_016.wav;0;0.6314336657524109;0
9237;VTN4_20220625_001500_017.wav;0;0.1680382490158081;0
9238;VTN4_20220625_001500_018.wav;0;0.26821139454841614;0
9239;VTN4_20220625_001500_019.wav;0;0.5990308523178101;0
9240;VTN4_20220628_124500_000.wav;1;0.9304540157318115;1
9241;VTN4_20220628_124500_001.wav;1;0.8903691172599792;1
9242;VTN4_20220628_124500_002.wav;1;0.9646170735359192;1
9243;VTN4_20220628_124500_003.wav;1;0.9938868880271912;1
9244;VTN4_20220628_124500_004.wav;1;0.9941717982292175;1
9245;VTN4_20220628_124500_005.wav;1;0.9932389259338379;1
9246;VTN4_20220628_124500_006.wav;1;0.988610565662384;1
9247;VTN4_20220628_124500_007.wav;1;0.9643086791038513;1
9248;VTN4_20220628_124500_008.wav;1;0.9917879700660706;1
9249;VTN4_20220628_124500_009.wav;1;0.9921568632125854;1
9250;VTN4_20220628_124500_010.wav;1;0.9915733933448792;1
9251;VTN4_20220628_124500_011.wav;1;0.7599620819091797;1
9252;VTN4_20220628_124500_012.wav;1;0.9681678414344788;1
9253;VTN4_20220628_124500_013.wav;1;0.9873285293579102;1
9254;VTN4_20220628_124500_014.wav;1;0.988290548324585;1
9255;VTN4_20220628_124500_015.wav;1;0.9585842490196228;1
9256;VTN4_20220628_124500_016.wav;1;0.9806362986564636;1
9257;VTN4_20220628_124500_017.wav;1;0.9187250137329102;1
9258;VTN4_20220628_124500_018.wav;1;0.955742359161377;1
9259;VTN4_20220628_124500_019.wav;1;0.994708776473999;1
9260;VTN4_20220629_043000_000.wav;0;0.977152943611145;1
9261;VTN4_20220629_043000_001.wav;0;0.9764798283576965;1
9262;VTN4_20220629_043000_002.wav;0;0.9846910834312439;1
9263;VTN4_20220629_043000_003.wav;0;0.9488785266876221;1
9264;VTN4_20220629_043000_004.wav;0;0.9769744873046875;1
9265;VTN4_20220629_043000_005.wav;0;0.9708427786827087;1
9266;VTN4_20220629_043000_006.wav;0;0.9553393125534058;1
9267;VTN4_20220629_043000_007.wav;0;0.9879177212715149;1
9268;VTN4_20220629_043000_008.wav;0;0.9815728664398193;1
9269;VTN4_20220629_043000_009.wav;0;0.9749774932861328;1
9270;VTN4_20220629_043000_010.wav;0;0.9813125729560852;1
9271;VTN4_20220629_043000_011.wav;0;0.9899473786354065;1
9272;VTN4_20220629_043000_012.wav;0;0.9846999645233154;1
9273;VTN4_20220629_043000_013.wav;0;0.9682407975196838;1
9274;VTN4_20220629_043000_014.wav;0;0.9704023003578186;1
9275;VTN4_20220629_043000_015.wav;0;0.9527117609977722;1
9276;VTN4_20220629_043000_016.wav;0;0.9896324872970581;1
9277;VTN4_20220629_043000_017.wav;0;0.983320415019989;1
9278;VTN4_20220629_043000_018.wav;0;0.9871232509613037;1
9279;VTN4_20220629_043000_019.wav;0;0.9300677180290222;1
9280;VTN4_20220629_053000_000.wav;1;0.9825258255004883;1
9281;VTN4_20220629_053000_001.wav;1;0.9719308614730835;1
9282;VTN4_20220629_053000_002.wav;1;0.9804409742355347;1
9283;VTN4_20220629_053000_003.wav;1;0.9861156940460205;1
9284;VTN4_20220629_053000_004.wav;1;0.9800673127174377;1
9285;VTN4_20220629_053000_005.wav;1;0.9720117449760437;1
9286;VTN4_20220629_053000_006.wav;1;0.9820079803466797;1
9287;VTN4_20220629_053000_007.wav;1;0.9736883044242859;1
9288;VTN4_20220629_053000_008.wav;1;0.8987627029418945;1
9289;VTN4_20220629_053000_009.wav;1;0.7541506886482239;1
9290;VTN4_20220629_053000_010.wav;1;0.3695114552974701;1
9291;VTN4_20220629_053000_011.wav;1;0.2928990423679352;1
9292;VTN4_20220629_053000_012.wav;0;0.2337675392627716;0
9293;VTN4_20220629_053000_013.wav;0;0.41615769267082214;0
9294;VTN4_20220629_053000_014.wav;0;0.24294880032539368;0
9295;VTN4_20220629_053000_015.wav;0;0.657566487789154;0
9296;VTN4_20220629_053000_016.wav;0;0.37153375148773193;0
9297;VTN4_20220629_053000_017.wav;0;0.07270952314138412;0
9298;VTN4_20220629_053000_018.wav;0;0.8329228162765503;0
9299;VTN4_20220629_053000_019.wav;0;0.7276008725166321;0
9300;VTN4_20220704_133000_000.wav;0;0.033154625445604324;0
9301;VTN4_20220704_133000_001.wav;1;0.005072299391031265;1
9302;VTN4_20220704_133000_002.wav;1;0.979354739189148;1
9303;VTN4_20220704_133000_003.wav;1;0.11865061521530151;1
9304;VTN4_20220704_133000_004.wav;1;0.7135332822799683;1
9305;VTN4_20220704_133000_005.wav;1;0.09941841661930084;1
9306;VTN4_20220704_133000_006.wav;1;0.6985717415809631;1
9307;VTN4_20220704_133000_007.wav;1;0.8736098408699036;1
9308;VTN4_20220704_133000_008.wav;1;0.9628886580467224;1
9309;VTN4_20220704_133000_009.wav;1;0.9796216487884521;1
9310;VTN4_20220704_133000_010.wav;1;0.9890688061714172;1
9311;VTN4_20220704_133000_011.wav;1;0.9937413334846497;1
9312;VTN4_20220704_133000_012.wav;1;0.9912499189376831;1
9313;VTN4_20220704_133000_013.wav;1;0.9688448905944824;1
9314;VTN4_20220704_133000_014.wav;1;0.9887447357177734;1
9315;VTN4_20220704_133000_015.wav;1;0.9844294786453247;1
9316;VTN4_20220704_133000_016.wav;1;0.99782794713974;1
9317;VTN4_20220704_133000_017.wav;1;0.9406681656837463;1
9318;VTN4_20220704_133000_018.wav;1;0.9822951555252075;1
9319;VTN4_20220704_133000_019.wav;1;0.9872919321060181;1
9320;VTN4_20220706_120000_000.wav;0;0.9593098163604736;0
9321;VTN4_20220706_120000_001.wav;0;0.9823040962219238;0
9322;VTN4_20220706_120000_002.wav;0;0.9728303551673889;0
9323;VTN4_20220706_120000_003.wav;1;0.9886576533317566;1
9324;VTN4_20220706_120000_004.wav;1;0.9575527310371399;1
9325;VTN4_20220706_120000_005.wav;1;0.9160066843032837;1
9326;VTN4_20220706_120000_006.wav;1;0.9610590934753418;1
9327;VTN4_20220706_120000_007.wav;1;0.976771891117096;1
9328;VTN4_20220706_120000_008.wav;1;0.9952893257141113;1
9329;VTN4_20220706_120000_009.wav;1;0.9948428273200989;1
9330;VTN4_20220706_120000_010.wav;1;0.9902542233467102;1
9331;VTN4_20220706_120000_011.wav;1;0.9912260174751282;1
9332;VTN4_20220706_120000_012.wav;1;0.9768163561820984;1
9333;VTN4_20220706_120000_013.wav;1;0.9630095958709717;1
9334;VTN4_20220706_120000_014.wav;1;0.9827663898468018;1
9335;VTN4_20220706_120000_015.wav;1;0.9822832942008972;1
9336;VTN4_20220706_120000_016.wav;1;0.9495457410812378;1
9337;VTN4_20220706_120000_017.wav;1;0.9682180285453796;1
9338;VTN4_20220706_120000_018.wav;1;0.9431867003440857;1
9339;VTN4_20220706_120000_019.wav;1;0.8337782621383667;1
9340;VTN4_20220707_014500_000.wav;0;0.03035898506641388;0
9341;VTN4_20220707_014500_001.wav;0;0.02271118387579918;0
9342;VTN4_20220707_014500_002.wav;0;0.07074787467718124;0
9343;VTN4_20220707_014500_003.wav;0;0.05915647745132446;0
9344;VTN4_20220707_014500_004.wav;0;0.8958139419555664;0
9345;VTN4_20220707_014500_005.wav;0;0.3086988925933838;0
9346;VTN4_20220707_014500_006.wav;0;0.6218263506889343;0
9347;VTN4_20220707_014500_007.wav;0;0.4375336170196533;0
9348;VTN4_20220707_014500_008.wav;0;0.5379385352134705;0
9349;VTN4_20220707_014500_009.wav;0;0.828133225440979;0
9350;VTN4_20220707_014500_010.wav;0;0.5401790738105774;0
9351;VTN4_20220707_014500_011.wav;0;0.6231034398078918;0
9352;VTN4_20220707_014500_012.wav;0;0.1918419748544693;0
9353;VTN4_20220707_014500_013.wav;0;0.06806536763906479;0
9354;VTN4_20220707_014500_014.wav;0;0.8192735314369202;0
9355;VTN4_20220707_014500_015.wav;0;0.3324640095233917;0
9356;VTN4_20220707_014500_016.wav;0;0.26962578296661377;0
9357;VTN4_20220707_014500_017.wav;0;0.3338550329208374;0
9358;VTN4_20220707_014500_018.wav;0;0.3833198547363281;0
9359;VTN4_20220707_014500_019.wav;0;0.9079430103302002;0
9360;VTN4_20220708_064500_000.wav;1;0.9933860898017883;1
9361;VTN4_20220708_064500_001.wav;1;0.9853417873382568;1
9362;VTN4_20220708_064500_002.wav;1;0.9781925082206726;1
9363;VTN4_20220708_064500_003.wav;1;0.9915139079093933;1
9364;VTN4_20220708_064500_004.wav;1;0.977224588394165;1
9365;VTN4_20220708_064500_005.wav;1;0.8606374263763428;1
9366;VTN4_20220708_064500_006.wav;1;0.9805006980895996;1
9367;VTN4_20220708_064500_007.wav;1;0.9428651332855225;1
9368;VTN4_20220708_064500_008.wav;1;0.9964067339897156;1
9369;VTN4_20220708_064500_009.wav;1;0.9683185815811157;1
9370;VTN4_20220708_064500_010.wav;1;0.9163941740989685;1
9371;VTN4_20220708_064500_011.wav;1;0.9401065111160278;1
9372;VTN4_20220708_064500_012.wav;1;0.9783995747566223;1
9373;VTN4_20220708_064500_013.wav;1;0.9727306365966797;1
9374;VTN4_20220708_064500_014.wav;1;0.9837703704833984;1
9375;VTN4_20220708_064500_015.wav;1;0.9552915692329407;1
9376;VTN4_20220708_064500_016.wav;0;0.9928339719772339;0
9377;VTN4_20220708_064500_017.wav;0;0.9619194269180298;0
9378;VTN4_20220708_064500_018.wav;0;0.9309586882591248;0
9379;VTN4_20220708_064500_019.wav;0;0.9031785130500793;0
9380;VTN4_20220714_081500_000.wav;1;0.929382860660553;1
9381;VTN4_20220714_081500_001.wav;1;0.9871103763580322;1
9382;VTN4_20220714_081500_002.wav;0;0.8787091970443726;0
9383;VTN4_20220714_081500_003.wav;0;0.9708395600318909;0
9384;VTN4_20220714_081500_004.wav;0;0.9477571249008179;0
9385;VTN4_20220714_081500_005.wav;1;0.9839377999305725;1
9386;VTN4_20220714_081500_006.wav;1;0.9971120357513428;1
9387;VTN4_20220714_081500_007.wav;1;0.9945333003997803;1
9388;VTN4_20220714_081500_008.wav;1;0.9891374707221985;1
9389;VTN4_20220714_081500_009.wav;1;0.9773111939430237;1
9390;VTN4_20220714_081500_010.wav;1;0.9618949294090271;1
9391;VTN4_20220714_081500_011.wav;1;0.9608529806137085;1
9392;VTN4_20220714_081500_012.wav;1;0.9922215342521667;1
9393;VTN4_20220714_081500_013.wav;1;0.9954337477684021;1
9394;VTN4_20220714_081500_014.wav;0;0.986743688583374;0
9395;VTN4_20220714_081500_015.wav;1;0.9710413813591003;1
9396;VTN4_20220714_081500_016.wav;1;0.9743258953094482;1
9397;VTN4_20220714_081500_017.wav;1;0.9661930799484253;1
9398;VTN4_20220714_081500_018.wav;1;0.9936161041259766;1
9399;VTN4_20220714_081500_019.wav;1;0.9692938327789307;1
9400;VTN4_20220715_134500_000.wav;1;0.933800995349884;1
9401;VTN4_20220715_134500_001.wav;1;0.9816903471946716;1
9402;VTN4_20220715_134500_002.wav;1;0.9572970271110535;1
9403;VTN4_20220715_134500_003.wav;1;0.9432818293571472;1
9404;VTN4_20220715_134500_004.wav;1;0.9720374345779419;1
9405;VTN4_20220715_134500_005.wav;1;0.9887374639511108;1
9406;VTN4_20220715_134500_006.wav;0;0.9861934781074524;0
9407;VTN4_20220715_134500_007.wav;0;0.9867896437644958;0
9408;VTN4_20220715_134500_008.wav;0;0.9886179566383362;0
9409;VTN4_20220715_134500_009.wav;0;0.9879080653190613;0
9410;VTN4_20220715_134500_010.wav;0;0.9942139983177185;0
9411;VTN4_20220715_134500_011.wav;0;0.9762123227119446;1
9412;VTN4_20220715_134500_012.wav;0;0.9876741766929626;1
9413;VTN4_20220715_134500_013.wav;0;0.9321365356445312;1
9414;VTN4_20220715_134500_014.wav;0;0.9508986473083496;1
9415;VTN4_20220715_134500_015.wav;0;0.9780408143997192;1
9416;VTN4_20220715_134500_016.wav;0;0.9449980854988098;1
9417;VTN4_20220715_134500_017.wav;0;0.9962506890296936;1
9418;VTN4_20220715_134500_018.wav;0;0.9385054111480713;1
9419;VTN4_20220715_134500_019.wav;0;0.8306735157966614;1
9420;VTN4_20220715_203000_000.wav;0;0.8798519372940063;0
9421;VTN4_20220715_203000_001.wav;0;0.7059640884399414;0
9422;VTN4_20220715_203000_002.wav;0;0.7738187313079834;0
9423;VTN4_20220715_203000_003.wav;0;0.8093907237052917;0
9424;VTN4_20220715_203000_004.wav;0;0.620479166507721;0
9425;VTN4_20220715_203000_005.wav;0;0.6980441212654114;0
9426;VTN4_20220715_203000_006.wav;0;0.8634889721870422;0
9427;VTN4_20220715_203000_007.wav;0;0.8672821521759033;0
9428;VTN4_20220715_203000_008.wav;0;0.8116748332977295;0
9429;VTN4_20220715_203000_009.wav;0;0.875725507736206;0
9430;VTN4_20220715_203000_010.wav;0;0.8600653409957886;0
9431;VTN4_20220715_203000_011.wav;0;0.8770118951797485;0
9432;VTN4_20220715_203000_012.wav;0;0.9087444543838501;0
9433;VTN4_20220715_203000_013.wav;0;0.9676956534385681;0
9434;VTN4_20220715_203000_014.wav;0;0.9042954444885254;0
9435;VTN4_20220715_203000_015.wav;0;0.9082651734352112;0
9436;VTN4_20220715_203000_016.wav;0;0.8634287118911743;0
9437;VTN4_20220715_203000_017.wav;0;0.9219884872436523;0
9438;VTN4_20220715_203000_018.wav;0;0.7186861038208008;0
9439;VTN4_20220715_203000_019.wav;0;0.7678875923156738;0
9440;VTN4_20220719_011500_000.wav;0;0.3705765902996063;0
9441;VTN4_20220719_011500_001.wav;0;0.6890310645103455;0
9442;VTN4_20220719_011500_002.wav;0;0.5747266411781311;0
9443;VTN4_20220719_011500_003.wav;0;0.7131645679473877;0
9444;VTN4_20220719_011500_004.wav;0;0.9036809206008911;0
9445;VTN4_20220719_011500_005.wav;0;0.8039142489433289;0
9446;VTN4_20220719_011500_006.wav;0;0.8095046281814575;0
9447;VTN4_20220719_011500_007.wav;0;0.6065126061439514;0
9448;VTN4_20220719_011500_008.wav;0;0.6191989779472351;0
9449;VTN4_20220719_011500_009.wav;0;0.5814902186393738;0
9450;VTN4_20220719_011500_010.wav;0;0.5455151796340942;0
9451;VTN4_20220719_011500_011.wav;0;0.7637452483177185;0
9452;VTN4_20220719_011500_012.wav;0;0.2787361145019531;0
9453;VTN4_20220719_011500_013.wav;0;0.4759693145751953;0
9454;VTN4_20220719_011500_014.wav;0;0.6850311756134033;0
9455;VTN4_20220719_011500_015.wav;0;0.722674548625946;0
9456;VTN4_20220719_011500_016.wav;0;0.7575238943099976;0
9457;VTN4_20220719_011500_017.wav;0;0.2788141965866089;0
9458;VTN4_20220719_011500_018.wav;0;0.6920840740203857;0
9459;VTN4_20220719_011500_019.wav;0;0.26498880982398987;0
9460;VTN4_20220722_161500_000.wav;0;0.9665971994400024;1
9461;VTN4_20220722_161500_001.wav;0;0.7977959513664246;1
9462;VTN4_20220722_161500_002.wav;0;0.9664167761802673;1
9463;VTN4_20220722_161500_003.wav;0;0.9714081883430481;1
9464;VTN4_20220722_161500_004.wav;0;0.9888530969619751;1
9465;VTN4_20220722_161500_005.wav;0;0.9933607578277588;1
9466;VTN4_20220722_161500_006.wav;0;0.9892994165420532;1
9467;VTN4_20220722_161500_007.wav;0;0.9827630519866943;1
9468;VTN4_20220722_161500_008.wav;0;0.8549695611000061;0
9469;VTN4_20220722_161500_009.wav;0;0.9598690867424011;0
9470;VTN4_20220722_161500_010.wav;0;0.8580490946769714;0
9471;VTN4_20220722_161500_011.wav;0;0.9534410834312439;0
9472;VTN4_20220722_161500_012.wav;0;0.2800196707248688;0
9473;VTN4_20220722_161500_013.wav;1;0.9676185250282288;1
9474;VTN4_20220722_161500_014.wav;1;0.9568304419517517;1
9475;VTN4_20220722_161500_015.wav;1;0.9621909856796265;1
9476;VTN4_20220722_161500_016.wav;1;0.934809684753418;1
9477;VTN4_20220722_161500_017.wav;1;0.9542789459228516;1
9478;VTN4_20220722_161500_018.wav;1;0.937717854976654;1
9479;VTN4_20220722_161500_019.wav;0;0.864528238773346;0
9480;VTN4_20220723_153000_000.wav;0;0.24511563777923584;0
9481;VTN4_20220723_153000_001.wav;0;0.6530338525772095;0
9482;VTN4_20220723_153000_002.wav;0;0.3756020963191986;0
9483;VTN4_20220723_153000_003.wav;0;0.9090990424156189;0
9484;VTN4_20220723_153000_004.wav;0;0.6173018217086792;1
9485;VTN4_20220723_153000_005.wav;0;0.8838925361633301;1
9486;VTN4_20220723_153000_006.wav;0;0.9691005349159241;1
9487;VTN4_20220723_153000_007.wav;0;0.9718024134635925;1
9488;VTN4_20220723_153000_008.wav;0;0.7714101076126099;1
9489;VTN4_20220723_153000_009.wav;0;0.7303014993667603;1
9490;VTN4_20220723_153000_010.wav;0;0.5764885544776917;1
9491;VTN4_20220723_153000_011.wav;0;0.6869493722915649;1
9492;VTN4_20220723_153000_012.wav;0;0.9781824350357056;1
9493;VTN4_20220723_153000_013.wav;0;0.9198933839797974;1
9494;VTN4_20220723_153000_014.wav;0;0.7348388433456421;1
9495;VTN4_20220723_153000_015.wav;0;0.9219404458999634;1
9496;VTN4_20220723_153000_016.wav;0;0.929248034954071;1
9497;VTN4_20220723_153000_017.wav;0;0.8569415807723999;1
9498;VTN4_20220723_153000_018.wav;0;0.9024098515510559;1
9499;VTN4_20220723_153000_019.wav;0;0.8832839131355286;1
9500;VTN4_20220727_210000_000.wav;1;0.9557628035545349;1
9501;VTN4_20220727_210000_001.wav;1;0.9715422987937927;1
9502;VTN4_20220727_210000_002.wav;1;0.987146258354187;1
9503;VTN4_20220727_210000_003.wav;1;0.984767735004425;1
9504;VTN4_20220727_210000_004.wav;1;0.9614508748054504;1
9505;VTN4_20220727_210000_005.wav;0;0.8890956044197083;0
9506;VTN4_20220727_210000_006.wav;0;0.5638466477394104;0
9507;VTN4_20220727_210000_007.wav;0;0.42839735746383667;0
9508;VTN4_20220727_210000_008.wav;0;0.34805428981781006;0
9509;VTN4_20220727_210000_009.wav;1;0.2753593623638153;1
9510;VTN4_20220727_210000_010.wav;1;0.5516049861907959;1
9511;VTN4_20220727_210000_011.wav;1;0.9908171892166138;1
9512;VTN4_20220727_210000_012.wav;1;0.9881458282470703;1
9513;VTN4_20220727_210000_013.wav;1;0.8611612319946289;1
9514;VTN4_20220727_210000_014.wav;1;0.47915780544281006;1
9515;VTN4_20220727_210000_015.wav;1;0.16475968062877655;1
9516;VTN4_20220727_210000_016.wav;1;0.1600625067949295;1
9517;VTN4_20220727_210000_017.wav;1;0.6346348524093628;1
9518;VTN4_20220727_210000_018.wav;1;0.7034520506858826;1
9519;VTN4_20220727_210000_019.wav;1;0.28368520736694336;1
9520;VTN4_20220802_093000_000.wav;1;0.9715274572372437;1
9521;VTN4_20220802_093000_001.wav;1;0.9572353959083557;1
9522;VTN4_20220802_093000_002.wav;1;0.8388314247131348;1
9523;VTN4_20220802_093000_003.wav;1;0.9594612121582031;1
9524;VTN4_20220802_093000_004.wav;1;0.9381342530250549;1
9525;VTN4_20220802_093000_005.wav;1;0.9210276007652283;1
9526;VTN4_20220802_093000_006.wav;1;0.9385681748390198;1
9527;VTN4_20220802_093000_007.wav;1;0.6755742430686951;1
9528;VTN4_20220802_093000_008.wav;1;0.9950922727584839;1
9529;VTN4_20220802_093000_009.wav;1;0.9791373014450073;1
9530;VTN4_20220802_093000_010.wav;1;0.9433124661445618;1
9531;VTN4_20220802_093000_011.wav;1;0.9842234253883362;1
9532;VTN4_20220802_093000_012.wav;1;0.2871890962123871;1
9533;VTN4_20220802_093000_013.wav;1;0.701673150062561;1
9534;VTN4_20220802_093000_014.wav;1;0.9567368030548096;1
9535;VTN4_20220802_093000_015.wav;1;0.9950225353240967;1
9536;VTN4_20220802_093000_016.wav;1;0.9889647960662842;1
9537;VTN4_20220802_093000_017.wav;1;0.992085874080658;1
9538;VTN4_20220802_093000_018.wav;1;0.9891127943992615;1
9539;VTN4_20220802_093000_019.wav;1;0.3095022737979889;1
9540;VTN4_20220802_203000_000.wav;0;0.5404777526855469;0
9541;VTN4_20220802_203000_001.wav;0;0.25962814688682556;0
9542;VTN4_20220802_203000_002.wav;0;0.8036757111549377;0
9543;VTN4_20220802_203000_003.wav;0;0.8878747820854187;0
9544;VTN4_20220802_203000_004.wav;0;0.8809813261032104;0
9545;VTN4_20220802_203000_005.wav;0;0.3298068344593048;0
9546;VTN4_20220802_203000_006.wav;0;0.5304089784622192;0
9547;VTN4_20220802_203000_007.wav;0;0.31656718254089355;0
9548;VTN4_20220802_203000_008.wav;0;0.4667566418647766;0
9549;VTN4_20220802_203000_009.wav;0;0.2613604962825775;1
9550;VTN4_20220802_203000_010.wav;0;0.9430429935455322;1
9551;VTN4_20220802_203000_011.wav;0;0.9888904094696045;1
9552;VTN4_20220802_203000_012.wav;0;0.9537543654441833;1
9553;VTN4_20220802_203000_013.wav;0;0.925325334072113;1
9554;VTN4_20220802_203000_014.wav;0;0.8727915287017822;1
9555;VTN4_20220802_203000_015.wav;0;0.42703843116760254;1
9556;VTN4_20220802_203000_016.wav;0;0.2551358640193939;0
9557;VTN4_20220802_203000_017.wav;0;0.14916253089904785;0
9558;VTN4_20220802_203000_018.wav;0;0.09922484308481216;0
9559;VTN4_20220802_203000_019.wav;0;0.5208202004432678;0
9560;VTN4_20220803_060000_000.wav;0;0.9086189270019531;0
9561;VTN4_20220803_060000_001.wav;0;0.8379196524620056;0
9562;VTN4_20220803_060000_002.wav;0;0.7446914911270142;0
9563;VTN4_20220803_060000_003.wav;0;0.4315456449985504;0
9564;VTN4_20220803_060000_004.wav;0;0.2890910804271698;0
9565;VTN4_20220803_060000_005.wav;0;0.6458922028541565;0
9566;VTN4_20220803_060000_006.wav;0;0.9155440926551819;0
9567;VTN4_20220803_060000_007.wav;0;0.42728134989738464;0
9568;VTN4_20220803_060000_008.wav;0;0.41148459911346436;0
9569;VTN4_20220803_060000_009.wav;0;0.07364051043987274;0
9570;VTN4_20220803_060000_010.wav;0;0.9162575602531433;0
9571;VTN4_20220803_060000_011.wav;0;0.8954058885574341;0
9572;VTN4_20220803_060000_012.wav;0;0.7106677889823914;0
9573;VTN4_20220803_060000_013.wav;0;0.07564692199230194;0
9574;VTN4_20220803_060000_014.wav;0;0.07890062034130096;0
9575;VTN4_20220803_060000_015.wav;0;0.12176088243722916;0
9576;VTN4_20220803_060000_016.wav;0;0.1633222997188568;0
9577;VTN4_20220803_060000_017.wav;0;0.12105964124202728;0
9578;VTN4_20220803_060000_018.wav;0;0.13489428162574768;0
9579;VTN4_20220803_060000_019.wav;0;0.38760048151016235;0
9580;VTN4_20220803_131500_000.wav;1;0.9961523413658142;1
9581;VTN4_20220803_131500_001.wav;1;0.9955461025238037;1
9582;VTN4_20220803_131500_002.wav;1;0.976780116558075;1
9583;VTN4_20220803_131500_003.wav;1;0.9668095111846924;1
9584;VTN4_20220803_131500_004.wav;1;0.9948815107345581;1
9585;VTN4_20220803_131500_005.wav;1;0.9495484232902527;1
9586;VTN4_20220803_131500_006.wav;0;0.9556671977043152;0
9587;VTN4_20220803_131500_007.wav;1;0.9770013689994812;1
9588;VTN4_20220803_131500_008.wav;1;0.9887651205062866;1
9589;VTN4_20220803_131500_009.wav;1;0.998766303062439;1
9590;VTN4_20220803_131500_010.wav;1;0.9917467832565308;1
9591;VTN4_20220803_131500_011.wav;0;0.9059092998504639;0
9592;VTN4_20220803_131500_012.wav;1;0.7722233533859253;1
9593;VTN4_20220803_131500_013.wav;1;0.8245512843132019;1
9594;VTN4_20220803_131500_014.wav;1;0.44853636622428894;1
9595;VTN4_20220803_131500_015.wav;1;0.7059078216552734;1
9596;VTN4_20220803_131500_016.wav;1;0.9871039986610413;1
9597;VTN4_20220803_131500_017.wav;1;0.8158745169639587;1
9598;VTN4_20220803_131500_018.wav;1;0.9476966261863708;1
9599;VTN4_20220803_131500_019.wav;1;0.9814660549163818;1
9600;VTN4_20220804_161500_000.wav;0;0.9110945463180542;0
9601;VTN4_20220804_161500_001.wav;0;0.9940430521965027;0
9602;VTN4_20220804_161500_002.wav;0;0.8942195177078247;0
9603;VTN4_20220804_161500_003.wav;0;0.9715206027030945;0
9604;VTN4_20220804_161500_004.wav;0;0.9451637268066406;0
9605;VTN4_20220804_161500_005.wav;0;0.9846459031105042;0
9606;VTN4_20220804_161500_006.wav;0;0.9685261249542236;0
9607;VTN4_20220804_161500_007.wav;0;0.9719985723495483;1
9608;VTN4_20220804_161500_008.wav;0;0.987414538860321;1
9609;VTN4_20220804_161500_009.wav;0;0.9909884333610535;1
9610;VTN4_20220804_161500_010.wav;0;0.9934572577476501;1
9611;VTN4_20220804_161500_011.wav;0;0.9837115406990051;1
9612;VTN4_20220804_161500_012.wav;0;0.9736247658729553;1
9613;VTN4_20220804_161500_013.wav;0;0.9931524991989136;1
9614;VTN4_20220804_161500_014.wav;0;0.9883245229721069;1
9615;VTN4_20220804_161500_015.wav;0;0.9849355220794678;1
9616;VTN4_20220804_161500_016.wav;0;0.979395866394043;0
9617;VTN4_20220804_161500_017.wav;0;0.982023298740387;0
9618;VTN4_20220804_161500_018.wav;0;0.9830231070518494;0
9619;VTN4_20220804_161500_019.wav;0;0.995792031288147;0
9620;VTN4_20220806_010000_000.wav;0;0.9599359035491943;0
9621;VTN4_20220806_010000_001.wav;0;0.9662980437278748;0
9622;VTN4_20220806_010000_002.wav;0;0.9267082214355469;0
9623;VTN4_20220806_010000_003.wav;0;0.9478185176849365;0
9624;VTN4_20220806_010000_004.wav;0;0.9219828844070435;0
9625;VTN4_20220806_010000_005.wav;0;0.97008216381073;0
9626;VTN4_20220806_010000_006.wav;0;0.9690014719963074;0
9627;VTN4_20220806_010000_007.wav;0;0.9740384221076965;0
9628;VTN4_20220806_010000_008.wav;0;0.7679450511932373;0
9629;VTN4_20220806_010000_009.wav;0;0.9492290616035461;0
9630;VTN4_20220806_010000_010.wav;0;0.9590013027191162;0
9631;VTN4_20220806_010000_011.wav;0;0.99164879322052;0
9632;VTN4_20220806_010000_012.wav;0;0.978322446346283;0
9633;VTN4_20220806_010000_013.wav;0;0.9588547348976135;0
9634;VTN4_20220806_010000_014.wav;0;0.8968979716300964;0
9635;VTN4_20220806_010000_015.wav;0;0.9641215801239014;0
9636;VTN4_20220806_010000_016.wav;0;0.9446206092834473;0
9637;VTN4_20220806_010000_017.wav;0;0.9421518445014954;0
9638;VTN4_20220806_010000_018.wav;0;0.8122249245643616;0
9639;VTN4_20220806_010000_019.wav;0;0.9781718254089355;0
9640;VTN4_20220809_220000_000.wav;0;0.8360301852226257;0
9641;VTN4_20220809_220000_001.wav;0;0.9397965669631958;0
9642;VTN4_20220809_220000_002.wav;0;0.9766014218330383;0
9643;VTN4_20220809_220000_003.wav;0;0.802055299282074;0
9644;VTN4_20220809_220000_004.wav;0;0.6606281995773315;0
9645;VTN4_20220809_220000_005.wav;0;0.9553098082542419;0
9646;VTN4_20220809_220000_006.wav;0;0.7904349565505981;0
9647;VTN4_20220809_220000_007.wav;0;0.7508646845817566;0
9648;VTN4_20220809_220000_008.wav;0;0.9144577383995056;0
9649;VTN4_20220809_220000_009.wav;0;0.7514692544937134;0
9650;VTN4_20220809_220000_010.wav;0;0.749718189239502;0
9651;VTN4_20220809_220000_011.wav;0;0.8453178405761719;0
9652;VTN4_20220809_220000_012.wav;0;0.7524446249008179;0
9653;VTN4_20220809_220000_013.wav;0;0.9583570957183838;0
9654;VTN4_20220809_220000_014.wav;0;0.7813339233398438;0
9655;VTN4_20220809_220000_015.wav;0;0.7312745451927185;0
9656;VTN4_20220809_220000_016.wav;0;0.4508174955844879;0
9657;VTN4_20220809_220000_017.wav;0;0.9175436496734619;0
9658;VTN4_20220809_220000_018.wav;0;0.7666836380958557;0
9659;VTN4_20220809_220000_019.wav;0;0.7725997567176819;0
9660;VTN4_20220813_054500_000.wav;1;0.9294851422309875;1
9661;VTN4_20220813_054500_001.wav;0;0.9879284501075745;0
9662;VTN4_20220813_054500_002.wav;0;0.9575728178024292;0
9663;VTN4_20220813_054500_003.wav;0;0.9830458164215088;0
9664;VTN4_20220813_054500_004.wav;0;0.9840031266212463;0
9665;VTN4_20220813_054500_005.wav;0;0.9640286564826965;0
9666;VTN4_20220813_054500_006.wav;0;0.9640951156616211;0
9667;VTN4_20220813_054500_007.wav;0;0.8569033145904541;0
9668;VTN4_20220813_054500_008.wav;0;0.9747155904769897;0
9669;VTN4_20220813_054500_009.wav;0;0.9778938293457031;0
9670;VTN4_20220813_054500_010.wav;1;0.9559646248817444;1
9671;VTN4_20220813_054500_011.wav;1;0.915660560131073;1
9672;VTN4_20220813_054500_012.wav;1;0.989164412021637;1
9673;VTN4_20220813_054500_013.wav;1;0.9855983853340149;1
9674;VTN4_20220813_054500_014.wav;0;0.9927375912666321;0
9675;VTN4_20220813_054500_015.wav;0;0.9849410653114319;0
9676;VTN4_20220813_054500_016.wav;0;0.9958665370941162;0
9677;VTN4_20220813_054500_017.wav;0;0.9875869750976562;0
9678;VTN4_20220813_054500_018.wav;0;0.9633103013038635;0
9679;VTN4_20220813_054500_019.wav;0;0.9738550186157227;0
9680;VTN4_20220816_060000_000.wav;0;0.9360028505325317;0
9681;VTN4_20220816_060000_001.wav;0;0.9558416604995728;0
9682;VTN4_20220816_060000_002.wav;0;0.9780552983283997;0
9683;VTN4_20220816_060000_003.wav;0;0.9898999333381653;0
9684;VTN4_20220816_060000_004.wav;0;0.9791250824928284;0
9685;VTN4_20220816_060000_005.wav;0;0.9869071245193481;1
9686;VTN4_20220816_060000_006.wav;0;0.9628950953483582;1
9687;VTN4_20220816_060000_007.wav;0;0.9506924748420715;1
9688;VTN4_20220816_060000_008.wav;0;0.9877645373344421;1
9689;VTN4_20220816_060000_009.wav;0;0.9906333684921265;1
9690;VTN4_20220816_060000_010.wav;0;0.9821568131446838;1
9691;VTN4_20220816_060000_011.wav;1;0.9877259135246277;1
9692;VTN4_20220816_060000_012.wav;1;0.989324152469635;1
9693;VTN4_20220816_060000_013.wav;1;0.9726333022117615;1
9694;VTN4_20220816_060000_014.wav;1;0.9869129657745361;1
9695;VTN4_20220816_060000_015.wav;1;0.9626554846763611;1
9696;VTN4_20220816_060000_016.wav;1;0.9760297536849976;1
9697;VTN4_20220816_060000_017.wav;1;0.9956014156341553;1
9698;VTN4_20220816_060000_018.wav;1;0.9930567741394043;1
9699;VTN4_20220816_060000_019.wav;0;0.9685994386672974;0
